idx	source	text
1	gemini	पक्षियों को रंग कैसे मिले? बहुत, बहुत पहले, सारे पक्षी बस सफ़ेद थे।
2	gemini	एक दिन प्यारे गणेश जी ने अपने रंगों का जादुई डब्बा खोला। उन्होंने आवाज़ लगाई, "पक्षियों, आओ! अपने-अपने रंग ले जाओ!" फुर्रर्र!
3	gemini	सबसे पहले आया मिट्ठू तोता। टें-टें! बोला, "मुझे चाहिए हरा रंग, पत्तों जैसा!" गणेश जी ने उसे हरा बना दिया। फिर आया सुंदर मोर।
4	gemini	वो बोला, "मुझे नीला और हरा, दोनों चाहिए!" गणेश जी ने उसे सुंदर पंख दिए। एक-एक करके सारे पक्षी आए।
5	gemini	कोई पीला, कोई लाल, कोई नारंगी। सब अपना रंग पाकर ख़ुशी से गाते हुए उड़ जाते।
6	gemini	"मेरा रंग, मेरा रंग, सबसे प्यारा मेरा रंग!" पर कालू कौआ तो सो रहा था। जब वो जागा, तो दौड़ा-दौड़ा आया। काँव-काँव!
7	gemini	पर तब तक सारे रंग ख़त्म हो गए थे। कालू उदास हो गया। गणेश जी मुस्कुराए।
8	gemini	उन्होंने डब्बे में बचे-खुचे सारे रंगों को अपनी सूँड से मिला दिया। लाल, पीला, नीला सब मिलकर बन गया एक नया, चमकीला काला रंग!
9	gemini	गणेश जी ने कहा, "यह ख़ास रंग सिर्फ़ तुम्हारे लिए है, कालू!" कालू कौआ ख़ुशी से उछल पड़ा!
10	gemini	वो भी उड़ते-उड़ते गाने लगा, "मेरा रंग, मेरा रंग, सबसे प्यारा मेरा रंग!"
11	gemini	आरव और छोटा पिल्ला सूरज ढल रहा था और आसमान में तारे टिम-टिम करने लगे थे। आरव दौड़कर अपने घर जा रहा था। अरे!
12	gemini	उसका सबसे प्यारा शो 'सुपर शेरू' बस शुरू ही होने वाला था! तभी उसे एक पतली सी आवाज़ सुनाई दी। कीं... कीं... कीं...
13	gemini	आरव वहीं रुक गया। यह आवाज़ कहाँ से आई? उसने एक बड़ी सी झाड़ी के पीछे झाँका। वहाँ एक छोटा सा पिल्ला बैठा था!
14	gemini	वह अकेला था और ठंड से थर-थर-थर काँप रहा था। उसकी गोल-गोल आँखें बहुत उदास थीं। छोटा पिल्ला, प्यारा पिल्ला!
15	gemini	तभी घर के अंदर से टीवी की आवाज़ आई। टन-टना-टन! सुपर शेरू आ गया!
16	gemini	पिल्ले ने आरव की तरफ़ देखा और फिर से धीरे से बोला, "कीं... कीं..."।
17	gemini	आरव ने उस छोटे से पिल्ले को देखा और फिर अपने घर के दरवाज़े को। छोटा पिल्ला, प्यारा पिल्ला!
18	gemini	तो अब तुम बताओ, क्या आरव उस काँपते हुए छोटे से पिल्ले की मदद करेगा?
19	gemini	बहादुर चुनमुन चुनमुन के गाँव की नदी एकदम सूख गई। मछलियाँ उदास, चिड़ियाँ प्यासी। सब लोग बहुत परेशान थे।
20	gemini	एक दिन, नन्हे से चुनमुन ने हिम्मत की। वो बोला, "मैं पानी लाऊँगा!" वो अकेले ही ऊँचे, पथरीले पहाड़ पर चढ़ने लगा।
21	gemini	रास्ता बहुत कठिन था। उसका पैर फिसला और वो धम्म से गिरा! पर वो रोया नहीं। वो उठा और फिर चल पड़ा।
22	gemini	वो चलता गया, चलता गया! पहाड़ की चोटी पर उसने देखा—एक बड़े से पत्थर ने पानी का सोता रोक रखा था।
23	gemini	चुनमुन ने अपनी पूरी ताकत लगाई। हम्म्म्म! उसने पत्थर को ज़ोर से धक्का दिया, और धक्का दिया! पत्थर थोड़ा सा हिला... फिर लुढ़का...
24	gemini	और धड़ाम! नीचे गिर गया। सोते से पानी निकला, सररर...पानी बहकर नदी में पहुँच गया।
25	gemini	गाँव में सब लोग चुनमुन को देखकर बहुत खुश हुए और सब खुशी-खुशी नाचने लगे
26	gemini	मेरे प्यारे बच्चो, आज मैं आपको एक चालाक लोमड़ी और एक भोले कौए की मज़ेदार कहानी सुनाने जा रहा हूँ।
27	gemini	एक दिन एक कौए को रोटी का एक टुकड़ा मिला। वह उसे लेकर पेड़ की ऊँची डाल पर बैठ गया।
28	gemini	उसी समय एक भूखी लोमड़ी वहाँ आई। उसने कौए की चोंच में रोटी देखी और उसे पाने की एक चाल चली।
29	gemini	लोमड़ी मीठी आवाज़ में बोली, "कौए भैया, आपकी आवाज़ तो बहुत सुरीली होगी।
30	gemini	ज़रा एक प्यारा सा गाना सुनाइए ना!" कौआ यह सुनकर बहुत खुश हुआ। वह मन ही मन बोला, "वाह!
31	gemini	मेरी इतनी तारीफ़!" और ज़ोर से गाने लगा, "काँव... काँव... काँव..." जैसे ही कौए ने चोंच खोली, रोटी नीचे गिर गई।
32	gemini	लोमड़ी तुरंत रोटी उठाकर हँसने लगी, "हा हा हा! धन्यवाद, कौए भैया!" कौए को अपनी गलती का एहसास हुआ।
33	gemini	उसने सोचा, "मुझे झूठी तारीफ़ पर कभी भरोसा नहीं करना चाहिए।" बच्चो, इस कहानी से हमें सीख मिलती है कि मीठी-मीठी बातों में आकर कभी भी अपना नुकसान नहीं करना चाहिए।
34	gemini	एक दिन एक भूखी लोमड़ी जंगल में घूम रही थी। उसे बेल पर लगे मीठे अंगूर दिखाई दिए। उसने ऊँची छलाँग लगाई।
35	gemini	लेकिन अंगूर उसके हाथ नहीं आए। उसने फिर कोशिश की। फिर भी वह सफल नहीं हुई। थककर वह नीचे बैठ गई।
36	gemini	वह बोली, "ये अंगूर तो खट्टे ही होंगे।" इतना कहकर वह वहाँ से चली गई।
37	gemini	सीख: जो चीज़ नहीं मिलती, उसकी बुराई नहीं करनी चाहिए।
38	gemini	समुद्र की लहरें किनारे से टकराकर 'छप-छप' शोर कर रही थीं और हवा में नमक की सोंधी खुशबू थी।
39	gemini	श्लोक अपनी पुरानी लकड़ी की नाव पर सवार होकर गहरे नीले पानी की सैर पर निकला था।
40	gemini	लहरें बहुत ऊंची थीं और नाव तेजी से ऊपर-नीचे हो रही थी। तभी श्लोक के साथ उसकी छोटी बहन रिया भी वहां आई।
41	gemini	रिया ने देखा कि दूर एक छोटा सा टापू दिख रहा है जहां बहुत सारे रंगीन पत्थर चमक रहे हैं।
42	gemini	रिया ने उत्साह से कहा कि उन्हें नाव घुमाकर उस टापू की ओर जाना चाहिए और वहां की खोज करनी चाहिए।
43	gemini	श्लोक ने दूर देखा, वहां का रास्ता थोड़ा कठिन लग रहा था पर रोमांच भी था।
44	gemini	क्या श्लोक को रिया की इस बात पर सहमत होकर उस टापू की ओर जाना चाहिए?
45	gemini	श्लोक ने खुशी-खुशी अपनी नाव को उस टापू की तरफ मोड़ दिया।
46	gemini	लहरें फिर से 'छप-छप' शोर करने लगीं और ठंडी हवाएं श्लोक और रिया के चेहरे को छू रही थीं।
47	gemini	जैसे ही नाव टापू के किनारे रुकी, श्लोक ने देखा कि वहां की रेत एकदम सफेद और मुलायम थी।
48	gemini	दोनों भाई-बहन दौड़कर किनारे पर पहुंचे। श्लोक के पास खाने के लिए कुछ मीठे आम थे, जो उसने अपनी यात्रा के लिए रखे थे।
49	gemini	रिया ने आमों की खुशबू सूंघा और उसकी आंखों में चमक आ गई। श्लोक ने देखा कि रिया बहुत भूखी लग रही है।
50	gemini	क्या श्लोक अपने मीठे आम रिया के साथ बांटेगा? श्लोक ने मुस्कुराते हुए अपने मीठे आम रिया के साथ बांटे।
51	gemini	आम बहुत रसीले थे और दोनों ने मिलकर मजे से उन्हें खाया।
52	gemini	जैसे ही उन्होंने आम खत्म किए, श्लोक की नजर रेत पर एक अजीब सी चीज पर पड़ी।
53	gemini	वहां एक बड़ा सा शंख आधा दबा हुआ था।
54	gemini	जब श्लोक ने उस शंख को उठाया और अपने कान के पास लगाया, तो उसे समुद्र की लहरों की 'छप-छप' आवाज के साथ-साथ किसी के गाने की धीमी आवाज सुनाई दी।
55	gemini	ऐसा लग रहा था जैसे वह गाना श्लोक को टापू के अंदर घने पेड़ों की ओर बुला रहा हो।
56	gemini	क्या श्लोक उस गाने का पीछा करते हुए टापू के अंदर जाएगा? श्लोक और रिया धीरे-धीरे घने पेड़ों की ओर बढ़ने लगे।
57	gemini	चारों तरफ हरे-भरे पत्ते थे और हवा में वही नमक की सोंधी खुशबू घुली हुई थी।
58	gemini	चलते-चलते श्लोक को फिर से वही 'छप-छप' आवाज सुनाई दी, जैसे कोई पानी में खेल रहा हो।
59	gemini	तभी उन्होंने देखा कि आगे का रास्ता बहुत संकरा है और वहां बड़े-बड़े पत्थर पड़े हुए हैं।
60	gemini	रिया ने कहा कि वे पत्थरों के ऊपर से कूदकर जल्दी वहां पहुँच सकते हैं, लेकिन श्लोक ने देखा कि पत्थरों के नीचे से एक लंबा और साफ रास्ता भी जा रहा है।
61	gemini	रास्ता लंबा था और उसमें मेहनत ज्यादा थी, पर वह सुरक्षित लग रहा था।
62	gemini	श्लोक अपनी बहन का हाथ पकड़कर खड़ा हो गया और सोचने लगा। क्या श्लोक आसान रास्ते के बजाय लंबा और कठिन रास्ता चुनेगा?
63	gemini	श्लोक ने सोचा कि जल्दी पहुँचना ज्यादा बेहतर है, इसलिए उसने और रिया ने पत्थरों के ऊपर से कूदकर जाना शुरू किया।
64	gemini	पत्थर थोड़े गीले थे और उन पर फिसलने का डर था।
65	gemini	तभी अचानक रिया का पैर फिसला और वह जोर से चिल्लाई, जिससे श्लोक घबरा गया।
66	gemini	श्लोक ने तेजी से हाथ बढ़ाकर रिया को संभाल लिया, लेकिन इसी हड़बड़ड़ाहट में श्लोक का हाथ रिया के हाथ पर जोर से लग गया।
67	gemini	रिया को थोड़ा दर्द हुआ और वह उदास होकर चुप हो गई।
68	gemini	दोनों के बीच एक छोटी सी खामोशी छा गई और हवा में फिर से 'छप-छप' की आवाज गूंजने लगी।
69	gemini	श्लोक को महसूस हुआ कि जल्दबाजी में उसने रिया को अनजाने में चोट पहुँचा दी है।
70	gemini	क्या श्लोक को इस छोटी सी बात के लिए रिया से माफी मांगनी चाहिए?
71	gemini	श्लोक ने सोचा कि रिया बहादुर है और वह इस छोटी सी बात को भूल जाएगी।
72	gemini	वह चुप रहा और उसने रिया का हाथ पकड़कर उसे फिर से आगे चलने के लिए कहा।
73	gemini	दोनों भाई-बहन टापू के और अंदर चले गए, जहाँ समुद्र की लहरों की 'छप-छप' आवाज अब और भी साफ सुनाई दे रही थी।
74	gemini	तभी श्लोक ने देखा कि उनके सामने एक बहुत बड़ा और सुंदर झरना है, जिसका पानी दूध जैसा सफेद था।
75	gemini	झरने के पास एक बड़ा सा पत्थर था जिस पर कुछ फल रखे हुए थे, लेकिन वहां एक छोटा सा बंदर बैठा था जो उन फलों की रखवाली कर रहा था।
76	gemini	बंदर श्लोक और रिया को देखकर जोर-जोर से कूदने लगा।
77	gemini	श्लोक को लगा कि अगर वह अभी आगे बढ़ा तो बंदर गुस्सा हो सकता है।
78	gemini	क्या श्लोक को उन फलों को लेने से पहले बंदर के शांत होने का थोड़ा और इंतज़ार करना चाहिए?
79	gemini	श्लोक ने समझदारी दिखाई और वहीं रुक गया। उसने और रिया ने चुपचाप खड़े होकर बंदर को देखा।
80	gemini	बंदर पहले तो उछल-कूद करता रहा, लेकिन धीरे-धीरे वह शांत हो गया और श्लोक को देखकर अपनी पूंछ हिलाने लगा।
81	gemini	श्लोक को लगा कि बंदर उन्हें डरा नहीं रहा, बल्कि उनके साथ खेलना चाहता है।
82	gemini	तभी बंदर ने एक मीठा फल उठाया और उछलकर श्लोक के पैरों के पास रख दिया।
83	gemini	झरने के पानी की 'छप-छप' आवाज के बीच श्लोक और रिया जोर से हंस पड़े।
84	gemini	तभी श्लोक ने देखा कि बंदर उन्हें झरने के पीछे छिपे एक संकरे रास्ते की तरफ इशारा कर रहा है।
85	gemini	वहां से समुद्र की ठंडी हवाएं आ रही थीं, जो बता रही थीं कि आगे कुछ बहुत बड़ा और रोमांचक है।
86	gemini	क्या श्लोक उस बंदर के पीछे-पीछे झरने के पीछे वाले रास्ते पर जाएगा?
87	gemini	श्लोक और रिया बंदर के पीछे-पीछे झरने के पीछे गए, जहाँ उन्होंने समुद्र का एक बहुत ही सुंदर और नीला किनारा देखा।
88	gemini	श्लोक ने अपनी बहन का हाथ पकड़ा और दोनों ने मिलकर उस जादुई समुद्र की लहरों में खूब मस्ती की।
89	gemini	अब रात हो गई है और अगले दिन वे इस नीले पानी में छिपे नए दोस्तों से मिलेंगे। शुभ रात्रि, श्लोक।
90	gemini	ताजी बनी गरम जलेबियों की महक पूरे मोहल्ले में फैली हुई थी।
91	gemini	श्रेयश ने अपनी लाल चादर को गले में लपेटा और एक छोटा सा मास्क पहना।
92	gemini	वह आज अपने घर के आंगन में एक नन्हा सुपरहीरो बना हुआ था।
93	gemini	वह अपनी असली ताकत, यानी दूसरों की मदद करने में विश्वास रखता था।
94	gemini	तभी उसकी नजर पास ही खड़े छोटे गोलू पर पड़ी, जो उदास था और चुपचाप एक कोने में खड़ा था।
95	gemini	गोलू बहुत शरमाता था और सबके साथ खेलने से डरता था।
96	gemini	श्रेयश ने देखा कि वह गोलू भी इस खेल का हिस्सा बनना चाहता है। क्या श्रेयश गोलू को अपने सुपरहीरो खेल में शामिल करेगा?
97	gemini	श्रेयश ने मुस्कुराकर गोलू का हाथ पकड़ा और उसे अपने साथ बुला लिया। गोलू के चेहरे पर एक बड़ी सी चमक आ गई।
98	gemini	अब दोनों दोस्त आंगन में सुपरहीरो बनकर इधर-उधर दौड़ रहे थे।
99	gemini	तभी उन्हें याद आया कि रसोई से गरम-गरम जलेबियों की मीठी खुशबू अब भी आ रही थी।
100	gemini	श्रेयश के पास एक छोटी प्लेट में दो मीठी जलेबियाँ थीं। गोलू उन्हें देखकर ललचा रहा था, पर उसने कुछ कहा नहीं।
101	gemini	सुपरहीरो होने का मतलब सिर्फ ताकत नहीं, बल्कि दूसरों का ख्याल रखना भी होता है। क्या श्रेयश अपनी एक जलेबी गोलू के साथ बाँटेगा?
102	gemini	श्रेयश ने अपनी एक रसीली जलेबी गोलू के हाथ में रख दी।
103	gemini	गोलू की आँखों में खुशी आ गई और दोनों दोस्त मज़े से मीठी जलेबियाँ खाने लगे।
104	gemini	तभी अचानक, खेल-खेल में श्रेयश के हाथ से जलेबी की प्लेट फिसल गई और वह पास रखी एक मिट्टी की छोटी गगरी से जा टकराई।
105	gemini	धाप! गगरी का एक छोटा सा किनारा टूट गया।
106	gemini	आंगन में चारों तरफ वही मीठी खुशबू अब भी फैली थी, लेकिन अब दोनों दोस्त डर गए।
107	gemini	तभी उनकी माँ रसोई से बाहर आईं और उन्होंने टूटी हुई गगरी देखी। उन्होंने पूछा कि यह कैसे हुआ।
108	gemini	गोलू घबराकर चुप हो गया और श्रेयश अपनी लाल चादर में सिमट गया।
109	gemini	क्या श्रेयश माँ को सच बताएगा कि गगरी उससे टकराकर टूटी है?
110	gemini	श्रेयश ने अपनी लाल चादर को ठीक किया और हिम्मत जुटाकर माँ को सब सच बता दिया।
111	gemini	उसने धीरे से कहा कि खेलते समय उससे गलती से गगरी टकरा गई।
112	gemini	माँ ने श्रेयश की ईमानदारी देखी और उनके चेहरे पर एक प्यारी सी मुस्कान आ गई।
113	gemini	उन्होंने कहा कि गलती मानना ही असली सुपरहीरो की पहचान है।
114	gemini	तभी गोलू ने भी धीरे से अपना हाथ बढ़ाया और कहा कि वह भी श्रेयश के साथ था।
115	gemini	आंगन में अब भी जलेबियों की वह मीठी खुशबू तैर रही थी।
116	gemini	माँ ने दोनों बच्चों को गले लगाया और कहा कि अब समय है मिलकर इस टूटी गगरी को साफ करने का।
117	gemini	क्या श्रेयश और गोलू मिलकर आंगन की सफाई में माँ की मदद करेंगे?
118	gemini	श्रेयश और गोलू ने मिलकर फटाफट आंगन की सफाई शुरू कर दी।
119	gemini	श्रेयश ने अपनी लाल चादर को कमर पर बांधा ताकि वह काम करते समय गंदी न हो।
120	gemini	दोनों दोस्त छोटे-छोटे टुकड़ों को चुनकर एक जगह जमा करने लगे। तभी उन्हें याद आया कि उनके पास एक छोटा सा जादू है...
121	gemini	टीम वर्क! दोनों ने मिलकर एक गाना गुनगुनाया और खेल-खेल में सारा काम खत्म कर लिया।
122	gemini	तभी श्रेयश की नजर कोने में रखे अपने रंगों और कागजों पर पड़ी।
123	gemini	उसने सोचा कि क्यों न इस टूटी हुई गगरी को एक नया और सुंदर रूप दिया जाए।
124	gemini	क्या श्रेयश इस गगरी को रंगों से सजाकर एक नया खिलौना बनाएगा?
125	gemini	यह एक उत्तर पूर्व भारतीय लोककथा है। यह लोक कथा उस समय की है जब जानवर बोलते और नाचते थे।
126	gemini	एक बार एक सुस्त पंखों वाला मोर रहता था | लेकिन उसे अपनी लंबी पूंछ पर बहुत गर्व था।
127	gemini	अपनी लंबी लंबी पूंछ के कारण, वह कभी अपने पड़ोसियों के पास नहीं जा सका।
128	gemini	वह केवल बड़े घरों और पैसे वाले लोगों से मिलने जाता था। उसके घमण्ड के कारण उसके पड़ोसी उसे नापसंद करने लगे।
129	gemini	वे पीठ पीछे मोर का मजाक उड़ाते थे। एक दिन उन्होंने उस से मज़ाक करने का करने का फैसला किया।
130	gemini	उन्होंने कहा कि एक बर्ड क्लब बनाया गया है और सभी पक्षियों ने मोर को अपना नेता बनाने के लिए वोट दिया है।
131	gemini	मुखिया को का संगी की यात्रा करने और उसके साथ नीले आकाश में उड़ान भरने का मौका मिलेगा। क- संगी सूर्य की देवी थीं।
132	gemini	मोर बहुत उत्साहित था। मोर ने अपनी यात्रा के लिए उड़ान भरी।
133	gemini	उसके जाने के तुरंत बाद, अन्य पक्षी गपशप करने लगे और उनकी छोटी सी चाल पर हंसने लगे।
134	gemini	का-सांगी अपने महल में अकेली रहती थी। इसलिए, वह अपने स्थान पर एक अतिथि को पाकर बहुत खुश थी।
135	gemini	दिन बीतते गए और मोर पर्याप्त सुविधाओं के साथ एक महान जीवन व्यतीत करता था। धीरे-धीरे उनका अभिमान आसमान पर पहुंच गया।
136	gemini	का संगी अपना अधिक समय मोर के साथ बिताती थी, परिणामस्वरूप वह अपनी गर्मी से पृथ्वी को गले नहीं लगा पाती थी।
137	gemini	धरती ठंडी होने लगी और जंगल के जानवर बीमार और उदास रहने लगे।
138	gemini	हर समय बारिश होने लगी, सब कुछ तबाह हो रहा था और पृथ्वी पर कोई खुशी नहीं बची थी।
139	gemini	सभी जानवरों ने इंसानो से मदद मांगी और इस नतीजे पर पहुंचे कि मोर की वजह से का-संगी को आसमान से अपनी गर्मी बरसाने का समय नहीं मिल रहा है।
140	gemini	इसलिए मोर को वापस धरती पर लाना सभी के लिए जरूरी है।
141	gemini	उन्होंने एक बूढ़ी औरत की मदद से पृथ्वी को बचाने के लिए एक और तरकीब लगाई और मोर को आकर्षित कर वापिस धरती पर आने के लिए मजबूर कर दिया।
142	gemini	मोर की याद में जो आंसू का-संगी ने बहाये, वह मोर के पंखो पर गिरे और रंग बिरंगे निशान छोड़ गए, जो आज भी मोर के पंखो पर देखे जा सकते हैं।
143	gemini	यह एक पौराणिक लोक कथा है। एक समय की बात है, ब्रह्मदत्त नाम का एक बनारस का राजा था।
144	gemini	बोधिसत्व का जन्म ब्रह्मदत्त की प्रमुख रानी के पुत्र के रूप में हुआ था।
145	gemini	नामकरण के दिन ही ब्रह्मदत्त ने 800 ब्राह्मणों की मनोकामना पूरी करी।
146	gemini	उसके बाद ब्रह्मदत्त ने ब्राह्मणों से पुत्र के भाग्य के बारे में पूछा।
147	gemini	ब्राह्मणों ने राजा से कहा कि उसका पुत्र उसके बाद राजा बनेगा और अपनी बुद्धि और पाँच हथियारों से पूरे भारत पर शासन करेगा।
148	gemini	जब बोधिसत्व 16 वर्ष के थे, तब उन्हें अपनी पढ़ाई पूरी करने के लिए कहा गया था।
149	gemini	राजा ने बोधिसत्व को अपने गुरु के लिए गुरु दक्षिणा के रूप में एक हजार मुद्राएं दीं और उन्हें कंधार राज्य भेज दिया, जहां एक बुद्धिमान शिक्षक रहता था।
150	gemini	बोधिसत्व ने अपनी शिक्षा पूरी की, गुरु से उपहार के रूप में पाँच हथियार प्राप्त किए।
151	gemini	उन्होंने अपने गुरु से विदा ली और तक्षिला को छोड़ दिया और अपने पाँच हथियारों के साथ बनारस के लिए रवाना हो गए।
152	gemini	रास्ते में, उनका सामना एक शक्तिशाली राक्षस से हुआ, लेकिन बोधिसत्व में पर्याप्त आत्मविश्वास था और वे घबराए नहीं।
153	gemini	उसके आत्मविश्वास और निडर रवैये को देखकर राक्षस ने उसे जाने दिया।
154	gemini	वन छोड़ने से पहले, बोधिसत्व ने राक्षस को भक्ति के मार्ग पर चलने और क्रूरता के मार्ग को छोड़ने का आदेश दिया।
155	gemini	कुछ लोग अभी भी जंगल के बाहर इंतजार कर रहे थे। बोधिसत्व ने उन्हें सारी बातें बताईं और फिर बनारस की ओर चल पड़े।
156	gemini	आगे जाकर जब बोधिसत्व राजा बना तो उसने बड़ी ईमानदारी और बुद्धि से लोगों की सेवा की और देश की सेवा की।
157	gemini	एक स्थान पर जीर्णधन नाम का बनिये का लड़का रहता था । धन की खोज में उसने परदेश जाने का विचार किया ।
158	gemini	उसके घर में विशेष सम्पत्ति तो थी नहीं, केवल एक मन भर भारी लोहे की तराजू थी ।
159	gemini	उसे एक महाजन के पास धरोहर रखकर वह विदेश चला गया ।
160	gemini	विदेश से वापिस आने के बाद उसने महाजन से अपनी धरोहर वापिस मांगी ।
161	gemini	महाजन ने कहा----"वह लोहे की तराजू तो चूहों ने खा ली ।" बनिये का लड़का समझ गया कि वह उस तराजू को देना नहीं चाहता ।
162	gemini	किन्तु अब उपाय कोई नहीं था । कुछ देर सोचकर उसने कहा---"कोई चिन्ता नहीं ।
163	gemini	चुहों ने खा डाली तो चूहों का दोष है, तुम्हारा नहीं ।
164	gemini	तुम इसकी चिन्ता न करो ।" थोड़ी देर बाद उसने महाजन से कहा----"मित्र ! मैं नदी पर स्नान के लिए जा रहा हूँ ।
165	gemini	तुम अपने पुत्र धनदेव को मेरे साथ भेज दो, वह भी नहा आयेगा ।" महाजन बनिये की सज्जनता से बहुत प्रभावित था,
166	gemini	इसलिए उसने तत्काल अपने पुत्र को उनके साथ नदी-स्नान के लिए भेज दिया ।
167	gemini	बनिये ने महाजन के पुत्र को वहाँ से कुछ दूर ले जाकर एक गुफा में बन्द कर दिया ।
168	gemini	गुफा के द्वार पर बड़ी सी शिला रख दी, जिससे वह बचकर भाग न पाये ।
169	gemini	उसे वहाँ बंद करके जब वह महाजन के घर आया तो महाजन ने पूछा---"मेरा लड़का भी तो तेरे साथ स्नान के लिए गया था,
170	gemini	वह कहाँ है ?" बनिये ने कहा ----"उसे चील उठा कर ले गई है ।" महाजन ---"यह कैसे हो सकता है ?
171	gemini	कभी चील भी इतने बड़े बच्चे को उठा कर ले जा सकती है ?" बनिया---"भले आदमी !
172	gemini	यदि चील बच्चे को उठाकर नहीं ले जा सकती तो चूहे भी मन भर भारी तराजू को नहीं खा सकते ।
173	gemini	तुझे बच्चा चाहिए तो तराजू निकाल कर दे दे ।" इसी तरह विवाद करते हुए दोनों राजमहल में पहुँचे ।
174	gemini	वहाँ न्यायाधिकारी के सामने महाजन ने अपनी दुःख-कथा सुनाते हुए कहा कि, "इस बनिये ने मेरा लड़का चुरा लिया है ।" धर्माधिकारी ने बनिये से कहा ---"इसका लड़का इसे दे दो ।
175	gemini	बनिया बोल----"महाराज ! उसे तो चील उठा ले गई है ।" धर्माधिकारी ----"क्या कभी चील भी बच्चे को उठा ले जा सकती है ?" बनिया ----"प्रभु !
176	gemini	यदि मन भर भारी तराजू को चूहे खा सकते हैं तो चील भी बच्चे को उठाकर ले जा सकती है ।" धर्माधिकारी के प्रश्‍न पर बनिये ने अपनी तराजू का सब वृत्तान्त कह सुनाया ।
177	gemini	सीख : जैसे को तैसा
178	gemini	किसी तालाब में कम्बुग्रीव नामक एक कछुआ रहता था। तालाब के किनारे रहने वाले संकट और विकट नामक हंस से उसकी गहरी दोस्ती थी।
179	gemini	तालाब के किनारे तीनों हर रोज खूब बातें करते और शाम होने पर अपने-अपने घरों को चल देते।
180	gemini	एक वर्ष उस प्रदेश में जरा भी बारिश नहीं हुई। धीरे-धीरे वह तालाब भी सूखने लगा। अब हंसों को कछुए की चिंता होने लगी।
181	gemini	जब उन्होंने अपनी चिंता कछुए से कही तो कछुए ने उन्हें चिंता न करने को कहा। उसने हंसों को एक युक्ति बताई।
182	gemini	उसने उनसे कहा कि सबसे पहले किसी पानी से लबालब तालाब की खोज करें फिर एक लकड़ी के टुकड़े से लटकाकर उसे उस तालाब में ले चलें।
183	gemini	उसकी बात सुनकर हंसों ने कहा कि वह तो ठीक है पर उड़ान के दौरान उसे अपना मुंह बंद रखना होगा।
184	gemini	कछुए ने उन्हें भरोसा दिलाया कि वह किसी भी हालत में अपना मुंह नहीं खोलेगा।कछुए ने लकड़ी के टुकड़े को अपने दांत से पकड़ा फिर दोनो हंस उसे लेकर उड़ चले।
185	gemini	रास्ते में नगर के लोगों ने जब देखा कि एक कछुआ आकाश में उड़ा जा रहा है तो वे आश्चर्य से चिल्लाने लगे।
186	gemini	लोगों को अपनी तरफ चिल्लाते हुए देखकर कछुए से रहा नहीं गया। वह अपना वादा भूल गया।
187	gemini	उसने जैसे ही कुछ कहने के लिए अपना मुंह खोला कि आकाश से गिर पड़ा।
188	gemini	ऊंचाई बहुत ज्यादा होने के कारण वह चोट झेल नहीं पाया और अपना दम तोड़ दिया।
189	gemini	सीख : बुद्धिमान भी अगर अपनी चंचलता पर काबू नहीं रख पाता है तो परिणाम बुरा होता है।
190	gemini	एक जंगल में एक पेड़ पर गौरैया का घोंसला था। एक दिन कड़ाके की ठंड पड़ रही थी।
191	gemini	ठंड से कांपते हुए तीन चार बंदरो ने उसी पेड़ के नीचे आश्रय लिया।
192	gemini	एक बंदर बोला “कहीं से आग तापने को मिले तो ठंड दूर हो सकती हैं।” दूसरे बंदर ने सुझाया “देखो, यहां कितनी सूखी पत्तियां गिरी पड़ी हैं।
193	gemini	इन्हें इकट्ठा कर हम ढेर लगाते हैं और फिर उसे सुलगाने का उपाय सोचते हैं।” बंदरों ने सूखी पत्तियों का ढेर बनाया और फिर गोल दायरे में बैठकर सोचने लगे कि ढेर को कैसे सुलगाया जाए।
194	gemini	तभी एक बंदर की नजर दूर हवा में उड़ते एक जुगनू पर पड़ी और वह उछल पड़ा।
195	gemini	उधर ही दौड़ता हुआ चिल्लाने लगा “देखो, हवा में चिंगारी उड़ रही हैं।
196	gemini	इसे पकड़कर ढेर के नीचे रखकर फूंक मारने से आग सुलग जाएगी।” “हां हां!” कहते हुए बाकी बंदर भी उधर दौड़ने लगे।
197	gemini	पेड़ पर अपने घोंसले में बैठी गौरैया यह सब देख रही थे। उससे चुप नहीं रहा गया।
198	gemini	वह बोली ” बंदर भाइयो, यह चिंगारी नहीं हैं यह तो जुगनू हैं।” एक बंदर क्रोध से गौरैया की देखकर गुर्राया “मूर्ख चिड़िया, चुपचाप घोंसले में दुबकी रह।
199	gemini	हमें सिखाने चली है।” इस बीच एक बंदर उछलकर जुगनू को अपनी हथेलियों के बीच कटोरा बनाकर कैद करने में सफल हो गया।
200	gemini	जुगनू को ढेर के नीचे रख दिया गया और सारे बंदर लगे चारों ओर से ढेर में फूंक मारने। गौरैया ने सलाह दी “भाइयो!
201	gemini	आप लोग गलती कर रहे हैं। जुगनू से आग नहीं सुलगेगी।
202	gemini	दो पत्थरों को टकराकर उससे चिंगारी पैदा करके आग सुलगाइए।” बंदरों ने गौरैया को घूरा। आग नहीं सुलगी तो गौरैया फिर बोल उठी “भाइयो!
203	gemini	आप मेरी सलाह मानिए, कम से कम दो सूखी लकड़ियों को आपस में रगड़कर देखिए।” सारे बंदर आग न सुलगा पाने के कारण खीजे हुए थे।
204	gemini	एक बंदर क्रोध से भरकर आगे बढ़ा और उसने गौरैया पकड़कर जोर से पेड़ के तने पर मारा।
205	gemini	गौरैया फड़फड़ाती हुई नीचे गिरी और मर गई। सीख : एक.
206	gemini	बिना मांगे किसी को भी सलाह नहीं देनी चाहिए, खासकर मूर्ख व्यक्ति को तो बिलकुल भी नहीं। दो.
207	gemini	मूर्खों को सीख या सलाह देने का कोई लाभ नहीं होता। उल्टे सीख देने वाले को ही पछताना पड़ता हैं।
208	gemini	वर्षों पहले हिमालय की किसी कन्दरा में एक बलिष्ठ शेर रहा करता था।
209	gemini	एक दिन वह एक भैंसे का शिकार और भक्षण कर अपनी गुफा को लौट रहा था।
210	gemini	तभी रास्ते में उसे एक मरियल-सा सियार मिला जिसने उसे लेटकर दण्डवत् प्रणाम किया।
211	gemini	जब शेर ने उससे ऐसा करने का कारण पूछा तो उसने कहा, “सरकार मैं आपका सेवक बनना चाहता हूँ।
212	gemini	कुपया मुझे आप अपनी शरण में ले लें।
213	gemini	मैं आपकी सेवा करुँगा और आपके द्वारा छोड़े गये शिकार से अपना गुजर-बसर कर लूंगा।' शेर ने उसकी बात मान ली और उसे मित्रवत अपनी शरण में रखा।
214	gemini	कुछ ही दिनों में शेर द्वारा छोड़े गये शिकार को खा-खा कर वह सियार बहुत मोटा हो गया।
215	gemini	प्रतिदिन सिंह के पराक्रम को देख-देख उसने भी स्वयं को सिंह का प्रतिरुप मान लिया। एक दिन उसने सिंह से कहा, 'अरे सिंह !
216	gemini	मैं भी अब तुम्हारी तरह शक्तिशाली हो गया हूँ।
217	gemini	आज मैं एक हाथी का शिकार करुंगा और उसका भक्षण करुंगा और उसके बचे-खुचे माँस को तुम्हारे लिए छोड़ दूँगा।' चूँकि सिंह उस सियार को मित्रवत् देखता था,
218	gemini	इसलिए उसने उसकी बातों का बुरा न मान उसे ऐसा करने से रोका।
219	gemini	भ्रम-जाल में फँसा वह दम्भी सियार सिंह के परामर्श को अस्वीकार करता हुआ पहाड़ की चोटी पर जा खड़ा हुआ।
220	gemini	वहाँ से उसने चारों ओर नज़रें दौड़ाई तो पहाड़ के नीचे हाथियों के एक छोटे से समूह को देखा।
221	gemini	फिर सिंह-नाद की तरह तीन बार सियार की आवाजें लगा कर एक बड़े हाथी के ऊपर कूद पड़ा।
222	gemini	किन्तु हाथी के सिर के ऊपर न गिर वह उसके पैरों पर जा गिरा।
223	gemini	और हाथी अपनी मस्तानी चाल से अपना अगला पैर उसके सिर के ऊपर रख आगे बढ़ गया।
224	gemini	क्षण भर में सियार का सिर चकनाचूर हो गया और उसके प्राण पखेरु उड़ गये।
225	gemini	पहाड़ के ऊपर से सियार की सारी हरकतें देखता हुआ सिंह ने तब यह गाथा कही – 'होते हैं जो मूर्ख और घमण्डी,
226	gemini	होती है उनकी ऐसी ही गति।' सीख: घमंड और मूर्खता का साथ बहुत गहरा होता है, इसलिए कभी भी ज़िंदगी में किसी भी समय घमण्ड नहीं करना चाहिए।
227	gemini	जंगल के एक बड़े वट-वृक्ष की खोल में बहुत से बगुले रहते थे ।
228	gemini	उसी वृक्ष की जड़ में एक साँप भी रहता था । वह बगलों के छोटे-छोटे बच्चों को खा जाता था ।
229	gemini	एक बगुला साँप द्वारा बार-बार बच्चों के खाये जाने पर बहुत दुःखी और विरक्त सा होकर नदी के किनारे आ बैठा ।
230	gemini	उसकी आँखों में आँसू भरे हुए थे । उसे इस प्रकार दुःखमग्न देखकर एक केकड़े ने पानी से निकल कर उसे कहा :-"मामा !
231	gemini	क्या बात है, आज रो क्यों रहे हो ?" बगुले ने कहा - "भैया !
232	gemini	बात यह है कि मेरे बच्चों को साँप बार-बार खा जाता है ।
233	gemini	कुछ उपाय नहीं सूझता, किस प्रकार साँप का नाश किया जाय ।
234	gemini	तुम्हीं कोई उपाय बताओ ।" केकड़े ने मन में सोचा, 'यह बगला मेरा जन्मवैरी है, इसे ऐसा उपाय बताऊंगा,
235	gemini	जिससे साँप के नाश के साथ-साथ इसका भी नाश हो जाय ।’ यह सोचकर वह बोला - "मामा !
236	gemini	एक काम करो, मांस के कुछ टुकडे़ लेकर नेवले के बिल के सामने डाल दो ।
237	gemini	इसके बाद बहुत से टुकड़े उस बिल से शुरु करके साँप के बिल तक बखेर दो ।
238	gemini	नेवला उन टुकड़ों को खाता-खाता साँप के बिल तक आ जायगा और वहाँ साँप को भी देखकर उसे मार डालेगा ।" बगुले ने ऐसा ही किया ।
239	gemini	नेवले ने साँप को तो खा लिया किन्तु साँप के बाद उस वृक्ष पर रहने वाले बगुलों को भी खा डाला ।
240	gemini	बगुले ने उपाय तो सोचा, किन्तु उसके अन्य दुष्परिणाम नहीं सोचे । अपनी मूर्खता का फल उसे मिल गया ।
241	gemini	सीख : करने से पहले सोचो
242	gemini	आसमान के एक रंग-बिरंगे कोने में परियों का एक अद्भुत देश है ।
243	gemini	वहाँ हर जगह फूलों की खुशबू तैरती रहती है, बादल रुई के फाहों जैसे मुलायम लगते हैं और तारे रात में चाँदी की बूँदों की तरह चमकते हैं ।
244	gemini	यह जगह जादुई है—क्योंकि वहाँ सुन्दर परियाँ अपने पंख फैलाकर खेलती, गुनगुनाती और प्रकृति की रक्षा करती हैं ।
245	gemini	इसी जादुई देश में रहती थी एक छोटी सुनहरी परी।
246	gemini	उसकी आँखें ओस की बूँदों जैसी चमकदार थीं और उसके पंख इंद्रधनुष के सातों रंगों से चमकते थे। सब उसे “सुनहरी” कहकर पुकारते थे।
247	gemini	एक दिन सुनहरी परी ने देखा कि धरती पर बहुत हलचल है।
248	gemini	हर ओर लोग घर साफ़ कर रहे थे, रंग-बिरंगी लाइटें सजा रहे थे, मिठाइयाँ बना रहे थे और बच्चों के हाथों में चमचमाते दीपक थे।
249	gemini	आसमान से यह नज़ारा किसी बड़े पर्व जैसा लग रहा था। सुनहरी परी ने अपनी माँ, गुलाबी परी, से पूछा – “माँ!
250	gemini	धरती पर लोग इतने दीपक क्यों जला रहे हैं? वे इतना उल्लास क्यों मना रहे हैं?
251	gemini	क्या आज कोई खास दिन है?” गुलाबी परी, जो पूरे परी देश की सबसे बुद्धिमान परी मानी जाती थी, मुस्कुराई और बोली – “हाँ बेटी, आज दीवाली है।
252	gemini	यह एक महान त्योहार है, जिसे भगवान राम के अयोध्या लौटने की खुशी में मनाया जाता है।” सुनहरी परी की जिज्ञासा और बढ़ गई।
253	gemini	वह अपनी छोटी-सी छड़ी घुमाते हुए बोली – “भगवान राम? अयोध्या? माँ, यह सब कौन हैं?
254	gemini	और उनकी वापसी पर इतना बड़ा उत्सव क्यों?” गुलाबी परी ने धीरे-धीरे कहानी सुनानी शुरू की – “बहुत समय पहले धरती पर अयोध्या नाम का एक राज्य था।
255	gemini	वहाँ राम नाम के एक महान और धर्मप्रिय राजकुमार रहते थे। वे मर्यादा, साहस और करुणा के प्रतीक थे।
256	gemini	राम ने अपनी पत्नी सीता और भाई लक्ष्मण के साथ अपने पिता दशरथ के वचन को निभाने के लिए चौदह साल का वनवास स्वीकार किया।
257	gemini	वन में रहते हुए, राक्षसराज रावण ने माता सीता का हरण कर लिया और उन्हें लंका ले गया।
258	gemini	तब भगवान राम ने वानरों, भालुओं, पक्षियों और प्रकृति की सहायता से रावण का सामना किया।
259	gemini	हनुमान जी ने पर्वत लाँघे, जामवंत ने बल दिया, नदियों ने मार्ग बनाया, समुद्र ने रास्ता दिया, और यहाँ तक कि पेड़-पौधों और वन्य पशु पक्षियों ने भी पुल बनाने में सहयोग किया।
260	gemini	कहते हैं कि गिलहरी की पीठ पर पंजे का निशान उसी सहायता का प्रतीक है,
261	gemini	जब गिलहरी सेतु बनाने में अपना सहयोग दे रही थी तो राम जी ने उसको स्नेह और करुणा से सहलाया तो उसकी पीठ पर यह निशान पड़ गया।
262	gemini	आख़िरकार राम ने रावण का वध किया और सीता माता को वापस लाए।
263	gemini	जब वे चौदह साल बाद अयोध्या पहुँचे तो वहाँ के लोगों ने दीप जलाकर उनका भव्य स्वागत किया।
264	gemini	पूरी अयोध्या दीपों से जगमगा उठी, मानो धरती पर तारों का सागर उतर आया हो।
265	gemini	वही दिन था—दीवाली का।” सुनहरी परी मंत्रमुग्ध होकर कहानी सुनती रही।
266	gemini	फिर उसने धीरे से पूछा – “माँ, क्या हम परियों ने भी सीता माता की मदद की थी?
267	gemini	हमारा उनसे क्या रिश्ता है?” गुलाबी परी ने अपनी बेटी को गोद में लिया और प्यार से बोली – “बेटी, हम परियाँ प्रकृति की आत्माएँ हैं।
268	gemini	हम फूलों में खुशबू भरती हैं, नदियों को मधुर कलकल कराती हैं, हवाओं में संगीत घोलती हैं।
269	gemini	जब माता सीता वन में थीं, तब जंगल ने उन्हें छाया दी, नदियों ने उन्हें शीतलता दी, पक्षियों ने गीत गाकर उनका मन बहलाया।
270	gemini	और चूँकि हम परियाँ प्रकृति के हर अंश में बसती हैं, इसलिए हम भी उनके साथ थीं।
271	gemini	हमारी आत्मा हमेशा अच्छाई और सत्य के साथ रहती है। माता सीता खुद धरती की बेटी हैं—वह प्रकृति का ही रूप हैं।
272	gemini	इसलिए उनका रिश्ता हम परियों से माँ-बेटियों जैसा है।
273	gemini	जब सीता दुखी थीं, तो हमारी आत्माएँ उनके दुख से काँप उठती थीं, और जब वे राम के संग लौटीं तो हम भी खुशी से झूम उठीं।” सुनहरी परी की आँखें चमक उठीं।
274	gemini	उसने उत्साह से कहा – “तो माँ, अगर हम भी माता सीता की बेटियाँ हैं, तो क्या हम परियाँ भी दीवाली मनाती हैं?” गुलाबी परी प्यार से हंसी ।
275	gemini	उसके हंसने से ऐसा लगता था जैसे फूलों की कलियां चटख रही हों, उसने मंद-मंद मुस्कराते हुए कहा – “हाँ, बिल्कुल बेटी!
276	gemini	जब धरती पर इंसान दीप जलाते हैं, तो परियाँ आसमान में तारों को और भी उज्ज्वल बना देती हैं।
277	gemini	जब लोग पटाखे चलाते हैं, तब हम परियाँ फूलों की पंखुड़ियों से रंग-बिरंगे झरने बरसाती हैं।
278	gemini	जब इंसान मिठाइयाँ खाते हैं, तब हम परियाँ अमृत की बूँदें फूलों पर टपकाती हैं ताकि उनकी खुशबू और मीठी हो जाए।
279	gemini	पेड़ अपने पत्तों से ताली बजाते हैं, पक्षी मीठे गीत गाते हैं, नदियाँ अपने कलकल स्वर में संगीत सुनाती हैं, पहाड़ गूँजते हैं,
280	gemini	और पूरी प्रकृति राम और सीता की वापसी की खुशी में दीवाली मनाती है।” सुनहरी परी अब बहुत खुश हो गई।
281	gemini	उसने अपने नन्हे पंख फैलाए और बोली – “वाह माँ!
282	gemini	आज मैं भी तारों में और चमक भरूँगी और धरती के बच्चों को शुभ दीवाली कहूँगी !” उस रात धरती पर दीपक झिलमिला रहे थे।
283	gemini	हर घर सजाया गया था, हर आँगन में रंगोली बनी थी। बच्चों के हँसी-खेल की आवाज़ गूँज रही थी।
284	gemini	आसमान में, परियाँ भी दीवाली मना रही थीं। सुनहरी और उसकी सहेलियाँ आसमान से झाँक-झाँककर दीपों की कतारें देख रही थीं।
285	gemini	उन्होंने तारा-मालाओं को और तेज़ चमका दिया। बादल फूलों की वर्षा करने लगे, और हवा में मीठी सुगंध तैर गई।
286	gemini	धरती और आकाश दोनों ही दीपों की रोशनी से जगमगा उठे। मानो इंसान और परियाँ मिलकर एक ही उत्सव मना रहे हों।
287	gemini	गुलाबी परी ने धीरे से सुनहरी से कहा – “याद रखना बेटी, दीवाली सिर्फ दीप जलाने या मिठाई खाने का त्योहार नहीं है।
288	gemini	यह त्योहार अच्छाई के अंधकार पर विजय का प्रतीक है।
289	gemini	यह याद दिलाता है कि जहाँ सत्य और धर्म होते हैं, वहाँ सारी प्रकृति साथ देती है।
290	gemini	चाहे परियाँ हों, पक्षी हों,
291	gemini	नदियाँ हों या इंसान—सब मिलकर भगवान राम की इस विजय का उत्सव मनाते हैं।” सुनहरी परी ने सिर हिलाया और मन ही मन संकल्प किया कि वह हमेशा अच्छाई और सत्य का साथ देगी।
292	gemini	और तभी दूर से अयोध्या की ओर देखते हुए उसे लगा जैसे दीपों की पंक्तियाँ आकाश तक पहुँच गई हों और परियों के तारों से मिल गई हों।
293	gemini	सचमुच उस रात दीवाली सिर्फ अयोध्या की नहीं, बल्कि पूरी प्रकृति और परियों के देश की भी थी।
294	gemini	विजयनगर के राजा कृष्णदेव राय को अद्भुत व विलक्षण चीजें संग्रह करने का बहुत शौक था।
295	gemini	हर दरबारी उन्हें खुश रखने के लिए ऐसी ही दुर्लभ वस्तुओं की खोज में रहता था ताकि वह चीज महाराज को देकर उनका शुभचिंतक बन सके तथा रुपये भी ऐंठ सके।
296	gemini	एक बार एक दरबारी ने एक अनोखी चाल चली।
297	gemini	उसने एक मोर को रंगों के एक विशेषज्ञ से लाल रंगवा लिया और उस लाल मोर को लेकर वह सीधा राजा कृष्णदेव राय के दरबार में पहुंचा और राजा से बोला-‘‘महाराज !
298	gemini	मैंने मध्य प्रदेश के घने जंगलों से आपके लिए एक अद्भुत व अनोखा मोर मंगाया है।’’ राजा कृष्णदेव राय ने उस मोर को बड़े गौर से देखा।
299	gemini	उन्हें बड़ा ताज्जुब हो रहा था...‘‘लाल मोर...वास्तव में आपने हमारे लिए अद्भुत चीज मंगाई है। हम इसे राष्ट्रीय उद्यान में बड़ी हिफाजत से रखवाएंगे।
300	gemini	अच्छा...यह तो बताओ कि इस मोर को मंगाने में तुम्हें कितना रुपया खर्च करना पड़ा ?’’ दरबारी ने अपनी प्रशंसा सुनी तो वह प्रसन्न हो उठा।
301	gemini	बड़े ही विनम्र भाव से वह राजा से बोला, ‘‘महाराज, आपके लिए यह अनोखी वस्तु लाने के लिए मैंने अपने दो सेवक पूरे देश की यात्रा पर भेज रखे थे।
302	gemini	वे वर्षों तक किसी अद्भुत वस्तु की खोज में लगे रहे।
303	gemini	तब कहीं जाकर, मध्य प्रदेश के जंगलों में यह अनोखा लाल रंग का मोर मिला।
304	gemini	मैंने अपने उन सेवकों पर करीब पच्चीस हजार रुपये खर्च किये हैं।’’ उस दरबारी की बात सुनकर राजा कृष्णदेव राय ने तुरन्त मंत्री को आज्ञा दी, ‘‘मंत्री जी,
305	gemini	इन सज्जन को पच्चीस हजार रुपये राज-कोश से दे दिए जाएं।’’ मंत्री को यह आज्ञा देकर राजा ने दोबारा उस दरबारी से कहा, ‘‘यह तो आपको वह रुपया दिया जाता है,
306	gemini	जो आपने खर्च किया है।
307	gemini	इसके अलावा एक सप्ताह बाद आपको उचित पुरस्कार भी दिया जाएगा।’’ दरबारी को भला और क्या चाहिए था ?
308	gemini	वह तेनाली राम की ओर कुटिल भाव से देखकर मुस्कराने लगा।
309	gemini	तेनाली राम उसके मुस्कराने का मतलब समझ गया, लेकिन समय को देखते हुए उसने चुप रहना ही उचित समझा।
310	gemini	तेनाली राम यह भी समझ गया कि लाल रंग का मोर किसी भी देश में नहीं होता। कहीं भी नहीं पाया जाता।
311	gemini	उसे लगा, यह सब अवश्य ही इस दरबारी की कोई चाल है। बस फिर क्या था।
312	gemini	तेनाली राम ने दूसरे ही दिन उस रंग विशेषज्ञ को खोज निकाला जिसने लाल मोर तैयार किया था।
313	gemini	तेनाली राम चार और मोर लेकर उस चित्रकार के पास पहुँचा।
314	gemini	उसने उन्हें लाल रंग से रंगवा कर तैयार कराया और उसी दिन उन्हें दरबार में ले जाकर राजा से कहा,
315	gemini	‘‘महाराज हमारे मित्र दरबारी ने पच्चीस हजार से केवल एक लाल मोर ही मंगवाया था और मैं सिर्फ पचास हजार में उससे भी अधिक सुन्दर चार लाल मोर ले आया हूं।’’ राजा ने देखा।
316	gemini	सचमुच तेनाली राम के चारों मोर उस दरबारी वाले मोर से कहीं अधिक सुन्दर और सुर्ख लाल रंग के थे।
317	gemini	राजा को आज्ञा देनी पड़ी,
318	gemini	‘‘तेनाली राम को राजकोष से पचास हजार रुपये फौरन दे दिए जाएं।’’ राजा कृष्णदेव राय की यह आज्ञा सुनते ही तेनाली राम ने एक आदमी की ओर इशारा करते हुए राजा से कहा, ‘‘महाराज,
319	gemini	पुरस्कार का सही अधिकारी यही कलाकार है, मैं नहीं हूं।
320	gemini	यह आदमी एक अनोखा चित्रकार है। यह किसी भी वस्तु का रंग बदलने की कला में निपुण है।
321	gemini	इसी ने नीले मोरों का रंग लाल करने की कला दिखाई है।’’ अब राजा को सारा गोरखधन्धा समझते देर नहीं लगी।
322	gemini	वह समझ गए कि पहले दिन दरबारी ने उन्हें मूर्ख बनाकर रुपये ठगे थे।
323	gemini	राजा ने फौरन ही उस दरबारी पर पच्चीस हजार लौटाने के साथ ही पांच हजार रुपये जुर्माने का आदेश दिया और चित्रकार को पुरस्कृत किया।
324	gemini	दरबारी बेचारा क्या करता ! वह अपना-सा मुंह लेकर रह गया।
325	gemini	राजा कृष्णदेव राय को खुश करने की सनक के चक्कर में पांच हजार रुपये भी गंवाने पड़े।
326	gemini	वसंत ऋतु छाई हुई थी। राजा कृष्णदेव राय बहुत ही खुश थे। वह तेनालीराम के साथ बाग में टहल रहे थे।
327	gemini	वह चाह रहे थे कि एक ऐसा उत्सव मनाया जाए, जिसमें उनके राज्य के सारे लोग शामिल हों।
328	gemini	पूरा राज्य उत्सव के आनंद में डूब जाए। इस विषय में वह तेनालीराम से भी राय लेना चाहते थे।
329	gemini	तेनालीराम ने राजा की इस सोच की प्रशंसा की और इसके बाद राजा ने विजयनगर में राष्ट्रीय उत्सव मनाने का आदेश दे दिया।
330	gemini	शीघ्र ही नगर को स्वच्छ करवा दिया गया, सड़कों व इमारतों में रोशनी की व्यवस्था कराई गई। पूरे नगर को फूलों से सजाया गया।
331	gemini	सारे नगर में उत्सव का वातावरण था।
332	gemini	इसके बाद राजा ने घोषणा की कि राष्ट्रीय उत्सव मनाने के लिए हलवाई की दुकानों पर रंग-बिरंगी मिठाइयां बेची जाएं।
333	gemini	घोषणा के बाद नगर के सारे हलवाई रंगीन मिठाइयां बनाने में व्यस्त हो गए।
334	gemini	इस घोषणा के बाद कई दिनों तक तेनालीराम दरबार में नजर नहीं आए। किसी को भी उनके बारे में कुछ नहीं पता था।
335	gemini	राजा कृष्णदेवराय ने तेनालीराम को ढूंढ़ने के लिए सिपाहियों को भेजा, लेकिन वे भी तेनालीराम को नहीं ढूंढ़ पाए।
336	gemini	उन्होंने राजा को इस बारे में बताया। यह सुनकर राजा और भी अधिक चिंतित हो गए।
337	gemini	उन्होंने दोबारा सिपाहियों को तेनालीराम की खोज में जुट जाने का आदेश दिया। कुछ दिनों बाद सैनिकों ने तेनालीराम को ढूंढ़ निकाला।
338	gemini	वापस आकर उन्होंने राजा को बताया, ‘महाराज, तेनालीराम ने तो कपड़ों की रंगाई की दुकान खोल ली है।
339	gemini	वह सारा दिन अपने इसी काम में व्यस्त रहते हैं।
340	gemini	जब हमने उन्हें अपने साथ आने को कहा तो उन्होंने आने से मना कर दिया।’ यह सुनकर राजा को गुस्सा आ गया।
341	gemini	वह सैनिकों से बोले,‘मैं तुम्हें आदेश देता हूं कि तेनालीराम को जल्दी से जल्दी पकड़कर यहां ले आओ।
342	gemini	अगर वह तुम्हारे साथ अपनी मर्जी से न आए तो उसे बलपूर्वक लेकर आओ।’ राजा के आदेश का पालन करते हुए सैनिक तेनालीराम को बलपूर्वक पकड़कर दरबार में ले आए।
343	gemini	राजा ने पूछा, ‘तेनाली, तुम्हें लाने के लिए जब मैंने सैनिकों को भेजा तो तुमने शाही आदेश का पालन क्यों नहीं किया?
344	gemini	और एक बात और बताओ। हमारे दरबार में तुम्हारा अच्छा स्थान है, जिससे तुम अपनी सभी आवश्यकताएं पूरी कर सकते हो।
345	gemini	फिर भला तुमने यह रंगरेज की दुकान क्यों खोली?’ तेनालीराम बोले,‘महाराज, दरअसल मैं राष्ट्रीय उत्सव के लिए अपने कपड़ों को रंगना चाहता था।
346	gemini	नगर में बहुत सारे लोग उत्सव में पहनने के लिए अपने कपड़े रंगवाना चाहते हैं। इस काम में अच्छी कमाई है।
347	gemini	इससे पहले कि सारे रंगों का इस्तेमाल दूसरे लोग कर लें, मैं रंगाई का काम पूरा कर लेना चाहता था।’ ‘सभी रंगों के इस्तेमाल से तुम्हारा क्या मतलब है?
348	gemini	क्या नगर के सारे लोग अपने कपड़ों को रंग रहे हैं?’ राजा ने पूछा।
349	gemini	‘नहीं महाराज, वास्तव में रंगीन मिठाइयां बनाने के आपके आदेश के बाद से नगर के ज्यादातर हलवाई मिठाइयों को रंगने के लिए रंग खरीदने में व्यस्त हो गए हैं।
350	gemini	अगर वे सारे रंगों को मिठाइयां रंगने के लिए खरीद लेंगे तो मेरे कपड़े कैसे रंगे जाएंगे?’ इतना सुनते ही राजा को अपनी भूल का अहसास हो गया।
351	gemini	वह बोले,‘तो तुम यह कहना चाहते हो कि मेरा आदेश अनुचित है।
352	gemini	मेरे आदेश का फायदा उठाकर मिठाइयां बनाने वाले मिठाइयों को रंगने के लिए घटिया व हानिकारक रंगों का इस्तेमाल कर रहे हैं, जबकि उन्हें केवल खाने योग्य रंगों का ही इस्तेमाल करना चाहिए’,
353	gemini	इतना कहकर महाराज ने तेनालीराम की तरफ देखा।
354	gemini	तेनालीराम के चेहरे पर वही चिर-परिचित मुस्कराहट थी।
355	gemini	राजा कृष्णदेव राय ने गंभीर होते हुए आदेश दिया कि जो मिठाई बनाने वाले हानिकारक रासायनिक रंगों का प्रयोग कर रहे हैं, उन्हें कठोर दंड दिया जाएगा।
356	gemini	इस तरह तेनालीराम ने अपनी बुद्धि के इस्तेमाल से विजयनगर के लोगों को बीमार होने से बचा लिया।
357	hindi_panchtan	साधु और चूहा। एक जंगल में एक साधु रहते थे।
358	hindi_panchtan	जंगल के कई जानवर रोज़ साधु के प्रवचन सुनने के लिए उनके पास जाते थे। एक दिन एक चूहे के पीछे बिल्ली पड़ गई।
359	hindi_panchtan	चूहा भागते भागते साधु के पास पहुंचा। पीछे पीछे बिल्ली भी आ गई। साधु ने चूहे का भेष बदलकर उसे बड़ी बिल्ली बना दिया।
360	hindi_panchtan	अब बड़ी बिल्ली बिना डर के घूमने लगी उसने कई बिल्लियों को भी मार दिया।
361	hindi_panchtan	फिर एक दिन बड़ी बिल्ली के पीछे लोमड़ी पड़ गई। लोमड़ी से बचते बचते वह फिर साधु के पास पहुंची।
362	hindi_panchtan	अब साधु ने उसे बड़ी लोमड़ी बना दिया। बड़ी लोमड़ी बनकर वह बिना किसी खौफ के जंगल में घूमने लगी।
363	hindi_panchtan	फिर कुछ दिनों बाद एक शेर बड़ी लोमणी के पीछे पड़ गया। बड़ी लोमड़ी फिर साधु के पास पहुंची।
364	hindi_panchtan	और इस बार साधु ने उसे बड़ा शेर बना दिया। बड़ा शेर बनते ही वह स्वयं को राजा समझने लगा।
365	hindi_panchtan	लेकिन उसे हमेशा यह डर लगता था कि साधु कहीं उसे फिर से चूहा ना बना दे।
366	hindi_panchtan	इसी डर के कारण वह साधु के पास पहुंचा और बोला। मुझे भूख लगी है इसलिए मैं आज आपको खा जाऊँगा।
367	hindi_panchtan	ताकि मेरे अंदर भी सारी दिव्य शक्तियां आ सके। साधु को बहुत गुस्सा आता है। और वह उसे फिर से चूहा बना देते हैं।
368	hindi_panchtan	चूहे को अपनी गलती का एहसास तो होता है। और वह साधु से दोबारा शेर बनाने की विनती करता है।
369	hindi_panchtan	लेकिन साधु उसे डंडे मारकर भगा देते हैं।
370	hindi_panchtan	इस कहानी से हमें यह शिक्षा मिलती है कि चाहे कोई कितना भी महान बन जाए लेकिन उसे अपना अस्तित्व और आधार कभी नहीं भूलना चाहिए।
371	hindi_panchtan	देवता और जुलाहा। एक बार मंथर का नाम का एक जुलाहा रहता था।
372	hindi_panchtan	एक दिन वह बुनाई कर रहा था, तभी उसका करघा टूट गया।
373	hindi_panchtan	वह पास के जंगल में लकड़ी काटने जाता है ताकि उससे अपना करघा ठीक कर सके।
374	hindi_panchtan	जैसे ही वह अपनी कुल्हाड़ी से लकड़ी काटने लगता है, तभी पेड़ से आवाज़ आती है, इस पेड़ को मत काटो, यह मेरा घर है!
375	hindi_panchtan	मुझे अपना करघा ठीक करना है वरना मेरे बच्चे और मेरी पत्नी भूखे मर जाएंगे। यह कहकर वह फिर से अपनी कुल्हाड़ी उठाता है।
376	hindi_panchtan	फिर से पेड़ के अंदर से आवाज आती है।
377	hindi_panchtan	इस पेड़ को छोड़ दो, तुम कुछ भी मांग लो, मैं तुम्हारी इच्छा पूरी करूंगा। मांगो, वर मांगो!
378	hindi_panchtan	कि वह अपनी पत्नी से सलाह करके लौटेगा। मंथर का अपने घर जाता है। रास्ते में उसे उसका एक नाई मित्र मिलता है।
379	hindi_panchtan	वह उससे कहता है कि वर में पूरा साम्राज्य मांग लेना। फिर तुम राजा बन जाओगे और राज करोगे।
380	hindi_panchtan	मंथरखा उसकी सलाह से खुश हो जाता है। लेकिन वह अपनी पत्नी का भी सुझाव लेने घर पहुँचता है।
381	hindi_panchtan	राजा बनने से तो लड़ाई करनी पड़ेगी, प्रजा की देखभाल करनी पड़ेगी। इससे तो अच्छा होगा कि तुम दो सिर और चार हाथ का वर मांग लो।
382	hindi_panchtan	जब ज़्यादा हाथ होंगे तो तुम ज़्यादा काम कर पाओगे। और हम धनी हो जाएंगे।
383	hindi_panchtan	मंथरका अपनी पत्नी का सुझाव मानकर चार हाथ और दो सिर का वर मांग लेता है।
384	hindi_panchtan	जब वह दो सिर और चार हाथ के साथ गांव में पहुंचता है, तो सभी गांव वाले उसे देखकर डर जाते हैं और उसे पत्थर मार मार के उसकी हत्या कर देते हैं।
385	hindi_panchtan	जब उसके नाई दोस्त को उसकी मौत का पता चलता है, तो वह बहुत दुखी होता है।
386	hindi_panchtan	इस कहानी से हमें यह शिक्षा मिलती है कि किसी के सुझाव को बिना विचारे अनुसरण नहीं करना चाहिए।
387	hindi_panchtan	एक बार जंगल में एक लोमड़ी भोजन की तलाश में भटकते हुए एक पेड़ के पास पहुंची।
388	hindi_panchtan	वहां उसकी नजर पेड़ पर बैठे हुए मोर पर पड़ी। लोमड़ी मोर को खाने की योजना बनाने लगी।
389	hindi_panchtan	जंगल में सभी जानवरों ने गोष्ठी की है।
390	hindi_panchtan	और उसमें यह तय किया गया है कि अब से कोई भी जानवर अपने भोजन के लिए। दूसरे जानवर को नहीं मारेगा।
391	hindi_panchtan	इसलिए तुम घबराओ मत और आराम से नीचे आकर घूमो।
392	hindi_panchtan	तो इसका मतलब तो यह हुआ कि अब शेर और बाघ घास खाना शुरू कर देंगे। लोमड़ी मोर की बात सुनकर चौंक गई।
393	hindi_panchtan	और हड़बड़ा कर कुछ कहने ही वाली थी कि तभी मोर बोला।
394	hindi_panchtan	देखो, तुम्हारे पीछे तुम्हारे मित्र आ रहे हैं, शिकारी कुत्ते, अब तो वह भी तुम्हें नहीं खाएंगे!
395	hindi_panchtan	लोमड़ी शिकारी कुत्तों को देखकर डर जाती है और भाग जाती है।
396	hindi_panchtan	मोर लोमड़ी को डर कर भागते हुए देखकर जोर जोर से हंसने लगता है।
397	hindi_panchtan	इस कहानी से हमें यह शिक्षा मिलती है कि बुद्धि और चतुराई से धूर्त और मक्कारों को आसानी से मात दी जा सकती है।
398	hindi_panchtan	राजकुमार और पौधा। एक समय की बात है। एक राजा का बेटा बड़ा ही बदतमीज़ और दुष्ट प्रवृत्ति का था।
399	hindi_panchtan	उसे सभी लोगों ने बहुत समझाने की कोशिश की। लेकिन वह फिर भी नहीं समझा।
400	hindi_panchtan	एक दिन राजा ने एक साधु को महल के पास देखा। उस साधु के चेहरे का तेज देखते ही बनता था।
401	hindi_panchtan	राजा ने उस साधु को अपने महल में बुलवा लिया और उन्हें रहने का उचित स्थान भी दिया।
402	hindi_panchtan	फिर राजा ने साधु को अपने बिगड़ैल बेटे के बारे में बताया।
403	hindi_panchtan	वह बोले मेरी प्रजा मेरे बेटे को भावी राजा बनने के योग्य नहीं मानती।
404	hindi_panchtan	कृपया आप मेरे बेटे को अपने संरक्षण में रखकर उसे समझाने का प्रयास करें। साधु राजकुमार को लेकर बगीचे में टहलने निकलते हैं।
405	hindi_panchtan	वहीं पर एक पौधा देख साधु उसकी पत्ती राजकुमार को देकर उसे चखने को कहते हैं।
406	hindi_panchtan	जैसे ही राजकुमार उस पत्ती को मुंह में लेता है वैसे ही उसे थूक देता है।
407	hindi_panchtan	राजकुमार कहता है, यह पौधा तो बड़ा ज़हरीला है, इसे उखाड़ देना चाहिए। यह कहकर राजकुमार उस पौधे के टुकड़े टुकड़े कर देता है।
408	hindi_panchtan	सारी प्रजा भी तुम्हारे साथ ऐसा ही सलूक करेगी। क्योंकि वह तुम्हें दुष्ट समझती है।
409	hindi_panchtan	और तुम्हारे बुरे स्वभाव के कारण तुम्हें कभी भी राजा नहीं बनने देगी।
410	hindi_panchtan	इसलिए बेहतर होगा कि तुम सबके प्रति दया और स्नेह का भाव रखो। राजकुमार को अपनी गलती का एहसास हो जाता है।
411	hindi_panchtan	और वह पूरी तरह बदल जाता है। राजा अपने बेटे के बदले हुए व्यवहार से बहुत खुश होते हैं।
412	hindi_panchtan	और साधु का तहे दिल से शुक्रिया अदा करते हैं।
413	hindi_panchtan	इस कहानी से हमें यह शिक्षा मिलती है कि बुरे स्वभाव से लोगों का दिल नहीं जीता जा सकता।
414	hindi_panchtan	बहुत समय पहले एक युधिष्ठिर नाम का कुम्हार था। वह एक नंबर का शराबी था।
415	hindi_panchtan	एक दिन शराब के नशे में वह घड़े से टकराकर नीचे गिर गया। और उसके सिर पर बहुत गहरी चोट लग गई।
416	hindi_panchtan	कुछ दिनों बाद घाव तो भर गया लेकिन उसका निशान रह गया। फिर कुछ समय बाद गाँव में अकाल पड़ा।
417	hindi_panchtan	और वह नौकरी की तलाश में राजा के पास पहुँचा। राजा ने युधिष्ठिर के माते का निशान देखकर सोचा।
418	hindi_panchtan	कि यह कोई योद्धा लगता है। इसलिए इसे ही सेनापति बनाना चाहिए। राजा ने उससे पूछा कि यह निशान किस युद्ध का है?
419	hindi_panchtan	कुम्हार ने सारा सच बता दिया कि यह निशान तो शराब के नशे में घड़े से टकराकर नीचे गिरने से हुआ था।
420	hindi_panchtan	यह सुनकर राजा ने उसे। बाहर निकालने का आदेश दे दिया। कुम्हार बहुत गिड़गिड़ाया कि उसे सेना में शामिल कर लिया जाए।
421	hindi_panchtan	लेकिन राजा ने उसकी एक ना सुनी और उसे राज्य से बाहर निकाल दिया।
422	hindi_panchtan	इस कहानी से हमें यह शिक्षा मिलती है कभी कभी सच बोलना भी हमारे लिए नुकसानदेह हो सकता है। राजकुमार और भालू।
423	hindi_panchtan	एक बार एक राजकुमार शिकार करने जंगल में पहुंचा। बहुत देर तक वह शिकार ढूंढता रहा। लेकिन उसे कुछ भी नहीं मिला।
424	hindi_panchtan	थक कर वह एक पेड़ के नीचे विश्राम करने लगा। तभी उसे शेर की दहाड़ सुनाई दी।
425	hindi_panchtan	तभी उसने देखा कि पेड़ की डाली पर एक भालू बैठा है।
426	hindi_panchtan	वह और ज़्यादा डर गया क्योंकि पास में भालू और नीचे शेर था। भालू ने राजकुमार से कहा, डरो मत!
427	hindi_panchtan	तुम मेरे अतिथि हो, मैं तुम्हें नहीं मारूंगा। शाम हो जाती है और राजकुमार पेड़ पर ही सो जाता है।
428	hindi_panchtan	भालू अपना सहारा देकर राजकुमार को सोने में मदद करता है। शेर भालू से कहता है कि यह मानव हमारे दुश्मन हैं।
429	hindi_panchtan	यह हमारा शिकार करते हैं। ये मेरे अतिथि हैं मैं इसे धक्का नहीं दे सकता।
430	hindi_panchtan	सुबह जब राजकुमार की नींद खुलती है, तो वह देखता है कि उसके पास भालू सोया हुआ है। शेर राजकुमार से कहता है,।
431	hindi_panchtan	यह भालू मेरे जाने के बाद तुम्हें खा जाएगा। यह झूठी हमदर्दी दिखा रहा है।
432	hindi_panchtan	अगर तुम इस भालू को नीचे धक्का दे दोगे तो मैं तुम्हें जाने दूंगा। राजकुमार शेर की बातों में आकर।
433	hindi_panchtan	भालू को नीचे धकेल देता है। लेकिन भालू किसी तरह पेड़ की डाली को पकड़ लेता है और खुद को बचा लेता है।
434	hindi_panchtan	भालू गुस्से में राजकुमार से कहता है,। अरे, तुम इंसानों से तो हम जानवर ही अच्छे हैं।
435	hindi_panchtan	इस कहानी से हमें यह शिक्षा मिलती है कि जानवर भी प्यारे और समझदार होते हैं। इसलिए उनसे प्यार से पेश आना चाहिए।
436	hindi_panchtan	हाथी ने लिया अपना बदला। बहुत समय पहले की बात है। एक कस्बे में एक धार्मिक प्रवृत्ति का हाथी रहता था।
437	hindi_panchtan	वह रोज मंदिर के सामने पूजा किया करता था। वह सबसे प्यार करता था।
438	hindi_panchtan	हाथी के इसी स्वभाव के कारण सभी लोग उसे बहुत प्यार करते थे।
439	hindi_panchtan	मंदिर तक पहुँचने के लिए उसे बाज़ार के रास्ते से गुज़रना पड़ता था।
440	hindi_panchtan	बाजार में फूल वाला उसे रोज गेंदे के फूल की माला देता था। और फल वाला उसे फल देता था।
441	hindi_panchtan	हाथी उनका आभार प्रकट करके आगे बढ़ जाता था। एक दिन फूल वाले के मन में हाथी से मज़ाक करने की सूझी।
442	hindi_panchtan	अगले दिन जब हाथी फूल वाले की दुकान पर पहुंचा तो उसने माला देने की बजाय हाथी की सूंड में सुई चुभा दी।
443	hindi_panchtan	हाथी को बहुत दर्द हुआ और उसे बहुत गुस्सा भी आया।
444	hindi_panchtan	अगले दिन हाथी मंदिर जाने की बजाए गंदे तालाब के पास पहुंचा और अपनी सूंड में गंदा पानी भरकर फूल वाले के पास पहुंचा।
445	hindi_panchtan	उसने फूल वाले पर और सभी फूलों पर गंदा पानी डाल दिया। सभी फूल और मालाएं गंदी हो गईं।
446	hindi_panchtan	और फूल वाले का भारी नुकसान हुआ। फूल वाले को अपने मजाक की बड़ी भारी कीमत चुकानी पड़ी।
447	hindi_panchtan	इस कहानी से हमें शिक्षा मिलती है। कि हमें सोच समझ कर मजाक करना चाहिए, अगले वाले को बुरा लग सकता है।
448	hindi_panchtan	धनी मोहन और निर्धन सोहन। एक गाँव में सोहन और मोहन नाम के दो मित्र थे।
449	hindi_panchtan	मोहन एक धनी सुनार था जबकि सोहन निर्धन था।
450	hindi_panchtan	एक बार सोहन ने अपनी बेटी की शादी के लिए मोहन से ₹5000 के कुछ ज़ेवर खरीदे।
451	hindi_panchtan	सोहन ने मोहन से वादा किया कि वह छह महीने में सारे पैसे चुका देगा। लेकिन मोहन की नियत में खोट थी।
452	hindi_panchtan	इसलिए वह कुछ दिनों बाद ही सोहन से पैसे मांगने लगा।
453	hindi_panchtan	और कहने लगा कि यदि उसके पास पैसे नहीं हैं तो वह न्यायालय में दस्तावेज़ों पर दस्तखत कर अपना घर, ज़मीन और जायदाद गिरवी रख दे।
454	hindi_panchtan	सोहन मोहन से विनती करने लगा और कहने लगा कि उसने तो छह महीने का वक्त दिया था तो अब इतनी जल्दी क्यों कर रहा है?
455	hindi_panchtan	लेकिन मोहन नहीं माना और न्यायालय चलने को कहने लगा।
456	hindi_panchtan	सोहन मोहन से बोला कि उसके पास न्यायालय चलने के लिए ना ही घोड़ा है ना ही कपड़े और ना ही जूते।
457	hindi_panchtan	मोहन ने सोहन को अपने कपड़े, जूते और घोड़ा दे दिया।
458	hindi_panchtan	न्यायालय में सोहन न्यायाधीश से बोला कि वह मोहन से कुछ पूछना चाहता है।
459	hindi_panchtan	न्यायाधीश के आदेश पर उसने मोहन से पूछा कि जो कपड़े उसने पहने हैं, जो जूते उसने पहने हैं, वो किसके हैं?
460	hindi_panchtan	फिर सोहन ने पूछा कि घोड़ा किसका है? तो मोहन चिल्लाते हुए बोला, मेरा है और किसका है?
461	hindi_panchtan	सोहन न्यायाधीश से बोला कि अब आप समझ सकते हैं कि मोहन की मानसिक स्थिति कैसी है।
462	hindi_panchtan	वह मेरी सभी चीज़ों को अपना समझता है। न्यायाधीश हंसने लगे और मामले को वहीं रफा दफा कर दिया।
463	hindi_panchtan	इस तरह सोहन ने लालची मोहन को अच्छा सबक सिखाया। इस कहानी से हमें यह शिक्षा मिलती है। कि लालच बुरी बला है।
464	hindi_panchtan	समझदारी और सूझबूझ से लाल जी को अच्छा सबक सिखाया जा सकता है।
465	hindi_panchtan	एक गाँव में एक गड़रिया रोज़ अपनी भेड़ों को चराने के लिए जाता था।
466	hindi_panchtan	एक बार उसकी पत्नी बीमार हो गई और वह उसके लिए दवा लेने शहर गया।
467	hindi_panchtan	उसने जाने से पहले अपने बेटे रामू को भेड़ों का ध्यान रखने और उन्हें चराने के लिए कहा।
468	hindi_panchtan	अगले दिन रामू भेड़ों को चराने लेकर गया। उसने गाँव वालों को चकमा देने के लिए एक योजना बनाई। वह जोर से चिल्लाया।
469	hindi_panchtan	भेड़िया आया, भेड़िया आया। उसकी आवाज़ सुनकर कई गाँव वाले उसे बचाने आए। उन्हें देख रामू हंसने लगा। गांव वाले चुपचाप लौट गए।
470	hindi_panchtan	अगले दिन फिर रामू ने ऐसा ही किया। फिर गांव वाले उसे बचाने आए और फिर लौट गए।
471	hindi_panchtan	तीनrd दिन वास्तव में एक भेड़िया आ गया और भेड़ को खाने लगा। रामू जोर-जोर से चिल्लाने लगा।
472	hindi_panchtan	भेड़िया आया मुझे और मेरे भेड़ों को बचाओ। इस बार गाँव वाले रामू की बात सुनकर नहीं आए।
473	hindi_panchtan	उन्हें लगा कि इस बार भी वह झूठ बोल रहा है।
474	hindi_panchtan	रामू किसी तरह अपनी जान बचाकर भाग आया लेकिन भेड़ों को नहीं बचा पाया। रामू रोता हुआ घर लौट आया।
475	hindi_panchtan	इस कहानी से हमें यह शिक्षा मिलती है कि झूठ बोलने वाले पर कोई भी विश्वास नहीं करता। खरगोश और हाथी।
476	hindi_panchtan	जंगल के बीच में तालाब था जहाँ सभी हाथी पानी पीने के लिए जाया करते थे।
477	hindi_panchtan	लेकिन एक बार काफ़ी दिनों तक वर्षा नहीं हुई और तालाब सूख गया।
478	hindi_panchtan	सभी हाथी दूसरे जंगल में पहुंचे और वहां चंद्रसार नाम के तालाब में पानी पीने लगे। इस तालाब में खूब सारा पानी था।
479	hindi_panchtan	सभी हाथी तालाब में नहाते और खूब मस्ती करते थे। उसी तालाब के आसपास बिल में खरगोश रहते थे।
480	hindi_panchtan	लेकिन हाथियों के उस रास्ते से गुज़रने के कारण कई खरगोश मारे जा चुके थे। सभी खरगोश बहुत दुखी थे।
481	hindi_panchtan	फिर एक दिन सबने मिलकर इस समस्या का हल निकालने की कोशिश की।
482	hindi_panchtan	लंबरनका नाम का खरगोश बोला कि सभी धीरज रखें वह इस समस्या को सुलझा देगा।
483	hindi_panchtan	अगले दिन लंबरनका हाथियों के रास्ते में पड़ने वाले पर्वत पर बैठ जाता है।
484	hindi_panchtan	और जब हाथी वहां आते हैं तो वह हाथियों के राजा से कहता है। मैं खरगोशों का राजा हूं।
485	hindi_panchtan	और स्वर्ग में चंद्र देवता के साथ रहता हूँ। और चंद्र देवता सभी हाथियों से बहुत नाराज़ हैं।
486	hindi_panchtan	अगर तुम्हें उनसे मिलना है तो रात में तालाब पर आना। सभी हाथी रात में तालाब के पास पहुँचते हैं।
487	hindi_panchtan	और उन्हें तालाब में चंद्रमा की परछाई दिखाई देती है। फिर हवा चलने लगती है और परछाई गायब हो जाती है।
488	hindi_panchtan	हाथियों को लगता है कि वाकई चंद्र देवता उनसे नाराज़ हैं। और सभी हाथी हमेशा हमेशा के लिए उस तालाब को छोड़ देते हैं।
489	hindi_panchtan	इस कहानी से हमें यह शिक्षा मिलती है कि चतुराई और अक्लमंदी से हर समस्या का समाधान निकाला जा सकता है। घूमता हुआ पहिया।
490	hindi_panchtan	एक गाँव में चार मित्र थे। उन्होंने एक बार शहर जाकर धन कमाने की सोची। चारों शहर की ओर निकल पड़े।
491	hindi_panchtan	चलते चलते वे एक मंदिर के पास पहुंचे। भैरवानंद नाम के साधु से हुई।
492	hindi_panchtan	उन्होंने साधु को बताया कि वे धन कमाने जा रहे हैं।
493	hindi_panchtan	भैरवानंद ने चारों को रुई की एक एक बाती दी और कहा कि वे इस बाती को लेकर हिमालय की ओर चलते रहें।
494	hindi_panchtan	जिसकी भी बाती जहां गिरेगी। वहीं उसे ज़मीन में दबा हुआ खज़ाना मिलेगा।
495	hindi_panchtan	थोड़ी दूर चलने के बाद पहले मित्र की बाती गिर जाती है। और उसे ज़मीन के अंदर से तांबा मिलता है।
496	hindi_panchtan	वह कहता है कि इसे चारों में बाँट लेते हैं और घर चलते हैं।
497	hindi_panchtan	थोड़ी देर बाद दूसरे मित्र की बाती गिरती है और उसे चांदी मिलती है। वह भी घर लौट जाता है।
498	hindi_panchtan	अब दोनों मित्र चलते जाते हैं और फिर तीसरे मित्र की बाती गिरती है। और उसे सोना मिलता है।
499	hindi_panchtan	लेकिन चारth मित्र कहता है कि वह और आगे जाएगा। चारth मित्र यह सोचकर कि उसे हीरे मिलेंगे अकेले ही आगे बढ़ जाता है।
500	hindi_panchtan	चलते चलते वह रास्ता भटक जाता है और उसे एक आदमी दिखाई देता है।
501	hindi_panchtan	उस आदमी के सिर पर एक पहिया घूम रहा होता है और उसका पूरा शरीर। खून से लथपथ होता है।
502	hindi_panchtan	चारth मित्र जैसे ही उस आदमी से पूछता है कि यह कैसा पहिया है।
503	hindi_panchtan	तभी वह पहिया उस चारth मित्र के सिर पर घूमने लगता है और उसे बहुत दर्द होने लगता है।
504	hindi_panchtan	वह आदमी चारth मित्र से कहता है। कि अब तुम्हें इसी तरह दर्द में रहना पड़ेगा। ना तुम्हें भूख लगेगी और ना ही प्यास।
505	hindi_panchtan	ना ही नींद आएगी। चारth मित्र उससे पूछता है कि वह इस घूमते हुए पहिए से कैसे छुटकारा पा सकता है?
506	hindi_panchtan	आदमी कहता है कि जब तक कोई जादुई बाती लेकर तुमसे सवाल नहीं करेगा। तब तक तुम्हें इसी प्रकार दर्द में रहना पड़ेगा।
507	hindi_panchtan	काफ़ी देर तक इंतज़ार करने के बाद भी जब चौथा मित्र नहीं लौटता तो तीसरा मित्र उसे ढूँढ़ते हुए उसके पास पहुँचता है।
508	hindi_panchtan	उसकी हालत देखकर तीसरा मित्र उससे पूछता है। कि यह सब कैसे हो गया?
509	hindi_panchtan	चारth मित्र रोते हुए कहता है कि यह सब उसके ज़्यादा लालच करने के कारण हुआ।
510	hindi_panchtan	ना ही वह hero के लालच में यहाँ आता और ना ही उसका यह हाल होता।
511	hindi_panchtan	तीनrd मित्र चाहकर भी उसकी मदद नहीं कर पाता और दुखी होकर लौट जाता है। इस कहानी से हमें यह शिक्षा मिलती है।
512	hindi_panchtan	कि लालच करने की बजाय जो भी पास में हो उसी में संतुष्ट रहना चाहिए। बंदर और लाल बेर।
513	hindi_panchtan	बहुत समय पहले पर्वतीय इलाके में बंदरों का एक दल रहता था। ठंड का मौसम आया और सभी ठंड से काँपने लगे।
514	hindi_panchtan	उनके पास रहने का कोई ठिकाना नहीं था।
515	hindi_panchtan	एक बंदर ने कहा हमें पास के गाँव में चलना चाहिए वहाँ घर है हम वहाँ आराम से रह सकते हैं।
516	hindi_panchtan	सभी उसकी बात मानकर गाँव में पहुँचते हैं। लेकिन गाँव के लोग उन्हें पत्थर मार मार के भगा देते हैं।
517	hindi_panchtan	फिर एक बंदर कहता है कि हमें आग लगाकर उसके पास बैठ जाना चाहिए।
518	hindi_panchtan	फिर वह बंदर लाल बेर लेकर आता है और उसे कोयला समझ उसके ऊपर लकड़ियां रखकर आग लगाने की कोशिश करता है।
519	hindi_panchtan	उसी पेड़ पर कुछ चिड़िया भी होती हैं। एक चिड़िया कहती है, अरे मूर्खों, फल से आग लगा रहे हो!
520	hindi_panchtan	ऐसे थोड़े ही आग लगेगी। मेरी मानो और गुफा में जाकर आश्रय लो। बंदर पक्षियों की बात सुनकर। आग बबूला हो जाते हैं।
521	hindi_panchtan	और एक बड़ा सा बंदर उस पक्षी की गर्दन पकड़कर उसे मोड़कर मार देता है।
522	hindi_panchtan	इस कहानी से हमें यह शिक्षा मिलती है कि मूर्खों को सलाह देने से कोई फायदा नहीं होता बल्कि स्वयं का ही नुकसान होता है।
523	hindi_panchtan	बूढ़ा ज्ञानी कौआ। गांव की सीमा पर एक बड़ा सा बरगद का पेड़ था। इसी पेड़ के पास एक पर्वत में गुफा थी।
524	hindi_panchtan	उल्लुओं का राजा अपने सैनिकों के साथ मिलकर अक्सर रात में कौवों पर हमला करता था। इसी कारण कई कौवे मारे जा चुके थे।
525	hindi_panchtan	स्थिति इतनी खराब हो गई कि कौवों के राजा ने सभी कौवों को बुलाकर एक सभा की।
526	hindi_panchtan	और उल्लुओं को सबक सिखाने की एक योजना बनाई।
527	hindi_panchtan	अगले दिन कौवों के राजा और सैनिकों ने एक बूढ़े कौवे को खूब मारा पीटा और उसे अधमरी हालत में छोड़ने का झूठा नाटक किया।
528	hindi_panchtan	उस बूढ़े कौवे को उल्लुओं का एक सैनिक अपनी गुफा में ले आया और राजा से बोला कि इस बूढ़े कौवे ने हमारे पक्ष में बात रखते हुए कहा था कि हम उल्लू ही पक्षियों के राजा बनने योग्य पक्षी हैं।
529	hindi_panchtan	इसलिए इसकी यह हालत हुई है।
530	hindi_panchtan	उल्लुओं के राजा ने यह सोचकर कि यह बूढ़ा कौवा कौवों के साम्राज्य को नष्ट करने में मदद करेगा। उसे अपने साथ रख लिया।
531	hindi_panchtan	दिन के समय जब उल्लुओं को सूरज की रोशनी में कुछ दिखाई नहीं देता।
532	hindi_panchtan	तब बूढ़े कौवे ने गुफा के द्वार पर लकड़ियां रखकर उसमें आग लगा दी।
533	hindi_panchtan	आग की लपटें इतनी तेज हो गईं कि सारे उल्लू जलकर राख हो गए और उल्लुओं का साम्राज्य नष्ट हो गया।
534	hindi_panchtan	इस कहानी से हमें यह शिक्षा मिलती है।
535	hindi_panchtan	कि दुश्मन पर कभी भी विश्वास नहीं करना चाहिए और ना ही उन्हें अपने घर में रहने देना चाहिए। शेर और लकड़हारा।
536	hindi_panchtan	एक घने जंगल में शेर अपने दो मित्र कौवा और सियार के साथ रहता था।
537	hindi_panchtan	शेर शिकार करता था और अपना पेट भरने के बाद बचा हुआ भोजन अपने मित्रों को देता था।
538	hindi_panchtan	इसलिए कौवा और स्यार शेर पर ही अपने भोजन के लिए निर्भर रहते थे।
539	hindi_panchtan	उसी जंगल के पास गाँव में एक लकड़हारा अपनी पत्नी के साथ रहता था।
540	hindi_panchtan	एक दिन लकड़हारा अपनी पत्नी के साथ जंगल में आया और दोनों ने खूब सारी लकड़ियां ले ली और वे अपने घर चले गए।
541	hindi_panchtan	लकड़हारे की पत्नी ने खाना पकाया और वे घर के बाहर बैठकर खाने लगे।
542	hindi_panchtan	शेर को खाने की महक आई और वह उनके पास पहुंचा। लकड़हारे और उसकी पत्नी ने शेर से डरने की बजाय उसे खाना परोसा।
543	hindi_panchtan	शेर ने पहली बार पका हुआ भोजन खाया था। उसे बहुत ही स्वादिष्ट लगा।
544	hindi_panchtan	दोनों पति-पत्नी ने शेर को कहा कि वह बेझिझक कभी भी आकर खाना खा सकता है।
545	hindi_panchtan	इस प्रकार शेर रोज़ उनके साथ ही खाना खाने लगा और उसने आलस में आकर शिकार करना भी छोड़ दिया।
546	hindi_panchtan	अब तो कौवे और सियार को चिंता होने लगी कि आखिर शेर शिकार क्यों नहीं कर रहा।
547	hindi_panchtan	दोनों शेर का पीछा करते करते लकड़हारे के घर पहुंचे।
548	hindi_panchtan	जैसे ही वे शेर से बात करने के लिए आगे बढ़े, वैसे ही लकड़हारा और उसकी पत्नी कौवा और सियार को देख पास के लंबे से पेड़ पर चढ़ गए।
549	hindi_panchtan	इस कहानी से हमें यह शिक्षा मिलती है कि धूर्त लोगों से हमेशा सावधान रहना चाहिए।
550	hindi_panchtan	एक बढ़ई बड़े से लकड़ी के लट्ठे को काट रहा था।
551	hindi_panchtan	तभी उनके भोजन की घंटी बजी और सभी कारीगर अपने औजार वहीं छोड़कर खाना खाने चले गए।
552	hindi_panchtan	बढ़ई ने लकड़ी के लट्ठे में खूंटा लगा दिया। ताकि दरार बंद ना हो। सभी बंदर वहाँ आ गए और उछल कूद करने लगे।
553	hindi_panchtan	तभी एक बंदर उस लट्ठे पर बैठ गया और उस खूंटे को पकड़कर खींचने लगा।
554	hindi_panchtan	खूंटा बाहर निकल आया लेकिन बंदर की पूंछ उसमें दब गई।
555	hindi_panchtan	बंदर दर्द के मारे लट्ठे पर से उछल तो आया लेकिन उसकी पूंछ हमेशा के लिए कट गई।
556	hindi_panchtan	इस कहानी से हमें यह शिक्षा मिलती है कि कुछ भी करने से पहले अच्छी तरह विचार करना चाहिए। बंदर और मगरमच्छ।
557	hindi_panchtan	गंगा नदी में एक बड़ा सा मगरमच्छ रहता था। नदी किनारे एक बड़ा सा जामुन का पेड़ था।
558	hindi_panchtan	उस पेड़ पर उसका बंदर मित्र रहता था जिसका नाम रक्तमुखा था। वह मगरमच्छ को रोज जामुन देता था।
559	hindi_panchtan	एक दिन बंदर ने उसे बहुत सारे जामुन देकर कहा कि इसे वह अपनी पत्नी को दे दे। जब मगरमच्छ की पत्नी ने वह स्वादिष्ट जामुन खाए, तो वह मगरमच्छ से बोली,
560	hindi_panchtan	बंदर तो रोज इतने मीठे जामुन खाता है।
561	hindi_panchtan	जरा सोचो उसका हृदय कितना स्वादिष्ट होगा। मुझे तो बंदर का हृदय चाहिए। यह कहकर वह रोने लगी।
562	hindi_panchtan	अगले दिन मगरमच्छ ने बंदर को भोजन के लिए आमंत्रित किया और उसे अपनी पीठ पर बिठाकर नदी में ले जाने लगा।
563	hindi_panchtan	यह सुनकर बंदर डर गया। लेकिन उसने अपनी सूझबूझ से एक उपाय सोचा।
564	hindi_panchtan	अरे तुमने मुझे पहले क्यों नहीं बताया मैं अपना हृदय तो पेड़ पर ही छोड़ आया हूं।
565	hindi_panchtan	तुम मुझे वापस ले चलो, मैं अपना हृदय लेकर आता हूँ। मगरमच्छ उसे वापस पेड़ के पास ले आया।
566	hindi_panchtan	और वहीं उसका इंतज़ार करने लगा। अरे मूर्ख अपना हृदय भी भला कोई अपने आप से अलग कर सकता है।
567	hindi_panchtan	तुमने मेरे साथ धोखा किया है। मगरमच्छ सिर झुकाए अपने घर लौट जाता है।
568	hindi_panchtan	इस कहानी से हमें यह शिक्षा मिलती है कि सूझबूझ और अक्लमंदी से हर परेशानी को हल किया जा सकता है।
569	hindi_panchtan	ईश्वर की अनुकंपा से उनके यहां बच्चा पैदा हुआ। उनके घर में एक पालतू जानवर भी था नेवला।
570	hindi_panchtan	एक दिन कुछ लोग आए और ब्राह्मण को अपने घर पूजा करवाने के लिए चलने को कहने लगे।
571	hindi_panchtan	उस वक्त ब्राह्मण की पत्नी भी घर पर नहीं थी। ब्राह्मण बच्चे को अकेला छोड़कर जाना नहीं चाहता था।
572	hindi_panchtan	लेकिन उसने सोचा कि नेवला है ना वह बच्चे का ध्यान रखेगा। यह सोचकर ब्राह्मण चला गया।
573	hindi_panchtan	नेवला बच्चे के पालने के पास बैठ गया। तभी उसने देखा कि एक बड़ा सा काला सांप बच्चे के पास आ रहा है।
574	hindi_panchtan	नेवले ने उस सांप से लड़ाई की और उसे वहीं मार दिया।
575	hindi_panchtan	थोड़ी देर बाद जब ब्राह्मण की पत्नी घर आई तो उसने नेवले के मुंह और पंजों में खून लगा हुआ देखा।
576	hindi_panchtan	उसने सोचा कि नेवले ने उसके बच्चे को मार दिया है। उसने आव देखा ना ताव और घड़े से नेवले को मार दिया।
577	hindi_panchtan	जब अंदर उसने बच्चे को आराम से सोता हुआ और काला सांप मरा हुआ देखा।
578	hindi_panchtan	तो वह समझ गई कि उससे आज बहुत बड़ा पाप हो गया है।
579	hindi_panchtan	वह जोर-जोर से रोने लगी और पछताने लगी कि उसने वफादार नेवले को मार दिया है।
580	hindi_panchtan	इस कहानी से हमें यह शिक्षा मिलती है कि संवेदनशील मामलों में जल्दबाज़ी में निर्णय नहीं लेना चाहिए। चूहा और लोहे का तराजू।
581	hindi_panchtan	एक गाँव में धनी व्यापारी रहता था जिसका नाम जीवर्ण धना था।
582	hindi_panchtan	गाँव के पास ही नदी थी जिसमें बाढ़ आने के कारण पूरा गाँव तबाह हो गया।
583	hindi_panchtan	जीवर्ण धना ने सोचा कि अब दूसरे शहर जाकर धन कमाना चाहिए। उसके पास पूर्वजों का लोहे का तराजू था।
584	hindi_panchtan	इसलिए वह तराजू उसने अपने मित्र जनक के यहाँ रख दिया और कहा कि वह जब शहर से लौटेगा तब तराजू ले लेगा।
585	hindi_panchtan	कुछ सालों बाद जीवन धना खूब सारा धन कमाकर अपने गांव लौटा और जनक से तराजू मांगा।
586	hindi_panchtan	जनक दुखी होकर बोला कि उसके घर में बहुत सारे चूहे हैं। इसलिए चूहों ने उसका तराजू खा लिया है।
587	hindi_panchtan	जीवर्ण धना को यह बात अजीब सी लगी। लेकिन उसने जनक से कुछ नहीं कहा। फिर जीवन धना जनक से बोला,।
588	hindi_panchtan	मैं मंदिर जा रहा हूँ प्रसाद चढ़ाने। और तुम अपने बेटे को मेरे साथ भेज दो।
589	hindi_panchtan	मैं उसके हाथों तुम्हारे लिए भी प्रसाद भिजवा दूँगा। साथ ही वह मेरे चप्पलों का भी ध्यान रखेगा।
590	hindi_panchtan	जनक अपने बेटे को भेज देता है, लेकिन काफी देर हो जाने के बाद भी वह जब नहीं लौटता, तो वह चिंतित होकर जीवन धना के घर पहुंचता है।
591	hindi_panchtan	जीवर्ण धना दुखी होकर कहता है कि उसके बेटे को मंदिर के बाहर से गिद्ध उठाकर ले गया है।
592	hindi_panchtan	यह सुनकर जनक उससे झगड़ने लगता है। और मामला न्यायालय तक पहुँच जाता है। जीवन धना न्यायाधीश से कहता है,।
593	hindi_panchtan	तो गिद्ध भी इसके लड़के को उठा सकता है। न्यायाधीश जनक को सच बताने को कहते हैं और उसे डराते हैं।
594	hindi_panchtan	कि सच नहीं कहा तो वह जेल जाएगा। जनक डर जाता है और सारी सच्चाई बताकर जीवन धना का तराजू लौटा देता है।
595	hindi_panchtan	और अपना बेटा ले लेता है। इस कहानी से हमें यह शिक्षा मिलती है कि अपने मित्र को कभी भी धोखा नहीं देना चाहिए।
596	hindi_panchtan	शेर और खरगोश। एक घने से जंगल में भसुरका नाम का एक निर्दयी शेर रहता था। वह सभी जानवरों को मारता रहता था।
597	hindi_panchtan	सभी जानवरों ने मिलकर एक गोष्ठी की और शेर को वहां बुलाया। आप जंगल के राजा हैं।
598	hindi_panchtan	और हम यह समझते हैं कि आपको भोजन के लिए हमें मारना पड़ता है। लेकिन आप जो भी सामने आए उसे मार देते हैं।
599	hindi_panchtan	हम चाहते हैं कि आप अपनी गुफा में ही रहें और हम में से एक जानवर रोज़ आपके पास आ जाए।
600	hindi_panchtan	आप उसे मारकर अपनी भूख शांत कर सकते हैं। शेर सभी जानवरों की यह बात मान लेता है।
601	hindi_panchtan	इस तरह एक-एक जानवर रोज शेर के पास जाता है। एक बार एक खरगोश की बारी आती है।
602	hindi_panchtan	वह जानबूझकर शेर के पास बहुत देरी से पहुँचता है। शेर को बहुत गुस्सा आता है।
603	hindi_panchtan	और वह दहाड़ते हुए उससे देरी का कारण पूछता है। खरगोश कहता है कि उसे रास्ते में एक और शेर मिला।
604	hindi_panchtan	और वह स्वयं को जंगल का राजा बता रहा था। शेर यह सुनकर आग बबूला हो जाता है।
605	hindi_panchtan	खरगोश शेर को एक गहरे कुएं के पास ले जाता है और कहता है,। आप इस कुएं में देखिए, यहीं शेर है।
606	hindi_panchtan	जब शेर कुएं में झांकता है, तो उसे वहां अपनी परछाई दिखाई देती है।
607	hindi_panchtan	वह अपनी परछाई को दूसरा शेर समझकर जोर से दहाड़ता है। उसे बहुत गुस्सा आता है।
608	hindi_panchtan	और वह दूसरे शेर पर झपटने के लिए कुएँ में गिर जाता है।
609	hindi_panchtan	जंगल के सभी जानवर खरगोश की बुद्धि की प्रशंसा करते हैं और खुशी खुशी रहने लगते हैं।
610	hindi_panchtan	इस कहानी से हमें यह शिक्षा मिलती है कि शारीरिक बल की अपेक्षा बुद्धि का बल श्रेष्ठ होता है।
611	hindi_panchtan	ऊँट के गले में बंधी घंटी। एक गाँव में उज्जवलका नाम का व्यक्ति रहता था। वह छकड़ा गाड़ी बनाने का धंधा किया करता था।
612	hindi_panchtan	लेकिन उसका धंधा ठीक नहीं चल रहा था। वह अपनी पत्नी को लेकर दूसरा काम ढूंढने शहर निकल जाता है।
613	hindi_panchtan	रास्ते में एक जंगल पड़ता है। वहाँ एक गर्भवती ऊँठनी दर्द से कराह रही होती है।
614	hindi_panchtan	उज्जवलका की पत्नी उस ऊँटनी के पास जाकर उसकी देखभाल करती है। उस ऊँठनी को बच्चा हो जाता है।
615	hindi_panchtan	उज्जवल का उस ऊँठनी और उसके बच्चे को लेकर अपने घर आ जाता है।
616	hindi_panchtan	वह ऊँटनी के दूध को बेचकर काफ़ी धनी हो जाता है और कई और ऊँटनी ख़रीद लेता है।
617	hindi_panchtan	वहीं ऊँटनी का बच्चा भी धीरे धीरे बड़ा होने लगता है। तो वह उस बच्चे के गले में एक घंटी बांध देता है।
618	hindi_panchtan	ताकि वह कहीं भी जाए तो घंटी बजने से उसका पता चल जाए। सभी ऊँटनी एक साथ मिलकर चरने के लिए जाया करती थी।
619	hindi_panchtan	ऊँटनी का बच्चा हमेशा झुंड के पीछे चला करता था। सभी ने उसे कई बार समझाया कि वह आगे चले।
620	hindi_panchtan	लेकिन वह किसी की नहीं सुनता था। बच्चा भी साथ चला और अपनी आदत के अनुसार इस बार भी वह पीछे ही था।
621	hindi_panchtan	वहीं थोड़ी दूर पर एक शेर था। उसे घंटी के बजने की आवाज़ सुनाई दी।
622	hindi_panchtan	शेर आवाज़ का पीछा करता करता उस बच्चे तक पहुँच गया। उसने देखा कि बच्चा तो सबसे पीछे है।
623	hindi_panchtan	शेर ने सही मौका देखकर ऊँटनी के बच्चे को दबोच लिया और उसे मारकर खा लिया। धर्म बुद्धि और पाप बुद्धि।
624	hindi_panchtan	एक गांव में धर्म बुद्धि और पाप बुद्धि नाम के दो मित्र रहते थे।
625	hindi_panchtan	शहर में वे काफ़ी सारा धन कमाते हैं और उसे लेकर वापस गाँव लौट जाते हैं।
626	hindi_panchtan	रास्ते में पाप बुद्धि कहता है कि हमें सारा धन गांव नहीं ले जाना चाहिए, वरना हमारे रिश्तेदार इसमें से हिस्सा मांगेंगे।
627	hindi_panchtan	धर्म बुद्धि पाप बुद्धि की बात से सहमत हो जाता है। दोनों मिलकर पेड़ के नीचे गड्ढा खोदकर उसमें अपना धन छुपा देते हैं।
628	hindi_panchtan	पाप बुद्धि रात में अकेले आता है और सारा धन चुरा लेता है।
629	hindi_panchtan	कुछ दिनों बाद वह धर्म बुद्धि से मिलता है और कहता है कि उसे कुछ धन की आवश्यकता है।
630	hindi_panchtan	दोनों उस गड्ढे के पास पहुंचते हैं। पाप बुद्धि उस खाली गड्ढे को देखकर धर्म बुद्धि पर चोरी का इल्जाम लगा देता है।
631	hindi_panchtan	दोनों न्यायाधीश के पास पहुंचते हैं।
632	hindi_panchtan	पाप बुद्धि न्यायाधीश को सारी बात बताकर कहता है कि हमें गड्ढे के पास वाले पेड़ की गवाही लेनी चाहिए क्योंकि जो भी हुआ वह उसी ने देखा है।
633	hindi_panchtan	न्यायाधीश उसकी बात मान लेते हैं और दो दिन बाद की तारीख़ देते हैं।
634	hindi_panchtan	इसी दौरान पाप बुद्धि अपने पिता को उस खोखले पेड़ के अंदर छिपाने की योजना बनाता है।
635	hindi_panchtan	दो दिन बाद जब सभी पेड़ के पास पहुंचते हैं, तो पेड़ के अंदर छिपे पाप बुद्धि के पिता धर्म बुद्धि को दोषी ठहराते हैं।
636	hindi_panchtan	तभी धर्म बुद्धि पेड़ के नीचे घास फूस डालकर उसमें आग लगा देता है।
637	hindi_panchtan	पाप बुद्धि का पिता जोर से चिल्लाता हुआ बाहर निकल आता है।
638	hindi_panchtan	न्यायाधीश सब कुछ समझ जाते हैं और पाप बुद्धि को कठोर सजा सुनाते हैं।
639	hindi_panchtan	इस कहानी से हमें यह शिक्षा मिलती है कि दुष्ट मित्रों से हमेशा दूरी रखनी चाहिए।
640	hindi_panchtan	एक घने जंगल में महाचतुर्का नाम का सियार रहता था।
641	hindi_panchtan	एक बार वह भोजन की तलाश में घूमते घूमते एक मरे हुए हाथी के पास पहुँचा।
642	hindi_panchtan	लेकिन उसके दांत इतने मजबूत नहीं थे कि वह हाथी का मांस चीरकर खा सके। तभी वहाँ एक शेर आता है।
643	hindi_panchtan	सियार उससे कहता है कि हाथी को खा लीजिए मैं आपके लिए ही इसकी सुरक्षा कर रहा था।
644	hindi_panchtan	लेकिन शेर कहता है कि वह बासी मांस नहीं खाता। शियार खुश हो जाता है तभी वहाँ एक बाघ आता है।
645	hindi_panchtan	सियार बाघ से कहता है कि किसी ने इस हाथी को जहरीले तीर से मारा है। बाघ डर जाता है और चला जाता है।
646	hindi_panchtan	तभी वहाँ कुछ बाज़ आते हैं।
647	hindi_panchtan	सियार कहता है कि उसने इस हाथी का शिकार किया है और इसकी चमड़ी को दो शिकारियों को बेचा है।
648	hindi_panchtan	यदि शिकारियों ने तुम्हें देख लिया तो वह तुम्हारा शिकार कर देंगे। बाज़ भी डर कर उड़ जाते हैं।
649	hindi_panchtan	अंत में वहाँ एक तेंदुआ आता है। सियार तेंदुए से कहता है आप इस हाथी का मांस खा सकते हैं।
650	hindi_panchtan	इसका शिकार एक शेर ने किया है वह अपने परिवार को लाने गया है।
651	hindi_panchtan	जब तक शेर नहीं आता आप इसे खा लीजिए जैसे ही वह आएगा मैं आपको बता दूँगा।
652	hindi_panchtan	तेंदुआ हाथी की चमड़ी फाड़कर जैसे ही मांस खाने लगता है तभी सियार जोर से चिल्लाता है शेर आया शेर आया।
653	hindi_panchtan	तेंदुआ डर के मारे तेज़ी से भाग जाता है। चालाक सियार अब आराम से कई दिनों तक हाथी का मांस खाता है।
654	hindi_panchtan	मतलबी दोस्तों से दूरी ही अच्छी। एक जंगल में मड़ोदका नाम का शेर रहता था। उसके तीन मित्र थे गीदड़ कौवा और भेड़िया।
655	hindi_panchtan	वे तीनों ही स्वार्थी थे। वे शेर के साथ इसलिए रहते थे क्योंकि उन्हें आसानी से खाना मिल जाता था।
656	hindi_panchtan	एक बार उस जंगल में भटकता हुआ एक ऊंट आ गया।
657	hindi_panchtan	गीदड़ कौआ और भेड़िया सोचने लगे कि इसकी जानकारी शेर को देनी चाहिए ताकि शेर उसका शिकार कर ले और सबको उसका मांस मिल जाए।
658	hindi_panchtan	जब उन्होंने शेर को ऊंट के बारे में बताया तो शेर ने कहा। हम उसे मार नहीं सकते वह हमारा अतिथि है।
659	hindi_panchtan	तुम सब उससे मित्रता कर लो। इस प्रकार गीदड़ कौवा और भेड़िया ऊंट के मित्र बनने का नाटक करने लगे।
660	hindi_panchtan	एक बार शेर की लड़ाई हाथी से हुई।
661	hindi_panchtan	उस लड़ाई के बाद शेर काफ़ी कमजोर पड़ गया और वह शिकार करने के योग्य नहीं रहा।
662	hindi_panchtan	कई दिन बीत गए और खाने को कुछ नहीं बचा। गीदड़ कौआ और भेड़िया ने ऊँट को मरवाने की एक योजना बनाई।
663	hindi_panchtan	शेर की दयनीय हालत देखकर कौवा बोला। गीदड़ बोला अरे तुम्हारा शरीर तो कितना छोटा है। इससे शेर का पेट थोड़े ही भरेगा।
664	hindi_panchtan	फिर गीदड़ और भेड़िया दोनों कहने लगे कि शेर उन्हें खा ले। कौआ बोला, तुम्हारा शरीर भी छोटा है। इससे सबका पेट नहीं भरेगा।
665	hindi_panchtan	ऊँट को लगा कि उसे भी अब अपने आप को समर्पित करना चाहिए।
666	hindi_panchtan	जैसे ही ऊंट ने कहा कि उसे खा लिया जाए वैसे ही तीनों मित्र उस पर झपट पड़े।
667	hindi_panchtan	शेर को लगा कि यह तो ऊँट की ही इच्छा थी इसलिए वह कुछ नहीं बोला।
668	hindi_panchtan	सब ने मिलकर ऊँट के कई टुकड़े कर दिए और कई दिनों तक भोजन करते रहे।
669	hindi_panchtan	इस कहानी से हमें यह शिक्षा मिलती है कि उन लोगों से हमेशा सावधान रहें जो आपको नुकसान पहुँचाने के लिए मीठी मीठी बातें करके आपके मित्र बनने का दिखावा करते हैं।
670	hindi_panchtan	एक गाँव में एक गरीब ब्राह्मण रहता था। वह आस पास के गाँवों में जाकर पूजा पाठ और हवन कराया करता था।
671	hindi_panchtan	एक बार उसके घर एक ब्राह्मण आया और कहने लगा। मैं यहां किसी पूजा के लिए आया हूं।
672	hindi_panchtan	क्या मैं कुछ दिनों तक आपके घर में रह सकता हूँ।
673	hindi_panchtan	ब्राह्मण उसका तहे दिल से स्वागत करते हैं और अपने घर में रहने के लिए कह देते हैं।
674	hindi_panchtan	एक दिन ब्राह्मण अपनी पत्नी से कहता है। इसलिए हमारे अतिथि का विशेष ख्याल रखना। इन्हें अच्छे से भोजन कराना।
675	hindi_panchtan	यह सुनकर उसकी पत्नी गुस्सा हो जाती है और कहती है कि घर में तो कुछ भी नहीं है।
676	hindi_panchtan	मेरे पास ना गहने हैं और ना ही अच्छे कपड़े। ब्राह्मण अपनी पत्नी को समझाते हुए कहता है। हम गरीब हैं तो क्या हुआ?
677	hindi_panchtan	वास्तविक भोजन से ज़्यादा हमारी भावना अधिक मायने रखती है।
678	hindi_panchtan	ब्राह्मण की पत्नी के पास थोड़े से तिल होते हैं वह तिल की मिठाई बनाकर उसे अतिथि ब्राह्मण को खिला देती है।
679	hindi_panchtan	इस कहानी से हमें यह शिक्षा मिलती है कि मेहमान निवाज़ी अच्छे व्यवहार की एक निशानी है।
680	hindi_panchtan	लालची सारस तालाब के पास एक बूढ़ी सारस रहती थी। बूढ़े होने के कारण वह भोजन की व्यवस्था नहीं कर पा रही थी।
681	hindi_panchtan	एक दिन वह भूख के मारे रोने लगती है। तभी एक केकड़ा वहाँ आता है और रोने का कारण पूछता है।
682	hindi_panchtan	सारस कहता है मुझे कल एक भविष्य वक्ता ने बताया कि इस तालाब के सभी जीव की मृत्यु हो जाएगी।
683	hindi_panchtan	यह सुनकर तालाब के सभी जीव चिंतित हो जाते हैं।
684	hindi_panchtan	तभी सारस कहता है कि वह सभी को एक एक करके अपनी पीठ पर बिठाकर दूसरे तालाब में छोड़ देगा।
685	hindi_panchtan	इस प्रकार वह रोज़ एक एक मछली अपनी पीठ पर लेकर तालाब जाने की बजाय पास की पहाड़ी पर ले जाता है और उसे मारकर खा लेता है।
686	hindi_panchtan	खूब सारी मछलियाँ खाकर सारस मोटा और तगड़ा हो जाता है।
687	hindi_panchtan	एक दिन उसे केकड़ा मिलता है और उससे कहता है कि वह उसे भी दूसरे तालाब में ले जाए।
688	hindi_panchtan	सारस केकड़े को पीठ पर बिठाकर उड़ने लगता है। केकड़ा उससे पूछता है कि तालाब कितनी दूर है।
689	hindi_panchtan	गुस्से में सारस उसे बता देता है कि वह उसे मारने के लिए ले जा रहा है।
690	hindi_panchtan	केकड़ा अपने पंजों से उसकी गर्दन दबा लेता है और कहता है कि उसे सही सलामत वापस तालाब में पहुँचा दे वरना वह उसकी गर्दन दबोच लेगा।
691	hindi_panchtan	सारस उस केकड़े को तालाब में छोड़ देता है।
692	hindi_panchtan	केकड़ा तालाब के सभी जीवों को सारस की असलियत बता देता है और फिर सभी मिलकर सारस को मार देते हैं।
693	hindi_panchtan	इस कहानी से हमें यह शिक्षा मिलती है कि कभी भी ज़्यादा लालच नहीं करना चाहिए।
694	hindi_panchtan	बहुत समय पहले एक सागर दत्ता नाम का व्यापारी रहता था। एक बार उसका बेटा कविता की एक पुस्तक ले आया।
695	hindi_panchtan	उस पुस्तक की एक पंक्ति जो भाग्य में लिखा है वह मिलकर रहेगा।
696	hindi_panchtan	इस पंक्ति को वह इतनी बार दोहराता है कि सभी उसे इसी नाम से पुकारने लगते हैं।
697	hindi_panchtan	एक दिन चंद्रावती नाम की राजकुमारी मेले में एक राजकुमार को देखती है। और उसे उससे प्यार हो जाता है।
698	hindi_panchtan	राजकुमारी अपनी नौकरानी के माध्यम से राजकुमार को मिलने के लिए बुलाती है।
699	hindi_panchtan	लेकिन जिस दिन उन्हें मिलना होता है उस दिन राजकुमार नहीं आता।
700	hindi_panchtan	वहीं महल के पास व्यापारी का बेटा टहल रहा होता है कि तभी उसकी नज़र राजकुमारी के कमरे से लटकती हुई रस्सी पर पड़ती है।
701	hindi_panchtan	राजकुमारी तो राजकुमार का इंतज़ार कर रही होती है लेकिन उसके कमरे में व्यापारी का बेटा आ जाता है।
702	hindi_panchtan	अंधेरा होने के कारण राजकुमारी उसे राजकुमार समझकर अपने दिल की बातें करने लगती है। लेकिन राजकुमार को काफ़ी देर तक चुप बैठा देख।
703	hindi_panchtan	जब वह उससे प्रश्न करती है तो व्यापारी का बेटा कहता है जो भाग्य में लिखा है वह मिलकर रहेगा।
704	hindi_panchtan	राजकुमारी उसे गुस्से से बाहर निकाल देती है। व्यापारी का बेटा मंदिर पहुँचता है।
705	hindi_panchtan	मंदिर का पुजारी उसे एक कमरे में विश्राम करने को कहता है। लेकिन वह गलती से दूसरे कमरे में चला जाता है।
706	hindi_panchtan	उस कमरे में चौकीदार की बेटी विनयवती अपने प्रेमी का इंतज़ार कर रही होती है।
707	hindi_panchtan	अंधेरे के कारण वह उसे अपना प्रेमी समझ गंधर्व विधि से उससे विवाह कर लेती है।
708	hindi_panchtan	जब वह अपने प्रेमी से बात करने को कहती है तो व्यापारी का बेटा कहता है जो भाग्य में लिखा है वह मिलकर रहेगा।
709	hindi_panchtan	विनयवती उसे धक्के मारकर बाहर निकाल देती है। अब व्यापारी का बेटा थोड़ी दूर पर हो रही शादी में शामिल हो जाता है।
710	hindi_panchtan	दुल्हे का नाम वरा कीर्ति होता है। तभी वहाँ एक पागल हाथी आ जाता है।
711	hindi_panchtan	व्यापारी का बेटा अपनी जान पर खेलकर दुल्हन को बचा लेता है और हाथी को बांध देता है।
712	hindi_panchtan	दुल्हन कोई और नहीं बल्कि चंद्रावती नाम की राजकुमारी ही होती है।
713	hindi_panchtan	वह व्यापारी के बेटे से विवाह कर लेती है और खुशी खुशी रहने लगती है। अतः अंत में वही होता है जो भाग्य में लिखा है। इस कहानी से हमें यह शिक्षा मिलती है कि भाग्य जीवन में एक महत्वपूर्ण भूमिका निभाता है।
714	hindi_panchtan	इस प्रकार दान करते करते एक बार वह निर्धन हो गया।
715	hindi_panchtan	एक दिन रात में सोते सोते उसने सोचा कि वह भूखा रहकर आत्महत्या कर लेगा। उसी रात उसने स्वप्न में जैन सन्यासी को देखा।
716	hindi_panchtan	वह सन्यासी बोले मैं कल तुम्हारे घर आऊंगा। तुम मेरे सिर पर डंडा मारना और मैं तभी सोने का हो जाऊँगा।
717	hindi_panchtan	अगले दिन सुबह एक जैन सन्यासी आता है। उसी दौरान एक नाई भी व्यापारी के पत्नी के पैरों की मालिश करने आता है।
718	hindi_panchtan	व्यापारी जैन सन्यासी को डंडा मारते हैं और तभी वह शरीर सोने का हो जाता है। नाई चुपके से यह सब देख लेता है।
719	hindi_panchtan	अगले दिन वह कुछ साधुओं को अपने घर बुलाता है और यह सोचकर कि डंडा मारने से यह भी सोने के हो जाएंगे सभी को जोर से सिर पर डंडा मार देता है।
720	hindi_panchtan	कुछ साधु मर जाते हैं और कुछ को भयंकर चोट लगती है। जब न्यायालय में नाई से ऐसा करने का कारण पूछा जाता है।
721	hindi_panchtan	तो वह कहता है कि उसने यह सब व्यापारी को देखकर किया है। व्यापारी न्यायाधीश को पूरी बात बता देते हैं।
722	hindi_panchtan	न्यायाधीश नाई को फांसी की सज़ा सुनाते हैं।
723	hindi_panchtan	इस कहानी से हमें यह शिक्षा मिलती है कि बिना विचारे दूसरों की नकल करना खतरनाक हो सकता है।
724	hindi_panchtan	एक छोटे से गाँव में एक ब्राह्मण अपनी पत्नी के साथ रहता था। उनके कोई संतान नहीं थी।
725	hindi_panchtan	काफ़ी मन्नतों के बाद उनके यहाँ एक बच्चा पैदा हुआ। लेकिन वह बच्चा एक साँप था।
726	hindi_panchtan	ब्राह्मण की पत्नी उस साँप को अपना बच्चा ही समझती थी और उसका पालन पोषण करती थी।
727	hindi_panchtan	जब साँप बड़ा हो जाता है तो ब्राह्मण की पत्नी ब्राह्मण से कहती है कि साँप की शादी करवा देनी चाहिए।
728	hindi_panchtan	ब्राह्मण दुखी होकर सोचता है कि साँप को भला कौन अपनी बेटी देगा।
729	hindi_panchtan	लेकिन अपनी पत्नी की ज़िद के कारण वह सबसे विवाह की बात करने लगता है।
730	hindi_panchtan	एक दिन वह अपने पुराने मित्र को यह बात बताता है।
731	hindi_panchtan	उसका मित्र कहता है कि वह अपनी बेटी का विवाह साँप से कर देगा।
732	hindi_panchtan	साँप और लड़की का विवाह हो जाता है और वे खुशी खुशी रहने लगते हैं।
733	hindi_panchtan	तभी एक दिन जब साँप अपनी टोकरी से बाहर निकलता है। तभी वह एक लड़का बन जाता है।
734	hindi_panchtan	उसकी पत्नी उसे मानव के रूप में देख बहुत खुश हो जाती है।
735	hindi_panchtan	इस तरह वह साँप कभी साँप कभी मानव का रूप बदलता रहता है।
736	hindi_panchtan	एक दिन जब साँप मानव के रूप में होता है तो उसके पिता साँप की केंचली को लेकर आग में जला देते हैं।
737	hindi_panchtan	उसका बेटा उसके पास भाग कर आता है। और अपने पिता को अपनी जान बचाने के लिए धन्यवाद कहता है।
738	hindi_panchtan	वह केचुली वास्तव में उसे श्राप स्वरूप मिली थी। इस प्रकार ब्राह्मण का पूरा परिवार खुशी खुशी जीवन व्यतीत करने लगता है।
739	hindi_panchtan	इस कहानी से हमें यह शिक्षा मिलती है कि दुख के बाद सुख अवश्य आता है।
740	hindi_panchtan	राजा के शयन कक्ष में एक सफ़ेद जू रहती थी जिसका नाम मंदरी सर्पनि था।
741	hindi_panchtan	वह चादर के कोने में छुपकर रहती थी और रात में जब राजा सो जाया करते थे तब वह उनका खून चूसती थी।
742	hindi_panchtan	एक दिन रात में राजा के शयन कक्ष में अग्निमुखा नाम का एक खटमल आ जाता है।
743	hindi_panchtan	जूं उससे कहती है यह कक्ष मेरा है।
744	hindi_panchtan	लेकिन खटमल जू से मीठी मीठी बातें करने लगता है और कहता है कि वह तो अतिथि है।
745	hindi_panchtan	उसे बस आज आज यहाँ रहने दिया जाए। जूं उसकी बातों में आकर उसे एक दिन रहने की आज्ञा दे देती है।
746	hindi_panchtan	लेकिन जूं खटमल से कहती है कि वह राजा का खून नहीं चूसे।
747	hindi_panchtan	खटमल कहता है कि उसे बस थोड़ी देर खून चूसने दिया जाए नहीं तो अतिथि भूखा रह जाएगा।
748	hindi_panchtan	जूं कहती है ठीक है लेकिन इस बात का ध्यान रहे कि राजा को तकलीफ़ ना हो।
749	hindi_panchtan	जब रात में राजा सो जाते हैं तो लालची खटमल उनका खून चूसने लगता है।
750	hindi_panchtan	थोड़ी देर बाद राजा को खुजली होने लगती है और वह तुरंत उठकर बैठ जाते हैं।
751	hindi_panchtan	राजा के नौकर खटमल को ढूँढ़ने लगते हैं लेकिन चालाक खटमल बिस्तर के जोड़ में छिप जाता है। जबकि जूं पकड़ी जाती है।
752	hindi_panchtan	राजा के नौकर जूं को पकड़कर उसे मार देते हैं।
753	hindi_panchtan	इस कहानी से हमें यह शिक्षा मिलती है कि अनजान लोगों पर कभी भी विश्वास नहीं करना चाहिए।
754	hindi_panchtan	छोटा सा चूहा और बड़ा सा हाथी। एक गाँव में भूकंप आता है और सभी घर नष्ट हो जाते हैं।
755	hindi_panchtan	गांव के सभी लोग गांव छोड़कर दूसरे गांव में चले जाते हैं। उन टूटे फूटे घरों में चूहे रहने लगते हैं।
756	hindi_panchtan	और धीरे धीरे उनकी संख्या करोड़ों तक पहुँच जाती है।
757	hindi_panchtan	उसी गाँव के पास एक तालाब था जहाँ हाथियों का झुंड पानी पीने आया करता था।
758	hindi_panchtan	लेकिन हाथियों को तालाब तक पहुँचने के लिए उस गाँव से गुज़रना पड़ता था।
759	hindi_panchtan	इस वजह से हाथियों के पैरों के नीचे कई चूहे कुचल जाया करते थे। सभी चूहे हाथियों से बहुत दुखी थे।
760	hindi_panchtan	एक दिन चूहों का राजा हाथी के राजा से मिलने गया। उसने अपनी समस्या बताई। कृपया आप अपना रास्ता बदल लीजिए।
761	hindi_panchtan	यदि कभी आपको ज़रूरत पड़ी तो हम चूहे भी आपके काम अवश्य आएँगे। हाथी का राजा हंसते हुए बोला,।
762	hindi_panchtan	अरे तुम तो कितने छोटे हो, हमारे क्या काम आओगे?
763	hindi_panchtan	लेकिन फिर भी मैं तुमसे वादा करता हूँ कि अब से हाथी दूसरे रास्ते से तालाब आया करेंगे।
764	hindi_panchtan	कुछ दिनों बाद पास के राजा अपने सैनिकों से कहते हैं कि वे अपनी सेना में हाथियों की संख्या बढ़ाना चाहते हैं।
765	hindi_panchtan	इसलिए जाओ और हाथियों को पकड़ कर लाओ। सैनिक तालाब के पास हाथियों के झुंड को देखकर उन्हें जाल में बांध लेते हैं।
766	hindi_panchtan	हाथियों का राजा जोर से चिल्लाकर चूहों के राजा को पुकारता है।
767	hindi_panchtan	हाथी की आवाज़ सुन करोड़ों चूहे वहाँ आ जाते हैं और जाल को कुतर देते हैं।
768	hindi_panchtan	सभी हाथी आज़ाद हो जाते हैं और चूहों का धन्यवाद कर उनसे मित्रता कर लेते हैं।
769	hindi_panchtan	इस कहानी से हमें यह शिक्षा मिलती है कभी कभी कमजोर दिखने वाले लोग भी दूसरों से ताकतवर साबित होते हैं।
770	hindi_panchtan	शेरनी और सियार का बच्चा। एक जंगल में शेर अपनी पत्नी और दो बच्चों के साथ रहता था।
771	hindi_panchtan	एक दिन वह भोजन की तलाश में निकला और उसे एक छोटा सा सियार का बच्चा दिखाई दिया।
772	hindi_panchtan	शेर को बच्चे पर दया आई और वह उसे मारे बिना अपनी गुफा में ले आया।
773	hindi_panchtan	शेरनी सियार के बच्चे को अपनाकर उसका भी पालन पोषण करने लगी।
774	hindi_panchtan	एक दिन शेर के बच्चे और सियार का बच्चा तीनों गुफा के बाहर खेल रहे होते हैं।
775	hindi_panchtan	तभी उन्हें वहाँ एक हाथी दिखाई देता है। शेर के बच्चे अपनी प्रवृत्ति के अनुसार हाथी पर हमला करने को तैयार हो जाते हैं।
776	hindi_panchtan	जबकि सियार का बच्चा डर कर कहता है, घर चलो, यह तो बहुत बड़ा जानवर है।
777	hindi_panchtan	शेर के बच्चों को सियार के बच्चे का डरपोक बर्ताव अजीब सा लगता है। और वह अपनी माँ से इसकी शिकायत करते हैं।
778	hindi_panchtan	शेरनी को लगता है कि अब उसे सियार के बच्चे को सब कुछ सच बता देना चाहिए।
779	hindi_panchtan	वह सियार के बच्चे को बुलाकर सब कुछ सच बता देती है और कहती है तुम अनाथ थे इसलिए हम तुम्हें पालने लगे।
780	hindi_panchtan	यह सच है कि तुम चतुर और होशियार हो लेकिन सियार कभी हाथी को नहीं मार सकते।
781	hindi_panchtan	इससे पहले कि मेरे बच्चों को तुम्हारे सियार होने की बात पता चले।
782	hindi_panchtan	और वे तुम्हें मार दें तुम यहाँ से चले जाओ और अपने साथ के लोगों के साथ रहो।
783	hindi_panchtan	सियार का बच्चा सच जानकर डर जाता है और अपने लोगों के साथ रहने गहरे जंगल में चला जाता है।
784	hindi_panchtan	इस कहानी से हमें यह शिक्षा मिलती है। कि हमेशा अपने जैसों के साथ ही रहना चाहिए। शेर और गंदी बदबू।
785	hindi_panchtan	एक दिन उसकी पत्नी ने उससे कहा कि उसके मुँह में से बदबू आ रही है। शेर को यह सुनकर बहुत गुस्सा आया।
786	hindi_panchtan	और उसने इसकी जांच करवाने के लिए अपनी सभा के सदस्यों को बुलवाया।
787	hindi_panchtan	सबसे पहले उसने भेड़ से पूछा कि क्या वाकई मुँह में से बदबू आ रही है। भेड़ ने सोचा कि उसने यदि सच बोला।
788	hindi_panchtan	भेड़ ने सोचा कि उसे सच बोलना चाहिए। हाँ महाराज आज आपके मुँह से बदबू तो आ ही रही है।
789	hindi_panchtan	शेर को यह जवाब सुनकर बहुत गुस्सा आया। और उसने भेड़ को मार दिया। फिर शेर ने भेड़िये से पूछा।
790	hindi_panchtan	भेड़िये ने सोचा कि सच बोलने पर उसका भी वही हाल होगा जो भेड़ का हुआ है।
791	hindi_panchtan	किसने कहा कि आपके मुंह से बदबू आ रही है? आपके मुँह से तो गुलाब के फूलों की महक आ रही है।
792	hindi_panchtan	शेर को यह सुनकर और भी गुस्सा आया और वह बोला चापलूस कहीं के अभी बताता हूँ। शेर ने भेड़िए को भी मार दिया।
793	hindi_panchtan	अंत में लोमड़ी की बारी आई। उससे भी शेर ने वही प्रश्न पूछा।
794	hindi_panchtan	लोमड़ी ने भेड़ और भेड़िये की दुर्दशा देखी और वह अपना गला ठीक करते हुए बोला, महाराज मुझे तो दो तीन दिन से सर्दी और जुखाम हो रखा है।
795	hindi_panchtan	इसलिए मुझे ना तो बदबू और ना ही महक का पता चल रहा है। यह सुनकर शेर लोमड़ी को छोड़ देते हैं।
796	hindi_panchtan	इस कहानी से हमें यह शिक्षा मिलती है कि संकट के समय चुप रहने में ही भलाई है।
797	hindi_panchtan	एक गाँव में चार ब्राह्मण रहते थे। वे काफ़ी पढ़े लिखे थे लेकिन वे अपने ज्ञान से संतुष्ट नहीं थे।
798	hindi_panchtan	इसलिए चारों ने विश्वविद्यालय में दस साल और पढ़ाई की।
799	hindi_panchtan	पढ़ाई पूरी करने के बाद उन्होंने सोचा कि उन्हें संस्कृत और बाकी विषयों का काफ़ी ज्ञान प्राप्त हो गया है।
800	hindi_panchtan	अब अपने गाँव लौट जाना चाहिए। चलते चलते वे वहाँ पहुँचे जहाँ दो सड़क आपस में मिल गई थी।
801	hindi_panchtan	तभी वहाँ कुछ लोग शव यात्रा में जाते हुए दिखे। चारों ब्राह्मण उन लोगों के साथ चलते चलते श्मशान घाट पहुँच गए।
802	hindi_panchtan	वहां उन्हें एक गधा दिखाई दिया।
803	hindi_panchtan	एक ब्राह्मण ने अपना शास्त्र निकाला और उसे पढ़कर बोला जो भी श्मशान घाट में मिलता है वही सच्चा मित्र है।
804	hindi_panchtan	वहीं उन्हें तेज़ी से आता हुआ एक ऊंट भी दिखाई दिया।
805	hindi_panchtan	ब्राह्मण फिर शास्त्र पढ़ते हैं उसमें लिखा होता है कि धर्म तेजी से बढ़ता है।
806	hindi_panchtan	वह ऊँट को तेज़ी से चलता हुआ देखकर उसे धर्म मान लेते हैं। और गधे और ऊँट को साथ में लेकर चलने लगते हैं।
807	hindi_panchtan	तभी गधे का मालिक धोबी आता है और लाठी लेकर ब्राह्मणों का पीछा करता है। चारों ब्राह्मण भागते भागते।
808	hindi_panchtan	नदी के किनारे पहुँच जाते हैं। नदी में पलाश के पत्ते को तैरता हुआ देख। एक ब्राह्मण कहता है यह तो बेड़ा है।
809	hindi_panchtan	यही हमारी जान बचाएगा। वह ब्राह्मण पत्ते पर कूद जाता है और डूबने लगता है। दूसरा ब्राह्मण उसे डूबता हुआ देखकर सोचता है।
810	hindi_panchtan	यदि कोई चीज़ पूरी तरह नष्ट हो रही हो तो कम से कम उसका आधा हिस्सा तो बचा ही लेना चाहिए।
811	hindi_panchtan	यह सोचकर वह तलवार से अपने डूबते हुए मित्र के दो टुकड़े कर लेता है।
812	hindi_panchtan	चलते चलते तीनों ब्राह्मण पास के गाँव में पहुँचते हैं। वहाँ उन्हें गाँव वाले भोजन के लिए आमंत्रित करते हैं।
813	hindi_panchtan	पहले ब्राह्मण को सेवइयाँ परोसी जाती हैं। उसे शास्त्र की बात याद आ जाती है।
814	hindi_panchtan	कि जो चीजें लंबी होती हैं वह विनाश का कारण होती हैं। यह सोच वह भोजन नहीं खाता और चल देता है।
815	hindi_panchtan	दूसरे ब्राह्मण को नारियल से बना व्यंजन परोसा जाता है।
816	hindi_panchtan	उसे फिर अपने शास्त्र का ध्यान आता है और वह यह सोचते हुए कि झागदार चीजें अस्थायी होती हैं भोजन छोड़कर बाहर निकल जाता है।
817	hindi_panchtan	तीनrd ब्राह्मण को गोल आकार का व्यंजन परोसा जाता है। जिसके बीच में एक छेद होता है।
818	hindi_panchtan	यह देखकर वह सोचता है कि छेद तो दोष का प्रतीक है। वह भी भोजन छोड़कर निकल जाता है।
819	hindi_panchtan	इस प्रकार तीनों पढ़े लिखे मूर्ख भूखे पेट ही किसी तरह अपने गाँव में पहुँच जाते हैं इस कहानी से हमें यह शिक्षा मिलती है कि व्यवहारिक ज्ञान के बिना किताबी ज्ञान बेकार है।
820	hindi_panchtan	चार मित्र और शिकारी। एक जंगल में हिरण चूहा और कौवा तीन मित्र रहा करते थे।
821	hindi_panchtan	एक दिन एक कछुआ आया और उनसे मित्रता का प्रस्ताव रखा। तभी वहाँ एक शिकारी आ गया और उसने कछुए को पकड़ लिया।
822	hindi_panchtan	कौवा उड़कर शिकारी का पीछा करने लगा और उसने हिरण को बताया कि वह नदी किनारे विश्राम कर रहा है।
823	hindi_panchtan	हिरण शिकारी के रास्ते में लेट गया और मरा हुआ होने का नाटक करने लगा।
824	hindi_panchtan	शिकारी ने जब थोड़ी दूर हिरण को मरा हुआ देखा। तो वह कछुए के जाल को वहीं छोड़कर हिरण के पास जाने लगा।
825	hindi_panchtan	इसी बीच चूहा आया और उसने जाल कुतरकर कछुए को बचा लिया।
826	hindi_panchtan	जब तक शिकारी हिरण के पास पहुँचता, तब तक हिरण तेज़ी से भागता हुआ जंगल में छिप गया।
827	hindi_panchtan	निराश शिकारी ने सोचा चलो कोई बात नहीं। हिरण नहीं तो कम से कम कछुआ तो है ही।
828	hindi_panchtan	जब वह अपने जाल के पास पहुँचा और उसने कुतरा हुआ जाल देखा तो उसे लगा यह तो कोई चमत्कार हुआ है।
829	hindi_panchtan	शिकारी बुरी तरह डर गया और जंगल से भाग गया। चारों दोस्त मिलकर खुशी खुशी रहने लगे।
830	hindi_panchtan	इस कहानी से हमें यह शिक्षा मिलती है। कि ज़रूरत पड़ने पर साथ निभाने वाला मित्र ही वास्तव में सच्चा मित्र होता है।
831	hindi_panchtan	एक किसान के पास एक घोड़ा था। वह घोड़ा थोड़ा बूढ़ा हो गया था इसलिए किसान उसे घर से निकालने लगा।
832	hindi_panchtan	घोड़ा बोला मैंने आपकी बहुत सेवा की है। कृपया मुझे यहाँ रहने दीजिए।
833	hindi_panchtan	किसान कहने लगा कि वह एक शर्त पर ही घोड़े को रहने देगा। उसने घोड़े से शेर की खाल लाने को कहा।
834	hindi_panchtan	घोड़ा जंगल में पहुँचा वहाँ उसे एक लोमड़ी मिली। और उसने उसे सारी बात बता दी।
835	hindi_panchtan	लोमड़ी घोड़े से बोली कि वह अपनी सांस रोककर लाश बनने का नाटक करेगी। घोड़ा लाश के समान लेट जाता है।
836	hindi_panchtan	घोड़ा जंगल में पहुँचा। वहाँ उसे एक लोमड़ी मिली और उसने उसे सारी बात बताई।
837	hindi_panchtan	लोमड़ी घोड़े से बोली कि वह अपनी सांस रोककर लाश बनने का नाटक करे। घोड़ा लाश के समान लेट जाता है।
838	hindi_panchtan	लोमड़ी शेर से कहती है कि थोड़ी दूर पर उसने घोड़े की लाश देखी है। हमें उसका मांस खा लेना चाहिए।
839	hindi_panchtan	शेर लोमड़ी के साथ घोड़े के पास पहुँचता है। अब मैं आपकी पूँछ के साथ इसकी पूँछ बाँध देती हूँ।
840	hindi_panchtan	फिर हम झाड़ी में छिपकर मांस खाएंगे। शेर लोमड़ी की बात मान लेता है।
841	hindi_panchtan	लेकिन लोमड़ी घोड़े की पूँछ के साथ शेर का पैर बांध देती है। तभी घोड़ा उठ जाता है और तेजी से भागने लगता है।
842	hindi_panchtan	शेर समझ ही नहीं पाता कि यह क्या हो रहा है। घोड़ा पूरी ताकत लगाकर भागता है।
843	hindi_panchtan	शेर को घसीट घसीट कर इतनी चोटें लगती हैं। कि उसकी मौत हो जाती है। घोड़ा शेर को लेकर किसान के पास पहुँचता है।
844	hindi_panchtan	किसान खुश होकर घोड़े को अपने घर रहने की इजाज़त दे देता है। इस कहानी से हमें यह शिक्षा मिलती है।
845	hindi_panchtan	कि बुद्धि का बल शारीरिक बल से भी अधिक होता है।
846	hindi_panchtan	गाँव के बाहर की ओर एक मंदिर था जिसमें एक पंडित रहा करते थे।
847	hindi_panchtan	वह आस पास के गाँव में पूजा पाठ कराया करते थे।
848	hindi_panchtan	शाम को भोजन करके बाकी का भोजन वह एक बर्तन में डालकर उसे एक हुक से टांग दिया करते थे।
849	hindi_panchtan	उसी मंदिर में एक मोटा सा चूहा था। वह रोज़ कूदकर उस बर्तन से खाना खाया करता था।
850	hindi_panchtan	पंडित उस चूहे से बहुत परेशान थे। एक बार दूसरे गाँव से एक तपस्वी पंडित के साथ रहने के लिए आते हैं।
851	hindi_panchtan	लेकिन पंडित के पास खाने को कुछ नहीं होता। वह चूहे की समस्या तपस्वी को बताता है।
852	hindi_panchtan	तपस्वी कहता है कि हमें उस चूहे का बिल नष्ट कर देना चाहिए। जहाँ उसने अपना भोजन छिपा रखा है।
853	hindi_panchtan	इससे उसकी ताक़त ख़त्म हो जाएगी और वह कूद नहीं पाएगा। पंडित चूहे का बिल नष्ट कर देते हैं।
854	hindi_panchtan	अब चूहे को खाने के लिए कुछ भी नहीं मिलता और वह कमजोर हो जाता है।
855	hindi_panchtan	भोजन की तलाश में वह बाहर निकलता है और वहाँ उसे एक बिल्ली मार देती है। इस कहानी से हमें यह शिक्षा मिलती है।
856	hindi_panchtan	कि संपन्नता से शक्ति प्राप्त होती है। कबूतर और बहेलिया।
857	hindi_panchtan	गाँव के बाहर एक बरगद का पेड़ था उस पर कई पक्षी आया जाया करते थे।
858	hindi_panchtan	एक बार वहाँ एक बहेलिया आया और उसने नीचे जाल बिछा दिया। और अनाज के दाने बिखेर दिए।
859	hindi_panchtan	थोड़ी देर बाद वहाँ कबूतरों का एक झुंड आया और दाना देख खाने के लिए जैसे ही नीचे बैठा कि सारे कबूतर उस जाल में फँस गए।
860	hindi_panchtan	कबूतरों का राजा बहुत समझदार था। वह सभी कबूतरों से बोला।
861	hindi_panchtan	यदि सभी मिलकर जोर लगाएँ तो जाल को साथ में लेकर उड़ सकते हैं। सभी कबूतर जोर लगाकर। कबूतरों का राजा बहुत समझदार था।
862	hindi_panchtan	वह सभी कबूतरों से बोला यदि सभी मिलकर ज़ोर लगाएँ तो जाल को साथ में लेकर उड़ सकते हैं।
863	hindi_panchtan	सभी कबूतर ज़ोर लगाकर जाल को उड़ाकर उड़ने लगते हैं।
864	hindi_panchtan	बहेलिया उनका पीछा करने की कोशिश करता है लेकिन थोड़ी दूर दौड़ने के बाद थक कर लौट जाता है।
865	hindi_panchtan	कबूतरों का झुंड उड़ते उड़ते राजा कबूतर के मित्र चूहा के पास पहुँचता है।
866	hindi_panchtan	चूहा अपनी सेना बुलाता है और सभी चूहे मिलकर जाल को कुतर देते हैं।
867	hindi_panchtan	सभी कबूतर चूहों का धन्यवाद कर वापस घर लौट जाते हैं।
868	hindi_panchtan	इस कहानी से हमें यह शिक्षा मिलती है कि एकता में ही शक्ति होती है। सियार और बाण।
869	hindi_panchtan	एक बार जंगल में एक शिकारी आता है। उसे वहाँ एक जंगली सूअर दिखाई देता है। इस तरह दोनों वहीं मर जाते हैं।
870	hindi_panchtan	थोड़ी देर बाद वहाँ एक सियार आता है।
871	hindi_panchtan	वह सूअर और शिकारी की लाश देखकर खुश हो जाता है और सोचता है कि आज खाने को कितना कुछ है।
872	hindi_panchtan	वह लालच के मारे सोचता है कि धीरे धीरे खाऊँ ताकि मांस कई दिनों तक चले।
873	hindi_panchtan	वह पहले खून चाटता है और फिर सूअर के दांत के पास वाला मांस खाने की कोशिश करता है,
874	hindi_panchtan	लेकिन तभी सूअर के दांत उसके मुंह में से होकर सिर तक घुस जाते हैं। सियार की वहीं मौत हो जाती है।
875	hindi_panchtan	इस कहानी से हमें यह शिक्षा मिलती है कि लालच करने से कुछ भी हासिल नहीं होता।
876	hindi_panchtan	एक जंगल में गोमाया नाम का एक सियार रहता था। एक दिन वह भोजन की तलाश करते करते।
877	hindi_panchtan	जंगल के पास ही युद्ध भूमि में पहुँच गया। वहाँ एक पेड़ के नीचे ढोल पड़ा था।
878	hindi_panchtan	पेड़ की जड़ों से पास एक डाली थी जो ढोल से टकरा रही थी और आवाज़ कर रही थी।
879	hindi_panchtan	सियार ढोल के पास पहुँचा और उसे अपने पंजों से बजाने लगा। ढोल में से फिर आवाज़ आई।
880	hindi_panchtan	सियार को लगा कि इस ढोल के अंदर कोई जानवर बैठा है।
881	hindi_panchtan	वह ढोल को फाड़ने की कोशिश करने लगा लेकिन ढोल का ऊपरी हिस्सा बहुत मजबूत था। ज़ोर ज़ोर से बजाना शुरू कर दिया।
882	hindi_panchtan	ढोल की आवाज़ सुनकर जंगल से एक तेंदुआ सियार के पास आया। सियार बोला इस ढोल में कोई जानवर है।
883	hindi_panchtan	यदि आप इसे अपने नुकीले पंजों से फाड़ देंगे तो आपको शिकार मिल जाएगा।
884	hindi_panchtan	तेंदुए ने ढोल को फाड़ दिया लेकिन जब देखा कि वह अंदर से खाली है तो उसे बहुत गुस्सा आया।
885	hindi_panchtan	वह बोला इसके अंदर तो कोई भोजन नहीं है। तुमने मेरा समय बर्बाद कर दिया।
886	hindi_panchtan	यह कहकर तेंदुआ सियार पर झपट पड़ा और उसे मार दिया।
887	hindi_panchtan	इस कहानी से हमें यह शिक्षा मिलती है कि लालच हमेशा हानिकारक होता है।
888	hindi_panchtan	एक बार एक आदिवासी राजा जंगल में शिकार पर गया और वहाँ से दो तोते लेकर आने लगा।
889	hindi_panchtan	एक तोता उड़ गया राजा ने उसका पीछा किया लेकिन वह उसे नहीं मिला।
890	hindi_panchtan	फिर राजा दूसरे तोते को घर ले आया और वहाँ उसे बोलना सिखाया।
891	hindi_panchtan	जबकि दूसरा तोता उड़ते हुए एक साधु के यहाँ पहुँचा और वहाँ उसने भजन मंत्र एवं अच्छी अच्छी बातें सीखीं।
892	hindi_panchtan	एक बार पास के राज्य का एक राजा आदिवासी राजा से मिलने पहुँचा।
893	hindi_panchtan	अजनबी राजा को देख तोता बोलने लगा देखो कोई आया है इसे पकड़ लो और पीटो। राजा को तोते पर बहुत गुस्सा आता है।
894	hindi_panchtan	और वह आदिवासी राजा से मिले बिना ही लौट जाता है। लौटते वक्त वह साधु के आश्रम पहुँचता है। वहाँ वह तोता होता है।
895	hindi_panchtan	और राजा को देखकर कहता है। आइए आपका स्वागत है, बैठिए। पानी लीजिए मिठाई खाइए। बताइए मैं क्या कर सकता हूँ आपके लिए?
896	hindi_panchtan	इसके बाद तोता राजा को साधु से मिलवाता है। राजा इस तोते की बातों से बहुत प्रभावित होते हैं।
897	hindi_panchtan	वे समझ जाते हैं कि अच्छे वातावरण और प्रशिक्षण का अच्छा प्रभाव पड़ता है।
898	hindi_panchtan	इसलिए आदिवासी राजा का तोता बदतमीज़ था जबकि साधु का तोता आदर से बात कर रहा था।
899	hindi_panchtan	इस कहानी से हमें यह शिक्षा मिलती है कि आदमी अपनी संगति से ही पहचाना जाता है।
900	hindi_panchtan	एक टिटहरी अपनी पत्नी के साथ समुद्र तट पर रहता था।
901	hindi_panchtan	उसकी पत्नी गर्भवती थी वह अपने पति से बोली मैं अपने अंडे यहाँ नहीं देना चाहती।
902	hindi_panchtan	यह समुद्र मेरे अंडों को खा जाएगा टिटहरी अपनी पत्नी से कहता है ऐसा नहीं होगा। हमारे सभी पूर्वज भी तो यहीं रहते थे।
903	hindi_panchtan	कुछ दिनों बाद टिटहरी की पत्नी अंडे दे देती है और भोजन की तलाश में कहीं बाहर जाती है।
904	hindi_panchtan	लेकिन जब वह लौटती है तो उसके अंडे वहाँ नहीं होते। उसका पति कहता है कि वह इसका बदला अवश्य लेगा।
905	hindi_panchtan	टिटहरी सभी पक्षियों को इकट्ठा कर अपने राजा बाज़ पक्षी के पास पहुँचता है और सारी बात बताता है।
906	hindi_panchtan	बाज़ कहता है मैं इस समुद्र का सारा पानी पीकर इसे सूखा कर दूँगा और इसे इसके दुष्कर्मों की सज़ा अवश्य दूँगा।
907	hindi_panchtan	भगवान विष्णु को पक्षियों की आवाज़ें सुनाई देती हैं।
908	hindi_panchtan	तो वह अपने दूत को बाज़ पक्षी के पास भेजते हैं और उसे थोड़ी देर इंतजार करने को कहते हैं।
909	hindi_panchtan	भगवान विष्णु समुद्र के देवता से मिलते हैं और कहते हैं कि वह टिटहरी के अंडे लौटा दे वरना उसका अस्तित्व ही समाप्त हो जाएगा।
910	hindi_panchtan	समुद्र देवता डर जाते हैं और टिटहरी के अंडे लौटाकर उससे वादा करते हैं कि आज के बाद वे किसी भी पक्षी के अंडों को बहाकर नहीं ले जाएंगे।
911	hindi_panchtan	इस कहानी से हमें यह शिक्षा मिलती है कि अन्याय के खिलाफ आवाज़ अवश्य उठानी चाहिए। कोबरा, सांप और चींटियां।
912	hindi_panchtan	एक घने जंगल में एक cobra साँप रहता था।
913	hindi_panchtan	वह रात भर पक्षियों के अंडे, मेंढक, छिपकली और छोटे जीव जंतु को खा जाया करता था और दिन भर अपने बिल में आराम करता था।
914	hindi_panchtan	इस तरह वह बहुत मोटा हो गया था। और उसका bill से निकलना मुश्किल हो रहा था।
915	hindi_panchtan	इसलिए एक दिन उसने वह bill छोड़ दिया। और एक बड़े से पेड़ पर अपना नया घर बनाने लगा।
916	hindi_panchtan	लेकिन पेड़ की जड़ों के पास चीटियों का घर था। कोबरा सांप जोर से बोला। सभी लोग इस जगह को खाली कर दो।
917	hindi_panchtan	इतने बड़े साँप को देखकर सभी जीव जंतु घबरा गए और वहाँ से चले गए।
918	hindi_panchtan	लेकिन चींटियाँ वहीं खड़ी रहीं और देखते ही देखते हज़ारों की संख्या में चींटियाँ अपने घर से निकलीं और सभी मिलकर कोबरा साँप को काटने लगीं।
919	hindi_panchtan	असहाय कोबरा छटपटाने लगा लेकिन सभी चीटियाँ डटी रहीं और उसे इतनी ज़ोर ज़ोर से काटने लगीं कि कोबरा।
920	hindi_panchtan	और उसे इतनी ज़ोर ज़ोर से काटने लगी कि कोबरा दर्द के मारे कराहने लगा।
921	hindi_panchtan	धीरे धीरे वह दर्द सह नहीं पाया और उसकी वहीं मौत हो गई।
922	hindi_panchtan	कि यदि छोटे और निर्बल प्राणी समूह में एक साथ रहें तो बड़ी से बड़ी ताकत भी उनका कुछ नहीं बिगाड़ सकती।
923	hindi_panchtan	स्वर्ण पक्षी और स्वर्ण हंस। राजस्थान में झीलों के शहर में राजा का एक सुंदर सा महल था।
924	hindi_panchtan	महल के आस पास एक सुंदर सा बगीचा था और वहाँ एक तालाब भी था जिसमें स्वर्ण हंस रहा करते थे।
925	hindi_panchtan	वे स्वर्ण हंस रोज़ सोने का पंख गिराते थे जिसे राजा इकट्ठा करके अपने शाही खजाने में डाल दिया करते थे।
926	hindi_panchtan	एक बार उस तालाब में बड़ा सा स्वर्ण पक्षी आया और हंसों से कहने लगा कि उसे भी तालाब में रहने दिया जाए।
927	hindi_panchtan	लेकिन घमंडी हंसों को उसका आना अच्छा नहीं लगा और वे बोले कि उन्होंने राजा से यह तालाब खरीद लिया है।
928	hindi_panchtan	यहाँ कोई और नहीं आ सकता स्वयं राजा भी हमारी आज्ञा लेकर यहाँ आते हैं।
929	hindi_panchtan	स्वर्ण पक्षी राजा के पास गया और उन्हें घमंडी हंसों की सारी बात बता दी।
930	hindi_panchtan	राजा को यह सुनकर बहुत गुस्सा आया और उन्होंने अपने सैनिकों को हंसों को मारने का आदेश दे दिया।
931	hindi_panchtan	सैनिकों को तलवार के साथ तालाब में पास आता देख।
932	hindi_panchtan	एक समझदार हंस सब कुछ समझ गया और उसने सभी हंसों से तालाब खाली करने को कहा।
933	hindi_panchtan	सभी हंस उड़कर दूर किसी और तालाब में चले गए।
934	hindi_panchtan	राजा को हंसों के जाने से बहुत नुकसान होता है और यह एहसास होता है कि जल्दबाज़ी में किसी अनजान की बात को नहीं मानना चाहिए।
935	hindi_panchtan	साथ ही हंसों को भी अपने घमंड के कारण महल का सुंदर तालाब छोड़ कहीं और जाना पड़ता है।
936	hindi_panchtan	राजा बहुत उदास हो जाते हैं और स्वर्ण पक्षी को कहीं और जाने के लिए कह देते हैं।
937	hindi_panchtan	इस कहानी से हमें यह शिक्षा मिलती है। कि अजनबी की बात पर जल्दबाज़ी में निर्णय नहीं लेना चाहिए।
938	hindi_panchtan	साथ ही स्वर्ण हंसों की तरह अहंकारी भी नहीं होना चाहिए। स्वर्ण पक्षी और राजा।
939	hindi_panchtan	एक घने जंगल में एक जादुई पक्षी रहती थी और वह सोने के अंडे दिया करती थी।
940	hindi_panchtan	एक दिन जंगल में एक बहेलिया आता है और उस पक्षी को पकड़ लेता है।
941	hindi_panchtan	जब उसे पता चलता है कि वह सोने के अंडे देती है, तो वह सोचता है कि यदि उसने इस पक्षी को अपने साथ रखा, तो वह काफी धनी हो जाएगा।
942	hindi_panchtan	लेकिन राजा को लगेगा कि यह धन चोरी से प्राप्त किया गया है। और वह मुझे जेल में डाल देंगे।
943	hindi_panchtan	यह सोचकर वह डर जाता है और उस पक्षी को ले जाकर राजा को भेंट कर देता है।
944	hindi_panchtan	राजा उस पक्षी को देखकर बहुत खुश होते हैं और उसे अपने पास रख लेते हैं।
945	hindi_panchtan	राजा अपने सेवकों से पक्षी का विशेष ख्याल रखने को कहते हैं।
946	hindi_panchtan	लेकिन एक सेवक राजा से कहता है कि यह तो मुझे धोखा लगता है क्योंकि आप ही सोचिए भला कोई पक्षी सोने का अंडा कैसे दे सकती है?
947	hindi_panchtan	इस पक्षी को तो जंगल में ही छोड़ देना चाहिए। राजा उसके बात में आ जाते हैं और पक्षी को छोड़ देते हैं।
948	hindi_panchtan	पक्षी आसमान में उड़ने लगता है और सोचता है कि यह तो मूर्खों का राज्य लगता है।
949	hindi_panchtan	बहेलिए को पता था कि मैं सोने के अंडे देती हूँ फिर भी उसने मुझे राजा को दे दिया।
950	hindi_panchtan	और राजा ने मुझे छोड़ दिया।
951	hindi_panchtan	इस कहानी से हमें यह शिक्षा मिलती है कि अच्छी तरह तथ्यों की जांच करके कोई भी फैसला लेना चाहिए।
952	hindi_panchtan	एक घने जंगल में एक तानाशाही हाथी रहता था। वह पेड़ पौधों की डालियों को गिराता रहता था।
953	hindi_panchtan	जिस वजह से कई घोसले और अंडे नष्ट हो जाया करते थे।
954	hindi_panchtan	वह रास्ते में जिसे भी देखता सब पर हमला करते हुए जाता था। उसने लोमड़ियों के घर को भी नष्ट कर दिया था।
955	hindi_panchtan	सभी जानवर हाथी से बहुत परेशान थे। एक दिन सभी लोमड़ियों ने मिलकर हाथी को सबक सिखाने की योजना बनाई।
956	hindi_panchtan	एक लोमड़ी हाथी के पास पहुंची और बोली, हाथी तुम सबसे ताकतवर हो इसलिए जंगल के सभी जानवर तुम्हें जंगल का राजा बनाना चाहते हैं।
957	hindi_panchtan	जंगल के बीचोबीच राज्याभिषेक की तैयारी चल रही है। हाथी यह सुनकर खुश हो जाता है और लोमड़ी के पीछे पीछे चलने लगता है।
958	hindi_panchtan	रास्ते में एक दलदल आता है।
959	hindi_panchtan	लोमड़ी तो फट से उस दलदल को पार कर दूसरी ओर पहुँच जाती है, लेकिन हाथी अपने भारी वजन के कारण दलदल में बुरी तरह फँस जाता है।
960	hindi_panchtan	हाथी लोमड़ी से मदद मांगता है लेकिन लोमड़ी कहती है।
961	hindi_panchtan	जब तुमने हमारे बच्चों घोंसलों और अंडों को नष्ट करते वक्त हमारे बारे में नहीं सोचा तो हम भी तुम्हारी सहायता क्यों करें।
962	hindi_panchtan	लोमड़ी वहाँ से चली जाती है और दुष्ट हाथी दलदल में फँसा का फँसा रह जाता है। और वहीं उसकी मौत हो जाती है।
963	hindi_panchtan	इस कहानी से हमें यह शिक्षा मिलती है कि अत्याचारी का विनाश अवश्य होता है। राक्षस और लाचार ब्राह्मण।
964	hindi_panchtan	एक बार एक ब्राह्मण जंगल के रास्ते से अपने शहर को जा रहा था। जंगल में एक भयानक राक्षस छुपकर बैठा हुआ था।
965	hindi_panchtan	उसने जैसे ही ब्राह्मण को देखा उस पर हमला कर दिया। राक्षस बोला मुझे मानव मांस बहुत पसंद है अब मैं तुम्हें खाऊँगा।
966	hindi_panchtan	लेकिन उससे पहले तुम मुझे थोड़ी दूर तक कंधों पर बिठाकर ले चलो। लाचार ब्राह्मण राक्षस को अपने कंधों पर बिठाकर चलने लगता है।
967	hindi_panchtan	तभी उसकी नज़र राक्षस के छोटे छोटे पैरों पर पड़ती है।
968	hindi_panchtan	वह राक्षस से पूछता है कि उसका शरीर तो इतना भीमकाय है पर पैर इतने छोटे क्यों हैं।
969	hindi_panchtan	राक्षस कहता है कि वह गीले पैरों से चल और भाग नहीं पाता। उसे बहुत दर्द होता है।
970	hindi_panchtan	ब्राह्मण इस बात को मन में रखकर नदी के पास पहुँचता है।
971	hindi_panchtan	राक्षस ब्राह्मण से कहता है कि वह स्नान करके आ रहा है तब तक वह वहीं रुके।
972	hindi_panchtan	जैसे ही राक्षस नदी में स्नान करने जाता है तभी ब्राह्मण फट से भाग जाता है क्योंकि वह समझ जाता है कि गीले पैरों से राक्षस उसका पीछा नहीं कर पाएगा।
973	hindi_panchtan	इस तरह ब्राह्मण अपनी सतर्कता के कारण अपनी जान बचाने में कामयाब हो जाता है।
974	hindi_panchtan	इस कहानी से हमें यह शिक्षा मिलती है कि सतर्कता और होशियारी सदैव लाभप्रद होती है। राक्षस और घोड़ों का चोर।
975	hindi_panchtan	बहुत पहले की बात है। भद्रसेन नाम का एक राजा था वह अपनी बेटी रत्नावती के साथ रहता था। रत्नावती बहुत सुंदर थी।
976	hindi_panchtan	वहीं एक राक्षस भी रहता था और वह रत्नावती का अपहरण करना चाहता था।
977	hindi_panchtan	लेकिन रत्नावती के गले का जादुई तावीज़ उसे बचा लेता था।
978	hindi_panchtan	एक दिन राक्षस रत्नावती के कमरे के बाहर छिप जाता है और उसे सुनाई देता है कि रत्नावती अपने मित्र से कह रही है कि एक ताकतवर राक्षस उसे बहुत तंग करता है।
979	hindi_panchtan	राक्षस को लगता है कि उससे भी ज़्यादा ताकतवर एक और राक्षस है।
980	hindi_panchtan	वह उसे पकड़ने के लिए जादुई शक्ति से घोड़ा बनकर अस्तबल में असली घोड़ों के साथ रहने लगता है।
981	hindi_panchtan	एक दिन एक घोड़ों का चोर आता है और उसी घोड़े को चुरा लेता है जो कि वास्तव में राक्षस होता है।
982	hindi_panchtan	राक्षस को लगता है कि यही चोर ही उससे ज़्यादा ताक़तवर राक्षस है। वह खूब तेज़ दौड़ता है।
983	hindi_panchtan	चोर लगाम से घोड़े को धीमा करने की कोशिश करता है लेकिन घोड़ा और तेज़ दौड़ने लगता है।
984	hindi_panchtan	चोर को समझ आ जाता है कि यह घोड़ा नहीं बल्कि राक्षस है। चोर मौका देखकर बरगद के पेड़ पर लटक जाता है।
985	hindi_panchtan	उसी बरगद के पेड़ पर राक्षस के मित्र बंदर रहते थे।
986	hindi_panchtan	बंदर समझ जाते हैं कि राक्षस मित्र इस मामूली इंसान को ही ताकतवर राक्षस समझ रहा है।
987	hindi_panchtan	एक बंदर राक्षस को बताकर उसे बरगद के पेड़ के पास ले आता है।
988	hindi_panchtan	वहीं चोर लटका हुआ होता है और उसके मुँह के सामने बंदर की पूँछ भी होती है।
989	hindi_panchtan	वह पूँछ को ज़ोर से काट लेता है।
990	hindi_panchtan	बंदर की चीख सुनकर राक्षस को लगता है कि यही चोर ही वास्तव में ताकतवर राक्षस है।
991	hindi_panchtan	यह सोचकर राक्षस अपनी जान बचाने के लिए बहुत दूर भाग जाता है।
992	hindi_panchtan	इस कहानी से हमें यह शिक्षा मिलती है कि अधिक होशियारी दिखाने की बजाय कभी कभी अपने दिमाग की भी सुननी चाहिए।
993	hindi_panchtan	एक जंगल में चंद्रावा नाम का सियार रहता था।
994	hindi_panchtan	एक दिन उसे खाने को कुछ नहीं मिला और भोजन की तलाश में भटकते भटकते वह एक गांव में पहुंचा। वहीं कुछ कुत्ते उसके पीछे पड़ गए और वह भागते भागते एक धोबी के घर पहुंच गया और तालाब में गिर गया।
995	hindi_panchtan	उस तालाब में नीला रंग घुला हुआ था। जब सियार बाहर निकला तो उसका पूरा शरीर नीला हो चुका था।
996	hindi_panchtan	जब वह जंगल में पहुँचा तो सभी जानवर उसे देखकर डरने लगे कि यह कौन सा नया जानवर है।
997	hindi_panchtan	शेर और बाघ भी उससे डरने लगे।
998	hindi_panchtan	सियार ने इसका फ़ायदा उठाने की सोची और वह सभी जानवरों से कहने लगा कि उसे भगवान ने जंगल का नया राजा बनाकर भेजा है।
999	hindi_panchtan	सभी उस नीले सियार का विश्वास कर लेते हैं।
1000	hindi_panchtan	तभी एक दिन जब सियार सभी जानवरों के साथ दरबार में बैठा होता है, तभी उसे दूर से कुछ सियारों के गाने नाचने की आवाज़ें सुनाई देती हैं।
1001	hindi_panchtan	नीला सियार सब कुछ भूल जाता है और उनकी आवाज़ में अपनी आवाज़ मिलाते हुए गाना गाने लगता है।
1002	hindi_panchtan	सभी जानवर समझ जाते हैं कि यह तो सियार है कोई भगवान का भेजा हुआ राजा नहीं।
1003	hindi_panchtan	सभी जानवर गुस्से में मिलकर उस सियार को मार देते हैं।
1004	hindi_panchtan	इस कहानी से हमें यह शिक्षा मिलती है कि कोई किसी को हमेशा बेवकूफ नहीं बना सकता। गधा और तेंदुए की खाल।
1005	hindi_panchtan	शुद्ध पता नाम का एक धोबी अपने गधे के साथ रहता था। गधे को खाने पीने का बहुत शौक़ था।
1006	hindi_panchtan	लेकिन उसके मालिक के पास उतने पैसे नहीं थे कि वह उसे खूब सारा खाना खिला सके।
1007	hindi_panchtan	एक बार वह अपने गधे के साथ दूसरे शहर कपड़े धोने का सामान खरीदने जाता है।
1008	hindi_panchtan	रास्ते में एक जंगल पड़ता है और वहाँ उसे तेंदुए की खाल मिलती है।
1009	hindi_panchtan	धोबी उस खाल को ले आता है और रात में गधे को ओढ़ा देता है। फिर वह गधे को पास के खेत में ले आता है और स्वयं छिप जाता है। किसान उसे तेंदुआ समझकर डर जाते हैं और वहां से भाग जाते हैं।
1010	hindi_panchtan	रोजाना वह खाल ओढ़कर अपना पेट भर लेता है।
1011	hindi_panchtan	एक दिन जब रात में वह खेत में पेट पूजा कर रहा होता है तभी उसे दूसरे गधे की आवाज़ सुनाई देती है।
1012	hindi_panchtan	उससे रहा नहीं जाता और वह भी खुशी के मारे ढेंचू ढेंचू की आवाज़ निकालने लगता है।
1013	hindi_panchtan	सभी किसानों को पता चल जाता है कि यह कोई तेंदुआ नहीं बल्कि गधा है।
1014	hindi_panchtan	सभी लाठी लेकर आते हैं और गधे को इतना पीटते हैं कि वहीं उसकी मौत हो जाती है।
1015	hindi_panchtan	इस कहानी से हमें यह शिक्षा मिलती है कि सभी लोगों को हमेशा मूर्ख नहीं बनाया जा सकता।
1016	hindi_panchtan	जंगल के पास एक गाँव में एक गधा रहता था। जंगल में शेर राजा अपने चालाक मंत्री लोमड़ी के साथ रहता था।
1017	hindi_panchtan	एक बार शेर की हाथी से लड़ाई हुई और वह बुरी तरह घायल हो गया।
1018	hindi_panchtan	उसने लोमड़ी से कहा कि वह उसके लिए खाना लेकर आए। लोमड़ी जंगल में इधर उधर देखने लगी तभी उसकी नज़र गधे पर पड़ी।
1019	hindi_panchtan	गधे ने बताया कि उसका मालिक धोबी उसे कुछ खाने के लिए नहीं देता इसलिए वह जंगल में आ गया है।
1020	hindi_panchtan	चालाक लोमड़ी उससे कहती है कि शेर अपने लिए अंगरक्षक चाहते हैं। गधा यह सुनकर लोमड़ी के साथ शेर के पास पहुँच जाता है।
1021	hindi_panchtan	शेर कई दिनों से भूखा होता है इसलिए जैसे ही वह गधे को देखता है उस पर झपट पड़ता है।
1022	hindi_panchtan	भूख के कारण कमजोर हुए शेर के पकड़ से गधा बच निकल जाता है।
1023	hindi_panchtan	चालाक लोमड़ी फिर गधे के पास जाती है और कहती है वाह तुम्हारा प्रदर्शन तो बड़ा शानदार था।
1024	hindi_panchtan	जंगल के राजा शेर को ऐसा ही फुर्तीला अंगरक्षक चाहिए। वह तो तुम्हारी परीक्षा ले रहे थे।
1025	hindi_panchtan	गधा लोमड़ी का विश्वास कर फिर शेर के पास पहुँचता है। और इस बार शेर उसे पकड़कर मार देते हैं।
1026	hindi_panchtan	जैसे ही शेर उसका मांस खाने लगता है वैसे ही लोमड़ी कहती है। आपने काफ़ी दिनों से कुछ नहीं खाया है।
1027	hindi_panchtan	इसलिए पहले नहाकर प्रार्थना करके आइए। शेर मान जाता है और नहाने चला जाता है।
1028	hindi_panchtan	इसी दौरान लोमड़ी गधे का दिमाग वाला हिस्सा खा जाती है।
1029	hindi_panchtan	जब शेर आता है और देखता है कि दिमाग नहीं है तो वह गुस्से में दहाड़ता है।
1030	hindi_panchtan	लोमड़ी कहती है, अरे आपको नहीं पता क्या, गधों में तो दिमाग होता ही नहीं है।
1031	hindi_panchtan	शेर यह सुनकर शांत हो जाता है और बाकी का मांस खुशी खुशी खा लेता है।
1032	hindi_panchtan	इस कहानी से हमें यह शिक्षा मिलती है कि चतुराई से किया गया तर्क साधारण बुद्धि।
1033	hindi_panchtan	इस कहानी से हमें यह शिक्षा मिलती है कि चतुराई से दिया गया तर्क साधारण बुद्धि को भी मात दे सकता है।
1034	hindi_panchtan	एक मठ में एक सन्यासी रहते थे। उनका नाम देव शर्मा था।
1035	hindi_panchtan	वे काफ़ी विद्वान थे इसलिए सभी उन्हें पूजा पाठ के लिए अपने घर में बुलाया करते थे।
1036	hindi_panchtan	और काफी धन दौलत तोहफे महंगी चीजें भेंट में दिया करते थे। इस प्रकार वह सन्यासी बहुत धनी हो गए।
1037	hindi_panchtan	वह अपने धन का थैला हमेशा अपने पास ही रखा करते थे।
1038	hindi_panchtan	एक बार असाध बोधि नाम के चोर को सन्यासी के धन के बारे में पता चलता है।
1039	hindi_panchtan	एक दिन वह मंत्र जाप करते हुए सन्यासी के पास पहुँचता है और बोलता है।
1040	hindi_panchtan	मुझे अपनी शरण में ले लो गुरुदेव, मैं आपका शिष्य बनकर मोक्ष की प्राप्ति करना चाहता हूँ।
1041	hindi_panchtan	सन्यासी उस चोर की चिकनी चुपड़ी बातों में आ जाते हैं और उसे अपना शिष्य बना लेते हैं।
1042	hindi_panchtan	एक बार सन्यासी उस चोर के साथ दूसरे गाँव में पूजा करवाने के लिए जाते हैं। रास्ते में एक नदी आती है।
1043	hindi_panchtan	सन्यासी अपने धन का थैला और अपनी पोशाक उस चोर को देकर कहते हैं मैं स्नान करके आ रहा हूँ तुम तब तक मेरे सामान का ध्यान रखना।
1044	hindi_panchtan	जब सन्यासी नहाकर बाहर आते हैं तो देखते हैं कि वहाँ तो सिर्फ़ उनके कपड़े हैं धन का थैला नहीं।
1045	hindi_panchtan	वे बेहोश होकर ज़मीन पर गिर जाते हैं।
1046	hindi_panchtan	जब उन्हें होश आता है तो वे बड़े ही दुखी मन से वापस मठ लौट जाते हैं।
1047	hindi_panchtan	इस कहानी से हमें यह शिक्षा मिलती है। कि धन दौलत भी कभी कभी दुखों का कारण बन जाती है। तीन मछली और मछुआरा।
1048	hindi_panchtan	एक तालाब में तीन मछलियाँ अपने परिवार के साथ रहा करती थीं। अनगव विधाता था वह बहुत बुद्धिमान और व्यवहारिक थी।
1049	hindi_panchtan	वह भविष्य के लिए पहले से ही तैयार रहती थी। उसकी छोटी बहन थी प्रत्युत्पनामती।
1050	hindi_panchtan	वह भी बहुत बुद्धिमान थी और हमेशा अपनी बहनों को सही सलाह देती थी। सबसे छोटी मछली थी यद् भविष्या।
1051	hindi_panchtan	वह आलसी थी और उसे काम करना बिल्कुल पसंद नहीं था।
1052	hindi_panchtan	एक बार कुछ मछुआरे तालाब के पास आए और कहने लगे कि इस तालाब में बहुत मछलियाँ हैं। हम कल यहाँ जाल लेकर आएंगे।
1053	hindi_panchtan	बड़ी मछली ने सभी मछलियों को इकट्ठा कर लिया और सभी को तालाब छोड़कर दूसरे तालाब में जाने की सलाह दी।
1054	hindi_panchtan	लेकिन यदि भविष्या आलसी थी तो वह बोली कि तुम सब फालतू में घबरा रही हो। कहीं और जाने की ज़रूरत नहीं है।
1055	hindi_panchtan	मछुआरा आया भी तो यह ज़रूरी नहीं कि हम उसके जाल में फँस जाएँगे।
1056	hindi_panchtan	लेकिन उसकी दोनों बहनें उसकी बात नहीं मानती और अपने परिवार और कई मछलियों के साथ दूसरे तालाब में चली जाती हैं।
1057	hindi_panchtan	अगले दिन मछुआरा आता है और उसके जाल में यद् भविष्या अपने परिवार के साथ फंस जाती है।
1058	hindi_panchtan	इसीलिए कहते हैं कि भविष्य के लिए पहले से ही तैयारी कर लेनी चाहिए।
1059	hindi_panchtan	इस कहानी से हमें यह शिक्षा मिलती है कि हमें हमेशा भविष्य की योजनाएँ समझदारी से करनी चाहिए।
1060	hindi_panchtan	एक नदी के किनारे संकटा और विकटा नाम के दो हंस और कंभू ग्रीवा नाम का कछुआ रहते थे।
1061	hindi_panchtan	एक बार वहाँ सूखा पड़ा और सारी नदी सूख गई। पीने के लिए एक बूंद पानी भी नहीं बचा।
1062	hindi_panchtan	तीनों ने सोचा कि हमें किसी दूसरी जगह पानी की तलाश करनी चाहिए।
1063	hindi_panchtan	कछुआ बोला, मैं तो उड़ नहीं सकता, लेकिन अगर तुम दोनों एक मजबूत लकड़ी को पकड़ लो और मैं उसे अपने मुंह से बीच में पकड़ लूं,
1064	hindi_panchtan	तो हम तीनों एक साथ पानी की तलाश में कहीं और जा सकते हैं।
1065	hindi_panchtan	दोनों हंस बोले, वो तो ठीक है, लेकिन तुम बहुत बातूनी हो, इसलिए इस बात का विशेष ध्यान रखना कि तुम्हारी जुबान ना खुले।
1066	hindi_panchtan	नीचे बच्चे उन्हें देखकर ज़ोर ज़ोर से ताली बजाने लगते हैं।
1067	hindi_panchtan	कछुआ भूल जाता है कि वह अपने मुँह के सहारे ही लटका हुआ है।
1068	hindi_panchtan	वह यह जानना चाहता है कि बच्चे ताली क्यों बजा रहे हैं।
1069	hindi_panchtan	जैसे ही वह यह पूछने के लिए अपना मुँह खोलता है वैसे ही ज़मीन पर गिर जाता है।
1070	hindi_panchtan	वह इतनी जोर से गिरता है कि वहीं उसकी मौत हो जाती है।
1071	hindi_panchtan	इस कहानी से हमें यह शिक्षा मिलती है कि मित्रों के सुझाव पर हमेशा ध्यान देना चाहिए। बाराहसिंगा और उसकी सींग।
1072	hindi_panchtan	एक बार एक घने से जंगल में एक बाराह सिंहा रहता था। एक दिन वह पानी पीने के लिए पास के तालाब में गया।
1073	hindi_panchtan	वहीं तालाब में उसे अपनी परछाई दिखाई दी।
1074	hindi_panchtan	परछाई देख वह सोचने लगा कि उसके पैर कितने दुबले पतले से गंदे दिख रहे हैं जबकि उसकी सींगे कितनी सुंदर दिखती हैं।
1075	hindi_panchtan	वह यह सोच ही रहा था कि उसे शेर की दहाड़ सुनाई दी। वह बड़ी तेज़ी से भागा।
1076	hindi_panchtan	वह भागकर शेर की पहुँच से काफ़ी दूर चला गया। लेकिन तभी अचानक उसकी सींग पेड़ की डाली में फँस गई।
1077	hindi_panchtan	उसने अपनी सींगों को निकालने की बहुत कोशिश की लेकिन वह उन्हें निकाल नहीं पाया।
1078	hindi_panchtan	अब वह सोचने लगा कि मेरी पतली गंदी दिखने वाली टांगों ने तो मेरा इतना साथ दिया।
1079	hindi_panchtan	जबकि यह सुंदर सींग मेरे कोई काम नहीं आई। बारह सिंहा अपने सुंदर सींगों के कारण वहीं फँसा रहा।
1080	hindi_panchtan	और शेर वहाँ आया, उस पर झपटा और उसे मारकर खा लिया। इस कहानी से हमें यह शिक्षा मिलती है कि ज़रूरी नहीं कि सुंदर दिखने वाली चीज़ उपयोगी भी हो।
1081	hindi_panchtan	एक गाँव में एक बहुत बड़ा सांड रहता था। एक दिन वह पानी पीने के लिए तालाब के पास पहुँचा।
1082	hindi_panchtan	वहीं पर एक छोटा सा चूहा भी होता है। सांड का पैर चूहे की पूँछ पर पड़ जाता है।
1083	hindi_panchtan	चूहे को बहुत दर्द होता है।
1084	hindi_panchtan	वह सांड से बदला लेने के लिए उसकी पीठ पर कूदकर पहुँच जाता है और अपने दांतों से पीठ पर काटने लगता है।
1085	hindi_panchtan	काफ़ी देर तक वह ऐसा करता है लेकिन सांड को कोई फ़र्क नहीं पड़ता।
1086	hindi_panchtan	यह देखकर चूहा गुस्से में नीचे उतर आता है और सांड का रास्ता रोककर खड़ा हो जाता है।
1087	hindi_panchtan	सांड से चूहा कहता है कि उसने उसकी पूँछ को नष्ट कर दिया है।
1088	hindi_panchtan	चूहा उससे कहता है मैंने तुम्हारी पीठ पर इतना काटा लेकिन तुम्हें कोई फर्क नहीं पड़ा।
1089	hindi_panchtan	सांड कहता है कि उसे तो पता ही नहीं चला कि कब उसने चूहे की पूँछ पर पाँव रखा और कब चूहे ने उसकी पीठ को काटा।
1090	hindi_panchtan	चूहा समझ जाता है कि इतने बड़े जानवर से बहस करना बेवकूफ़ी है। वह दर्द से कराहता हुआ अपने घर चला आता है।
1091	hindi_panchtan	इस कहानी से हमें यह शिक्षा मिलती है कि मूर्ख लोगों के साथ बहस करने से कुछ हासिल नहीं होता।
1092	hindi_panchtan	कौए और उल्लू की दुश्मनी। बहुत समय पहले की बात है।
1093	hindi_panchtan	जंगल के सभी पक्षी गरुड़ को हटाकर नए पक्षी को राजा बनाना चाहते थे।
1094	hindi_panchtan	काफ़ी देर तक चर्चा हुई और फिर यह निष्कर्ष निकला कि उल्लू को उनका राजा बनाया जाए। अगले दिन राज्याभिषेक की तैयारियाँ होने लगीं।
1095	hindi_panchtan	कुछ देर बाद कौवों ने इस बात पर आपत्ति जताई और बोले उल्लू तो दिखने में घिनौना है।
1096	hindi_panchtan	वह राजा बनने के योग्य नहीं है। इससे अच्छा तो मोर या हंस को राजा बनाया जाए।
1097	hindi_panchtan	सभी पक्षी दोबारा सोचने पर मजबूर हो जाते हैं।
1098	hindi_panchtan	वहीं उल्लू इसी सोच में लगा रहता है कि राज्याभिषेक में इतनी देर क्यों हो रही है।
1099	hindi_panchtan	तभी उसका सेवक उसे आकर बताता है कि कौवों ने सभी पक्षियों को उनके खिलाफ भड़का दिया है।
1100	hindi_panchtan	उल्लू को बहुत गुस्सा आता है और फिर वह कौवों के पास जाकर उससे कहता है। आज से हम एक दूसरे के दुश्मन हुए।
1101	hindi_panchtan	हमसे सावधान रहना। कौवों को अपनी मूर्खता का एहसास होता है लेकिन तब तक बहुत देर हो चुकी होती है।
1102	hindi_panchtan	कौवों को अपनी मूर्खता का एहसास होता है लेकिन तब तक बहुत देर हो चुकी होती है।
1103	hindi_panchtan	इस कहानी से हमें यह शिक्षा मिलती है कि कुछ भी कहने या करने से पहले अच्छी तरह विचार करना चाहिए।
1104	hindi_panchtan	जंगल के बीच में एक बड़ा सा पीपल का पेड़ था।
1105	hindi_panchtan	उस पर चिड़िया का एक जोड़ा अपने दो बच्चों के साथ घोंसले में रहता था।
1106	hindi_panchtan	एक बार वे अपने बच्चों को घोंसले में छोड़कर दाना चुगने गए और काफ़ी देर तक नहीं आए।
1107	hindi_panchtan	वहीं एक हाथी पेड़ के नीचे आया और उसने अपनी भूख मिटाने के लिए पेड़ की एक डाली तोड़ ली।
1108	hindi_panchtan	डाली टूटते ही चिड़िया का घोंसला बिखर गया और बच्चे मर गए। जब उसके माता पिता ने यह देखा तो वह बहुत रोने लगे।
1109	hindi_panchtan	तभी वहाँ एक कटफोड़वा आया और सारी बात जानकर उन्हें एक मधुमक्खी के पास ले गया।
1110	hindi_panchtan	मधुमक्खी ने कहा हमें इस हाथी को सबक सिखाना चाहिए। वह बोली कि मैं इस हाथी के कान के पास मधुर गीत गाऊँगी।
1111	hindi_panchtan	हाथी उस गीत में खो जाएगा और अपनी आँखें बंद कर लेगा। तभी कटफोड़वा उसकी आँखें फोड़ देगा।
1112	hindi_panchtan	फिर वह बोली कि मैं उसे एक पेड़ की पत्तियों का रस आँखों में डालने को कहूँगी।
1113	hindi_panchtan	जब हाथी पेड़ को ढूंढने निकलेगा तब रास्ते में पानी से भरे हुए गड्ढे में गिर जाएगा और हमारा बदला पूरा हो जाएगा।
1114	hindi_panchtan	सभी योजना के अनुसार अपना कार्य करते हैं और हाथी उस बड़े से गड्ढे में गिर जाता है।
1115	hindi_panchtan	इसीलिए कहते हैं कि मिलजुलकर काम करने से बड़ी से बड़ी समस्या का समाधान हो सकता है। एक गाँव में चार मित्र रहते थे।
1116	hindi_panchtan	तीन मित्र काफ़ी ज्ञानी थे लेकिन उनमें व्यवहारिक ज्ञान नहीं था। जबकि एक में किताबी ज्ञान से ज़्यादा व्यावहारिक ज्ञान था।
1117	hindi_panchtan	एक बार चारों पैसा कमाने के इरादे से दूसरे शहर जाने लगे। रास्ते में एक घना जंगल था।
1118	hindi_panchtan	जंगल में एक पेड़ के नीचे उन्हें हड्डियों का ढेर दिखाई दिया। एक मित्र बोला लगता है कि ये शेर की हड्डियाँ हैं।
1119	hindi_panchtan	यही मौका है हमारे ज्ञान को परखने का।
1120	hindi_panchtan	यह कहकर पहला मित्र उन हड्डियों को जोड़कर उसे दोबारा शेर बनाने के लिए मंत्र जाप करने लगा। दूसरे मित्र ने उसमें चमड़ी, मांस व खून डालने के लिए मंत्र जाप शुरू कर दिया।
1121	hindi_panchtan	फिर जैसे ही तीसरा मित्र उसमें जीवन डालने के लिए मंत्र बोलने लगा।
1122	hindi_panchtan	तभी चौथा मित्र बोला अरे यह क्या कर रहे हो यह खतरनाक साबित हो सकता है।
1123	hindi_panchtan	तीनों मित्र चौथे मित्र पर हँसने लगे कि उसे कोई ज्ञान नहीं है। चौथा मित्र फट से पेड़ पर चढ़ गया।
1124	hindi_panchtan	मंत्र जाप खत्म होते ही हड्डियों का ढेर शेर में बदल गया।
1125	hindi_panchtan	शेर ज़ोर से दहाड़ा और फिर उसने उन तीनों मित्रों को मारकर खा लिया।
1126	hindi_panchtan	इस कहानी से हमें यह शिक्षा मिलती है कि व्यवहारिक ज्ञान के बिना कोई भी ज्ञान व्यर्थ है। सोमी लका एक जुलाहा।
1127	hindi_panchtan	बहुत समय पहले की बात है एक गाँव में सोमीलका नाम का जुलाहा रहता था।
1128	hindi_panchtan	वह कपड़ों की इतनी अच्छी बुनाई करता था कि स्वयं राजा भी उसकी प्रशंसा किया करते थे।
1129	hindi_panchtan	लेकिन इसके बावजूद भी वह स्वयं को बाकी जुलाहों की अपेक्षा निर्धन समझता था एक बार वह यही सोचकर कि उसके पास धन नहीं है आत्महत्या करने लगा।
1130	hindi_panchtan	तभी उसे आकाश से भगवान की आवाज़ सुनाई दी। भगवान बोले मैं तुम्हारी कड़ी मेहनत से बहुत प्रसन्न हूँ।
1131	hindi_panchtan	सोमीलका की धन की ज़िद को देख भगवान ने उससे कहा कि वह अपने गाँव जाए और वहाँ दो व्यापारियों से मिले।
1132	hindi_panchtan	एक व्यापारी को गुप्त धन और दूसरे को उपयोगी धन के रूप में जाना जाता है।
1133	hindi_panchtan	सोमी लका खुश होकर अपने गाँव जाता है और पहले गुप्त धन से मिलने पहुँचता है।
1134	hindi_panchtan	वह बहुत धनी होता है लेकिन वह सोमीलका के साथ अच्छे से पेश नहीं आता।
1135	hindi_panchtan	उसकी पत्नी भी टूटी हुई थाली में उसे खाना देती है और गिलास पटक कर चली जाती है।
1136	hindi_panchtan	वहाँ सभी उसका स्वागत करते हैं और स्वादिष्ट भोजन परोसते हैं। रात में सोमेलका के विश्राम की अच्छी व्यवस्था भी करते हैं।
1137	hindi_panchtan	अगली सुबह राजा के सेवक उपयोगी धन के यहाँ और धन लेकर आते हैं। यह सब देखकर सोमीलका सोचता है।
1138	hindi_panchtan	उपयोगी धन के पास गुप्त धन से कम धन था लेकिन फिर भी वह खुशी खुशी रह रहे थे।
1139	hindi_panchtan	सोमीलका की इच्छा पूरी हो जाती है भगवान उसे खूब सारा धन देते हैं और वह भी उपयोगी धन की तरह उसे सही जगह पर खर्च करके खुशी खुशी रहने लगता है।
1140	hindi_panchtan	इस कहानी से हमें यह शिक्षा मिलती है।
1141	hindi_panchtan	कि धन का प्रयोग उचित ढंग से करना चाहिए और ज़रूरत पड़ने पर उसका दान भी करना चाहिए।
1142	hindi_panchtan	एक बार वर्धमनका नाम का व्यापारी अपने दोनों बैल संजीविका और नंदका के साथ बैलगाड़ी पर मथुरा जा रहा था।
1143	hindi_panchtan	रास्ते में काफ़ी कीचड़ था। वहीं गड्ढे में संजीविका का पैर फंस गया।
1144	hindi_panchtan	व्यापारी ने काफ़ी देर तक उसे निकालने की कोशिश की,
1145	hindi_panchtan	फिर संजीविका को वहीं छोड़ वह आगे बढ़ गया। संजीविका ने स्वयं बहुत ज़ोर लगाकर अपने आप को वहाँ से निकाल लिया। अब वह जंगल में ही रहने लगा और खूब हरी हरी घास खाकर और स्वच्छ पानी पीकर स्वस्थ और बलवान हो गया।
1146	hindi_panchtan	गया उसके चिंघाड़ने की आवाज़ बिजली की गड़गड़ाहट के समान खूब दूर तक सुनाई देती थी।
1147	hindi_panchtan	उसी जंगल में पिंगलका नाम का शेर अपने दो मंत्रियों के साथ रहता था। दोनों सियार थे जिनका नाम दमनका और कर्तका था।
1148	hindi_panchtan	एक दिन शेर ने बैल की चिंघाड़ सुनी और वह डर गया। उसका मंत्री दमन का बैल को शेर के पास लेकर आया।
1149	hindi_panchtan	बैल शेर से कहता है कि उसे भगवान शिव ने भेजा है। यह सुनकर शेर बैल से मित्रता कर लेता है।
1150	hindi_panchtan	धीरे धीरे शेर भी धार्मिक हो जाता है और शिकार करना छोड़ देता है वह अपने राज्य की देखभाल भी नहीं करता।
1151	hindi_panchtan	यह देख दमनका दोनों को आपस में लड़वाने की योजना बनाता है।
1152	hindi_panchtan	वह शेर से कहता है कि बैल उसे मारकर जंगल का राजा बनना चाहता है।
1153	hindi_panchtan	और बैल से कहता है कि शेर उसे मारकर मांस को सभी जानवरों में बाँटने की योजना बना रहा है।
1154	hindi_panchtan	दमनका की बातों में आकर दोनों झगड़ने लगते हैं।
1155	hindi_panchtan	दोनों ही ताकतवर होते हैं लेकिन अंत में शेर अपने तीखे पंजों से वार कर बैल को मार देता है।
1156	hindi_panchtan	बाद में शेर को अपने मित्र की मौत का दुख होता है लेकिन दमनका कहता है कि वह बैल तो विश्वासघाती था।
1157	hindi_panchtan	शेर दमनका का विश्वास करते हुए उसे अपने राज्य का मुख्यमंत्री बना देते हैं।
1158	hindi_panchtan	इस कहानी से हमें यह शिक्षा मिलती है कि दुश्मन के साथ मित्रता नहीं करनी चाहिए। दंतिला और गोरंभा।
1159	hindi_panchtan	वर्धमाना नाम के शहर में दंतीला नाम का एक धनी व्यापारी रहता था। उसकी दोस्ती राजा से भी थी और आम नागरिक से भी।
1160	hindi_panchtan	दंतिला की बेटी बहुत सुंदर थी। उसने अपनी बेटी का विवाह करने की सोची और राजा दरबारी सभी जनता को आमंत्रित किया।
1161	hindi_panchtan	राजा के महल में गोरंभा नाम का सफाई कर्मचारी था।
1162	hindi_panchtan	वह भी शादी में आया और परिवार के सदस्यों के साथ वाली एक खाली कुर्सी पर बैठ गया।
1163	hindi_panchtan	जब दंतिला ने उसे वहाँ बैठा हुआ देखा तो उसे बहुत गुस्सा आया और उसने गोरंभा की गर्दन पकड़कर उसे धक्के मारकर बाहर निकाल दिया।
1164	hindi_panchtan	गोरंभा ने दंतिला से बदला लेने की ठानी। जब वह राजा के कमरे की सफाई कर रहा था।
1165	hindi_panchtan	तो वह नींद का नाटक करते हुए बोला। दंतिला रानी से प्रेम करता है। जब राजा ने यह सुना तो उसे बहुत गुस्सा आया।
1166	hindi_panchtan	और उसने दंतिला से सारे रिश्ते खत्म कर लिए। दंतिला को समझ नहीं आया कि राजा उसके साथ ऐसा बर्ताव क्यों कर रहे हैं।
1167	hindi_panchtan	एक दिन जब गोरंभा दंतिला के सामने आया तो वह उसे देख हँसने लगा।
1168	hindi_panchtan	दंतिला समझ गया और उसने गोरंभा से माफ़ी मांगकर उसे कई उपहार भी दिए।
1169	hindi_panchtan	अगले दिन गोरंभा जब राजा के कमरे की सफ़ाई कर रहा था।
1170	hindi_panchtan	तब वह नींद का नाटक करते हुए बोला राजा बहुत गंदे हैं वे तो शौचालय में खीरा खाते हैं।
1171	hindi_panchtan	जब राजा ने यह सुना तो वह समझ गए कि गोरंभा नींद में कुछ भी बड़बड़ाता है। उसका विश्वास नहीं किया जा सकता।
1172	hindi_panchtan	इस प्रकार राजा फिर से दंतिला को अपना मित्र बना लेते हैं।
1173	hindi_panchtan	इस कहानी से हमें यह शिक्षा मिलती है कि कोई भी छोटा या बड़ा नहीं होता। इसलिए किसी का भी अपमान नहीं करना चाहिए।
1174	hindi_panchtan	इंद्र का तोता और मृत्यु। स्वर्ग में सभी देवताओं की गोष्ठी चल रही थी। इंद्र देवता अपने सिंहासन पर बैठे थे।
1175	hindi_panchtan	उनका प्रिय तोता भी उनके साथ ही बैठा हुआ था। इंद्र देवता को अपना तोता बहुत प्रिय था।
1176	hindi_panchtan	थोड़ी देर बाद वहाँ यमराज प्रकट हुए और उस तोते को देखकर मुस्कुराने लगे। तोता उन्हें देखकर डर गया।
1177	hindi_panchtan	इंद्र देवता यमराज से प्रार्थना करने लगे कि वह तोते की जान बख्श दे।
1178	hindi_panchtan	यमराज कहते हैं कि उनका इस पर कोई नियंत्रण नहीं है। उन्हें भाग्य विधाता से बात करनी होगी।
1179	hindi_panchtan	इंद्र अब भाग्य विधाता से बात करते हैं लेकिन वह भी अपनी असमर्थता प्रकट करते हैं।
1180	hindi_panchtan	थोड़ी देर बाद तोते की मृत्यु हो जाती है। सभी देवता यह देखकर बहुत दुखी होते हैं।
1181	hindi_panchtan	इंद्र देवता स्वयं को दिलासा देते हुए समझ जाते हैं। कि जिसका जन्म हुआ है उसकी मृत्यु अवश्य होगी।
1182	hindi_panchtan	फिर चाहे वह राजा हो या फकीर। इस सत्य को झुठलाया नहीं जा सकता।
1183	hindi_panchtan	इस कहानी से हमें यह शिक्षा मिलती है कि जो भी इस दुनिया में जन्म लेता है उसकी मृत्यु अवश्य होती है।
1184	hindi_panchtan	मूर्ख और धोखेबाज ठग। बहुत समय पहले की बात है। एक गाँव में एक मूर्ख आदमी रहता था।
1185	hindi_panchtan	उसके पास एक घोड़ा और एक बकरी थी। उसने सोचा कि बकरी और घोड़े को बाजार में ले जाकर बेच देना चाहिए।
1186	hindi_panchtan	उसने एक धागा लिया और उसके एक सिरे में घंटी बांधकर उसे बकरी के गले में बांध दिया।
1187	hindi_panchtan	और दूसरा सिरा उसने घोड़े की पूँछ पर बांध दिया। वह घोड़े पर बैठ गया और पीछे पीछे बकरी चलती गई।
1188	hindi_panchtan	उन्होंने उसका घोड़ा और बकरी चुराने की योजना बनाई।
1189	hindi_panchtan	एक ठग ने पीछे से बकरी के गले की घंटी खोल दी और उसे घोड़े की पूंछ में बांध दी।
1190	hindi_panchtan	मूर्ख को घंटी सुनाई देती गई और उसे लगा कि पीछे बकरी है। तभी थोड़ी दूर चलने के बाद दूसरा ठग आया।
1191	hindi_panchtan	और उससे पूछने लगा कि पूँछ में घंटी क्यों बंधी है।
1192	hindi_panchtan	मूर्ख आदमी ने जब पीछे देखा कि बकरी तो है ही नहीं तो वह दुखी हो गया।
1193	hindi_panchtan	तभी एक तीसरा ठग आया और बोला कि उसने रास्ते में एक आदमी को बकरी ले जाते हुए देखा है।
1194	hindi_panchtan	वह बोला मुझे आप अपना घोड़ा दे दीजिए। मैं इस पर बैठकर उस आदमी का पीछा करूँगा और बकरी ले आऊँगा।
1195	hindi_panchtan	मूर्ख आदमी खुश होकर अपना घोड़ा उस धोखेबाज ठग को दे देता है।
1196	hindi_panchtan	वह बहुत देर तक उनके वापस लौटने का इंतज़ार करता है लेकिन कोई नहीं आता और वह सड़क के बीच बैठकर मदद के लिए रोने लगता है।
1197	hindi_panchtan	इस कहानी से हमें यह शिक्षा मिलती है कि मूर्ख लोगों के साथ संपत्ति ज़्यादा दिन तक नहीं टिकती। गरीब ब्राह्मण का सपना।
1198	hindi_panchtan	एक बार एक बहुत ही गरीब ब्राह्मण रहता था। उसका ना ही कोई रिश्तेदार था और ना ही कोई मित्र।
1199	hindi_panchtan	वह भिक्षा मांगकर अपना पेट भरता था। वह भिक्षा में मिले खाने को एक मिट्टी के बर्तन में रखा करता था।
1200	hindi_panchtan	एक दिन वह सो रहा था और उसका मिट्टी का बर्तन उसके बिस्तर के पास था।
1201	hindi_panchtan	उसने स्वप्न में देखा कि वह बहुत धनी हो गया है। उसने बहुत सारी गाय और भैंसें खरीद ली।
1202	hindi_panchtan	उनके बच्चे हुए और बहुत सारी गाय और भैंसे हो गईं। दूध मक्खन और घी को बेचकर वह और भी धनी हो गया।
1203	hindi_panchtan	फिर उसने बड़ा सा घर खरीद लिया और शादी कर ली। उसके बच्चे हुए और वो शैतानी करने लगे।
1204	hindi_panchtan	ब्राह्मण और स्वप्न देखने लगा कि वह बच्चों के पीछे भाग रहा है और उन्हें छड़ी से मार रहा है। सपना देखते देखते वह अपना पांव हिलाने लगा और वह मिट्टी का बर्तन टूट गया जिसमें उसने अपना खाना रखा था।
1205	hindi_panchtan	सारा खाना ज़मीन पर फैल गया यह सब दिन में स्वप्न देखने के कारण हुआ।
1206	hindi_panchtan	इस कहानी से हमें यह शिक्षा मिलती है कि किसी को भी ख्याली बुलाव नहीं बनाने चाहिए। ब्रह्मदत्ता केकड़ा और सांप।
1207	hindi_panchtan	एक बार एक गाँव में ब्रह्मदत्ता नाम का व्यक्ति रहता था। वह व्यापार के लिए शहर जाना चाहता था।
1208	hindi_panchtan	ब्रह्मदत्ता की माँ ने कहा बेटा तुम अकेले मत जाओ किसी को साथ लेकर जाओ।
1209	hindi_panchtan	अगर किसी मुसीबत में पड़ गए तो तुम्हें अपने साथी की मदद मिल जाएगी। ब्रह्मदत्ता बोला लेकिन माँ कौन चलेगा मेरे साथ।
1210	hindi_panchtan	और वैसे भी मैं जवान हूँ अपना ख्याल खुद रख सकता हूँ। मैंने कपूर के डिब्बे में एक केकड़ा रख दिया है।
1211	hindi_panchtan	वही तुम्हारा साथी है। ब्रह्मदत्ता अपनी माँ की भावनाओं की इज्जत करता था इसलिए वह केकड़े को अपने थैले में डालकर चल पड़ता है।
1212	hindi_panchtan	थोड़ी देर चलने के बाद वह बरगद के पेड़ के नीचे लेट जाता है। उसी पेड़ पर एक साँप रहता था।
1213	hindi_panchtan	वह साँप नीचे आता है और थैले में कपूर के डिब्बे के पास जाता है।
1214	hindi_panchtan	तभी केकड़ा उस साँप की गर्दन पकड़कर उसे मार देता है।
1215	hindi_panchtan	जब ब्रह्मदत्ता सोकर उठता है तो देखता है कि केकड़े ने साँप को मार दिया है।
1216	hindi_panchtan	तब उसे अपनी माँ की बात याद आती है कि अकेले यात्रा नहीं करनी चाहिए। किसी को साथ लेकर अवश्य चलना चाहिए।
1217	hindi_panchtan	इस कहानी से हमें यह शिक्षा मिलती है कि किसी अपरिचित स्थान पर साथी के साथ जाना चाहिए। चोर, राक्षस और ब्राह्मण।
1218	hindi_panchtan	बहुत समय पहले की बात है एक गाँव में एक गरीब ब्राह्मण रहता था।
1219	hindi_panchtan	एक अमीर किसान ने उस गरीब ब्राह्मण को एक गाय भेंट की।
1220	hindi_panchtan	ब्राह्मण भिक्षा मांगता और उससे जो भी मिलता उसे गाय को खिलाकर स्वयं खाता। इस तरह वह गाय मोटी और स्वस्थ हो गई।
1221	hindi_panchtan	एक चोर ने सोचा कि क्यों ना इस गाय को चुरा लिया जाए। वह ब्राह्मण के घर की ओर चल पड़ा।
1222	hindi_panchtan	रास्ते में उसे एक भीमकाय दानव मिला। वह दानव बोला कि उसका नाम महाराक्षस है। और वह आज ब्राह्मण को खाने जा रहा है।
1223	hindi_panchtan	चोर उसे बता देता है कि वह गाय को चुराने जा रहा है। दोनों साथ साथ ब्राह्मण के घर पहुँचते हैं।
1224	hindi_panchtan	चोर कहता है कि पहले वो गाय को चुराएगा। लेकिन राक्षस कहता है कि वह पहले ब्राह्मण को खाएगा।
1225	hindi_panchtan	इसी बात पर दोनों बहस करने लगते हैं। दोनों के झगड़े की आवाज़ से ब्राह्मण जग जाता है और सब कुछ समझ जाता है।
1226	hindi_panchtan	ब्राह्मण मंत्र का जाप करने लगता है। मंत्र के जाप से राक्षस वहीं भस्म हो जाता है।
1227	hindi_panchtan	फिर वह ब्राह्मण एक लाठी लेकर चोर की जमकर पिटाई करता है।
1228	hindi_panchtan	इस तरह वह ब्राह्मण स्वयं को राक्षस और चोर दोनों से बचा लेता है।
1229	hindi_panchtan	इस कहानी से हमें यह शिक्षा मिलती है कि दो लोगों के बीच झगड़े से तीसरे को हमेशा फायदा होता है।
1230	hindi_panchtan	एक जंगल में सुनहरे रंग की एक बकरी रहती थी। वह दिखने में खच्चर जितनी बड़ी थी और सांड जैसी ताकतवर।
1231	hindi_panchtan	उसके दो नुकीले सींग भी थे। उसके सुनहरे बाल सूर्य की रोशनी में जलती हुई अग्नि के समान लगते थे।
1232	hindi_panchtan	शेर और बाघ भी इस बकरी से डरते थे।
1233	hindi_panchtan	एक बार शेर ने देखा कि यह बकरी तो किसान के बगीचे में फल सब्जियां और घास खा रही है।
1234	hindi_panchtan	किसान बकरी को देख लेता है और उसे छड़ी से खूब मारता है।
1235	hindi_panchtan	शेर सोचता है कि यह घास फूस खाने वाला जानवर मुझसे ज़्यादा ताकतवर नहीं हो सकता।
1236	hindi_panchtan	जैसे ही वह बकरी उस किसान के बगीचे से बाहर आती है।
1237	hindi_panchtan	तो वह शेर उस पर झपट पड़ता है और उसे मारकर खा लेता है।
1238	hindi_panchtan	इस कहानी से हमें यह शिक्षा मिलती है कि हमें अपनी विशेषता और खानपान की आदत को गुप्त रखना चाहिए।
1239	hindi_panchtan	एक गाँव के बाहर एक बड़ा सा पीपल का पेड़ था।
1240	hindi_panchtan	उसी पेड़ के नीचे एक बड़ा सा बिल था जिसमें एक काला साँप रहता था।
1241	hindi_panchtan	वह साँप कौए के अंडे और बच्चे सभी को खा लेता था। कौवा बहुत दुखी होकर अपने मित्र लोमड़ी के पास पहुंचा।
1242	hindi_panchtan	लोमड़ी ने कौवे से कहा कि जब महल में रानी स्नान करने जाए तब तुम उसके हीरे वाले आभूषण लाकर साँप के बिल में डाल देना।
1243	hindi_panchtan	जब सेवक उस बिल में आभूषण को देखेंगे तो वे उस साँप को मार देंगे।
1244	hindi_panchtan	कौआ यह योजना सुनकर खुश हो जाता है और अगले दिन रानी के आभूषण लेकर उड़ जाता है।
1245	hindi_panchtan	रानी के सेवक तलवार लिए कौवे का पीछा करते हैं। कौआ बिल में आभूषण रख देता है।
1246	hindi_panchtan	सेवक साँप को देखकर डर जाते हैं और सोचते हैं कि इसे मारे बिना तो हम आभूषण ले नहीं पाएंगे।
1247	hindi_panchtan	इस प्रकार सेवक तलवार से साँप को मार देते हैं और आभूषण लेकर महल लौट जाते हैं।
1248	hindi_panchtan	कौआ लोमड़ी का धन्यवाद करता है और खुशी खुशी पीपल के पेड़ पर जीवन व्यतीत करता है।
1249	hindi_panchtan	इस कहानी से हमें यह शिक्षा मिलती है कि बुद्धिमानी ताकत से ज़्यादा महान होती है।
1250	hindi_panchtan	एक शहर में एक व्यापारी रहता था वह अधेड़ उम्र का था और उसकी पत्नी की मौत हो चुकी थी।
1251	hindi_panchtan	वह दोबारा शादी करना चाहता था लेकिन कोई भी लड़की उससे शादी नहीं करना चाहती थी।
1252	hindi_panchtan	फिर उस व्यापारी ने एक गरीब को पैसे दिए और उसकी बेटी से विवाह कर लिया। व्यापारी की पत्नी कम उम्र की थी, इसलिए वह अपने पति से प्यार नहीं करती थी।
1253	hindi_panchtan	एक दिन रात में उनके घर चोर आया। चोर को देखकर व्यापारी की पत्नी डरकर अपने पति के गले लग गई।
1254	hindi_panchtan	व्यापारी ने चोर से कहा कि तुम्हारा बहुत बहुत धन्यवाद। तुम्हारी वजह से मेरी पत्नी आज पहली बार मेरे गले लगी है।
1255	hindi_panchtan	तुम जो चाहो ले जा सकते हो।
1256	hindi_panchtan	चोर हंसते हुए कहता है मुझे कुछ नहीं चाहिए लेकिन जब भी आप दोनों में झगड़ा या अनबन हो जाए तो मुझे बुला लेना।
1257	hindi_panchtan	मुझे देखकर आपकी पत्नी फिर आपके गले लग जाएगी।
1258	hindi_panchtan	इस तरह वह व्यापारी अपनी पत्नी के साथ खुशी खुशी रहने लगता है और उसकी पत्नी भी उसे प्यार करने लगती है।
1259	hindi_panchtan	इस कहानी से हमें यह शिक्षा मिलती है कि कई बार बुरे लोग भी हमारे काम आते हैं। गाँव और शहर का चूहा।
1260	hindi_panchtan	एक गाँव में एक चूहा रहता था उसका एक मित्र शहर में रहता था।
1261	hindi_panchtan	गाँव के चूहे ने शहर के चूहे को आमंत्रित किया और उसका खूब सत्कार किया।
1262	hindi_panchtan	लेकिन फिर भी शहर के चूहे को गाँव के चूहे की ज़िंदगी पसंद नहीं आई।
1263	hindi_panchtan	वह बोला कि शहर में तो मैं ठाठ से रहता हूँ। शहर का चूहा गाँव के चूहे को शहर आने का निमंत्रण देता है।
1264	hindi_panchtan	गाँव का चूहा शहर पहुँचता है और देखता है कि उसका मित्र तो एक बड़े से हॉल में रहता है जहाँ शादी जैसे अन्य उत्सवों का आयोजन होता है।
1265	hindi_panchtan	शहर का चूहा कहता है देखा मित्र मैं यहाँ अच्छे अच्छे पकवान खाता हूँ। और जगह भी कितनी बड़ी है।
1266	hindi_panchtan	तभी उन्हें कुछ कुत्तों के भौंकने की आवाज़ आती है। और उस hall में कुछ नर्तकी बड़े बड़े कुत्ते लेकर आती है।
1267	hindi_panchtan	दोनों चूहे डर के मारे कोने में छिप जाते हैं।
1268	hindi_panchtan	कुछ देर बाद जब नर्तकी कुत्तों को लेकर चली जाती हैं तब दोनों चूहे डरते डरते बाहर आते हैं।
1269	hindi_panchtan	गाँव का चूहा कहता है इससे अच्छा तो मेरा गाँव है। कम से कम मैं वहाँ बिना डर के कहीं भी घूम सकता हूँ।
1270	hindi_panchtan	वह अपने मित्र का धन्यवाद कर वापस गाँव लौट जाता है।
1271	hindi_panchtan	इस कहानी से हमें यह शिक्षा मिलती है कि एक बात हमेशा याद रखें कि हम अपनी जगह पर ही सुरक्षित होते हैं किसी और शहर में नहीं।
1272	hindi_panchtan	भेड़िया और सारस। एक बार एक घने जंगल में एक चालाक और लालची भेड़िया रहता था।
1273	hindi_panchtan	एक दिन वह रात में भोजन खा रहा था कि तभी उसके गले में हड्डी फँस गई।
1274	hindi_panchtan	उसने हड्डी को निकालने की बहुत कोशिश की लेकिन निकाल नहीं पाया। भेड़िये को बहुत दर्द हो रहा था।
1275	hindi_panchtan	तभी उसे ख्याल आया कि पास के तालाब किनारे एक सारस रहता है।
1276	hindi_panchtan	वह सारस के पास गया और बोला कृपया मेरे गले की हड्डी निकाल दो तुम जो मांगोगे मैं तुम्हें दूँगा।
1277	hindi_panchtan	सारस ने भेड़िये के मुँह में अपनी चोंच और सिर अंदर तक डाला और हड्डी बाहर निकाल दी।
1278	hindi_panchtan	सारस बोला अब मुझे मेरी fees दे दो।
1279	hindi_panchtan	भेड़िया बोला कैसी फीस तुमने अपना सिर मेरे मुँह में डाला और मैंने उसे सुरक्षित बाहर निकलने दिया।
1280	hindi_panchtan	तुम इसी में शुक्र मनाओ अब चले जाओ यहाँ से वरना मैं तुम्हें मारकर खा जाऊँगा।
1281	hindi_panchtan	इस कहानी से हमें यह शिक्षा मिलती है कि दुष्ट लोगों से हमेशा सावधान रहना चाहिए। बहुत समय पहले की बात है।
1282	hindi_panchtan	एक घने जंगल में एक भेड़िया रहता था।
1283	hindi_panchtan	मेमना भी वहीं थोड़ी दूर पर पानी पी रहा था चालाक भेड़िया अपने मन में मेमने पर हमला करने की योजना बनाने लगा।
1284	hindi_panchtan	भेड़िया जोर से मेमने पर चिल्लाया कि वह पानी को गंदा कर रहा है।
1285	hindi_panchtan	मेमना बोला पानी की धारा तो तुम्हारी ओर से मेरी ओर बह रही है तो भला मैं इसे कैसे गंदा कर सकता हूँ।
1286	hindi_panchtan	भेड़िए ने फिर दूसरी चाल सोची वह बोला। तुमने एक साल पहले मुझे गाली देकर मेरा अपमान किया था। अब मैं तुम्हें नहीं छोड़ूँगा।
1287	hindi_panchtan	मेमना काँपते हुए बोला एक साल पहले तो मेरा जन्म भी नहीं हुआ था।
1288	hindi_panchtan	भेड़िया जोर से चिल्लाया चुप हो जाओ मूर्ख अगर तुम नहीं थे तो पक्का तुम्हारे पिता ने मुझे गाली दी थी।
1289	hindi_panchtan	मेमना काँपते हुए बोला मैं अपने पिता की गलती की आपसे क्षमा मांगता हूँ।
1290	hindi_panchtan	भेड़िया बोला तुम पहले हो जो अपनी गलती मानकर बहस कर रहे हो। अब मैं तुम्हें और तुम्हारे परिवार को अच्छा सबक सिखाऊँगा।
1291	hindi_panchtan	यह कहकर भेड़िया मेमने पर झपट पड़ा और उसके टुकड़े टुकड़े करके उसे खा लिया।
1292	hindi_panchtan	इस कहानी से हमें यह शिक्षा मिलती है कि दुष्ट व्यक्ति को अपना उल्लू सीधा करने के लिए कोई भी बहाना चाहिए।
1293	hindi_panchtan	दो मछली और एक मेंढक। एक तालाब में सता बुद्धि और सहरस बुद्धि नाम की दो मछलियाँ रहती थीं।
1294	hindi_panchtan	वहीं एक बुद्धि नाम का एक मेंढक भी रहता था। एक दिन वे तालाब के किनारे बातें कर रहे थे।
1295	hindi_panchtan	तभी वहाँ कुछ मछुआरे आए वे आपस में कह रहे थे वे आपस में कह रहे थे कि इस तालाब में काफ़ी मछलियाँ हैं कल हम यहाँ जाल लेकर आएँगे।
1296	hindi_panchtan	मेंढक दोनों मछलियों से कहता है हमें फौरन यह तालाब छोड़ देना चाहिए। कल यहाँ ये मछुआरे आएंगे और हमें पकड़ लेंगे।
1297	hindi_panchtan	मछलियाँ हंसते हुए कहती हैं, तुम चिंता मत करो। वे कल नहीं आएंगे और अगर आए भी तो हम तैरकर दूर चले जाएंगे।
1298	hindi_panchtan	मेंढक अपने परिवार को लेकर दूसरे तालाब में चला जाता है। लेकिन मछलियाँ वहीं रह जाती हैं।
1299	hindi_panchtan	अगले दिन मछुआरे आते हैं और बड़ा सा जाल लाते हैं। जिसमें सारी मछलियाँ फँस जाती हैं।
1300	hindi_panchtan	मेंढक और उसकी पत्नी जब जाल में फंसे हुए अपने दोनों मित्रों को देखते हैं तो उन्हें बहुत दुख होता है।
1301	hindi_panchtan	इस कहानी से हमें यह शिक्षा मिलती है कि दोस्तों के सुझाव को अनसुना नहीं करना चाहिए।
1302	hindi_panchtan	एक बार एक बड़े से तालाब के पास एक हंस रहता था। हंस वहाँ खुशी खुशी रहता था।
1303	hindi_panchtan	कुछ दिनों बाद वहाँ एक उल्लू आया।
1304	hindi_panchtan	हंस बोला कि यह जगह बहुत शांत है और गर्मियों के दिनों में इस तालाब का पानी सूख जाता है।
1305	hindi_panchtan	उल्लू बोला कोई बात नहीं मुझे शांत जगह पसंद है। इस तरह हंस और उल्लू दोनों मित्र बन जाते हैं।
1306	hindi_panchtan	फिर गर्मियों के दिन आते हैं और तालाब सूख जाता है।
1307	hindi_panchtan	उल्लू हंस से कहता है कि वह अब बड़ी नदी के पास एक पेड़ है वहीं जाकर रहेगा।
1308	hindi_panchtan	हंस कहता है ठीक है मित्र मैं अब यहाँ पास में एक और तालाब है वहाँ जाऊँगा।
1309	hindi_panchtan	जब वह भी सूख जाएगा तब मैं तुम्हारे पास आऊँगा।
1310	hindi_panchtan	कुछ दिनों बाद जब दूसरा तालाब भी सूख जाता है तब वह हंस उल्लू के पास जाता है।
1311	hindi_panchtan	दोनों वहाँ आराम से रहने लगते हैं।
1312	hindi_panchtan	फिर एक दिन रात में कुछ यात्री वहाँ से गुज़र रहे होते हैं कि उल्लू अपनी बोली में होहल्ला करने लगता है।
1313	hindi_panchtan	यात्रियों को लगता है कि यह एक अशुभ संकेत है। यही सोचकर एक यात्री उल्लू पर तीर छोड़ता है।
1314	hindi_panchtan	और उल्लू तो अंधेरे में तीर देख लेता है और वहाँ से भाग जाता है।
1315	hindi_panchtan	लेकिन वह तीर सीधा जाकर हंस को लग जाता है और हंस की वहीं मौत हो जाती है।
1316	hindi_panchtan	इस कहानी से हमें यह शिक्षा मिलती है कि दोस्ती उनसे ही करें जो स्वयं जैसे हों।
1317	hindi_panchtan	बहुत समय पहले की बात है एक जंगल में चार गाय थी। वे हमेशा साथ साथ रहा करती थी।
1318	hindi_panchtan	इसी वजह से शेर उन पर हमला करने की हिम्मत कभी भी नहीं जुटा पाता था एक बार उन चारों गाय में झगड़ा हो गया और वे अलग अलग चरने के लिए जंगल में निकलीं।
1319	hindi_panchtan	शेर इसी मौके के इंतज़ार में था वह झाड़ी के पीछे छिप गया।
1320	hindi_panchtan	जैसे ही उसने गाय को अकेले देखा वह उस पर झपट पड़ा और उसे मारकर खा लिया।
1321	hindi_panchtan	इस तरह शेर ने चारों गाय को मार दिया। जब तक चारों गाय साथ में मिलजुलकर रहती थीं सुरक्षित थीं।
1322	hindi_panchtan	इसीलिए कहते हैं कि एकता में ही शक्ति है। बिल्ली के गले की घंटी। एक पनसारी की दुकान पर बहुत सारे चूहे थे।
1323	hindi_panchtan	चूहे रोज़ गेहूँ दाल चावल बिस्किट और दुकान की सारी चीज़ें खाते थे। इस तरह चूहे अनाज खा खाकर मोटे और तगड़े हो गए।
1324	hindi_panchtan	एक दिन दुकानदार ने सोचा कि इस तरह तो मेरी दुकान का बहुत नुकसान हो रहा है। यह सोचकर वह एक बिल्ली लेकर आया।
1325	hindi_panchtan	बिल्ली रोज़ चूहे खाने लगी। चूहों ने अपनी एक गोष्ठी बुलाई और सोचने लगे कि इस बिल्ली से कैसे छुटकारा पाया जाए।
1326	hindi_panchtan	तभी एक चूहा बोला कि क्यों ना बिल्ली के गले में एक घंटी बांध दी जाए।
1327	hindi_panchtan	जब बिल्ली हमारे पास आएगी तब घंटी बजेगी और हमें पता चल जाएगा कि बिल्ली है और हम छिप जाएंगे।
1328	hindi_panchtan	सभी चूहे खुशी में नाचने। बहुत समय पहले एक शहर में चित्रंगा नाम का कुत्ता रहता था।
1329	hindi_panchtan	एक बार वहाँ अकाल पड़ा और भोजन ना मिलने के कारण कई जानवर मरने लगे।
1330	hindi_panchtan	चित्रांगा भोजन और पानी की तलाश में पड़ोसी राज्य में चला गया।
1331	hindi_panchtan	वहाँ उसने देखा कि एक महिला दरवाज़ा बंद किए बिना ही कहीं चली गई है।
1332	hindi_panchtan	चित्रांगा रसोई में गया और उसने पेट भरकर खूब खाना खाया। इस तरह वह रोज़ वहाँ जमकर भोजन खाता।
1333	hindi_panchtan	लेकिन जैसे ही वह घर से बाहर निकलता तो गली के कुत्ते उसका पीछा करते और उसके पूरे शरीर को जगह जगह काट लेते।
1334	hindi_panchtan	चित्रांगा बहुत परेशान हो गया और उसने सोचा कि इससे अच्छा तो मैं अपने शहर ही लौट जाऊँ अकाल है तो क्या हुआ कम से कम शांति से तो रह सकूँगा।
1335	hindi_panchtan	चित्रांगा वापस अपने शहर लौट आया।
1336	hindi_panchtan	चित्रांगा के साथी और रिश्तेदार उससे पड़ोसी राज्य के बारे में पूछने लगे तब वह बोला वहाँ गृहिणी दरवाज़ा खुला ही छोड़ देती हैं।
1337	hindi_panchtan	इसलिए वहाँ भोजन आसानी से मिल जाता है। लेकिन वहाँ अपने साथी और रिश्तेदार हमें काट काट कर मारने की कोशिश करते रहते हैं।
1338	hindi_panchtan	इस कहानी से हमें यह शिक्षा मिलती है कि हम अपने राष्ट्र में सबसे ज़्यादा सुरक्षित हैं।
1339	hindi_panchtan	एक चिड़िया अपने सुंदर से घोंसले में पेड़ पर रहा करती थी।
1340	hindi_panchtan	वह दिन में दाना चुगने जाया करती थी और शाम को वापस दाना लेकर घोसले में लौट आया करती थी।
1341	hindi_panchtan	एक बार बहुत ज़ोरों की बारिश हुई और चिड़िया को रात भर कहीं और ही रुकना पड़ा।
1342	hindi_panchtan	जब वह सुबह आई तो उसने देखा कि उसके घर में खरगोश घुसा हुआ है।
1343	hindi_panchtan	खरगोश बोला अब यह मेरा घर है तुम यहाँ से चली जाओ।
1344	hindi_panchtan	चिड़िया कहती है यह मेरा घर है और तुम कौन होते हो यह फैसला सुनाने वाले।
1345	hindi_panchtan	हमें किसी बुद्धिमान से इसका फैसला करवाना चाहिए कि यह घर अब किसका है। थोड़ी दूर पर एक बिल्ली उनकी बातें सुन रही थी।
1346	hindi_panchtan	उसने सोचा कि क्यों ना इस मौके का फायदा उठाया जाए। वह तुरंत जल में डुबकी लगाकर ज़ोर ज़ोर से मंत्र जाप करने लगी।
1347	hindi_panchtan	चिड़िया और खरगोश ने सोचा कि यह बिल्ली विद्वान और पुजारी लगती है। दोनों अपनी समस्या लेकर बिल्ली के पास पहुँचे।
1348	hindi_panchtan	बिल्ली थोड़ी देर तक अच्छी बातें करती रही और सही मौका पाकर फट से दोनों पर झपट पड़ी।
1349	hindi_panchtan	उसने बड़े मजे से दोनों को स्वाद लेकर खा लिया।
1350	hindi_panchtan	इस कहानी से हमें यह शिक्षा मिलती है कि छोटी सी बात पर झगड़ा करने से बड़ी मुसीबत आ सकती है।
1351	hindi_panchtan	एक तालाब के पास मंडविष्या नाम का भूरे रंग का साँप रहता था।
1352	hindi_panchtan	साँप बूढ़ा और कमजोर हो चुका था इसलिए वह अपना शिकार नहीं कर पाता था।
1353	hindi_panchtan	एक बार उसने मेंढकों को फँसाने की एक योजना बनाई। वह तालाब के बाहर बहुत ही बीमार होने का नाटक करने लगा।
1354	hindi_panchtan	मेंढकों का राजा तालाब से बाहर आया और उसे साँप की स्थिति देखकर दया आने लगी। साँप बोला,
1355	hindi_panchtan	मैंने गलती से एक पंडित के बेटे को काट लिया था जिस वजह से उसकी मौत हो गई।
1356	hindi_panchtan	पंडित ने अब मुझे श्राप दे दिया है कि मैं अब मेंढकों की सेवा करूँ और मेंढक जो भी खाने में दें वही खाऊँ।
1357	hindi_panchtan	मेंढक का राजा और मंत्री यह सुनकर खुश हो जाते हैं कई मेंढक सांप की पीठ पर बैठकर पूरे तालाब की सैर करते हैं।
1358	hindi_panchtan	एक दो दिन साँप उन्हें अपनी पीठ पर बैठाकर पूरे तालाब की सैर करवाता है।
1359	hindi_panchtan	फिर अगले दिन साँप मेंढक के राजा से कहता है मैं अब और तैर नहीं सकता मुझे बहुत भूख लगी है।
1360	hindi_panchtan	मेंढक का राजा उसे कुछ मेंढक खाने की आज्ञा दे देता है। धीरे धीरे सारे मेंढकों को खा जाता है।
1361	hindi_panchtan	अब बस एक राजा मेंढक ही बचता है।
1362	hindi_panchtan	साँप कहता है मुझे बहुत भूख लगी है और तालाब में अब मेंढक भी नहीं बचे हैं।
1363	hindi_panchtan	इसलिए मुझे माफ़ कर देना मैं अब तुम्हें खाऊँगा। यह कहकर साँप धीरे धीरे राजा मेंढक को भी खा जाता है।
1364	hindi_panchtan	इस कहानी से हमें यह शिक्षा मिलती है कि दुश्मन पर कभी भी विश्वास नहीं करना चाहिए। बिल्ली चूहा और शिकारी।
1365	hindi_panchtan	एक बार एक बड़े से बरगद के पेड़ पर एक उल्लू रहता था। उसी पेड़ पर एक चूहा बिल्ली और नेवला भी रहता था।
1366	hindi_panchtan	उल्लू को बिल्ली से डर लगता था और चूहे को बिल्ली नेवले और उल्लू से डर लगता था।
1367	hindi_panchtan	सभी को एक दूसरे से डर लगता था। फिर भी सभी एक ही पेड़ पर रहते थे।
1368	hindi_panchtan	एक बार एक शिकारी आया और उसने वहाँ एक जाल बिछाया। बिल्ली बाहर आई और जाल में फँस गई।
1369	hindi_panchtan	यह देखकर चूहा खुशी से जाल के चारों तरफ नाचने लगा।
1370	hindi_panchtan	तभी उल्लू और नेवला चूहे के बिल के पास आ गए और चूहे को देखने लगे।
1371	hindi_panchtan	चूहा डर गया और सोचने लगा कि यदि मैं बिल की तरफ़ गया तो ये मुझे खा जाएँगे।
1372	hindi_panchtan	इससे अच्छा है कि मैं भी जाल में ही फंस जाऊँ। यही सोचकर चूहा जाल में फंस गया।
1373	hindi_panchtan	और बिल्ली से बोला तुम मुझे मत मारो मैं इस जाल को कुतर दूँगा और फिर हम दोनों बच जाएँगे।
1374	hindi_panchtan	इस तरह चूहा जाल को कुतर देता है और दोनों बच जाते हैं।
1375	hindi_panchtan	अगले दिन बिल्ली चूहे से मिलने आती है लेकिन चूहा मिलने से मना कर देता है और कहता है।
1376	hindi_panchtan	दुश्मन कभी दोस्त नहीं बन सकते दोस्ती जैसी दूसरी चीज़ें अस्थायी हैं।
1377	hindi_panchtan	इस कहानी से हमें यह शिक्षा मिलती है कि दुश्मन से दोस्ती अस्थायी ही होनी चाहिए।
1378	hindi_panchtan	बहुत समय पहले की बात है एक गाँव में मित्रा शर्मा नाम का एक ब्राह्मण रहता था।
1379	hindi_panchtan	एक बार उसके पिता ने उससे कहा कि वह शहर जाकर पशु मेले से एक स्वस्थ बकरी लेकर आए ताकि वह प्राचीन हिंदू संस्कार के अनुसार उसकी बलि चढ़ा सके।
1380	hindi_panchtan	मित्रा शर्मा पशु मेले में गया और उसने एक अच्छी सी बकरी खरीद ली और उसे कंधे पर लटकाकर आगे निकल पड़ा।
1381	hindi_panchtan	वहीं तीन ठग खड़े थे और उनकी नज़र मित्रा शर्मा पर पड़ी उन्होंने सोचा कि यदि यह बकरी मिल जाए तो हमारे आज के भोजन का इंतज़ाम हो जाए।
1382	hindi_panchtan	तीनों ठग ने आपस में एक योजना बनाई और तीनों थोड़ी थोड़ी दूर पर रास्ते में छिप गए।
1383	hindi_panchtan	जब मित्रा शर्मा एक एकांत रास्ते से गुज़र रहा था। तब पहला ठग आया और बोला।
1384	hindi_panchtan	कि ये क्या तुम तो कुत्ते को लटकाए हुए हो? मित्रा शर्मा बोला तुम्हें दिखाई नहीं देता यह बकरी है कुत्ता नहीं।
1385	hindi_panchtan	थोड़ी दूर चलने के बाद दूसरा ठग आया और बोला। तुम तो मरे हुए बछड़े को कंधे पर लटकाए हुए हो।
1386	hindi_panchtan	थोड़ी देर बाद तीसरा ठग आया और बोला, अरे भाई ये क्या? तुम तो गधे को कंधों पर लटकाए हुए हो।
1387	hindi_panchtan	तीनों ठग की बातें सुनकर मित्रा शर्मा सोचने लगा कि कहीं मेरे कंधों पर कोई भूत तो नहीं है।
1388	hindi_panchtan	यह पक्का भूत ही है तभी तो बार बार अपना भेष बदल रहा है।
1389	hindi_panchtan	यह सोचकर मित्रा शर्मा डर जाता है और बकरी को वहीं छोड़कर भाग जाता है।
1390	hindi_panchtan	तीनों ठग बकरी को ले लेते हैं और खुशी खुशी उसे। और खुशी खुशी उसे पकाकर अपना पेट भरते हैं।
1391	hindi_panchtan	एक गाँव में हरिदत्ता नाम का गरीब ब्राह्मण रहता था। उसका एक छोटा सा खेत था।
1392	hindi_panchtan	कड़ी मेहनत के बावजूद भी उसकी फसल अच्छी नहीं होती थी। एक दिन वह थक कर बरगद के पेड़ के नीचे सो गया।
1393	hindi_panchtan	जब उसकी नींद खुली तो उसने वहाँ नाग देवता कोबरा को देखा। वह डर गया और जल्दी से एक कटोरे में दूध लाया और नाग देवता से अपनी स्मृति की प्रार्थना करने लगा।
1394	hindi_panchtan	नाग देवता बोले मैं तुम्हारी सारी इच्छाएँ पूरी करूँगा। बस तुम रोज़ एक कटोरा दूध मुझे देना।
1395	hindi_panchtan	जैसे वह नाग वापस अपने बिल में गया, ब्राह्मण ने देखा कि वहाँ एक सोने का सिक्का पड़ा है।
1396	hindi_panchtan	इस तरह वह ब्राह्मण रोज़ दूध लेकर आता और रोज़ उसे सोने के सिक्के मिलते। इस तरह वह किसान अमीर बन गया।
1397	hindi_panchtan	एक बार वह शहर के बाहर फलों और सब्जियों के बीज लेने गया। उसने अपने बेटे को साँप को दूध पिलाने की ज़िम्मेदारी सौंपी।
1398	hindi_panchtan	जब बेटे ने देखा कि साँप तो दूध पीने के बाद सोने का सिक्का देता है तब उसने सोचा कि इसके पेट में कितने सारे सिक्के होंगे।
1399	hindi_panchtan	यह सोचकर वह अगले दिन कुल्हाड़ी लेकर आया और उसने उस साँप को मार दिया।
1400	hindi_panchtan	जब उसने उसके पेट को काट कर देखा तो वहाँ एक भी सिक्का नहीं था।
1401	hindi_panchtan	कुछ दिनों बाद जब ब्राह्मण लौटा तो वह नाग देवता को मरा हुआ देखकर अपने बेटे पर बहुत गुस्सा हुआ।
1402	hindi_panchtan	वह बोला अब हमें कभी भी सोने का सिक्का नहीं मिलेगा। अच्छा होगा कि तुम मेरी नज़रों से दूर हो जाओ।
1403	hindi_panchtan	इस कहानी से हमें यह शिक्षा मिलती है कि बिना सोचे विचारे काम करने से कुछ भी हासिल नहीं होता।
1404	hindi_panchtan	ब्राह्मण और हीरे एक बार एक चालाक ब्राह्मण गाँव में रहता था।
1405	hindi_panchtan	वह दिन में पूजा करता था और रात में यात्रियों को अपनी मीठी बातों से बहला फुसलाकर उनका धन लूट लिया करता था।
1406	hindi_panchtan	एक बार दूसरे शहर से कुछ व्यापारी आए।
1407	hindi_panchtan	उन्होंने अपना सब कुछ बेचकर छह बड़े हीरे खरीदे और उन्हें चोरों से बचाने के लिए उसे निगल गए।
1408	hindi_panchtan	ब्राह्मण को इस बात का पता चल गया और वह व्यापारियों के पास पहुंचा और उन्हें धर्म की बातों से प्रभावित करने लगा। व्यापारियों को ब्राह्मण पर विश्वास हो गया।
1409	hindi_panchtan	व्यापारी और ब्राह्मण दूसरे शहर जाने लगे। बीच में जंगल आया और कौवे उन्हें देखकर ज़ोर ज़ोर से काऊँ काऊँ करने लगे।
1410	hindi_panchtan	कौवों की आवाज़ सुनकर आदिवासी वहाँ आ गए और उन्हें पता चल गया कि इनके पास पक्का धन है ब्राह्मण ने सोचा कि यदि इन आदिवासियों को एक भी व्यापारी के पेट में से हीरा मिल गया तो वह पक्का हीरे के लिए मुझे भी मार देंगे।
1411	hindi_panchtan	उसे लगा कि किसी भी स्थिति में मरना तो पक्का ही है। ब्राह्मण आदिवासियों से बोला कि पहले आप मुझे मार दें।
1412	hindi_panchtan	यदि मेरे पेट में हीरा मिले तो सबको मार देना।
1413	hindi_panchtan	यदि नहीं मिले तो समझ जाना कि हीरा किसी के भी पेट में नहीं है।
1414	hindi_panchtan	आदिवासी ब्राह्मण को मार देते हैं और हीरा नहीं मिलने के कारण बाकी व्यापारियों को भी छोड़ देते हैं।
1415	hindi_panchtan	इस कहानी से हमें यह शिक्षा मिलती है कि दूसरों के लिए स्वयं की कुर्बानी देना महान कर्म है।
1416	hindi_panchtan	बहुत समय पहले एक बड़े से बरगद के पेड़ पर एक अजीब सा पक्षी रहता था।
1417	hindi_panchtan	एक दिन उस पक्षी ने नदी के किनारे सेब का फल देखा। उसने अपने जीवन में ऐसा फल पहले कभी नहीं देखा था।
1418	hindi_panchtan	जैसे ही वह पक्षी सेब को खाने लगा तभी दूसरा सिर बोला कि मैं भी यह फल खाना चाहता हूँ।
1419	hindi_panchtan	एकst सिर बोला कि तू यह फल खाकर क्या करेगा?
1420	hindi_panchtan	तू खाए या मैं खाऊँ बात तो एक ही है हमारा पेट तो एक ही है ना।
1421	hindi_panchtan	यह कहकर पहला सिर वह सेब खा लेता है।
1422	hindi_panchtan	दूसरा सिर एक ज़हरीला फल देखता है और पहले सिर से बदला लेने के लिए उसे खाने लगता है।
1423	hindi_panchtan	पहला सिर कहता है कि यह तुम क्या कर रहे हो इसे मत खाओ।
1424	hindi_panchtan	दूसरा सिर उसकी बात नहीं मानता और वह ज़हरीला फल खा लेता है। फल खाते ही दोनों की मौत हो जाती है।
1425	hindi_panchtan	इस कहानी से हमें यह शिक्षा मिलती है कि परिवार के सदस्यों को आपस में कभी भी झगड़ना नहीं चाहिए।
1426	hindi_panchtan	चमगादड़ एक बार जानवरों और पक्षियों के बीच युद्ध छिड़ जाता है पक्षी जानवरों को चोंच मार मार कर उड़ जाया करते थे।
1427	hindi_panchtan	जिससे कि जानवर बड़े ही परेशान रहते थे। वहीं चमगादड़ भी रहा करते थे लेकिन वे किसी का साथ नहीं देते थे।
1428	hindi_panchtan	एक बार चमगादड़ों ने सोचा कि हम तो पक्षी भी हैं और जानवर भी। इसलिए हमें उन्हीं का साथ देना चाहिए जो जीतेंगे।
1429	hindi_panchtan	फिर से पक्षियों और जानवरों में लड़ाई होती है और पक्षी जीत जाते हैं। चमगादड़ पक्षियों के साथ हो जाते हैं।
1430	hindi_panchtan	अगली बार फिर युद्ध होता है और इस बार जानवर जीत जाते हैं।
1431	hindi_panchtan	अब चमगादड़ जानवरों के साथ हो जाते हैं। लगातार युद्ध से तंग आकर पक्षी और जानवर आपस में समझौता कर लेते हैं कि अब से वे युद्ध नहीं करेंगे और मिलजुलकर रहेंगे।
1432	hindi_panchtan	चमगादड़ आते हैं और कहते हैं कि हम भी साथ में मिलजुलकर रहेंगे।
1433	hindi_panchtan	पक्षी और जानवर समझ जाते हैं कि ये चमगादड़ किसी के भी सगे नहीं हैं और वे चमगादड़ों को भगा देते हैं।
1434	hindi_panchtan	चमगादड़ों को शर्मिंदगी महसूस होती है और वे छिप जाते हैं और तभी बाहर निकलते हैं जब पक्षी या जानवर बाहर नहीं होते।
1435	hindi_panchtan	इस कहानी से हमें यह शिक्षा मिलती है कि चापलूसी करने वाले मित्रों से हमेशा दूर रहना चाहिए। भालू और गोलू मोलू।
1436	hindi_panchtan	गोलू और मोलू बहुत ही घनिष्ठ मित्र थे। वे हमेशा साथ साथ रहा करते थे। गोलू पतला था और मोलू मोटा था।
1437	hindi_panchtan	एक बार उनके किसी मित्र ने उन्हें अपनी बहन की शादी में आने का निमंत्रण भेजा।
1438	hindi_panchtan	दोनों मित्र चल पड़े और जंगल में उन्हें एक भालू दिखाई दिया। भालू को देखते ही गोलू फट से पेड़ पर चढ़कर छिप गया।
1439	hindi_panchtan	मोलू मोटा था इसलिए वह पेड़ पर चढ़ नहीं पाया। तभी उसने अपने दिमाग का इस्तेमाल किया और वह सांस रोककर लेट गया।
1440	hindi_panchtan	भालू मोलू के पास आया और उसे सूंघने लगा। भालू को लगा कि मोलू मर चुका है।
1441	hindi_panchtan	चूँकि भालू मृत इंसान को नहीं खाते इसलिए वह मोलू को सूंघकर वापस चला गया।
1442	hindi_panchtan	गोलू पेड़ से उतरकर बोला तुम ठीक हो ना मोलू उस भालू ने तुमसे क्या कहा।
1443	hindi_panchtan	मोलू बोला कि तुम मेरे मित्र कहलाने के लायक नहीं हो। भालू ने भी मुझसे यही कहा।
1444	hindi_panchtan	गोलू बहुत शर्मिंदा होता है लेकिन मोलू उससे अपनी मित्रता तोड़ देता है इस कहानी से हमें यह शिक्षा मिलती है कि मुसीबत में काम आने वाला मित्र ही वास्तव में सच्चा मित्र है।
1445	hindi_panchtan	राजा नंदा और वरा रुचि। एक बार नंदा नाम के राजा हुआ करते थे। वे बड़े ही बहादुर थे।
1446	hindi_panchtan	पड़ोसी राज्यों के राजा भी उनका बहुत सम्मान करते थे। राजा का एक मंत्री था वरारुचि। उसे राजनीति और संस्कृत का बहुत ज्ञान था।
1447	hindi_panchtan	एक बार उसकी पत्नी उससे गुस्सा हो गई और बोली कि यदि तुम अपना सिर मुंडवा कर मेरे पैरों पर गिर कर क्षमा मांगोगे तभी मैं तुमसे बात करूंगी।
1448	hindi_panchtan	वरा रुचि अपनी पत्नी से बहुत प्यार करता था। इसलिए उसने वैसा ही किया।
1449	hindi_panchtan	एक दिन राजा की पत्नी भी राजा से गुस्सा हो गई और वह बोली कि मैं चाहती हूँ कि तुम घोड़ा बनो,
1450	hindi_panchtan	मैं तुम्हारे मुंह में लगाम भी डालूँगी और तुम्हें घोड़े की तरह हिनहिनाना भी पड़ेगा।
1451	hindi_panchtan	इसलिए उन्होंने भी वैसा ही किया।
1452	hindi_panchtan	जैसा उसकी पत्नी चाहती थी राजा भी अपनी पत्नी से बहुत प्यार करता था इसलिए उन्होंने भी वैसा ही किया जैसे उनकी पत्नी चाहती थी।
1453	hindi_panchtan	अगले दिन जब दरबार में वराह रुचि आया, तो राजा उसे देखकर हंसने लगे और बोले, अरे, ये अचानक तुमने अपना सिर क्यों मुंडवा लिया? क्या कारण है?
1454	hindi_panchtan	वरा रुचि हसते हुए बोला महाराज वही कारण है जिस वजह से आप कल हिनहिना रहे थे।
1455	hindi_panchtan	राजा यह सुनकर कुछ बोले बिना हंसने लगते हैं।
1456	hindi_panchtan	इस कहानी से हमें यह शिक्षा मिलती है कि हम जिसे चाहते हैं उसके लिए कुछ भी कर सकते हैं। दुष्ट औरत और भेड़िया।
1457	hindi_panchtan	एक गाँव में एक बढ़ई रहता था वह बहुत ही शांत और अच्छे स्वभाव का था लेकिन उसकी पत्नी बहुत ही दुष्ट थी।
1458	hindi_panchtan	और उसका चरित्र भी खराब था। वह उम्र में बड़े होने के कारण अपने पति से बिल्कुल भी प्यार नहीं करती थी।
1459	hindi_panchtan	एक बार एक चोर ने उस औरत से झूठे प्यार का नाटक किया और उससे कहा कि तुम सारा धन लेकर आ जाओ हम इस शहर को छोड़कर कहीं बाहर चले जाएँगे।
1460	hindi_panchtan	वह औरत सारा धन और महंगे कपड़े पहनकर उस चोर के साथ चल देती है।
1461	hindi_panchtan	बीच में एक नदी आती है, तो वह चोर कहता है कि मैं पहले तैर कर यह सारा धन और तुम्हारे महंगे कपड़े उस पार छोड़ देता हूँ,
1462	hindi_panchtan	फिर आकर तुम्हें ले जाऊँगा। वह औरत अपना सारा धन और अपने महंगे कपड़े उस चोर को दे देती है।
1463	hindi_panchtan	चोर सब लेकर चला जाता है और वापस नहीं आता। अब औरत बिना कपड़ों के ही वहीं बैठकर उसका इंतजार करती है।
1464	hindi_panchtan	तभी उसे एक भेड़िया दिखाई देता है। उसके मुँह में मांस का एक टुकड़ा होता है।
1465	hindi_panchtan	भेड़िये की नज़र नदी के किनारे कुछ मछलियों पर पड़ती है।
1466	hindi_panchtan	वह मांस का टुकड़ा वहीं छोड़कर मछलियों को खाने के लिए नदी के पास जाता है।
1467	hindi_panchtan	लेकिन तब तक मछलियाँ वापस नदी के अंदर चली जाती हैं और उसका मांस का टुकड़ा भी कुत्ते ले जाते हैं। यह देखकर औरत भेड़िये से कहती है कि अब ना तो तुम्हारे पास मांस का टुकड़ा है और ना ही मछली,
1468	hindi_panchtan	अब तुम्हारा क्या होगा? यह सुनकर भेड़िया कहता है कि तुम मुझ पर क्या हंस रही हो तुम्हारे पास ना तो पति है ना प्रेमी ना धन और ना ही वस्त्र तुम्हारा कोई ठिकाना नहीं है तुम्हारी स्थिति तो मुझसे भी दयनीय है।
1469	hindi_panchtan	यह कहकर भेड़िया हँसते हुए उस औरत को वहीं छोड़कर चला जाता है।
1470	hindi_panchtan	इस कहानी से हमें यह शिक्षा मिलती है कि बुरे कर्मों का फल बुरा ही होता है। राजा चंद्रा और बंदरों का मुखिया।
1471	hindi_panchtan	चंद्रा नाम के राजा के महल के चारों तरफ़ एक सुंदर बगीचा था। वहाँ कई पक्षी और बंदर रहते थे।
1472	hindi_panchtan	राजा के पास एक बकरी भी थी जिसके साथ उसके बेटे खेला करते थे। बकरी के शरीर पर लंबे लंबे ऊन जैसे बाल थे।
1473	hindi_panchtan	क्योंकि बकरी राजा को प्रिय थी इसलिए वह कहीं भी घुमा करती थी और कोई उसे मना नहीं कर पाता था।
1474	hindi_panchtan	वह अक्सर शाही रसोई में भी जाया करती थी। और रसोइए गुस्से में उसे गरम सलाखों से कभी कभी मार भी दिया करते थे।
1475	hindi_panchtan	बंदर के मुखिया ने एक दिन रसोइयों को ऐसा करते हुए देखा और फिर उसने सोचा कि ऐसे तो कभी ना कभी इस बकरी को आग लग सकती है।
1476	hindi_panchtan	फिर वह उस आग को बुझाने के लिए अस्तबल के घास पर लेटेगी इससे पूरे अस्तबल में आग लग जाएगी और फिर घोड़ों को भी आग लग जाएगी।
1477	hindi_panchtan	और यदि ऐसा हुआ तो राजा बंदरों के मांस से घोड़ों को ठीक करेंगे।
1478	hindi_panchtan	यह सोचकर वह डर गया और उसने सभी बंदरों से महल छोड़कर दूर चलने को कहा। लेकिन किसी ने उसकी बात नहीं मानी।
1479	hindi_panchtan	बंदर का मुखिया महल छोड़कर चला गया।
1480	hindi_panchtan	कुछ दिनों बाद जैसा बंदर के मुखिया ने सोचा था वैसा ही हुआ और सभी बंदरों को उनके मांस के लिए मार दिया गया।
1481	hindi_panchtan	जब बंदर के मुखिया को यह पता चला। तो उसने राजा से बदला लेने की ठानी।
1482	hindi_panchtan	वह एक दिन तालाब में पानी पीने गया तो उसने देखा कि वहाँ तालाब की ओर जाने वाले पैर के निशान हैं लेकिन लौटने के नहीं।
1483	hindi_panchtan	बंदर यह सोच ही रहा था कि उस तालाब में से एक काला राक्षस निकला और बोला।
1484	hindi_panchtan	बंदर तुम पहले हो जो इस तालाब में नहीं घुसे इसलिए तुम जो चाहो वह मांग सकते हो।
1485	hindi_panchtan	बंदर ने राक्षस के गले का चमचमाता सुंदर हार मांग लिया। बंदर वह हार लेकर राजा के पास गया और बोला।
1486	hindi_panchtan	तालाब में जो नहाकर डुबकी लगाएगा उसे ऐसे ही आभूषण मिलेंगे। राजा अपने परिवार और कई सेवकों को लेकर तालाब में जाता है।
1487	hindi_panchtan	बंदर राजा से कहता है कि आप अंत में जाना क्योंकि आप राजा हो। और आपको कुछ खास आभूषण मिलेंगे।
1488	hindi_panchtan	कई देर हो जाती है और राजा के सेवक बाहर नहीं आते।
1489	hindi_panchtan	यह देखकर बंदर कहता है कि तालाब के राक्षस ने उन्हें मार दिया है। जैसे आपने मेरे साथी बंदरों को मारा था।
1490	hindi_panchtan	मैंने आपको इसलिए नहीं मरवाया क्योंकि आप मेरे मालिक हैं। अब मेरा बदला पूरा हुआ।
1491	hindi_panchtan	और वैसे भी यह कहा जाता है कि दुष्टों के साथ दुष्टता करना कोई पाप या अपराध नहीं होता।
1492	hindi_panchtan	राजा यह सुनकर बहुत दुखी हो जाते हैं और दुखी मन से वापस महल लौट जाते हैं।
1493	hindi_panchtan	एक बार हवा और सूरज में बहस छिड़ जाती है कि दोनों में से ताकतवर कौन है।
1494	hindi_panchtan	फिर दोनों इस निष्कर्ष पर पहुँचते हैं कि उन्हें अपनी ताकत का किसी पर प्रयोग कर साबित करना होगा।
1495	hindi_panchtan	तभी उन्हें नीचे एक यात्री जाता हुआ दिखाई देता है जिसने एक jacket पहना होता है।
1496	hindi_panchtan	सूरज हवा से कहता है कि हम दोनों इस आदमी पर अपनी ताक़त आज़माएँगे और जो भी इसके jacket को निकलवाने में कामयाब होगा वही ताक़तवर है।
1497	hindi_panchtan	सूरज छिप जाता है और हवा अपना पूरा ज़ोर लगा देती है।
1498	hindi_panchtan	लेकिन जैसे जैसे हवा तेज़ चलती है वैसे वैसे वह अपने jacket को और कस लेता है।
1499	hindi_panchtan	हवा थक जाती है और फिर सूरज की बारी आती है। सूरज बहुत तेज़ चमकता है और खूब गर्मी करता है।
1500	hindi_panchtan	धीरे धीरे गर्मी बढ़ती जाती है। यात्री को बहुत गर्मी लगती है और वह अपना jacket उतार देता है।
1501	hindi_panchtan	फिर वह एक छायादार पेड़ के नीचे बैठ जाता है और स्वयं को पंखा करने लगता है।
1502	hindi_panchtan	इस प्रकार सूरज यह साबित कर देता है कि वह हवा से ताकतवर है इस कहानी से हमें यह शिक्षा मिलती है कि बल की बजाय समझाने बुझाने से कार्य आसानी से सिद्ध हो जाते हैं।
1503	hindi_panchtan	एक घने जंगल में दो बड़े से बरगद के पेड़ थे। दोनों पेड़ पास-पास थे। इसलिए एक ही लगते थे।
1504	hindi_panchtan	उसी पेड़ में एक बिल था जिसमें एक काला साँप रहता था।
1505	hindi_panchtan	वह साप रोज़ बाहर आता था और सारस के बच्चों को खा जाता था। सारस उस सांप से बहुत दुखी थे।
1506	hindi_panchtan	एक बार सारस नदी के किनारे ज़ोर ज़ोर से रो रहा था। तभी वहाँ एक केकड़ा आया और उसने उनसे रोने का कारण पूछा।
1507	hindi_panchtan	सारस ने बताया कि पेड़ पर एक सांप है जो उनके बच्चे को खा जाता है। केकड़े ने मन में सोचा कि यह सारस भी तो हम केकड़ों और हमारे बच्चों को खा जाते हैं।
1508	hindi_panchtan	यही सही मौका है इन्हें सबक सिखाने का केकड़ा बोला कि यहीं पास में एक नेवला रहता है उसके घर से साँप के बिल तक मछली के टुकड़े डाल दो।
1509	hindi_panchtan	आगे तो तुम जानते ही हो कि क्या होगा। सारस खुश हो जाते हैं और वैसा ही करते हैं।
1510	hindi_panchtan	नेवला मछली के टुकड़े खाते खाते साँप तक पहुँच जाता है फिर वह साँप को भी मारकर खा लेता है और धीरे धीरे वह सारस के सभी बच्चों को भी खा लेता है खूब सारे सारस के बच्चे खाकर नेवला बहुत मोटा और आलसी हो जाता है वह एक दिन पेड़ पर लेटा होता है कि तभी फिसल जाता है।
