idx	source	text
1	gemini	आज मी तुम्हाला पक्ष्यांना रंग कसे मिळाले याची एक सुंदर गोष्ट सांगणार आहे. खूप खूप वर्षांपूर्वीची ही गोष्ट आहे.
2	gemini	त्या वेळी सगळे पक्षी एकाच रंगाचे होते. सगळ्यांचे पंख फिकट राखाडी रंगाचे दिसायचे. कोणताही पक्षी दुसऱ्यापेक्षा वेगळा दिसत नव्हता.
3	gemini	एके दिवशी भगवान गणेशांनी सर्व पक्ष्यांना बोलावले.
4	gemini	गणेश म्हणाले, "उद्या सकाळी सगळ्यांनी माझ्याकडे यायचे." "मी प्रत्येकाला सुंदर रंग देणार आहे." हे ऐकून सगळे पक्षी खूप आनंदी झाले.
5	gemini	दुसऱ्या दिवशी सकाळी सगळे पक्षी रांगेत उभे राहिले. सर्वात आधी मोर आला. गणेशांनी त्याच्या पंखांवर सुंदर निळे आणि हिरवे रंग भरले.
6	gemini	मोर आनंदाने नाचू लागला. नंतर पोपट आला. त्याला हिरवागार रंग आणि लाल चोच मिळाली. चिमणी आली. तिला सुंदर तपकिरी आणि पांढरे रंग मिळाले.
7	gemini	खंड्या पक्ष्याला निळसर रंग मिळाला. बुलबुलला काळे आणि लाल रंग मिळाले. सूर्यपक्ष्याला चमकदार जांभळे रंग मिळाले. प्रत्येक पक्षी आनंदाने उडू लागला.
8	gemini	पण कावळा अजूनही आला नव्हता. तो वाटेत मित्रांशी गप्पा मारत बसला होता. त्याला वेळेचे अजिबात भान राहिले नाही. शेवटी तो धावत धावत गणेशांकडे आला.
9	gemini	तो दमून म्हणाला, "मला माफ करा." "मला थोडा उशीर झाला." गणेश प्रेमाने हसले.
10	gemini	ते म्हणाले, "तू उशिरा आलास." "आता रंग जवळजवळ संपले आहेत." भांड्यात फक्त काळा रंग उरला होता. गणेशांनी तोच रंग कावळ्याच्या पंखांवर लावला.
11	gemini	कावळा थोडासा दुःखी झाला. गणेश त्याला म्हणाले, "रंगाने नाही, तर गुणांनी माणूस आणि पक्षी मोठा होतो." "तुझा आवाज आणि तुझी बुद्धी तुला खास बनवेल." हे ऐकून कावळाही हसला.
12	gemini	त्या दिवसापासून प्रत्येक पक्ष्याचा रंग वेगळा झाला. मोर रंगीबेरंगी झाला. पोपट हिरवा झाला. चिमणी तपकिरी झाली. आणि कावळा काळा झाला.
13	gemini	मुलांनो, या गोष्टीतून आपण काय शिकलो? आपले सौंदर्य फक्त रंगात नसते. आपले चांगले गुणच आपली खरी ओळख असतात.
14	gemini	एकदा एका मोठ्या जंगलात एक बलवान सिंह राहत होता. तो जंगलाचा राजा होता. एका दुपारी उन्हं खूप कडक होती.
15	gemini	सिंह एका मोठ्या झाडाखाली आरामात झोपला होता. घोर... घोर... घोर... तेवढ्यात एक छोटासा उंदीर तिथून पळत पळत गेला. चूं... चूं... चूं...
16	gemini	खेळता खेळता तो चुकून सिंहाच्या अंगावर चढला. सिंहाला अचानक जाग आली. "गुर्र्र्र... कोण आहे तिथे?" सिंह जोरात गर्जला. त्याने आपल्या मोठ्या पंजात उंदराला पकडलं.
17	gemini	उंदीर घाबरून थरथर कापू लागला. तो म्हणाला-"महाराज, कृपा करा! मला सोडा. माझ्याकडून चूक झाली." सिंह मोठ्याने हसू लागला- "हा... हा... हा...
18	gemini	हा...!" "अरे छोट्या उंदरा, तू इतका लहान! तू माझ्या काय उपयोगी पडणार?" उंदीर नम्रपणे म्हणाला-"महाराज, आज मी लहान आहे.
19	gemini	पण कदाचित एक दिवस मी तुमच्या उपयोगी पडेन." सिंह पुन्हा हसला- "हा... हा... हा... बरं, जा.
20	gemini	आज मी तुला माफ करतो." असं म्हणत सिंहाने उंदराला सोडून दिलं. काही दिवसांनी जंगलात शिकारी आले. त्यांनी सिंहाला पकडण्यासाठी एक मोठं जाळं लावलं.
21	gemini	फिरता फिरता सिंह त्या जाळ्यात अडकला-गुर्र्र्र! वाचवा! मला सोडा!" सिंहाने खूप प्रयत्न केले-धडाम! धपाक! गुर्र्र्र! पण जाळं अधिकच घट्ट होत गेलं. सिंह निराश झाला.
22	gemini	तेवढ्यात उंदराच्या कानावर सिंहाची गर्जना पडली. "अरे! हा तर जंगलाच्या राजाचा आवाज आहे!" उंदीर धावत धावत तिथे पोहोचला.
23	gemini	त्याने पाहिलं की सिंह जाळ्यात अडकला आहे. उंदीर म्हणाला-"महाराज, घाबरू नका. मी आलो आहे." सिंह आश्चर्याने म्हणाला- "तू?
24	gemini	इतका छोटासा उंदीर?" उंदीर हसत म्हणाला-"हो महाराज! आता माझी वेळ आहे." तो लगेच जाळं कुरतडू लागला. कुर्र... कुर्र... कुर्र...थोड्या वेळाने जाळं तुटलं.
25	gemini	सिंहाची सुटका झाली. सिंहाने प्रेमाने उंदराकडे पाहिलं.
26	gemini	तो म्हणाला-"मित्रा, आज तू माझे प्राण वाचवलेस." "मी तुझी थट्टा केली होती, पण तू खरंच माझ्या उपयोगी पडलास." उंदीर नम्रपणे म्हणाला- "मित्रांनी एकमेकांना मदत करायची असते." सिंह हसला- "हा हा हा!
27	gemini	अगदी बरोबर बोललास." दोघेही आनंदाने जंगलात निघून गेले. मुलांनो, या गोष्टीतून आपण काय शिकलो? कोणालाही लहान समजू नये.
28	gemini	कारण कधी कधी लहान मित्रही मोठ्या संकटात मदतीला धावून येतात. आणि हो...मित्रांची थट्टा करण्याऐवजी त्यांच्यावर विश्वास ठेवायला हवा.
29	gemini	आता सांगा बरं, तुम्हाला सिंह जास्त आवडला की हुशार उंदीर?
30	gemini	आज मी तुम्हाला कबूतर आणि मुंगीची सुंदर गोष्ट सांगणार आहे. एकदा एका मुंगीला खूप तहान लागली. ती नदीकाठी पाणी प्यायला गेली.
31	gemini	पण तिचा तोल गेला. मुंगी नदीच्या पाण्यात पडली. ती बुडू लागली. "वाचवा! वाचवा!" मुंगी ओरडली- "Help! Help!" हे एका झाडावर बसलेल्या कबुतराने पाहिले.
32	gemini	कबुतराला मुंगीची खूप दया आली. त्याने झाडाचे एक पान तोडले. ते पान त्याने मुंगीजवळ पाण्यात टाकले. मुंगी पटकन त्या पानावर चढली.
33	gemini	थोड्याच वेळात ती सुरक्षितपणे किनाऱ्यावर आली.
34	gemini	मुंगी म्हणाली, "कबुतर दादा, तुमचे खूप खूप आभार." कबुतर हसून म्हणाले, "मित्रांनी एकमेकांना मदत करायची असते." काही दिवसांनी एक पारधी तिथे आला.
35	gemini	त्याने कबुतराला पाहिले. त्याने आपला धनुष्यबाण तयार केला. तो कबुतरावर नेम धरू लागला. हे मुंगीने पाहिले. मुंगी पटकन पारध्याजवळ धावत गेली.
36	gemini	तिने पारध्याच्या पायाला जोरात चावा घेतला. "अरे!" पारधी वेदनेने ओरडला. त्याचा नेम चुकला. कबुतर लगेच आकाशात उडून गेले. कबुतराने मुंगीकडे पाहून हसत मान हलवली.
37	gemini	मुलांनो, या गोष्टीतून आपण काय शिकलो? चांगले काम कधीच वाया जात नाही. संकटाच्या वेळी मदत करणारा खरा मित्र असतो.
38	gemini	बाल हनुमान आणि लाल सूर्य आज मी तुम्हाला बाल हनुमानाची एक मजेशीर गोष्ट सांगणार आहे. लहानपणी हनुमान खूप खोडकर होता.
39	gemini	तो दिवसभर जंगलात उड्या मारत, झाडांवर चढत आणि मित्रांसोबत खेळत असे. एके सकाळी त्याने आकाशात एक मोठा लाल गोल पाहिला.
40	gemini	हनुमान आनंदाने म्हणाला, "अरे वा! किती मोठं लाल फळ!" त्याला वाटलं, आज तर खूप गोड फळ खायला मिळणार.
41	gemini	असं म्हणत त्याने एक मोठी उडी मारली. फुर्र... फुर्र... तो ढगांच्या वर उडू लागला. पक्षी आश्चर्याने म्हणाले, "अरे!
42	gemini	हनुमान कुठे चाललाय?" पण हनुमान थांबलाच नाही. तो सरळ सूर्याच्या दिशेने उडत राहिला.
43	gemini	सूर्यदेव हसून म्हणाले, "बाळा, मी फळ नाही." हनुमान म्हणाला, "पण तुम्ही अगदी पिकलेल्या फळासारखे दिसता!" हे पाहून देव घाबरले. "अरे बापरे!
44	gemini	आता काय करायचं?" ते म्हणाले. इंद्रदेव ऐरावतावर बसून तिथे आले. त्यांनी हनुमानाला थांबवण्याचा प्रयत्न केला. पण हनुमान अजूनही सूर्याजवळ जात होता.
45	gemini	शेवटी इंद्रदेवांनी आपला वज्र सोडला. धाड! हनुमान खाली पडला. हे पाहून वायुदेव खूप दुःखी झाले. त्यांनी आपल्या बाळाला अलगद उचलून घेतले.
46	gemini	सगळे देव तिथे जमा झाले. त्यांना आपल्या चुकीची जाणीव झाली. प्रत्येक देवाने हनुमानाला एक सुंदर वरदान दिले. कोणी त्याला अतुलनीय शक्ती दिली.
47	gemini	कोणी वेग दिला. कोणी बुद्धी दिली. कोणी धैर्य दिले. थोड्याच वेळात हनुमान पुन्हा उठला.
48	gemini	तो हसत म्हणाला, "मी आता अगदी ठणठणीत आहे!" सगळ्यांनी सुटकेचा नि:श्वास सोडला. त्या दिवसापासून हनुमान अधिक शहाणा आणि अधिक पराक्रमी झाला.
49	gemini	मोठा झाल्यावर तो प्रभू श्रीरामांचा सर्वात विश्वासू भक्त बनला. मुलांनो, या गोष्टीतून आपण काय शिकलो?
50	gemini	धैर्य खूप महत्त्वाचे आहे, पण त्याबरोबर समजूतदारपणाही तितकाच महत्त्वाचा असतो. आणि आपल्या शक्तीचा उपयोग नेहमी चांगल्या कामासाठीच करावा.
51	gemini	बाल गणेश आणि मोदक आज मी तुम्हाला बाल गणेशाची एक गोड गोष्ट सांगणार आहे. लहानपणी गणेश खूप हुशार आणि खूप खोडकर होता.
52	gemini	त्याला खेळायलाही आवडायचं आणि नवीन नवीन गोष्टी शिकायलाही आवडायचं. पण त्याला सगळ्यात जास्त आवडायचे ते गरमागरम मोदक.
53	gemini	एके दिवशी आई पार्वतीने खूप छान मोदक बनवले. संपूर्ण घरभर मोदकांचा गोड सुगंध दरवळत होता. गणेशाने स्वयंपाकघरात डोकावून पाहिले.
54	gemini	तो आनंदाने म्हणाला, "आई, मला एक मोदक मिळेल का?" पार्वती हसून म्हणाली, "अजून नाही बाळा.
55	gemini	आधी देवाची पूजा होऊ दे." गणेशाने मान हलवली, पण त्याच्या नजरा मात्र मोदकांकडेच होत्या. थोड्या वेळाने आई दुसऱ्या कामात गुंतली. गणेश हळूच स्वयंपाकघरात गेला.
56	gemini	त्याने एक छोटासा मोदक उचलला. इतक्यात आई मागून म्हणाली, "गणेशा!" गणेश दचकला. त्याच्या हातातून मोदक खाली पडला.
57	gemini	गणेश म्हणाला, "आई, मला खूप भूक लागली होती." पार्वती प्रेमाने हसली. ती म्हणाली, "भूक लागली असेल तर सांगायचं.
58	gemini	चोरून काही घ्यायचं नसतं." गणेशाने लगेच आईची माफी मागितली. पूजा झाल्यावर पार्वतीने गणेशाला भरपूर मोदक खायला दिले.
59	gemini	गणेश आनंदाने म्हणाला, "आई, तुझ्या हातच्या मोदकांची चवच वेगळी आहे." मुलांनो, या गोष्टीतून आपण काय शिकलो? आई-वडिलांचं ऐकावं आणि कोणतीही गोष्ट लपूनछपून करू नये.
60	gemini	बाल कृष्ण आणि लोणी आज मी तुम्हाला बाल कृष्णाची एक मजेशीर गोष्ट सांगणार आहे. लहानपणी कृष्ण खूप खोडकर होता.
61	gemini	त्याला गायींसोबत खेळायला आणि मित्रांसोबत धावायला खूप आवडायचं. पण त्याला सगळ्यात जास्त आवडायचं ते ताजं लोणी. गोकुळातील सगळ्या गोपी लोणी तयार करायच्या.
62	gemini	त्या लोण्याची चव फारच छान असायची. एके दिवशी कृष्णाने आपल्या मित्रांना हळूच हाक मारली.
63	gemini	तो म्हणाला, "चला, आज आपण लोणी शोधायला जाऊया." सगळे मित्र हसत हसत त्याच्या मागे गेले. एका घरात उंच शिंक्यावर लोण्याचं मडकं ठेवलेलं होतं.
64	gemini	कृष्ण म्हणाला, "अरे, इतकं वर कसं पोहोचायचं?" एक मित्र म्हणाला, "आपण एकमेकांच्या खांद्यावर उभे राहूया." सगळ्यांनी मिळून मानवी मनोरा तयार केला. कृष्ण वर चढला.
65	gemini	त्याने मडकं अलगद खाली घेतलं. झाकण उघडताच लोण्याचा सुंदर सुगंध आला. कृष्ण म्हणाला, "वा! किती छान लोणी!" सगळ्या मित्रांनी थोडं थोडं लोणी खाल्लं.
66	gemini	इतक्यात एक गोपी तिथे आली. ती म्हणाली, "अरे कृष्णा, पुन्हा तूच ना?" कृष्ण गोड हसला.
67	gemini	तो म्हणाला, "मावशी, तुमच्या हातचं लोणी इतकं स्वादिष्ट असतं की मला मोह आवरत नाही." गोपीही हसू लागली. तिने कृष्णाला प्रेमाने अजून थोडं लोणी दिलं.
68	gemini	कृष्णाने तिचे आभार मानले. सगळे मित्र आनंदाने खेळायला निघून गेले. मुलांनो, या गोष्टीतून आपण काय शिकलो? मित्रांसोबत आनंद वाटून घेतला, तर आनंद अजून वाढतो.
69	gemini	आणि नेहमी प्रेमाने आणि गोड बोलावं.
70	gemini	बुड बुड घागरी. मुलांनो, तुम्ही ती उंदीर मामाची गोष्ट ऐकली आहे की नाही? टोपी घालणारा उंदीर मामा आठवतोय का?
71	gemini	तर तोच उंदीर मामा एकदा एका जंगलात गेला. जंगलामध्ये खूप प्राणी होते. वाघ, सिंह, हत्ती, ससा, माकड आणि हरीण.
72	gemini	जंगलातून जाता जाता त्या उंदीर मामाला एक माकड आणि एक मांजर भेटले. त्या तिघांची खूप चांगली मैत्री जमली.
73	gemini	एक दिवस त्या तिघा मित्रांनी खीर बनवायचे ठरवले. तुम्हाला खीर आवडते का? शेवयांची खीर! माकड म्हणाले, "खिरीसाठी काय काय लागतं बरं?
74	gemini	खिरीसाठी जी साखर लागते, ती मी आणतो." मांजर म्हणाली, "मी दूध आणते." उंदीर म्हणाला, "मी शेवया आणतो." तिघांनीही साखर, दूध आणि शेवया आणल्या.
75	gemini	थोड्याच वेळात पातेलाभर स्वादिष्ट खीर तयार झाली.
76	gemini	मग माकड म्हणालं, "चला, आता आपण सगळे आंघोळ करून येऊया आणि मग गरमागरम खीर खाऊया." पण इकडे मांजराच्या तोंडाला पाणी सुटलं.
77	gemini	ती म्हणाली, "तुम्ही जा आंघोळ करायला. तोपर्यंत मी खीर शिजवते." माकड आणि उंदीर म्हणाले, "ठीक आहे. आम्ही आंघोळ करून येतो.
78	gemini	तू खीर शिजवून ठेव." असं म्हणत ते दोघे आंघोळ करण्यासाठी निघून गेले. पण इकडे काय झालं माहिती आहे का?
79	gemini	मांजरीच्या तोंडाला खीर पाहून इतकं पाणी सुटलं की तिला राहवेनाच. ती म्हणाली, "थोडीशीच खीर खाते.
80	gemini	कुणालाही कळणार नाही." तिने थोडीशी खीर घेतली आणि खाऊन टाकली. पण एक घास खाल्ल्यावर तिचं मन भरलंच नाही. तिला अजून थोडी खीर खावीशी वाटली.
81	gemini	म्हणून तिने पुन्हा थोडी खीर घेतली आणि गट्टम केली. असं करत करत तिने पुन्हा खीर खाल्ली... आणि पुन्हा खाल्ली... शेवटी काय झालं?
82	gemini	तिने पातेल्यातली सगळी खीर संपवून टाकली. थोड्या वेळाने माकड आणि उंदीर आंघोळ करून परत आले. त्यांनी पातेल्याकडे पाहिलं तर खिरीचं पातेले पूर्ण रिकामं होतं.
83	gemini	माकडाने विचारलं, "मांजरे, खीर कोणी खाल्ली?" मांजर म्हणाली, "मला काही माहीत नाही. मी खीर खाल्ली नाही." मग माकडाने एक युक्ती केली.
84	gemini	त्याने एक घागर घेतली आणि तिघांनाही घेऊन नदीकाठी गेला. माकडाने घागर पाण्यावर पालथी ठेवली.
85	gemini	मग तो तिच्यावर उभा राहिला आणि म्हणाला, "हुप हुप करी, वरचे डोंगरी, मी खीर खाल्ली तर बुड घागरी." मुलांनो, "बुड घागरी" म्हणजे काय माहीत आहे का?
86	gemini	जर मी खीर खाल्ली असेल, तर ही घागर पाण्यात बुडेल. पण घागर काही बुडाली नाही.
87	gemini	मग उंदीर घागरीवर उभा राहिला आणि म्हणाला, "चू चू करी, वरचे डोंगरी, मी खीर खाल्ली तर बुड घागरी." पण घागर तरीही बुडाली नाही, कारण माकड आणि उंदराने खीर खाल्लीच नव्हती.
88	gemini	आता मांजरीची पाळी आली. मांजर खरं तर खूप घाबरलं होतं.
89	gemini	ते कसं बसं घागरीवर उभं राहिलं आणि म्हणालं, "म्याव म्याव करी, वरचे डोंगरी, मी खीर खाल्ली तर बुड घागरी." आणि काय आश्चर्य!
90	gemini	घागर लगेच पाण्यात बुडाली. म्हणजेच चोरून खीर खाल्ल्याची शिक्षा मांजराला मिळाली. मांजरानेच खीर खाल्ली होती. म्हणून ती घागरीवर उभी राहिली, तेव्हा घागर पाण्यात बुडाली.
91	gemini	मुलांनो, या गोष्टीतून तुम्हाला काय शिकायला मिळालं? या गोष्टीचं तात्पर्य असं की, नेहमी खरं बोलावं. खोटं कधीही बोलू नये.
92	gemini	चिऊताई, माकड मामा आणि उंदीर दादा यांची खीर आज मी तुम्हाला चिऊताई, माकड मामा आणि उंदीर दादा यांची एक मजेदार गोष्ट सांगणार आहे.
93	gemini	एका हिरव्यागार जंगलात चिऊताई, माकड मामा आणि उंदीर दादा राहत होते. तिघेही खूप चांगले मित्र होते.
94	gemini	एके दिवशी माकड मामा म्हणाला, "चला मित्रांनो, आज आपण सगळे मिळून खीर बनवूया." चिऊताई आनंदाने म्हणाली, "वा!
95	gemini	मला खीर खूप आवडते." उंदीर दादा म्हणाला, "मग प्रत्येकाने काहीतरी आणायचं." माकड मामा गोड साखर घेऊन आला. चिऊताई ताजं दूध घेऊन आली.
96	gemini	उंदीर दादा बारीक शेवया घेऊन आला. तिघांनी मिळून मोठ्या पातेल्यात खीर बनवायला सुरुवात केली. खीर शिजताना तिचा गोड सुगंध सगळीकडे दरवळू लागला.
97	gemini	माकड मामा म्हणाला, "तोपर्यंत आपण नदीवर जाऊन हात-पाय धुऊन येऊया." चिऊताई आणि उंदीर दादा नदीकडे गेले. माकड मामा एकटाच खिरीजवळ थांबला.
98	gemini	गरमागरम खीर पाहून त्याच्या तोंडाला पाणी सुटलं. तो म्हणाला, "फक्त एक चमचा खातो." एक चमचा दोन झाले. दोन चमचे चार झाले.
99	gemini	थोड्याच वेळात अर्धी खीर संपली. इतक्यात चिऊताई आणि उंदीर दादा परत आले. त्यांनी पातेल्याकडे पाहिलं आणि आश्चर्यचकित झाले. चिऊताई म्हणाली, "अरे!
100	gemini	एवढी खीर कुठे गेली?" माकड मामा लाजत खाली पाहू लागला.
101	gemini	उंदीर दादा हसून म्हणाला, "सांग बरं, खीर कोणी खाल्ली?" माकड मामा म्हणाला, "माझ्याकडून चूक झाली.
102	gemini	मला मोह आवरला नाही." चिऊताई म्हणाली, "चूक मान्य केलीस, हीच मोठी गोष्ट आहे." मग तिघांनी पुन्हा थोडी खीर बनवली.
103	gemini	यावेळी सगळ्यांनी मिळून आनंदाने खीर खाल्ली. तात्पर्य: चूक झाली तर ती प्रामाणिकपणे कबूल करावी आणि मित्रांसोबत वाटून खाण्याचा आनंद घ्यावा.
104	gemini	हुशार ससा आणि सिंह आज मी तुम्हाला हुशार ससा आणि बलवान सिंहाची एक छान गोष्ट सांगणार आहे.
105	gemini	एका मोठ्या जंगलात एक बलवान सिंह राहत होता. तो रोज अनेक प्राण्यांची शिकार करायचा. सगळे प्राणी त्याला खूप घाबरायचे.
106	gemini	एके दिवशी सर्व प्राणी एकत्र जमले.
107	gemini	ते सिंहाला म्हणाले, "महाराज, रोज शिकार करू नका." "आम्ही रोज एक प्राणी स्वतःहून तुमच्याकडे पाठवू." सिंह म्हणाला, "ठीक आहे, पण उशीर झाला तर मी सगळं जंगल रिकामं करीन." रोज एक प्राणी सिंहाकडे जाऊ लागला.
108	gemini	एके दिवशी सशाची पाळी आली. ससा खूप हुशार होता. तो मुद्दाम हळूहळू चालत सिंहाकडे गेला.
109	gemini	सिंह रागाने गर्जला, "एवढा उशीर का झाला?" ससा घाबरल्यासारखा म्हणाला, "महाराज, मला दुसरा एक सिंह भेटला." "तो म्हणाला, हे जंगल माझं आहे." हे ऐकताच सिंह खूप संतापला.
110	gemini	तो मोठ्याने गर्जला, "मला लगेच त्या सिंहाकडे घेऊन चल." ससा सिंहाला एका जुन्या विहिरीजवळ घेऊन गेला.
111	gemini	तो म्हणाला, "महाराज, तो सिंह या विहिरीत राहतो." सिंहाने विहिरीत डोकावून पाहिलं. त्याला पाण्यात स्वतःचं प्रतिबिंब दिसलं. सिंहाला वाटलं, तोच दुसरा सिंह आहे.
112	gemini	तो जोरात गर्जला. विहिरीतूनही गर्जनेचा आवाज परत आला. सिंहाला खूप राग आला. तो थेट विहिरीत उडी मारून खाली पडला. सिंह पाण्यात बुडाला.
113	gemini	हुशार ससा आनंदाने जंगलात परत आला. सगळ्या प्राण्यांनी त्याचं टाळ्या वाजवून स्वागत केलं.
114	gemini	ससा हसून म्हणाला, "फक्त ताकद असून उपयोग नाही." "योग्य वेळी युक्ती वापरली, तर मोठं संकटही दूर होतं." मुलांनो, या गोष्टीतून आपण काय शिकलो?
115	gemini	शक्तीपेक्षा युक्ती नेहमीच श्रेष्ठ असते.
116	gemini	मुलांनो, आज मी तुम्हाला एका हुशार कोल्ह्याची आणि एका कावळ्याची मजेशीर गोष्ट सांगणार आहे. एका घनदाट जंगलात एक कावळा राहत होता.
117	gemini	तो दिवसभर अन्नाच्या शोधात इकडेतिकडे फिरत असे. एके दिवशी, त्याला एका घराच्या खिडकीजवळ एक छान, मऊ भाकरीचा तुकडा सापडला. कावळ्याला खूप आनंद झाला.
118	gemini	त्याने तो तुकडा आपल्या चोचीत पकडला आणि तो जंगलातील एका उंच झाडाच्या फांदीवर जाऊन बसला. त्याच वेळी, तिथून एक भुकेलेला कोल्हा चालला होता.
119	gemini	त्याचे लक्ष झाडावर बसलेल्या कावळ्याकडे आणि त्याच्या चोचीतील भाकरीच्या तुकड्याकडे गेले. भाकरी पाहून कोल्ह्याच्या तोंडाला पाणी सुटले.
120	gemini	त्याने विचार केला, "हा भाकरीचा तुकडा मला मिळालाच पाहिजे! पण कावळा तर उंचावर बसला आहे. मी ती भाकरी कशी मिळवू?"कोल्हा खूप लबाड होता.
121	gemini	त्याने एक युक्ती आखली. तो झाडाखाली गेला आणि वर पाहून अत्यंत गोड आवाजात म्हणाला, "वाह! कावळा दादा, नमस्कार! आज तुम्ही किती सुंदर दिसत आहात!
122	gemini	तुमचे काळेभोर पंख तर सूर्याच्या प्रकाशात अगदी चमकत आहेत!"कावळ्याने खाली पाहिले, पण तो काहीच बोलला नाही.
123	gemini	कोल्हा पुढे म्हणाला, "कावळा दादा, मी असे ऐकले आहे की जंगलातील सर्व पक्ष्यांमध्ये तुमचा आवाज सर्वात मधुर आहे.
124	gemini	तुमचे गाणे ऐकण्यासाठी सर्व प्राणी उत्सुक असतात. कृपया आज मला तुमचे एक गोड गाणे ऐकवा ना!" स्वतःची खोटी स्तुती ऐकून कावळा गर्वाने फुगला.
125	gemini	आपण किती थोर गायक आहोत, हे दाखवण्यासाठी त्याने विचार न करता गाण्यासाठी आपले तोंड उघडले आणि ओरडला, "काव...
126	gemini	काव...!"कावळ्याने तोंड उघडताच, त्याच्या चोचीतील भाकरीचा तुकडा थेट खाली जमिनीवर पडला.
127	gemini	झाडाखाली दबा धरून बसलेल्या कोल्ह्याने तो तुकडा पटकन तोंडात पकडला आणि तो तिथून पळून गेला.
128	gemini	बिचारा कावळा आपल्या मूर्खपणामुळे हातची भाकरी गमावून बसला आणि फक्त पाहतच राहिला.
129	gemini	कोंबडीताई आणि लबाड मांजरीताई आज मी तुम्हाला कोंबडीताई आणि लबाड मांजरीताईची एक गंमतीशीर गोष्ट सांगणार आहे. एका छोट्या गावात कोंबडीताई राहत होती.
130	gemini	ती रोज सकाळी अंडी घालायची आणि त्यांची खूप काळजी घ्यायची. शेजारीच मांजरीताई राहत होती. तिला कोंबडीताईची ताजी अंडी खूप आवडायची.
131	gemini	एके दिवशी मांजरीताई हसत हसत म्हणाली, "कोंबडीताई, तू खूप काम करतेस." "आज जत्रेत जाऊन मजा करून ये." "अंड्यांची काळजी मी घेते." कोंबडीताई मनातच हसली.
132	gemini	तिला मांजरीताईचा डाव समजला होता. तिने खरी अंडी सुरक्षित ठिकाणी लपवून ठेवली. त्यांच्या जागी तिने दगडासारखी कडक बनावट अंडी ठेवली.
133	gemini	मग कोंबडीताई घराबाहेर गेल्याचं नाटक करून झाडामागे लपली. थोड्याच वेळात मांजरीताई अलगद घरात शिरली.
134	gemini	ती म्हणाली, "आता सगळी अंडी माझी." तिने एक अंडं तोंडात घेतलं. टक्! तिचे दात जोरात आपटले. ती पुन्हा दुसरं अंडं चावू लागली. धडाक्!
135	gemini	यावेळी तिचा एक दात हलला. मांजरीताई मोठ्याने ओरडली, "अय्यो! माझे दात!" तेवढ्यात कोंबडीताई बाहेर आली.
136	gemini	ती हसून म्हणाली, "लबाडी करणाऱ्याला शेवटी स्वतःचाच तोटा होतो." मांजरीताईने आपली चूक मान्य केली. तिने पुन्हा कधीही दुसऱ्याच्या वस्तू चोरून न खाण्याचं वचन दिलं.
137	gemini	कोंबडीताईनेही तिला माफ केलं. दोघी पुन्हा चांगल्या मैत्रिणी बनल्या. तात्पर्य: दुसऱ्याच्या वस्तूवर डोळा ठेवू नये. प्रामाणिकपणा नेहमीच सर्वोत्तम असतो.
138	gemini	लबाड कोल्हा आणि शहाणा बगळा आज मी तुम्हाला लबाड कोल्हा आणि शहाणा बगळ्याची गोष्ट सांगणार आहे.
139	gemini	एका जंगलात एक कोल्हा आणि एक बगळा राहत होते. कोल्हा खूप लबाड होता. एके दिवशी त्याने बगळ्याला जेवायला बोलावले.
140	gemini	त्याने मोठ्या ताटात पातळ सूप वाढले. बगळ्याची लांब चोच ताटातून सूप पिऊ शकत नव्हती. कोल्हा मात्र पटकन सगळे सूप संपवून हसू लागला.
141	gemini	बगळ्याला वाईट वाटले, पण तो काही बोलला नाही. दुसऱ्या दिवशी बगळ्याने कोल्ह्याला जेवायला बोलावले. त्याने उंच माठात स्वादिष्ट खीर वाढली.
142	gemini	बगळ्याने सहज चोच घालून खीर खाल्ली. पण कोल्ह्याला माठात तोंड घालता आले नाही. कोल्हा उपाशीच घरी परतला.
143	gemini	बगळा हसून म्हणाला, "जशी करणी तशी भरणी." तात्पर्य: दुसऱ्याची फसवणूक करू नये.
144	gemini	मुंगी आणि टोळ आज मी तुम्हाला मुंगी आणि टोळाची गोष्ट सांगणार आहे. उन्हाळ्याचे दिवस होते. मुंगी रोज धान्य गोळा करत होती.
145	gemini	टोळ दिवसभर गाणी गात आणि नाचत होता. तो म्हणायचा, "काम नंतर करू." काही दिवसांनी पावसाळा सुरू झाला. सगळीकडे पाणीच पाणी झाले.
146	gemini	टोळाला खायला काहीच मिळेना. तो भुकेने मुंगीच्या घरी गेला. मुंगीने त्याला थोडे धान्य दिले.
147	gemini	ती म्हणाली, "वेळेवर केलेले काम नेहमी उपयोगी पडते." टोळाला आपली चूक समजली. तात्पर्य: आळस करू नये.
148	gemini	एका जंगलात खूप प्राणी राहत होते. आज त्यांनी Counting Game खेळायचे ठरवले. एक हत्ती आला. दोन ससे धावत आले. तीन माकडे झाडावर बसली.
149	gemini	चार पोपट गाणी गाऊ लागले. पाच हरणे नदीकाठी आली. सगळ्यांनी मिळून "One, Two, Three, Four, Five" म्हटले. संपूर्ण जंगल आनंदाने भरून गेले.
150	gemini	माकड आणि मगर आज मी तुम्हाला एका हुशार माकडाची आणि एका मगराची गोष्ट सांगणार आहे. एका मोठ्या नदीच्या काठी एक जांभळाचे झाड होते.
151	gemini	त्या झाडावर एक चपळ आणि आनंदी माकड राहत होते. दररोज ते गोड गोड जांभळे खात असे.
152	gemini	त्या नदीत एक मगर आणि त्याची बायको राहत होते. एके दिवशी मगर नदीकिनारी आली.
153	gemini	माकडाने तिला हसून विचारले, "मित्रा, तुला भूक लागली आहे का?" मगर म्हणाली, "हो, मला खूप भूक लागली आहे." माकडाने झाडावरील गोड जांभळे तोडून मगराला दिली.
154	gemini	मगर आनंदाने म्हणाली, "वा! ही जांभळे किती गोड आहेत." असेच अनेक दिवस दोघांची छान मैत्री झाली. मगर रोज जांभळे घेऊन आपल्या घरी जाऊ लागली.
155	gemini	एक दिवस मगराच्या बायकोने विचारले, "ही गोड जांभळे तुला कुठून मिळतात?" मगर म्हणाली, "माझा एक माकड मित्र मला रोज देतो." हे ऐकून मगराची बायको लोभी झाली.
156	gemini	ती म्हणाली, "जो रोज इतकी गोड फळे खातो, त्याचे हृदय किती गोड असेल!" "मला त्या माकडाचे हृदय खायचे आहे." हे ऐकून मगर खूप दुःखी झाली.
157	gemini	पण शेवटी तिने माकडाला आपल्या पाठीवर बसायला सांगितले. मगर म्हणाली, "चल मित्रा, माझ्या घरी जेवायला ये." माकड आनंदाने तिच्या पाठीवर बसले.
158	gemini	दोघे नदीच्या मध्यभागी पोहोचले. तेव्हा मगर हळू आवाजात म्हणाली, "मित्रा, मला तुला एक गोष्ट सांगायची आहे." "माझ्या बायकोला तुझे हृदय हवे आहे." हे ऐकून माकड क्षणभर घाबरले.
159	gemini	पण लगेच त्याला एक युक्ती सुचली.
160	gemini	माकड हसून म्हणाले, "अरे मित्रा, माझे हृदय तर मी झाडावरच ठेवले आहे." "चल, आपण परत जाऊ." भोळ्या मगराने लगेच होकार दिला.
161	gemini	ती पुन्हा झाडाजवळ आली. माकड पटकन उडी मारून झाडावर चढले.
162	gemini	ते वरून हसत म्हणाले, "अरे मित्रा, कोण आपले हृदय शरीराच्या बाहेर ठेवते?" मगराला आपली चूक समजली. ती लाजून खाली मान घालून निघून गेली.
163	gemini	मुलांनो, या गोष्टीतून तुम्ही काय शिकलात? संकटाच्या वेळी घाबरून न जाता शांतपणे विचार करावा. युक्ती आणि बुद्धी यांच्या जोरावर मोठे संकटही टाळता येते.
164	gemini	जंगलात भूत आलं! आज मी तुम्हाला जंगलात पसरलेल्या एका अफवेची गोष्ट सांगणार आहे. एका मोठ्या जंगलात सगळे प्राणी आनंदाने राहत होते.
165	gemini	एके दिवशी एक छोटासा ससा झाडाखाली आराम करत बसला होता. अचानक... धाडकन... एक मोठं फळ जमिनीवर पडलं. मोठा आवाज ऐकून ससा घाबरला.
166	gemini	तो ओरडत पळू लागला, "पळा... पळा... जंगलात भूत आलं!" त्याला धावताना एक हरिण भेटलं.
167	gemini	हरिणाने विचारलं, "काय झालं सशा?" ससा धापा टाकत म्हणाला, "वेळ नाही, आधी पळ!" हरिणही काही न विचारता त्याच्या मागे धावू लागलं.
168	gemini	थोड्याच वेळात त्यांना कोल्हा भेटला.
169	gemini	कोल्ह्याने विचारलं, "तुम्ही दोघे एवढे का पळत आहात?" हरिण म्हणालं, "जंगलात भूत आलं आहे." कोल्हाही घाबरला आणि तोही पळू लागला.
170	gemini	थोड्याच वेळात माकड, लांडगा, हत्ती आणि अस्वलही त्या सगळ्यांसोबत धावू लागले. संपूर्ण जंगलात गोंधळ उडाला. तेवढ्यात जंगलाचा राजा सिंह समोर आला.
171	gemini	सिंह मोठ्याने गर्जला, "थांबा... सगळे थांबा!" सगळे प्राणी जागच्या जागी थांबले. सिंहाने शांतपणे विचारलं, "भूत कुणी पाहिलं?" सगळे एकमेकांकडे पाहू लागले.
172	gemini	हरिण म्हणालं, "मला सशाने सांगितलं." कोल्हा म्हणाला, "मला हरिणाने सांगितलं." माकड म्हणालं, "मला कोल्ह्याने सांगितलं." शेवटी ससा म्हणाला, "मी भूत पाहिलं नाही." "मला फक्त मोठा आवाज ऐकू आला." सिंह सगळ्यांना त्या झाडाजवळ घेऊन गेला.
173	gemini	तिथे जमिनीवर एक मोठं पिकलेलं फळ पडलेलं होतं. सिंह हसत म्हणाला, "हा आवाज या फळाचा होता." सगळे प्राणी एकमेकांकडे पाहून हसू लागले.
174	gemini	सशालाही आपली चूक समजली. मुलांनो, या गोष्टीतून तुम्ही काय शिकलात? कोणतीही बातमी ऐकताच तिच्यावर लगेच विश्वास ठेवू नये.
175	gemini	सत्य काय आहे, हे आधी तपासून पाहावे. तेव्हाच योग्य निर्णय घ्यावा.
176	gemini	चार मित्रांची गोष्ट आज मी तुम्हाला चार जिवलग मित्रांची गोष्ट सांगणार आहे.
177	gemini	एका हिरव्यागार जंगलात एक कासव, एक उंदीर, एक कावळा आणि एक हरिण राहत होते. ते चौघे एकमेकांवर खूप प्रेम करत होते.
178	gemini	संकटात एकमेकांची मदत करायची, असा त्यांचा नियम होता. एके दिवशी हरिण जंगलात चरत चरत दूर निघून गेले. अचानक ते शिकाऱ्याच्या जाळ्यात अडकले.
179	gemini	हरिण घाबरून मोठ्याने ओरडू लागले. त्यांचा आवाज ऐकून कावळा उडत उडत तिथे पोहोचला. हरिणाला जाळ्यात अडकलेले पाहून त्याला खूप वाईट वाटले.
180	gemini	कावळा लगेच उंदराकडे गेला. तो म्हणाला, "मित्रा, लवकर चल. हरिण संकटात सापडले आहे." उंदीर क्षणाचाही विलंब न करता धावत आला.
181	gemini	त्याने आपल्या धारदार दातांनी जाळे कुरतडायला सुरुवात केली. थोड्याच वेळात जाळे तुटले. हरिण आनंदाने बाहेर आले. तेवढ्यात कासवही हळूहळू चालत तिथे पोहोचले.
182	gemini	पण इतक्यात शिकारी परत आला. सगळे प्राणी पळून गेले. कासव मात्र हळू चालत असल्यामुळे शिकाऱ्याच्या हाती सापडले. शिकाऱ्याने कासवाला एका पोत्यात टाकले.
183	gemini	हे पाहून तिन्ही मित्र पुन्हा एकत्र आले. कावळा म्हणाला, "आपण आपल्या मित्राला वाचवलेच पाहिजे." हरिण थोड्या अंतरावर जाऊन मेल्याचे नाटक करून पडले.
184	gemini	कावळा त्याच्या अंगावर बसून चोच मारण्याचे नाटक करू लागला. हे पाहून शिकारी आनंदाने हरिण पकडायला धावत गेला. त्याने कासवाचे पोते खाली ठेवले.
185	gemini	इतक्यात उंदराने पोत्याची दोरी कुरतडली. कासव पटकन बाहेर आले. सगळे मित्र क्षणात जंगलात पळून गेले. शिकारी परत आला, पण त्याच्या हातात काहीच लागले नाही.
186	gemini	चारही मित्र पुन्हा आनंदाने एकत्र राहू लागले. मुलांनो, या गोष्टीतून तुम्ही काय शिकलात? खरे मित्र नेहमी संकटात एकमेकांच्या मदतीला धावून येतात.
187	gemini	एकी, मैत्री आणि बुद्धी यांच्या जोरावर मोठे संकटही दूर करता येते.
188	gemini	हत्ती आणि चिमणी आज मी तुम्हाला हत्ती आणि चिमणीची गोष्ट सांगणार आहे. एका झाडावर चिमणीने सुंदर घरटे बांधले होते.
189	gemini	एके दिवशी एक मोठा हत्ती तिथे आला. त्याने झाडाला जोरात धक्का दिला. चिमणीचे घरटे खाली पडले. चिमणी खूप दुःखी झाली.
190	gemini	तिने आपल्या मित्रांना मदतीसाठी बोलावले. सुतारपक्षी, मधमाशी आणि बेडूक आले. सगळ्यांनी मिळून एक युक्ती आखली. मधमाशी हत्तीच्या कानाजवळ गुणगुणू लागली.
191	gemini	सुतारपक्ष्याने हत्तीच्या डोळ्यांवर चोच मारली. आंधळा झालेला हत्ती इकडे तिकडे धावू लागला. बेडकाने खोल खड्ड्याजवळ आवाज केला. आवाजाच्या दिशेने जाताना हत्ती खड्ड्यात पडला.
192	gemini	सगळे प्राणी आनंदाने हसू लागले. मुलांनो, या गोष्टीतून तुम्ही काय शिकलात? एकी आणि बुद्धी यांच्या जोरावर मोठे संकटही दूर करता येते.
193	gemini	कासव आणि दोन हंस आज मी तुम्हाला कासव आणि दोन हंसांची गोष्ट सांगणार आहे. एका तळ्यात एक कासव राहत होते.
194	gemini	त्याचे दोन हंसांशी घट्ट मैत्री होती. एक वर्ष पाऊसच पडला नाही. तळ्याचे पाणी कमी होऊ लागले.
195	gemini	हंस म्हणाले, "आपण दुसऱ्या तळ्याकडे जाऊया." कासव म्हणाले, "मलाही तुमच्यासोबत यायचे आहे." हंसांनी एक मजबूत काठी आणली. दोघांनी काठीची दोन्ही टोके चोचीत धरली.
196	gemini	कासवाने काठी मधून घट्ट पकडली. हंस म्हणाले, "पण उडताना अजिबात बोलू नकोस." ते तिघे आकाशात उडू लागले. खालील लोक आश्चर्याने त्यांच्याकडे पाहू लागले.
197	gemini	एक मुलगा म्हणाला, "अरे वा! किती मजेदार दृश्य आहे." कासवाला उत्तर द्यायचा मोह झाला. त्याने तोंड उघडताच तो खाली पडला.
198	gemini	मुलांनो, या गोष्टीतून तुम्ही काय शिकलात? योग्य वेळी गप्प राहणे खूप महत्त्वाचे असते.
199	gemini	आज अन्वीचा Birthday होता. ती सकाळी Happy Birthday गाणे ऐकत होती. सगळे मिळून म्हणाले, "Happy Birthday to You!" अन्वी हसत हसत सगळ्यांकडे पाहत होती.
200	gemini	तिने सात मेणबत्त्या लावल्या. सगळ्यांनी मोठ्याने टाळ्या वाजवल्या. Cake खूप सुंदर होता. त्यावर Chocolate आणि Strawberry होती. अन्वीने Cake कापला.
201	gemini	सगळ्यांनी पुन्हा म्हटलं, "Happy Birthday to You!" सगळ्यांनी आनंदाने Cake खाल्ला. मग सगळ्यांनी मिळून Party केली.
202	gemini	आज मी तुम्हाला एकीच्या बळाची गोष्ट सांगणार आहे. एका मोठ्या जंगलात खूप कबुतरे राहत होती. सगळी कबुतरे आनंदाने एकत्र उडायची.
203	gemini	एके दिवशी त्यांना खूप भूक लागली. अन्नाच्या शोधात ती जमिनीवर उतरली. पण तिथे पारध्याने जाळे टाकले होते. सगळी कबुतरे त्या जाळ्यात अडकली.
204	gemini	ती खूप घाबरली. "आता आपण काय करू?" एक कबुतर म्हणाले.
205	gemini	तेवढ्यात कबुतरराजा शांतपणे म्हणाला, "घाबरू नका." "आपण सर्वांनी एकाच वेळी पंख फडफडवायचे." "एकत्र जोर लावला, तर आपण जाळेही उचलू शकतो." "एक... दोन... तीन...
206	gemini	उडा!" सर्व कबुतरांनी एकाच वेळी उड्डाण केले. सगळ्यांनी मिळून जाळे हवेत उचलले. पारधी आश्चर्याने पाहतच राहिला. सगळी कबुतरे जाळ्यासह दूर उडून गेली.
207	gemini	त्यांनी आपला जीव वाचवला. मुलांनो, या गोष्टीतून आपण काय शिकलो? एकीमध्ये खूप मोठी ताकद असते. एकत्र काम केले तर मोठी संकटेसुद्धा दूर होतात.
208	gemini	समुद्राच्या लाटांचा 'शूशू' असा आवाज येत होता आणि हवेत मिठाची छान चव होती. राजू एका मोठ्या लाकडी जहाजावर उभा होता.
209	gemini	हे जहाज साधे नव्हते, कारण ते पाण्यावरून तरंगण्यासोबतच हवेतही तरंगू शकत होते. राजूला समुद्रातील निळ्या रंगाचे आणि नाचणाऱ्या माशांचे खूप आवडायचे.
210	gemini	आज राजूने आपल्या मित्रांसाठी एक खास गाणे तयार केले होते, जे गाऊन तो सर्वांना आनंदी करणार होता.
211	gemini	पण पहिल्यांदा गाण्याचा प्रयत्न करताना त्याचे शब्द थोडे चुकले आणि राजू अडखळला. राजूने एक दीर्घ श्वास घेतला...
212	gemini	तो पुन्हा एकदा ते गाणे गाण्याचा प्रयत्न करणार का?
213	gemini	एका गावात एक हुशार मुलगा राहत होता. त्याच्याकडे एक छोटा Robot होता.
214	gemini	Robot रोज म्हणायचा, "Good Morning!" आजी हसून म्हणायची, "शुभ प्रभात!" Robot रोज घर साफ करायचा.
215	gemini	पण आजी म्हणाली, "प्रेमाने केलेले काम सर्वात सुंदर असते." Robot शांतपणे ऐकत होता. मुलगा आणि Robot दोघेही आनंदी झाले.
216	gemini	तात्पर्य: मशीन मदत करू शकतात, पण प्रेमाची जागा कोणी घेऊ शकत नाही.
217	gemini	दोन बोकडांचा पूल एका नदीवर एक अरुंद लाकडी पूल होता. एका बाजूने एक बोकड आला. दुसऱ्या बाजूने दुसरा बोकड आला.
218	gemini	दोघेही म्हणाले, "मी आधी जाणार." कोणीही मागे हटायला तयार नव्हते. दोघांनी एकमेकांना जोरात धक्का दिला. धप्! दोघेही नदीत पडले.
219	gemini	काही वेळाने त्यांनी पुन्हा प्रयत्न केला. यावेळी एक बोकड बाजूला उभा राहिला. दुसरा बोकड आधी गेला. मग पहिला बोकड पूल ओलांडून गेला.
220	gemini	दोघेही सुरक्षित पोहोचले. तात्पर्य: हट्टापेक्षा समजूतदारपणा मोठा असतो.
221	gemini	आज मी तुम्हाला एका धाडसी मुलीची गोष्ट सांगणार आहे. एका मोठ्या आणि हिरव्यागार जंगलाच्या कडेला राणी नावाच्या एका धाडसी मुलीचे छोटेसे गाव होते.
222	gemini	त्या जंगलात खूप उंच झाडे होती आणि त्यांच्या पानांनी जणू हिरवीगार छत्रीच धरली होती.
223	gemini	हवेत नेहमी ओल्या मातीचा आणि रसाळ आंब्याचा गोड सुगंध दरवळत असे. जंगलातून वाहणाऱ्या नदीचा... खळखळ... खळखळ... असा मधुर आवाज सतत ऐकू येत असे.
224	gemini	गावातील लोक म्हणायचे की त्या जंगलात झाडे एकमेकांशी बोलतात आणि फुले गाणी गातात. म्हणून गावकरी जंगलात जाण्यास घाबरत असत.
225	gemini	पण राणी मात्र खूप धाडसी आणि जिज्ञासू होती. तिला नवीन ठिकाणे पाहायला आणि नवीन गोष्टी शोधायला खूप आवडायचे.
226	gemini	तिच्याकडे एक जुनी पण मजबूत बॅग होती. त्या बॅगेत ती नेहमी पाण्याची बाटली आणि थोडासा सुका मेवा ठेवायची.
227	gemini	एके दिवशी सकाळी सूर्य नुकताच उगवला होता आणि पक्ष्यांचा किलबिलाट सुरू झाला होता. राणीने ठरवले की आज ती जंगलात फेरफटका मारणार.
228	gemini	ती हळूहळू जंगलाच्या आत चालू लागली. झाडांच्या पानांतून येणारे सोनेरी सूर्यकिरण जमिनीवर सुंदर नक्षी काढत होते. राणीला चालताना खूप आनंद होत होता.
229	gemini	अचानक तिला कोणीतरी रडत असल्याचा आवाज ऐकू आला. ती आवाजाच्या दिशेने सावधपणे पुढे गेली. एका झुडपामागे तिला एक छोटासा हरिण दिसला.
230	gemini	त्या हरिणाचे पाय एका वेलीत अडकले होते आणि तो खूप घाबरला होता.
231	gemini	राणीने प्रेमाने म्हटले, "घाबरू नकोस छोट्या मित्रा, मी तुला मदत करते." तिने खूप काळजीपूर्वक वेलींच्या गाठी सोडवायला सुरुवात केली. थोड्याच वेळात हरिण मोकळा झाला.
232	gemini	तो आनंदाने उड्या मारू लागला आणि राणीभोवती फिरू लागला. हरिणाने आपले डोके हलवून जणू तिचे आभार मानले.
233	gemini	मग त्याने राणीला आपल्या मागे येण्याची खूण केली. दोघे मिळून जंगलाच्या आणखी आत चालू लागले. वाटेत त्यांना रंगीबेरंगी फुले दिसली. वारा फुलांना स्पर्श करताच...
234	gemini	टिंग... टिंग... असा गोड आवाज ऐकू येत होता. राणी तो आवाज ऐकून आनंदाने हसू लागली. थोड्याच वेळात ते एका मोठ्या नदीपाशी आले.
235	gemini	नदीचा प्रवाह खूप वेगवान होता आणि तिथे कोणताही पूल नव्हता. राणी काही क्षण विचारात पडली.
236	gemini	तिने मोठमोठे दगड पाहिले आणि त्यावरून नदी पार करण्याचे ठरवले. तिने खोल श्वास घेतला... एक... दोन... तीन... आणि पहिली उडी मारली. धप्प...
237	gemini	ती पहिल्या दगडावर सुरक्षित उतरली. त्यानंतर तिने धीराने एकामागून एक उड्या मारत नदी पार केली. नदी पार होताच तिने सुटकेचा मोठा नि:श्वास सोडला.
238	gemini	पुढे त्यांना एक खूप मोठे आणि जुने वडाचे झाड दिसले. त्या झाडाखाली अनेक छोटे प्राणी काळजीत बसले होते.
239	gemini	राणीने विचारले, "तुम्ही सगळे इतके दुःखी का आहात?" एका खारुताईने सांगितले की हे जुने झाड सुकायला लागले आहे.
240	gemini	ती म्हणाली, "डोंगरावरील झऱ्याचे पाणी मिळाले तर हे झाड पुन्हा हिरवेगार होईल." राणीने क्षणाचाही विचार न करता मदत करण्याचे ठरवले. ती डोंगर चढू लागली.
241	gemini	रस्ता कठीण होता, पण राणीने हार मानली नाही. एका ठिकाणी तिचा पाय घसरला, पण तिने स्वतःला सावरले. शेवटी ती डोंगराच्या शिखरावर पोहोचली.
242	gemini	तिथे स्वच्छ आणि थंड पाण्याचा झरा... झुळझुळ... झुळझुळ... वाहत होता. राणीने आपल्या बाटलीत ते पाणी भरले. तिला तिथे एक मोठा पोकळ बांबू दिसला.
243	gemini	तिने तो बांबू वापरून झऱ्याचे पाणी खाली झाडापर्यंत पोहोचवले. थोड्याच वेळात त्या जुन्या झाडाला पुन्हा हिरवी पालवी फुटू लागली. सगळे प्राणी आनंदाने नाचू लागले.
244	gemini	छोटा हरिण धावत आला आणि प्रेमाने राणीच्या हाताला नाक लावून उभा राहिला. राणीच्या चेहऱ्यावर आनंदाचे मोठे हास्य उमटले.
245	gemini	तिला समजले की इतरांना मदत करण्यातच खरा आनंद असतो. संध्याकाळ होताच सर्व प्राण्यांनी राणीला जंगलाच्या बाहेरपर्यंत निरोप दिला.
246	gemini	घरी परतल्यावर राणीने आई-बाबांना जंगलातील सगळे अनुभव सांगितले. त्या दिवसानंतर गावकऱ्यांची जंगलाविषयीची भीती कायमची दूर झाली.
247	gemini	राणीने शिकले की खरे धाडस म्हणजे भीती असूनही योग्य काम करण्यासाठी पुढे जाणे. त्या रात्री तिच्या कानात अजूनही... खळखळ... झुळझुळ... टिंग... टिंग...
248	gemini	असे जंगलातील गोड आवाज घुमत होते. आणि राणी एका सुंदर स्वप्नात हरवून शांतपणे झोपली.
249	gemini	माझ्या छोट्या मित्रांनो, तुमचं खूप खूप स्वागत. तुम्हाला काय-काय आवडतं बरं? गोडगोड खाऊ, छान-छान खेळणी आणि त्याचबरोबर छान-छान गोष्टी ऐकायलासुद्धा आवडतात, हो ना?
250	gemini	मग आता मी तुम्हाला अशाच छान छान गोष्टी सांगणार आहे. एक होता उंदीर मामा. काळा काळा, गुबगुबीत. झुपकेदार शेपटी छाप.
251	gemini	रस्त्याने जाताना त्याला मिळालं एक फडके. ते फडके त्याने उचललं आणि फडके घेऊन तो गेला धोब्याकडे.
252	gemini	धोब्याला म्हणाला, "धोबी दादा, धोबी दादा, माझं फडके धुऊन द्या." धोब्याने उंदराकडे पाहिलं आणि ते फडके घेतलं.
253	gemini	त्या फडक्याला साबण लावून ते चांगलं खसाखसा घासून धुतलं. आणि मग ते फडके त्याने उंदीर मामाला परत दिलं.
254	gemini	मग ते फडके घेऊन उंदीर मामा गेला शिंप्याकडे.
255	gemini	शिंप्याला म्हणाला, "शिंपी दादा, शिंपी दादा, ओ शिंपी दादा." "मला या फडक्याची एक छानशी टोपी शिवून द्याल का?" "आणि बरं का,
256	gemini	त्या टोपीला छान-छान रंगीत गोंडे पण लावा." मग शिंप्याने ते फडके घेतलं आणि त्याची छानशी टोपी शिवली.
257	gemini	त्या टोपीला लाल-पिवळे छान छान गोंडे पण लावले. आणि ती टोपी त्याने उंदीर मामाला दिली. मग उंदीर मामाने काय केलं?
258	gemini	उंदीर मामाने ती टोपी डोक्यावर घातली. आणि एक ढोलक घेतलं आणि ते गळ्यात अडकवलं. मग ते ढोलक वाजवत वाजवत तो रस्त्याने जाऊ लागला.
259	gemini	आणि रस्त्याने जाताना तो एक गाणं गाऊ लागला. "राजाच्या टोपीपेक्षा माझी टोपी छान." "धुम धुम धुमक, धुम धुम धुमक." राजाने ते गाणं ऐकलं.
260	gemini	तो शिपायांना हाक मारू लागला. "जा रे, त्या उंदराला पकडून आणा." शिपाई धावत धावत आले. त्यांनी त्या उंदीर मामाला पकडलं.
261	gemini	आणि पकडून दरबारात घेऊन आले. मग शिपायांनी त्याची टोपी काढली आणि राजाला दिली. तेव्हा उंदीर मामाने काय केलं माहिती आहे का?
262	gemini	उंदीर मामा परत गाऊ लागला. "राजा भिकारी, माझी टोपी घेतली","धुम धुम धुमक, धुम धुम धुमक." हे ऐकून राजा खूप रागावला.
263	gemini	त्याने उंदराकडे ती टोपी फेकून दिली. उंदीर मामा खुदकन हसला. त्याने ती टोपी पुन्हा आपल्या डोक्यावर घातली. आणि तो परत गाणं गाऊ लागला.
264	gemini	"राजा मला भ्याला, माझी टोपी दिली.","धुम धुम धुमक, धुम धुम धुमक." हे असं गाणं गात तो आनंदाने, हसत हसत, नाचत नाचत राजवाड्यातून निघून गेला.
265	gemini	अशा प्रकारे उंदीर मामाला त्याची टोपी परत मिळाली. या गोष्टीतून तुम्हाला काय शिकायला मिळालं का?
266	gemini	म्हणजेच या गोष्टीचं तात्पर्य किंवा या गोष्टीतून काय उपदेश मिळतो? तो असा की, शक्तीपेक्षा नेहमी युक्ती श्रेष्ठ असते.
267	gemini	याचा अर्थ कायम शक्ती वापरण्यापेक्षा, युक्ती वापरली तर ती जास्त वरचढ ठरू शकते. तुम्हाला ही गोष्ट आवडली का?
268	gemini	सोनू ससा आणि गाजर तात्या आजोबांच्या शेतात होती मऊ मऊ माती. आणि त्या मातीत लपली होती लाल-लाल, गोड गाजरं.
269	gemini	एके दिवशी सोनू ससा टुणटुण उड्या मारत तिथे आला. गाजरं बघून त्याच्या तोंडाला पाणी सुटले. त्याने हळूच आजूबाजूला पाहिले. कोणी नाही!
270	gemini	मग त्याने पटकन एक गाजर उपटले आणि कुरूम कुरूम, कटकट खाल्ले. व्वा! पोट अगदी गच्च भरले. थोड्या वेळाने तात्या आजोबा बागेत आले.
271	gemini	त्यांनी पाहिले, एक गाजर कमी होते! "अरे! माझे एक गाजर कुठे गेले?" त्यांना सोनू दिसला.
272	gemini	तात्यांनी प्रेमाने विचारले, "सोनू बाळा, तू माझे गाजर खाल्ले का?" सोनू खूप घाबरला. तो पटकन म्हणाला, "मी नाही खाल्ले!
273	gemini	मी नाही खाल्ले!" असे म्हणून तो धूम पळाला. पण त्याचे छोटेसे काळीज जोरात धडधड करत होते. त्याला खूप वाईट वाटले.
274	gemini	तो धावत परत तात्यांकडे आला. मान खाली घालून म्हणाला, "तात्या आजोबा, माफ करा. मीच तुमचे गाजर खाल्ले.
275	gemini	मला खूप भूक लागली होती." तात्या आजोबा मोठ्याने हसले. त्यांनी सोनूला उचलून घेतले आणि म्हणाले, "शाब्बास माझ्या बाळा! तू खरं सांगितलंस, यातच सगळं आलं.
276	gemini	भूक लागली तर मला सांगायचं. चल, हे घे अजून एक." तात्यांनी दिलेले गोड गाजर खाताना सोनू ससा खूप खूप आनंदी झाला.
277	gemini	लाल छत्रीची गोष्ट मी आहे एक लाल रंगाची छत्री. दुकानात माझ्यासोबत निळ्या, पिवळ्या, हिरव्या अशा खूप छत्र्या होत्या. पण एके दिवशी छोटी मीरा आली.
278	gemini	तिची नजर सरळ माझ्यावर पडली.
279	gemini	तिला माझा लाल रंग इतका आवडला, की ती खुदकन हसली आणि आईला म्हणाली, "आई, मला हीच पाहिजे!" पहिला पाऊस आला तेव्हा तर खूप मज्जा आली.
280	gemini	बाहेर टप... टप... टप... पाण्याचे थेंब पडत होते. मीराने मला घट्ट पकडले होते. मी आहे लाल छत्री, मीराची छान मैत्री!
281	gemini	आम्ही दोघी मिळून गाणी म्हणत शाळेत गेलो. एक दिवस बाजारात खूप गर्दी होती. अचानक आभाळ भरून आले आणि जोराचा पाऊस सुरू झाला.
282	gemini	तेव्हाच आम्ही पाहिले, समोर एक आजोबा उभे होते. ते बिचारे पूर्ण भिजले होते आणि थंडीने कुडकुडत होते. मीराने माझ्याकडे पाहिले, मग आजोबांकडे.
283	gemini	ती धावत गेली आणि म्हणाली, "आजोबा, इकडे या!" तिने मला दोघांच्या डोक्यावर धरले. आजोबांच्या चेहऱ्यावरचे हसू पाहून माझे मन आनंदाने भरून आले.
284	gemini	त्या दिवशी मी फक्त मीराला नाही, तर आजोबांना पण पावसानं वाचवलं होतं. किती छान वाटलं होतं मला! मी आहे लाल छत्री, सगळ्यांची छान मैत्री
285	gemini	रंगीत झूमझूम गाडी एका रस्त्यावर एक छोटी, पांढरी गाडी होती. तिचं नाव होतं झूमझूम गाडी.
286	gemini	ती आजारी लोकांना मदत करायची, पण तिला आपला पांढरा रंग अजिबात आवडायचा नाही. ती लाल बस आणि पिवळी टॅक्सी बघून खूप उदास व्हायची.
287	gemini	एक दिवस ती गेली रंगांच्या राजाकडे. "राजा, मला खूप सुंदर रंगीबेरंगी बनवा ना!" ती म्हणाली. राजाने आपली जादूची कांडी फिरवली... भुर्रर्र!
288	gemini	आणि झूमझूम गाडी लाल, पिवळी, निळी झाली. ती आनंदाने नाचू लागली. ती परत रस्त्यावर आली. तितक्यात एका आजोबांना मदत हवी होती.
289	gemini	ती जोरात ओरडली, "झूम झूम झूम, रस्ता सोडा लवकर!" पण कोणीच बाजूला झाले नाही. सगळे म्हणाले, "अरे वा!
290	gemini	किती छान रंगीत बस आहे!" झूमझूम गाडी गर्दीत अडकून पडली. तिला आजोबांपर्यंत पोहोचताच येईना. तिला खूप वाईट वाटले.
291	gemini	"माझा पांढरा रंगच माझी खरी ओळख होती," ती मनात म्हणाली. ती पळत पळत राजाकडे परत गेली.
292	gemini	"मला माझा पांढरा रंग परत हवा!" राजाने हसून तिला परत पांढरेशुभ्र केले. आता झूमझूम गाडी आनंदाने रस्त्यावर धावत होती.
293	gemini	"झूम झूम झूम, रस्ता सोडा लवकर!" सगळ्या गाड्या लगेच बाजूला झाल्या आणि तिने आजोबांना पटकन मदत केली.
294	gemini	आज मी तुम्हाला उंदरांच्या सभेची गोष्ट सांगणार आहे. एका घरात खूप उंदीर राहत होते. पण तिथे एक चलाख मांजरही राहत होती.
295	gemini	उंदीर रोज मांजरीला घाबरत होते. एके दिवशी सगळ्या उंदरांनी सभा भरवली. एक उंदीर म्हणाला, "मांजरीच्या गळ्यात घंटा बांधूया." सगळ्यांनी त्या युक्तीचे कौतुक केले.
296	gemini	पण एक म्हातारा उंदीर शांतपणे उभा राहिला. तो म्हणाला, "घंटा बांधणार कोण?" सगळे उंदीर शांत झाले. तात्पर्य: योजना करण्यापेक्षा ती पूर्ण करणे महत्त्वाचे असते.
297	gemini	आज मी तुम्हाला कुत्रा आणि त्याच्या सावलीची गोष्ट सांगणार आहे. एका कुत्र्याच्या तोंडात मांसाचा तुकडा होता. तो आनंदाने नदीवरील पुलावरून चालत होता.
298	gemini	अचानक त्याला पाण्यात स्वतःची सावली दिसली. त्याला वाटले, दुसऱ्या कुत्र्याच्या तोंडात मोठा तुकडा आहे. लोभाने त्याने मोठ्याने भुंकण्याचा प्रयत्न केला.
299	gemini	त्याच्या तोंडातील मांस पाण्यात पडले. कुत्रा रिकाम्या तोंडाने घरी परतला. तात्पर्य: लोभ केल्याने हातचेही जाते.
300	gemini	कोल्हा आणि द्राक्षे आज मी तुम्हाला कोल्हा आणि द्राक्षांची गोष्ट सांगणार आहे. एक भुकेला कोल्हा जंगलातून फिरत होता.
301	gemini	त्याला एका वेलीवर गोड द्राक्षांचे घड दिसले. कोल्ह्याने उंच उडी मारली. पण द्राक्षे त्याच्या हातात आली नाहीत. त्याने पुन्हा मोठी उडी मारली.
302	gemini	तरीही त्याला द्राक्षे मिळाली नाहीत. कोल्हा थकून खाली बसला. तो म्हणाला, "ही द्राक्षे आंबटच असणार." असं म्हणत तो तिथून निघून गेला.
303	gemini	तात्पर्य: जे मिळत नाही, त्याची निंदा करू नये.
304	gemini	हत्ती आणि चिमणी एका मोठ्या जंगलात एक हत्ती राहत होता. तो चालताना लहान झाडे मोडत असे. एका झाडावर चिमणीचे घरटे होते.
305	gemini	हत्तीच्या पायामुळे घरटे खाली पडले. चिमणी खूप दुःखी झाली. तिने आपल्या मित्रांना मदतीसाठी बोलावले. मधमाशी हत्तीच्या कानाजवळ गुणगुणू लागली. हत्तीने डोळे मिटले.
306	gemini	तेवढ्यात सुतारपक्ष्याने त्याच्या डोळ्याजवळ चोच मारली. हत्ती घाबरून इकडे तिकडे धावू लागला. तो खोल खड्ड्यात पडला. चिमणीचे घरटे वाचले.
307	gemini	तात्पर्य: एकीमध्ये खूप मोठी ताकद असते.
308	gemini	खारुताई आणि नदी आज मी तुम्हाला एका मेहनती खारुताईची गोष्ट सांगणार आहे. एक छोटी खारुताई रोज नदीकाठी जायची.
309	gemini	ती छोट्या बिया गोळा करून झाडाखाली ठेवायची. एके दिवशी जोराचा पाऊस आला. सगळ्या बिया वाहून गेल्या. खारुताई थोडी उदास झाली.
310	gemini	पण तिने हार मानली नाही. दुसऱ्या दिवशी ती पुन्हा कामाला लागली. हळूहळू तिने पुन्हा सगळ्या बिया जमा केल्या. जंगलातील पक्षी तिचे कौतुक करू लागले.
311	gemini	तात्पर्य: मेहनत कधीच वाया जात नाही.
312	gemini	आज मी तुम्हाला कोंबडा आणि कोल्ह्याची गोष्ट सांगणार आहे. एक कोंबडा उंच झाडावर बसला होता. एक लबाड कोल्हा त्याच्याजवळ आला.
313	gemini	तो म्हणाला, "आपली आता मैत्री झाली आहे." "खाली ये, आपण गप्पा मारू." कोंबडा दूर पाहू लागला.
314	gemini	कोल्हा म्हणाला, "काय पाहतो आहेस?" कोंबडा हसून म्हणाला, "शिकारी कुत्रे इकडेच येत आहेत." हे ऐकताच कोल्हा घाबरला. तो जीवाच्या आकांताने पळून गेला.
315	gemini	कोंबडा मोठ्याने हसू लागला. तात्पर्य: संकटात हुशारीने वागावे.
316	gemini	आज मी तुम्हाला प्रामाणिक लाकूडतोड्याची गोष्ट सांगणार आहे. एक गरीब लाकूडतोड्या रोज जंगलात काम करायचा. एके दिवशी त्याची कुऱ्हाड नदीत पडली.
317	gemini	तो खूप दुःखी झाला. तेवढ्यात नदीदेवता प्रकट झाली. तिने सोन्याची कुऱ्हाड दाखवली. लाकूडतोड्या म्हणाला, "ही माझी नाही." मग तिने चांदीची कुऱ्हाड दाखवली.
318	gemini	तो पुन्हा म्हणाला, "हीसुद्धा माझी नाही." शेवटी त्याची लोखंडाची कुऱ्हाड मिळाली. लाकूडतोड्या आनंदाने म्हणाला, "हीच माझी आहे." त्याच्या प्रामाणिकपणामुळे देवतेने त्याला तिन्ही कुऱ्हाडी दिल्या.
319	gemini	तात्पर्य: प्रामाणिकपणाचे फळ नेहमी गोड असते.
320	gemini	आज मी तुम्हाला माकड आणि मगरीची गोष्ट सांगणार आहे. एका नदीकाठी मोठे जांभळाचे झाड होते. त्या झाडावर एक माकड राहत होते.
321	gemini	तो रोज गोड जांभळे खायचा. एक मगर रोज नदीकिनारी यायची. दोघांची हळूहळू मैत्री झाली. माकड रोज मगरीला जांभळे द्यायचे.
322	gemini	एके दिवशी मगर म्हणाली, "माझ्या घरी चल." माकड तिच्या पाठीवर बसले.
323	gemini	नदीच्या मध्यभागी मगर म्हणाली, "मला तुझे काळीज हवे आहे." माकड शांतपणे म्हणाले, "अरे, मी काळीज झाडावरच विसरलो." मगर त्याला परत घेऊन आली.
324	gemini	माकड पटकन झाडावर चढले. तो म्हणाला, "मैत्रीत फसवणूक करू नये." तात्पर्य: संकटातही बुद्धी शांत ठेवावी.
325	gemini	आज मी तुम्हाला मोर आणि सारसाची गोष्ट सांगणार आहे. मोर आपल्या सुंदर पिसांचा खूप अभिमान बाळगत होता. एके दिवशी त्याने सारसाला चिडवायला सुरुवात केली.
326	gemini	तो म्हणाला, "माझ्यासारखे सुंदर पंख तुझ्याकडे नाहीत." सारस शांतपणे हसला.
327	gemini	तो म्हणाला, "तुझे पंख सुंदर आहेत, पण माझे पंख मला उंच उडायला मदत करतात." मोर काहीच बोलू शकला नाही. त्याला आपली चूक समजली.
328	gemini	तात्पर्य: सौंदर्यापेक्षा गुण अधिक महत्त्वाचे असतात.
329	gemini	एका जुन्या वडाच्या झाडावर एक घुबड राहत होते. जंगलातील प्राणी रोज त्याच्याकडे सल्ला घ्यायला यायचे. एके दिवशी दोन ससे भांडत होते.
330	gemini	दोघेही स्वतःलाच बरोबर म्हणत होते. घुबड शांतपणे दोघांचे म्हणणे ऐकत होते. मग त्याने योग्य निर्णय दिला. दोघांनाही आपली चूक समजली.
331	gemini	ते पुन्हा चांगले मित्र झाले. तात्पर्य: आधी ऐका, मग निर्णय घ्या.
332	gemini	गाय आणि वासरू आज मी तुम्हाला गाय आणि तिच्या वासराची गोष्ट सांगणार आहे. एका शेतात एक गाय आणि तिचे गोंडस वासरू राहत होते.
333	gemini	वासरू दिवसभर उड्या मारत खेळत असे. आई गाय त्याला नेहमी सावध राहायला सांगायची. एके दिवशी वासरू दूर जंगलात गेले. तिथे त्याला एक लांडगा दिसला.
334	gemini	वासरू घाबरून आईकडे धावत आले. आई गाय त्याच्या समोर ठामपणे उभी राहिली. लांडगा मागे फिरून निघून गेला. वासरू आईला बिलगून उभे राहिले.
335	gemini	तात्पर्य: आईचे प्रेम आणि संरक्षण अमूल्य असते.
336	gemini	कावळा आणि घडा आज मी तुम्हाला कावळा आणि घड्याची गोष्ट सांगणार आहे. एका उन्हाळ्याच्या दिवशी एका कावळ्याला खूप तहान लागली होती.
337	gemini	तो इकडे तिकडे पाणी शोधत उडत होता. थोड्या वेळाने त्याला एक मातीचा घडा दिसला. कावळ्याने घड्यात डोकावून पाहिले, पण पाणी खूप खाली होते.
338	gemini	तो थोडा विचार करू लागला. तेवढ्यात त्याला आजूबाजूला छोटे छोटे दगड दिसले. त्याने एक एक दगड घड्यात टाकायला सुरुवात केली.
339	gemini	हळूहळू पाणी वर येऊ लागले. कावळ्याने आनंदाने पाणी पिले. तो म्हणाला, "युक्ती वापरली की मार्ग नक्की सापडतो." तात्पर्य: बुद्धीचा उपयोग नेहमी करावा.
340	gemini	एका मोठ्या आणि हिरव्यागार जंगलाच्या कडेला रोशनी नावाच्या एका धाडसी मुलीचे छोटेसे गाव होते.
341	gemini	या जंगलात खूप उंच झाडे होती, ज्यांची पाने एखाद्या छत्रीसारखी पसरलेली होती. तिथे हवेत नेहमी ओल्या मातीचा आणि रसाळ आंब्याचा गोड वास येत असे.
342	gemini	जंगलातून वाहणाऱ्या नदीचा आवाज... खळखळ... खळखळ... नेहमी कानावर पडत असे.
343	gemini	गावातील सर्व लोक म्हणायचे की हे जंगल खूप वेगळे आहे, कारण तिथे झाडे एकमेकांशी बोलतात आणि फुले गाणी गातात.
344	gemini	राणीला एक खूप मोठी आणि गमतीशीर गोष्ट माहीत होती. तिला वाटायचे की ती एक छोटी सुपरहिरो आहे.
345	gemini	राणी दिसायला तर आपल्या वयाचीच होती, पण तिचे विचार खूप मोठे होते. तिच्याकडे कोणतेही जादूटोणा नव्हते, पण तिच्याकडे एक खास शक्ती होती...
346	gemini	ती म्हणजे तिची मदत करण्याची तयारी आणि तिची जिद्द. राणी नेहमी एक लाल रंगाचा छोटा रुमाल गळ्याला बांधून फिरायची.
347	gemini	तो रुमाल तिला सुपरहिरो असल्याचा भास करून द्यायचा. राणी एका छोट्या गावात राहायची.
348	gemini	तिथे सगळीकडे हिरवीगार झाडे, रंगीबेरंगी फुले आणि एक खळखळ वाहणारी छोटी नदी होती. नदीच्या पाण्याचा तो "खळ-खळ" असा आवाज राणीला खूप आवडायचा.
349	gemini	ती रोज सकाळी उठून त्या नदीच्या काठावर फिरायला जायची. तिच्यासाठी प्रत्येक दिवस एक नवीन साहस असायचे.
350	gemini	कधी एखाद्या मुंगीला खाऊ शोधायला मदत करणे, तर कधी झाडावरून पडलेले पक्ष्याचे पिल्लू हळूच उचलून घरट्यात ठेवणे.
351	gemini	एका दुपारी, जेव्हा ऊन खूप कडक होते, तेव्हा राणी बागेत खेळत होती. अचानक तिला दूरून कोणाचा तरी रडण्याचा आवाज आला. राणीने कान देऊन ऐकले.
352	gemini	तो आवाज खूप छोटा आणि बारीक होता. राणीने तिचा लाल रुमाल नीट केला आणि तो आवाज कुठून येतोय हे शोधायला निघाली.
353	gemini	ती हळूच चालत झाडांच्या मागे गेली. तिथे तिने पाहिले की, एक छोटासा पांढरा ससा एका खोल खड्ड्यात अडकला होता.
354	gemini	खड्डा खूप खोल नव्हता, पण ससा खूप लहान होता आणि तो वर येऊ शकत नव्हता. ससा घाबरून इकडे-तिकडे उड्या मारत होता.
355	gemini	त्याचे छोटे कान थरथरत होते. राणीला त्याचे खूप वाईट वाटले. तिने ठरवले की आता तिला आपली सुपरहिरो शक्ती वापरण्याची वेळ आली आहे.
356	gemini	पण तिथे कोणतीही शिडी नव्हती आणि खड्डा निसरडा होता. राणीने विचार केला, "मी खाली गेले तर मी पण अडकून पडेन.
357	gemini	मला काहीतरी वेगळे करावे लागेल." राणीने आजूबाजूला पाहिले. तिला तिथे काही लांब आणि मजबूत फांद्या दिसल्या. तिने एक मोठी फांदी शोधली.
358	gemini	ती फांदी खड्ड्यात टाकली तर ससा तिला पकडून वर येईल का? राणीने ती फांदी हळूच खड्ड्यात सोडली. पण ससा खूप घाबरलेला होता.
359	gemini	तो फांदीकडे पाहत नव्हता. राणीला समजले की सशाला आधी धीर द्यावा लागेल.
360	gemini	ती खड्ड्याच्या काठावर बसली आणि अगदी हळू आवाजात बोलायला लागली, "घाबरू नकोस छोट्या मित्रा, मी तुला वाचवायला आले आहे.
361	gemini	फक्त या लाकडाला घट्ट पकड." राणीचा आवाज खूप प्रेमळ होता. सशाने हळूच वर पाहिले. त्याला राणीच्या डोळ्यांत विश्वास दिसला.
362	gemini	सशाने एक मोठी उडी मारली आणि त्या फांदीला आपले छोटे पाय घट्ट पकडले. आता सर्वात कठीण काम होते—सशाला वर खेचणे.
363	gemini	राणीने आपले दोन्ही हात फांदीला लावले आणि पूर्ण ताकदीने ओढायला सुरुवात केली. तिचे हात थोडे दुखत होते, पण तिने हार मानली नाही.
364	gemini	ती मनातल्या मनात म्हणत होती, "मी सुपरहिरो आहे, मी हे करू शकते!" हळूहळू, तो छोटा ससा खड्ड्यातून वर आला आणि थेट राणीच्या कुशीत पडला.
365	gemini	ससा आता सुरक्षित होता. त्याने आपले नाक हलवले आणि राणीच्या हाताला स्पर्श केला, जणू तो तिचे आभार मानत होता.
366	gemini	राणीच्या चेहऱ्यावर एक मोठे हास्य आले. तिला खूप आनंद झाला होता.
367	gemini	तिने सशाला थोडे पाणी पाजले आणि त्याला सुरक्षितपणे त्याच्या घराकडे, म्हणजे झाडांच्या दाट जंगलात सोडून आले.
368	gemini	परत येताना राणीला जाणवले की सुपरहिरो होण्यासाठी उडण्याची किंवा खूप ताकद असण्याची गरज नसते.
369	gemini	कोणाच्या तरी अडचणीच्या वेळी धावून जाणे, डोकं चालवून उपाय शोधणे आणि धीर न हारणे, हीच खरी सुपरशक्ती आहे.
370	gemini	जेव्हा ती घरी पोहोचली, तेव्हा तिने आईला सगळी गोष्ट सांगितली. आईने तिला जवळ घेतले आणि तिच्या लाल रुमालाला प्रेमाने हात लावला.
371	gemini	त्या रात्री जेव्हा राणी झोपायला गेली, तेव्हा तिला पुन्हा तोच "खळ-खळ" आवाज ऐकू आला. नदी शांतपणे वाहत होती आणि चांदणे सगळीकडे पसरले होते.
372	gemini	राणीला खूप समाधान वाटत होते. तिला समजले होते की जगातील सर्वात मोठी शक्ती म्हणजे दुसऱ्याला मदत करण्याचा आनंद.
373	gemini	तिने डोळे मिटले आणि स्वप्नात ती पुन्हा एका नवीन साहसासाठी तयार झाली. राणी आता खरोखरच एक छोटी सुपरहिरो झाली होती.
374	v2	आज आपण बंड्याची फ फजिती की बंड्या जास्त मस्ती करू नकोस, कुणाच्या खोड्या काढू नकोस.
375	v2	तो मुलगा घाईघाईने bench-वर जेव्हा बसला बंड्याला खूपच मज्जा वाटली. सगळ्यांच्या खोड्या काढायच्या. आणि नंतर टाळ्या पिटून हसायचा.
376	v2	सगळी मुले बंड्याच्या तक्रारी Madam-कडे करत होत्या. त्या बंड्याला शिक्षा करत नव्हत्या. त्यांना बंड्याला एक छान lesson द्यायचा होता.
377	v2	की दुसऱ्यांना त्रास दिल्यावर कसे feel होते? एकदा बंड्याला जरा बरे नव्हते. तो school-मध्ये आला नव्हता. त्या दिवशी Madam-ने सगळ्या मुलांना एकत्र केले.
378	v2	व सांगितले की दोन-तीन दिवसांनी आपण सगळ्यांनी बंड्याला छान धडा शिकवायचाय. त्यांनी सगळा plan नीट मुलांना समजावून सांगितला.
379	v2	Bandya जेव्हा शाळेत आला तेव्हा Teacher-ने सर्व वर्गाला सांगितले. की उद्या आपली picnic जाणार आहे.
380	v2	तेव्हा सगळ्यांनी उद्या सकाळी सात वाजता त्यामुळे घरी permission पण घ्यायची आहे. उद्या जंगलात खूप माकडे दिसतील.
381	v2	त्यांची आपण मज्जा करूया म्हणून plan करू लागला. दुसऱ्या दिवशी सगळे schoolमध्ये सात वाजता भेटले. सगळ्यांनी picnic-ची तयारी केली होती.
382	v2	बसने जंगलापर्यंत गेल्यावर बंड्या ज्या groupमध्ये होता की बंड्याला कसे treat करायचे एका corner-ला सगळे लपून बसले. त्याला समजेना कुठल्या road-ने जायचे.
383	v2	सगळ्यांच्या नावाने हाका मारू लागला. तेवढ्यात त्याला खूप माकडे दिसली. आपण एकटे आहोत हे विसरून तो माकडाची शेपटी धरायला गेला.
384	v2	व त्याच्या डोक्यात एक टपली पण मारली. सगळी माकडे बंड्याभोवती जमून त्याला चिडवू लागली. पण माकडे त्याच्या पाठीच लागली.
385	v2	सगळी मुले व Teacher बाहेर आले. व त्यांनी माकडांना पळवून लावले. Teacher बंड्याला म्हणाल्या, तू सगळ्यांना त्रास देतोस ना म्हणून माकडे तुझ्या पाठी लागली.
386	v2	व म्हणाला, आता मी कोणाच्या खोड्या काढणार नाही. आज आपण बनीची दात दुखीची गोष्ट ऐकणार आहोत. आज Bani रडतच झोपेतून उठला.
387	v2	त्याने विचारले, झोपेत पडलास का तू? दोघांनाही मानेनेच नाही म्हणत बनी अजूनच जोरात रडायला लागला. Mom-ने त्याला उचलून घेतले.
388	v2	तेव्हा तो कसेबसे म्हणाला, माझा दात खूप दुखतोय. बनीचा एक दात किडला होता. दुसऱ्या साईडने कसा बसा बनीने तो घेतला.
389	v2	मग त्याच्या गळ्यात एक apron अडकवला. त्यांनी गोड गोड बोलून Bunny-ला तोंड उघडायला सांगितले. मग त्याला डोळे बंद करून एक छोटे injection दिले.
390	v2	बनीला खूप दुखले. तुझ्या दातात लपून बसला होता. तू रोज प्रत्येक खाण्यानंतर नीट चूळ भरतोस का?
391	v2	तर Monster दातात लपून राहतो व आतून आपल्याला त्रास देतो. घरी आल्यावर Mani-ला दात काढल्यामुळे काही औषधे पण घ्यायला लागली.
392	v2	दोन-तीन दिवस थोडे थोडे तोंडात दुखत होते. आता तो खूप काळजीने brush करतो. बोलक्या दगडाची गोष्ट सांगणार आहे. दचकलात ना सगळे?
393	v2	आजी आम्हाला गंडवू नकोस हं. अरे हो हो ऐकून तर घ्या. खरेच ही बोलक्या रगडाची गोष्ट आहे. कधी कधी तो खूप शहाणा असतो.
394	v2	खूप ऐकतो, homework करतो, सगळ्यांना घरात खुश ठेवतो. पण कधी कधी काय होतं माहित नाही. तरी खाण्याचा mood नसतो.
395	v2	त्याची छोटी बहीण Shona त्याच्याकडे बघून गोड हसत असते.
396	v2	मग तो आपला सगळा राग तो सगळा आपला खेळ basket-मधून काढतो व घरभर पसारा करून ठेवतो. छोट्या छोट्या गोष्टींवरून तो tantrum करतो.
397	v2	त्याला सकाळपासूनच खूप आरडाओरडा करावासा वाटत होता. करत खाणार नाही म्हणून खाल्लाच नाही. Garden-मध्ये पण तो रागाने सगळे दगड पायाने उडवत होता.
398	v2	आई ग असा एका दगडातून त्याला आवाज आला. परत त्याने त्या दगडाला लाथ मारली. Ishan-ने खाली वाकून तो दगड आपल्या हातात घेतला.
399	v2	अरे मी बोल का दगड आहे? मला तुमच्यासारखं बोलता येतं. थोड्या वेळाने Ishan-ची शिक्षा संपली. Mom-ने त्याला घराचे दरवाजे उघडून आत बोलावले.
400	v2	दगडाने सांगितल्याप्रमाणे Ishan-ने प्रथम कान पकडून sorry म्हटले. व मुकाट्याने breakfast केला मग तो आपल्या bedroom-मध्ये गेला. व खिशातून त्याने तो stone काढला.
401	v2	त्याचे नाव Pebi ठेवले. दोघे खूप गप्पा मारत होते. दगड सगळे जग बघून त्याच्या garden-मध्ये आला होता.
402	v2	तो सगळ्या छान छान जगातल्या गोष्टी Ishan-शी शेअर करत होता. सगळा homework करून टाकला.
403	v2	कारण त्यांनी जर ते सांगितलं असतं तर सगळे त्याला हसले असते. मग तो दगड त्याला एखादी छान story सांगायचा.
404	v2	व लगेच Ishan-चा मूड चांगला व्हायचा. सगळ्यांनाच आश्चर्य वाटत होते की Ishan एकदम बदलला कसा? अजूनही तो बोलका दगड त्याच्याकडे.
405	v2	जेव्हा जेव्हा Ishan एकटाच असतो व त्याचा mood खराब असतो. तेव्हा तेव्हा तो त्या दगडाशी गप्पा मारतो. बघायचंय तुम्हाला बोलका Stone?
406	v2	मग जाऊया आपण Ishan-कडे. की हा class कसा असेल? पण अजून extend पण करता येणार होता. वेगवेगळ्या color-शी त्याला खेळायला आवडत असे.
407	v2	तेव्हा अजून खूप जण यायची होती. अजून तुझे बरेच friends यायचे आहेत. चिंटूला पण बनीला बघून खूप आनंद झाला. तो बनीच्या शेजारी येऊन बसला.
408	v2	Painting-चा क्लास होता. असे खूप knowledge त्यांना दिले. त्यांना अजून शिकावेसे वाटत होते. त्यात आम्हाला अजून छान छान गोष्टींचे drawing करायला मिळेल.
409	v2	बनीला एवढे खुश व एखाद्या गोष्टी तेवढा interest घेताना बघून मॉमने ठरवले. रोज एक तरी picture काढून रंगवायचे. हळूहळू त्याच्याकडे खूप paintings जमली.
410	v2	व प्रत्येक आठ दिवसांनी ती change करायची. त्याला compulsory नर्सरीत जावे लागत होते. Mom पण खूप विचारच करत होती.
411	v2	की या summer-मध्ये बनीला काहीतरी नवीन शिकवावे. तिने आपल्या सगळ्या friends-कडे चौकशी केली.
412	v2	बनीला आवडतील व त्याच्या वयाला झेपेल असे तीन-चार क्लास बनीच्या मॉमने निवडले. सगळ्यांच्या dates पण वेगवेगळ्या होत्या. बनीच्या Mom-ने ठरवले. बनेलाच तिने choice दिला.
413	v2	बनीला piano वाजवायला खूप आवडत असे. म्हणून त्यांनी Mom-ला सांगितले. बनीला ते नाही आवडले. किंवा तो नाही गेला तर पैसे फुकट जातील.
414	v2	तिने तसे बनीला स्पष्ट सांगितले. तिघे एकमेकांना भेटून खूप खुश झाले. छोटी छोटी songs कशी आपली आपण बसवायची एवढे तो सात दिवसात शिकला.
415	v2	पण तो वरच्या सुरात गाऊ शकत नव्हता. तिचे गाणे सगळ्यांनाच आवडायचे. पंधरा दिवस कसे निघून गेले कुणालाच कळले नाही. या वर्षी एक झाले होते.
416	v2	त्यांना duty-वर जायचे होते. बनीला खूप आनंद झाला. बनीला रोज compulsory नर्सरीत जावे लागायचे चिंटूचे Garden म्हणजे एक जंगलच होते. सगळ्यांनी मस्त enjoy केला.
417	v2	दिवसभर खूप खेळवून सगळे दमून घरी आले. व बाकी सगळे students झाले होते. व सगळे tasty पण होत्या. सगळे friends एकदम खुश झाले.
418	v2	चाटून चाटून लॉली खाताना melt होत होत्या. सगळ्यांना त्या त्या color-च्या मिशा पण आल्या. त्यांची जीभ सुद्धा colorful झाली.
419	v2	त्याचे पाणी पिताना सगळ्यांना हसायला येत होते. हे surprise सगळ्यांना खूपच आवडले. परत थोडा वेळ खेळ खेळून सगळे घरी परत गेले.
420	v2	तुम्ही आमचा दिवस खूप छान plan केलात. म्हणून आम्हाला खूप enjoy करता आले. बनी चालला aquarium-ला त्याची गोष्ट सांगणार आहे.
421	v2	व Dad घर साफ करत होते. आज Bunny-कडे लक्ष द्यायला कोणालाच वेळ नव्हता. Bani-ला हे ऐकून खूप आनंद झाला. तो गेसची वाट पाहू लागला.
422	v2	बनीने तिला आपली room दाखवली. मग lunch-मध्ये त्यांचे छान जेवण झाले. व सगळे परत गप्पा मारायला लागले. तिथे एवढा मोठा snake होता.
423	v2	मग मम्मा Rabbit-ने सांगितले. ते मात्र glass-मध्ये बंद नव्हते. एका ठिकाणी sand-वर एक-एक fish एवढा मोठा होता. चालत चालत दोघेही दमले.
424	v2	म्हणून ते aquarium-मधून बाहेर पडले. थोडा वेळ पाण्यात, थोडा वेळ sand-मध्ये खेळून बनीला पण आता खूप झोप येत होती. घरी येईपर्यंत बनी झोपूनच गेला.
425	v2	बनी ए बनी उठना बनीची Mom त्याला उठवत होती. बनीला उठायचा खूप कंटाळा आला होता. पण Mom सारखी हाका मारत होती.
426	v2	शेवटी बनी आळस देत देत उठून बसला. बनीचा आळस कुठल्या कुठल्या पळाला? नीट डोळे उघडून बघितले. Bani-ने आनंदाने उडीच मारली.
427	v2	त्याला इतका आनंद झाला cake बघून आणि आपण नंतर cake कट करूया. मग संध्याकाळी park-मध्ये जाऊ. आईने दिलेले दूध पिऊन बनी खेळायला बाहेर पडला.
428	v2	खूप खेळल्यावर Bunny-ला भूक लागली. पोटभर जेवून बनीला मस्त झोप आली खूप enjoy केलं त्यांनी तिथे त्याला gifts मिळाले.
429	v2	घरी आल्यावर बनीला मॉमने सांगितले आज तू अजून मोठा झालास तुझ्या room-ला कुठला रंग द्यायचा ते तू ठरव. Bani हे ऐकून खूप खुश झाला.
430	v2	दुसऱ्या दिवशी खूप सकाळी अशी मोठी खरेदी त्यांची झाली. मग Bunny कलर देऊ लागला. जेमतेम एक वॉल झाली. त्याचा हात दुखायला लागला.
431	v2	मग Bunny-ला एक युक्ती सुचली. इथे घरात या color-च्या वासाने मला उलटी येते. बनीने फेन्स रंगवायला घेतले.
432	v2	तो त्याच्या Dad-ला म्हणाला, आम्ही दोघे मस्त fencing सगळ्यांनी पोटभर खाऊन घेतले. व Chintu-कडे खेळायला जा. आम्ही सगळे घर साफ करतो.
433	v2	Color दिल्याने खूप सुंदर झाले होते. फुल galaxies तयार झाली होती. या weekend-ला काय करावे?
434	v2	बनीला तो movie दाखवायचा असे दोघांनी ठरवले रविवारी सकाळी बनीच्या Mom-ने बनीचा आवडता breakfast असल्याने बनीनी तो पटपट खल्ला. मग Mom-ने मनीला सांगितले.
435	v2	की आपण आत्ता कुठेतरी फिरून येऊया. तेव्हा Bunny-ने तर उडीच मारली. तिथे थोडा वेळ timepass केला. आले तेव्हा संध्याकाळ झाली होती.
436	v2	दिवसभर तमल्याने बनी रात्री लवकर झोपला. स्वप्नात बनीला दिसले. की एक मोठे rocket त्याची वाट पाहत होते. दोन Rabbits पुढे आले.
437	v2	तो एवढा heavy होता. मग तो त्या rocket-मध्ये जाऊन बसला. सू सू करत space-मध्ये उडाले. आधी बराच वेळ प्रकाश दिसत होता.
438	v2	व नंतर एकदम काळोख झाला. मध्येच खूप light खिडकीतून आत येई. व एखादा मोठा star जवळून जाई व बनी मात्र बडबडत होता.
439	v2	दोघे एकमेकांशी खूप भांडायचे. एखादी वस्तू एकमेकांना share पण करत नसत. यांना sharing-ची सवय कशी लावावी? व त्यांच्यातील भांडणे कशी कमी करावी?
440	v2	एक दिवस तिला एक युक्ती सुचली. मला तुमच्या भांडणाचा खूप कंटाळा आला आहे. तुम्ही दोघे दिवसभर अभ्यास करा, खेळा, भांडा, काहीही करा.
441	v2	आपल्या मनाला वाटेल तसे राहूया. Dad-ने दोघांना उठवले. चिंकू व चिमी पटापट उठले. चिमीला स्वतःची आंघोळ करता येत नव्हती.
442	v2	चिंकू मोठा असल्याने त्याला एकदम बंटीने पटकन दोन सेम तुकडे केले. व एक एक तुकडा वाटून घेतला. चिंकूला खरे तर अख्खी Cadbury खायची होती.
443	v2	प्रत्येक गोष्ट एकमेकांना शेअर करतायत. की Mom पण आपल्याला रोज असेच वागायला सांगते. पण आपण कधीच तिचं ऐकत नाही.
444	v2	बंटी व स्वीटीसाठी त्यांनी भरपूर खाऊ आणला. घरी त्यांच्यासाठी एक surprise होतंय. दोघेही धावत तिला चिकटले व बोलले Sorry, आता आम्ही कधीच भांडणार नाही.
445	v2	सगळे एकमेकात share करू. पण तू कुठे आम्हाला सोडून जाऊ नको, promise. चला मुले तर आता शहाणी झाली. एक balloon-वाला असतो.
446	v2	त्यांच्या दोऱ्या त्या cycle-ला बांधून सगळ्यांची वाट बघत असे. ते balloons विकत घेत असत. चुकून हातातील दोरी सुटली तर फुगा उडून जाई.
447	v2	व परत दुसऱ्या फुग्यासाठी हट्ट केला जाईल. अशाने balloon वाल्याचे सगळे फुगे संपत असत. फुगेवाल्याचे attraction जसे मुलांना होते.
448	v2	चिंटू मंकीचे घर त्या beach-जवळच होते. फुगेवाल्याची सायकल रोज घंटी वाजवत बीचवर यायची सायकलची घंटी वाजली.
449	v2	त्याला रोज वाटे की फुगेवाल्याकडून एक फुगा घ्यावा व या झाडावरून त्या झाडावर शेवड्या मारत उंच उडवावा.
450	v2	फुग्याच्या दोरीला धरून उंच आकाशात एखाद्या bird सारखे जावे. चिंटू हळूच त्या फुगेवाल्याच्या cycle मागे पळत गेला. फुगेवाल्याने नेहमीप्रमाणे खूप फुगे तयार केले.
451	v2	व सायकलच्या रॉडला बांधले. सायकल झाडाजवळ उभी करून तो चहा प्यायला बाजूला एका कॉर्नरला गेला. चिंटू मंकी हळूच सायकलजवळ गेला.
452	v2	व एक फुगा त्याने दाताने त्याची दोरी तोडत सायकलवरून पळवला. तेवढ्यात फुगेवाल्याचे लक्ष तिकडे गेले. तो धावतच काठी घेऊन आला. त्याने फुग्यासकट पळ काढला.
453	v2	सायकल सोडून फुगेवाला त्याच्याबरोबर येऊ शकत नव्हता ना चिंटूला फुगा मिळाला त्या आनंदात तो घरी गेला.
454	v2	घरात न जाता तो garden-मध्ये त्या फुग्याशी खेळत बसला. त्याला वाटत होते तसे फुग्याबरोबर त्याला आकाशात काही उडता येत नव्हते.
455	v2	तेवढ्यात त्याची मम्मी garden-मध्ये आली. खूप वेळ चिंटू दिसला नाही म्हणून ती काळजी करत होती. चिंटूच्या हातात फुगा दिसल्यावर ती रागवली.
456	v2	तिने चिंटूला विचारले की हा फुगा तू कुठून आणलास? चिंटूने घाबरून खरे काय ते सांगितले.
457	v2	चिंटूने चोरी करून फुगा आणला म्हणून त्याची मम्मी खूप रागवली. मग Chintu-ला तिने सांगितले. की तो फुगा त्या balloon-वाल्याला परत कर.
458	v2	Balloon-वाला छान माणूस होता. त्याने चिंटूला माफ केले व सांगितले की तू खरे बोलल्याबद्दल हा फुगा तुला मी present दिलाय.
459	v2	व जेव्हा तुला अजून फुगा लागेल तेव्हा मला मागून घेत जा. त्याला आठवले सगळे आपल्याला हेच तर शिकवतात. की कधीही खरंच बोलायचं.
460	v2	आज मी दोन मित्रांची गोष्ट तुला सांगणार आहे. तर Alex गाणे खूप छान म्हणायचा. John-ला गाणे नीट म्हणता यायचे नाही.
461	v2	व एक drama आपण बसवणार आहोत. त्यांना drama खूप आवडला. ड्रॉइंग कॉम्पिटिशनमध्ये जॉनला फर्स्ट प्राईज मिळाले कारण दोघांनाही prizes मिळाली होती.
462	v2	पण घरी जाता जाता त्यांनी ठरवले. की जे आपल्याला येत नाही ते पण शिकलं पाहिजे की नाही? म्हणजे मला पण चांगलं गाणं म्हणता येईल.
463	v2	दोघे रोज practice करू लागले. की मी आज गाणे म्हणणार आहे. Teacher-ना आश्चर्य वाटले. दुसऱ्या दिवशी Alex-ने त्याच्यावर एक जंगल थीम ड्रॉ केली.
464	v2	ती भिंत सगळ्यात सुंदर भिंत दिसत होती. आता दोघे खूप खुश होते. त्यांची friendship अजून घट्ट झाली.
465	v2	की उद्या सकाळी breakfast करून आपण सगळे रात्री dinner करून घरी यायचे. रात्री तिला स्वप्नात पण picnic-च दिसली. की अजून खूप वेळ आहे उठायला.
466	v2	Emily परत झोपून गेली. तरी मामाचे कामच संपत नव्हते. मग Emily एका जागेवरच उड्या मारत बसली. सगळी तयारी पूर्ण होऊन साडेदहा-ला सगळे car-मध्ये बसले.
467	v2	बाहेर हवेत थंडी होती, म्हणून उन्हामध्ये सगळ्यांनाच जायचं होते. बारा वाजता ते एका beach-वर पोहोचले. सगळी लहान मुले पाण्यात मस्ती करत होती.
468	v2	दूर एका ठिकाणी गर्दी नव्हती. सोंडेने एकमेकांवर खूप पाणी त्यांनी उडवलंय. मग ball-ने पण खूप खेळले. दोन-तीन तास खेळून सगळ्यांना भूक लागली.
469	v2	मग ते परत car जवळ आले. तो खाऊन होईस तर sunset झाला. Pizza खाल्ल्यानंतर कोणालाच भूक नव्हती. Emily-चे डोळे पण मिटायला लागले होते.
470	v2	Emily-ला नंतर काहीच आठवत नाही. की ती घरी कधी पोहोचली, bed-वर कशी गेली? Hello बाल मित्रांनो, फुलपरीची गोष्ट सांगणार आहे.
471	v2	Raju एक गोड पण बंडखोर मुलगा होता. शाळेत खूप मस्ती करत होता. आजूबाजूच्या मुलांमध्ये Raju खेळायला जात असे. पण सगळे डाव त्यालाच जिंकायचे असत.
472	v2	मग मारामारी रडारडी होऊन Raju घरी परत येत असे. Raju-ची आई या कारणास्तव त्याला बाहेर खेळायला सोडण्यास नाराज असे. एकदा वर्गात गंमत झाली.
473	v2	एक छानसे फुलपाखरू गणिताच्या तासाला वर्गात शिरले. मुलींची आरडाओरड सुरू झाली. Raju-ने एका झपक्यात ते फुलपाखरू मुठीत पकडले. व गणिताच्या पुस्तकात ठेवले.
474	v2	हळुवारपणे पुस्तक मिटून ते शाळा सुटेस्तोर जपले. व आधी गणिताचे पुस्तक उघडले. Raju-ला खूप वाईट वाटले. सुन्नमनाने Raju एका कोपऱ्यात बसून राहिला.
475	v2	श श असा मंजुळ आवाज त्याला आला एवढ्या गोड आवाजात कोण बोलवते म्हणून Raju-ने आजूबाजूला पाहिले.
476	v2	तर balcony-तून आवाज येत होता तर शेवंतीच्या फुलाजवळून आवाज येत होता. त्याने बघून शेवंतीच्या कुंडीत पाहिले.
477	v2	तर पांढऱ्या शुभ्र शेवंतीच्या फुलावर लाल पंख असलेली एक इवलीशी मुलगी त्याला बोलवत होती. आपण स्वप्नात तर नाही ना म्हणून Raju-ने स्वतःला चिमटा घेतला.
478	v2	तेवढ्यात त्या मुलीने Raju-ला परत फुलांवर राहणारी फुलपरी. माझ्याशी दोस्ती करशील? नाहीतरी घरात एकटा खेळून खेळून तो कंटाळला होता. पुस्तकांशी त्याची दोस्ती नव्हती.
479	v2	तो एकदम आनंदित होऊन म्हणाला, एकदम कबूल. पण मला सांग तू एवढुशी माझ्याशी काय खेळ खेळणार? फुलपरी हसायला लागली. टुणकण उडी मारून balcony-त आली.
480	v2	Raju-ने डोळे उघडले. तर ती जवळजवळ त्याच्या उंचीची झाली होती. आम्हा पर्यांना हवे तेवढे रूप घेता येते.
481	v2	कोणी मला बघू नये म्हणून मी छोटीशी झाले होते. मला फुलांवर राहायला आवडते म्हणून मला फुलपरी म्हणतात. मग दोघांच्या गप्पा खूप रंगल्या.
482	v2	Raju-ने तिला आपल्या सगळ्या दोस्तांची नावे सांगितली. शाळेतल्या खूप गमती जमती सांगून तिला हसवले.
483	v2	तिने पण पर्यांच्या राज्यात काय काय असते व त्या कुठे जाऊ शकतात ते सांगितले.
484	v2	व Raju सारखे अजून कोण कोण तिचे दोस्त आहेत ते पण सांगितले.
485	v2	फुलपुरीने Raju-ला सांगितले की लहान मुले जेव्हा छान काम करतात पण जर का ती उगाचंच मस्ती, खोड्या किंवा दुष्टपणा करणे, प्राण्यांना त्रास देणे अशा गोष्टी केल्या, तर पर्या त्यांच्यापासून लांब जातात.
486	v2	Raju-ने तिथेच निश्चय केला. सतत शहाण्या मुलासारखे वागायचे तेवढ्यात Raju-ची आई तिथे आली. फुलपाखरू हातात घेऊन Raju एवढा काय बडबडतोय हे तिच्या लक्षातच येईना.
487	v2	पण त्या दिवसापासून Raju मात्र फार बदलला. तो सतत शहाण्यासारखा वागू लागला, मस्ती, खोड्या एकदम बंद झाल्या.
488	v2	मग तुम्हीच त्याला विचारून बघा की हुशार कबुतरांची गोष्ट ऐकणार आहोत. एक मोठे जंगल असते. त्यात खूप प्राणी व पक्षी राहत असतात.
489	v2	त्याला खूप पक्षी पकडायचे असतात. ते पक्षी तो पिंजऱ्यात पकडून विकत असतो. तिथे एक कबुतरांचा ग्रुप राहत असतो.
490	v2	शिकारी जमिनीवर net लावून पसरवून ठेवतो व त्यात खूप दाणे टाकतो. खूप दाणे जमिनीवर बघतो. सगळी कबुतरे खाली उतरतात.
491	v2	पण त्यांना ते जमिनीवरचे net दिसतच नाही. त्यांचे पाय त्या net-मध्ये अडकतात. मुद्दामून दाणे टाकले होते. त्या कबुतरांमध्ये एक शहाणे कबुतर असते.
492	v2	ते म्हणते की आपण एक युक्ती करूया. आपण सगळे या net-सकट उडूया. थोड्या अंतरावर एक plane जागा आहे. तेथे आपण खाली उतरूया.
493	v2	सगळ्यांना ही idea आवडते. सगळी कबुतरे count करतात. आणि एकाच वेळी ते net घेऊन उडतात. जवळच नदीवर आंघोळ करत असतो.
494	v2	तेवढ्यात त्याचे लक्ष आकाशात जाते. त्याचे net घेऊन कबुतरे उडत असतात. त्याला खूप धक्का बसतो. पण तो काहीच करू शकत नसतो.
495	v2	कबुतरे net घेऊन उडून गेलेली असतात. इकडे कबुतरे उडत उडत त्या plane जागेवर पोहोचतात. व प्रत्येक कबूतर आपल्या पायातील net-च्या दोऱ्या चोचीने तोडून टाकतो.
496	v2	थोड्याच वेळात सगळी कबुतरे free होतात. व ठरवतात परत असे दाणे पडलेले दिसले.
497	v2	किती हुशार कबूतरं असतात ना ती तुम्हाला एखादी जादूची pencil मिळाली तर तुम्हाला आवडेल की नाही?
498	v2	अशाच एका जादूच्या pencil-ची मी तुम्हाला आता गोष्ट सांगते. चिंटूला गणिताचा एकदम कंटाळा येत असे. त्याला तसं सगळ्याच विषयांचा कंटाळा येईल.
499	v2	तीच गोष्ट रटाळ मराठीची. व बेच विज्ञानाची तो तास Chintu-चा फार आवडता होता. वेगवेगळ्या झाडांबरोबर, फुलांबरोबर तो गप्पा मारत असे.
500	v2	नदीवर नेले तर वाहत्या पाण्याला विचारी तू कुठे चाललायस? सगळी मुले त्याला हसत. पण त्याची आई त्याचे निसर्ग प्रेम बघून खुश होई.
501	v2	चिंटूला सगळे प्राणी पण खूप आवडत. पण जागा लहान असल्याने तो त्यांना घरात ठेवू शकत नव्हता. गणिताच्या तासाला मात्र Chintu-ला झोप आवरता येत नसे.
502	v2	बेरीज वजाबाकी त्याला अगदी डोक्यावरून जाईल. सगळ्या विषयात fail झाला. Maths-मध्ये तर त्याला भला मोठा भोपळा मिळाला. त्याच्या सगळ्या वर्गात त्याची टर उडवली गेली.
503	v2	तो अतिशय नाराज झाला. कसं बसं रडे आवरत तो घरी आला.
504	v2	नेमकी त्याच दिवशी त्याची आवडती Sona मावशी त्याच्याकडे छोटे बाळ घेऊन राहायला येणार होती. सगळ्यांचं पाणी पडलं होतं.
505	v2	सोना मावशी आणि तिचं इटुकलं पिटुकलं बाळ. पण घरात सगळे एकदमच upset दिसले. चिंटू तर एखाद्या सुकलेल्या फुलाप्रमाणे मलूल होता.
506	v2	अगं ताई चिंटू तुम्ही काही काळजी करू नका माझा मुक्काम चांगला तीन महिने इथे आहे. माझ्याजवळ एक जादूची pencil आहे. त्याने Chintu-ने अभ्यास केला.
507	v2	चिंटूच्या आईला हे जादूच्या पेन्सिलचे काय गौड बंगाल आहे ते कळेना. पण Chintu मात्र अगदी हरकून गेला. की माझे बाळ तीन महिने तुझ्या ताब्यात.
508	v2	व तुझे बाळ तीन महिने माझ्या ताब्यात. कारण ही जादूची pencil फक्त माझेच ऐकते. त्याला सर्व पुस्तके वह्या नीट मांडून ठेवायला सांगितले.
509	v2	एका वेगळ्याच रंगाची व आकाराची pencil ती घेऊन आली. चिंटूला डोळे मिटायला सांगून तिने एक मंत्र म्हटला. एका कागदावर सगळे विषय लिहिले.
510	v2	व Chintu-ला सांगितले, तू आता झोप. या कागदावर जादूची पेन्सिल क्रम लिहील त्या क्रमाने उद्यापासून आपण अभ्यास सुरू करायचाय.
511	v2	जादूच्या pencil-नी जे जे तुला करायला सांगितले ते तू ते ते तू केलेस तरच ती तुला चांगले mark मिळवून देईल.
512	v2	चिंटूने खुशीने मान डोलवली जादूच्या पेन्सिलची गोष्ट सगळ्या मित्रांना सांगायची चिंटूला अगदी घाई झाली होती. पण Sona मावशींनी त्याला तसं न सांगण्याची शपथ घातली.
513	v2	कारण नाहीतर मग pencil-मधली जादू निघून गेली असती. दुसऱ्या दिवशी सकाळी लवकर उठून चिंटू pencil-ने काय लिहिले ते बघायला आपल्या खोलीत गेला.
514	v2	तर एकदा एका कागदावर English-चे धडा वाचन. सोना मावशीने त्याला त्याचा अर्थ सांगितला. व लगेच धड्याचे वाचन करायला सांगितले.
515	v2	तीन महिने मोठ्या भक्ती भावाने Pencil जे जे सांगेल तेथे Chintu करू लागला. सोना मावशी सर्व तऱ्हेने त्याच्या अभ्यासात मदत करत होती.
516	v2	जादूच्या pencil-ने आपली करामत दाखवायला सुरुवात केली होती. गणितासारखा कंटाळवाणा विषय Chintu-चा आता अगदी आवडीचा बनून गेला.
517	v2	पाठ करून जादूच्या पेन्सिलनी लिहिलेले पाढे अगदी जसेच्या तसे त्याला येऊ लागले होते. Spelling सोना मावशी गाणी गाण्याच्या तालावर त्याच्याकडून पाठ करून घेई.
518	v2	हळूहळू वर्गात एक वेगळाच चिंटू सगळ्यांना दिसू लागला. सहामाही परीक्षेचा result आल्यावर Sona मावशी आपल्या घरी जाणार होती.
519	v2	अपेक्षेपेक्षा चिंटूला सगळ्या विषयात चांगले marks पडून त्याचा नंबर पहिल्या दहा-मध्ये आला.
520	v2	चिंटूला जादू पेन जादूच्या पेन्सिलला कुठे ठेवू आणि कुठे नको असे होऊन गेले. तर आई सांगेल त्या विषयाचा त्याला अभ्यास करायला लागेल.
521	v2	सोना मावशी परत गेल्यावर कागद कोराच राहिला. हळूहळू जादूच्या pencil-चा त्याला विसर पडला. पण अजून त्याने ती जपून ठेवली आहे.
522	v2	सोना मावशीच्या बाळाला लागली तर तुम्हाला हवी आहे मित्रांनो अशी जादूची pencil का तुम्ही तुमचा अभ्यास करणार? खरी कमाई म्हणून एक गोष्ट सांगणार आहे.
523	v2	आज सगळी मुले खूप excited होती. लवकर ready होऊन बसली होती. छान रेडी झालो व आज एकदम वेळेत स्कूलला पोहचायचे बरं का डॅड.
524	v2	आपापल्या classrooms-मध्ये गेले. थोड्या वेळानी Miss आल्या. त्याच्यानंतर त्यांनी सगळ्यांना आज तुम्ही सगळेच खूप smart दिसतायत. पण आपण त्यांचा कधी विचार करतो का?
525	v2	रोज एक तास आपण घरातले त्यांच्या guidance खाली करायचे. सगळ्यात जास्त excellent मिळतील. ज्या कामासाठी तुम्हाला excellent मिळालंय.
526	v2	ते काम आम्ही इथे करून घेणार आहोत. सगळ्या मुलांना आनंद पण झाला. व त्यांना कामे कोणती करू म्हणून विचारलं.
527	v2	मस्त राहिले तर मी त्याचे excellent देईन. हळू हळू रोज एक-एक काम वेद नायरा करत होते. Grocery लावायला मदत करणे. आपले bed सावरणे.
528	v2	शू रॅक नीट साफ करून अरेंज करणे खूप खूप कामांची ओळख त्यांना या task-मुळे. रविवारी तर त्यांनी garden-मध्ये इतके काम केले.
529	v2	नवीन झाडे लावली, जुन्या झाडांना खत व पाणी दिले. Garden-मधला कचरा झाडून साफ केला. तुम्हाला कसे वाटले? आता मी व Naira दोघांनी ठरवले आहे.
530	v2	की जास्तीत जास्त help त्यांना करायची. व घर clean ठेवायचे. Teacher म्हणाल्या, शाब्बास! तुम्हाला या गोष्टी कळाव्यात. एका छोट्याशा कुकूबर्डची गोष्ट ऐकणार आहोत.
531	v2	एक छोटासा bird असतो. एकदा तो आकाशात उडत असतो. अचानक त्याचा पंख दुखायला लागतो. त्याला एक घर दिसते. तो हळूच त्या घराच्या balcony-त जातो.
532	v2	त्या घरात एक Raju नावाचा छोटा मुलगा आपल्या Raju खिडकीत उभाच असतो. तेवढ्यात त्याला दिसते एक छोटा कुकूबर्ड आपल्या बाल्कनीत आलाय.
533	v2	सरकत सरकत एक कॉर्नरला जाऊन बसतो. की त्या पक्ष्याला काहीतरी injury झाली आहे. थोडे पाणी व हातात थोडे तांदूळ आणतो.
534	v2	व तांदूळ पण एक पेपरवर ठेवतो. की हा छोटा मुलगा आपल्याला help करतोय. प्रथम तो bowl-मधले थोडे पाणी पितो.
535	v2	व मग थोडे तांदूळ आपल्या चोचीने वेचून खातो. थोडे पाणी व अन्न पोटात गेल्याने त्याला थोडी ताकद येते. तो Raju-कडे बघून गोड चिवचिवाट करतो.
536	v2	व त्यावर त्या bird-ला झोपवतो. मग त्याला दिसते की त्याच्या पंखातून थोडे रक्त येते. Raju आठवतो की आपण खेळात पडलो आपल्याला जखम झाली.
537	v2	मग tube-मधले औषध लावतात. मग मांडीवर हळूच bird-ला घेऊन हलक्या हाताने जखम पुसतो. Bird-ला खूप बरे वाटते. ते तुला काही करणार नाही.
538	v2	उलट छान खाऊ देईल Mummy. एक Mom-ने एका वाटीत अजून थोडे अन्न व पाणी त्या पिल्लासाठी ठेवले. त्यात त्या पिल्लासाठी bed तयार केला.
539	v2	दिवसभर पिल्लाने ते अन्न खाल्ले व रात्री त्या box-मध्ये ते झोपी गेले. Raju-ने लावलेल्या औषधामुळे त्याची जखम दोन-तीन दिवसातच भरून आली.
540	v2	बघतो तर काय पिल्लू मस्त उड्या मारत होते. थोड्या वेळाने पिल्लू balcony-च्या खिडकीत बसले. Raju-ला खूप वाईट वाटले.
541	v2	त्याचा एखादा friend-च घरी गेल्यासारखे त्याला वाईट वाटत होते. पण त्याच्या Mummy-नी त्याला समजवले. दुसऱ्या दिवशी सकाळी Raju-ला त्या कुकू बर्डने हाक मारली.
542	v2	व त्या पिल्लाच्या पंखावरून त्याने प्रेमाने हात फिरवला. आज मी तुम्हाला लाकूडतोड्या व गाय यांची गोष्ट सांगणार आहे. एका गावात एक लाकूडतोड्या राहत असे.
543	v2	तो रोज जंगलात जाऊन लाकडे गोळा करी. वाळलेली झाडे कापून त्याचे लाकूड बाजारात विकत असे. ती गाय छान धष्टपुष्ट होती.
544	v2	कारण लाकुडतोड्या जंगलात जाताना रोज गाईला बरोबर घेऊन जात असे. तिथला हिरवागार पाला खाऊन गाय चांगली मस्त धष्टपुष्ट झाली होती.
545	v2	लाकूडतोड्या जी लाकडे गोळा करी ती मग गाईच्या पाठीवर दोघांचे अगदी मस्त चालले होते. पण एक दिवस मात्र खूप वाईट उगवला.
546	v2	लाकूडतोड्या लाकडे तोडत तोडत गाय पण त्याच्या मागोमाग आत गेली. लाकूडतोड्यांनी लाकडे गोळा केली व गाईच्या नावाने हाका मारू लागला.
547	v2	पण गाईडचा काही आवाजच येईना. लाकूडतोड्याला खूप काळजी वाटू लागली. वाघ, सिंह असे खूप जंगली प्राणी होते. त्याला गाईची काळजी वाटू लागली.
548	v2	तो तिच्या नावाने हाका मारत वेड्यासारखा तिला शोधू लागला. इकडे गाईला पण कळले होते की आपण हरवलं आहोत म्हणून.
549	v2	ती पण लाकूडतळ्याला शोधत फिरत होती. पण गाय खूप हुशार होती.
550	v2	तिने विचार केला, जोपर्यंत लाकूडतोड्याची हाक आपल्याला ऐकू येत नाही तोपर्यंत तोंडाने हम्मा हम्मा ओरडायचे नाही.
551	v2	कारण या जंगलात वाघ सिंह आहेत ना त्यांना आपण आयतेच आपलं खाद्य मिळेल.
552	v2	पण ती असा विचार करत असतानाच एका वाघाने तिला बघितले होते तो हळूच दबकत दबकत तिच्या मागोमाग येऊ लागला. गाय खूप सावध होती.
553	v2	कोणीतरी आपला पाठलाग करतोय. ती मुद्दामून एका झाडामागे लपली. तिला थांबलेली पाहून त्याने तिच्यावर झेप घेतली. गाय चपळ पण होती, तिने पटकन धाव घेतली.
554	v2	वाघाचे तोंड झाडावर आपटले. पण आता तो चिडला, तो जीव घेऊन गाईच्या मागे लागला. गाय पण वेडी वाकडी पळत त्याला हुलकावण्या देत होती.
555	v2	तेवढ्यात तिच्या कानावर लाकूडतोड्यांनी मारलेल्या हाका ऐकू येऊ लागल्या. की लाकूडतोड्या जवळपासच आहे तिने जोरात हाकेला उत्तर दिले. लाकूडतोड्याला खूप आनंद झाला.
556	v2	आवाजाच्या दिशेने त्यांनी धाव घेतली. थोड्या वेळाने तो एका सपाट मैदानाच्या जागी पोहोचला. पण समोरचे दृश्य बघून खूप घाबरला.
557	v2	एका भल्या मोठ्या वाघाशी त्याची गाय झुंज देत होती. आपली शिंगे रोखून त्याला घाबरवत होती.
558	v2	खरे तर वाघ वाघ पण तिच्या गाईच्या धष्टपुष्ट शरीराला घाबरला होता. त्यात तिची अनकुजी अनकुचीदार दोन मोठी शिंगे त्याच्या डोळ्याच्या दिशेने सारखी येत होती.
559	v2	लाकूडतोड्याने गाईला प्रेमाचा आवाज दिला. त्याबरोबर वाघाने वळून तिकडे बघितले. एवढा एकच क्षण गाईला पुरे होता. तिने वाघाला शिंगांनी खाली पाडले व जोरात ढकलले.
560	v2	लाकूडतोड्याने लांबूनच नेम धरून आपली हातातील कुऱ्हाड वाघाला फेकून मारली. दुहेरी हल्ला झाल्यामुळे वाघ खूप घाबरला. व जीव तोडून पळतच सुटला.
561	v2	तेवढ्यात लाकूडतोड्या धावत गाईजवळ गेला. व आपली कुऱ्हाड परत हातात घेऊन तिला कुरवाळू लागला.
562	v2	आपल्या शूर गाईचे किती कौतुक करू व किती नको असे त्याला झाले होते. गाईने पण त्याच्या अंगाला शिंगे घासत sorry म्हटले.
563	v2	कारण ती वाट चुकली व वाघ भेटला. एका गावात एक म्हातारी पणजी आजी राहत असते. ती घरात एकटीच राहत असते.
564	v2	पण ती खूप शूर व हुशार असते. तिच्याजवळ एक गणपती बाप्पाची छोटी मूर्ती असते. ती त्यालाच आपला मुलगा मानत असते.
565	v2	त्याच्याशी बोलत असते, त्याला रागावत असते, त्याला रोज खाऊ देत असते. गणपती बाप्पा पण तिच्यावर खूप प्रसन्न असतो.
566	v2	दुपारच्या वेळी एक चोर पण Jiaji-च्या घराबाहेर उभा असतो. तो आजीच्या झोपायची वाट पाहत असतो. आजी खिडकीतून आजीला खिडकीतून तो चोर दिसतो.
567	v2	ठेव बरं ती बंदूक खाली. तुला काय बंदूक करायची रे? तू एवढा जाड आहेस. की चोर आला तर एकाच फटक्यात पळून जाईल.
568	v2	चोराने हे ऐकलं. तो घाबरला व पळूनच गेला. बाहेर खूप पाऊस पडत होता. आजीला खूप सर्दी व खोकला झाला होता.
569	v2	थोडा ताप पण आला होता. तिला अगदीच उठवत नव्हते. ती झोपून गेली. त्यांनी ठरवले की आजीला गरम गरम हळद दूध द्यायचं.
570	v2	मऊ मऊ तूप भात खाऊ घालायचा. गोड कडू औषध द्यायचं. व एकदम बरं करून टाकायचं. मग त्यांनी आधी आजीला गरम हळदीचं दूध पाजलं.
571	v2	व थोड्या वेळाने औषध पाजले. हळूहळू आजीला बरं वाटलं. दोन-तीन दिवस गणपती बाप्पा सतत आजीची सेवा करत होता. मग आजी पूर्ण बरी झाली.
572	v2	गणपती बाप्पाला बघून तिला खूप आनंद झाला. पण Bappa तिला म्हणाला मला तुझ्याबरोबर सारखं सारखं राहता येणार नाही.
573	v2	जेव्हा जेव्हा कोणी मला हाक मारेल तिथे मला जावं लागतं. तुला काही खाऊ हवा असेल? तर ही मेणबत्ती माझ्यासमोर लाव.
574	v2	मी तुला जादूनी तो आणून देईन. तुला कोणी त्रास दिला तर परत ती candle लाव.
575	v2	ही candle जर तू रोज माझ्यासमोर लावलीस तर तुला सगळ्याच गोष्टी रोज मिळतील. शक्ती बुद्धी खाऊ बाप्पा म्हणाला, नाही, ती जादूची मेणबत्ती आहे.
576	v2	फक्त माझी आठवण मात्र रोज काढायची. रोज Ganpati बाप्पा पुढे दिवा लावते. शक्ती, बुद्धी आणि खाऊ देतो. पंढरीचा विठुराया याची गोष्ट ऐकणार आहोत.
577	v2	आज आषाढी एकादशी आहे. गणपती बाप्पा सारखा आणखी एक देव आहे. त्याचे नाव Vitthal. त्याचा आज वाढदिवस आहे.
578	v2	त्याचे मोठे मंदिर त्याच्या वाढदिवसाला खूप लोक Pandharpur-ात येतात. त्याच्यासाठी गाणे म्हणतात, dance करतात. तो सगळ्यांचा आवडता देव आहे.
579	v2	आज मी त्याचीच गोष्ट सांगणार आहे. त्याची रोज पूजा करणारा एक माणूस होता.
580	v2	व ते pots ज्याला माठ म्हणतात ते fireplace-मध्ये भाजायचे, त्याला भट्टी म्हणतात. तो रोज जंगलात जाऊन माती आणायचा.
581	v2	मग त्यात पाणी मिसळून त्याला पायाने मिक्स करायचा. मग दिवसभर ते माठ उन्हात वाळवून मग भट्टीत भाजायचा.
582	v2	हे सगळे काम करताना तो सतत विठ्ठल विठ्ठल विठ्ठल विठ्ठल असा जप करायचा. असे pots तयार केले. व उन्हामध्ये सुकत ठेवले.
583	v2	एका पॉटमध्ये एका कॅटने आपली पिल्ले ठेवली. ती पिल्लं खूप छोटी होती. त्यांना कुणी त्रास देऊ नये. गोऱ्या कुंभाराला हे माहीत नव्हते.
584	v2	त्याने नेहमीप्रमाणे सगळी सगळी मडकी व लाकूड पेटवून भाजायला ठेवली. जशी जशी ती भट्टी गरम होऊ लागली तशी मांजराची पिल्ले ओरडायला लागली.
585	v2	गोरा कुंभार खूप घाबरला. विठ्ठला, केवढी मोठी चूक माझ्या हातून झाली?
586	v2	तो सारखे डोळे तो सारखा डोळे मिटून विठ्ठल विठ्ठल विठ्ठल विठ्ठल असा जप करू लागला. विठ्ठलाला पण वाईट वाटले.
587	v2	गोरा कुंभार आणि ती पिल्ले खूप दुःखी आहेत. म्हणून त्यांनी खूप विचार केला आणि मग पाऊस पडला. पावसामुळे ती fireplace भट्टी विजून गेली.
588	v2	व भट्टी थंड झाली. गोऱ्या कुंभाराने पटकन भट्टीमधून पिल्ल असलेले मडके शोधले. पाहतो तर काय पिल्ले एकदम safe होती. फक्त खूप घाबरली होती.
589	v2	त्याने पिल्लाचे मडके लांब अंगणात ठेवले. जिथे पिल्लांची आई रडत होती. तिला पिल्ले भेटल्यावर ती पण आनंदाने उड्याच मारू लागली.
590	v2	गोरा कुंभाराने देवापुढे बसून देवाचे खूप आभार मानले. व विठ्ठलाचे गाणे म्हणून त्याला साष्टांग नमस्कार घातला. चला आपणही याच म्हणूया का?
591	v2	विठ्ठल विठ्ठल जय हरी विठ्ठल विठ्ठल विठ्ठल जय हरी विठ्ठल वेद, बनी, एमली, चिंटू, इंजूची गोष्ट ऐकणार आहोत.
592	v2	थोड्या वेळाने कुणीतरी Ready हो पटकन आज आपण Zoo मध्ये आहे त्यांना भेटायला. व सॅक मध्ये थोडा खाऊ ठेवला. मग ते gate-मधून आत गेले.
593	v2	Ved-ने त्यांचे भांडण सोडवले. चिंटू शहाणा मंकी होता. ते झाडाची पाने खात होते. त्यांनी सगळ्यांना hi केले. आणि मग ते fast पळत होते.
594	v2	वेदला पळणं फार आवडत होतं. नंतर मग एक पांडा व beer दिसले. झाडाखाली झोप काढत होते. म्हणून सगळ्यांनी लांबूनच त्यांना पाहिले.
595	v2	Sugarcane तोडून खात होते. वेदला खूप मज्जा येत होती. जिराफ दादाला त्यांनी झाडाची कोवळी पाने feed केली. सगळ्यांनी त्या count करायचा प्रयत्न केला.
596	v2	वेज शिवाय कोणालाच त्या count करता आल्या नाही. खूप Flamingos होते. छान छान मोर होते. ते बघून सगळेजण खूपच खुश झाले.
597	v2	त्यांना असे वाटत होते. नंतर मग काय झालं? पांढरे शुभ्र व काळे कुट्ट ससे दिसले. व त्यांच्याबरोबर खूप गप्पा मारल्या.
598	v2	चिंटू मंकीला तिथून हलावेसेच वाटत नव्हते. त्यांच्याबरोबर उड्या मारून मारून सगळेजण दमले. बर्फात चालणारे penguins बघून सगळे जण gate-च्या बाहेर पडले.
599	v2	पण तिथे चू संपत होता. आता सगळे दमले होते. बसमध्ये घरी जाण्यासाठी बसताच त्यांना झोप आली. वेदची मम्मा त्याला उठवत होती.
600	v2	अरे काय रे रात्रभर उड्या मारत होता झोपेत? वेगणे हळूच डोळे उघडले. अरे अच्छा, तो तर त्याच्या bed-मध्येच होता. प्राण्यांची शाळा गोष्ट सांगणार आहे.
601	v2	बालमित्रांनो, तुम्ही तुमची शाळा कशी असते? खूप खूप गोष्टी असतात ना? मुख्य म्हणजे सगळे friends असतात, त्यामुळे दिवस कसा मस्त जातो की नाही?
602	v2	चुकून एक माकड शिरले. माकडाला पळता चाले नाही. ते एका कोपऱ्यातील bench खाली लपून बसले. थोड्या वेळाने गाण्याचा period झाला.
603	v2	माकड सगळे enjoy करत होते. त्याचा दिवस मस्त चालला होता. दुपारचे बारा वाजले. व शाळेचे पहिले session संपले. सगळी मुले भराभर class बाहेर पडली.
604	v2	व माकड हळूच जंगलाच्या दिशेने पळाले. की आपण पण दोन पायावर चालू शकतो माणूस जे जे करू शकतो ते आपण करू शकतो.
605	v2	फक्त आपली भाषा वेगळी आहे. त्याने ठरवले आपण पण जंगलात एक school काढूया. मग आपला पण वेळ मजेत जाईल.
606	v2	त्यांनी सगळ्या लहान मोठ्या प्राण्यांना एकत्र जमवले. व एका एक meeting-च घेतली.
607	v2	ससा, हरण, कोल्हा, माकड, हत्ती, जिराफ, वाघ, सिंह, बकरी सगळे प्राणी झाडाखालच्या या meeting-ला आले. की आपण पण school काढूया.
608	v2	मग ज्या प्राण्याला जे जे येते ते त्यांनी शिकवायचे. व सगळ्यांनी त्याचे ऐकायचे. माकडालाच monitor केले गेले.
609	v2	ससा म्हणाला, मी दोन पायावर उभे राहून सगळ्यांना balancing शिकवेल. हरीण म्हणाले मी डान्स करायला शिकवेल. बकरी म्हणाली मी गाणे शिकवेन.
610	v2	हत्ती म्हणाला मी पोहायला शिकवेन. जिराफ म्हणाला मी मानेचे व्यायाम शिकवेन. वाघ म्हणाला, मी व सिंह शिकार कशी करायची ते शिकवू.
611	v2	माकड म्हणाले मी सगळ्यांना कोलांटी उडी मारायला शिकवेन. सकाळी आठ वाजता ही प्राण्यांची शाळा जंगलात सुरू झाली.
612	v2	आधी ससुल्यानी सगळ्यांना दोन पायावर उभे राहायला सांगितले. बकरी, हरीण, माकड यांना छान balance करता आले.
613	v2	पण हत्ती बिचारा दोन पायावर उभा राहायला गेला व वजनामुळे धाडकन तोल जाऊन पडला. मग ससुल्याचा class बंद पडला.
614	v2	मग बकरी ताई गाणे म्हणायला आल्या. पण वाघोबा आणि सिंहोबांना गोड आवाजात काही गाणे म्हणताच येत नव्हते. त्यांच्या डरकाळ्या ऐकून सगळे प्राणी घाबरायला लागले.
615	v2	माकडाची पण कोलांटी उडी ससुल्याशिवाय कोणालाच जमली नाही. हरणाचा dance मात्र सगळ्यांना खूप मज्जा आली. सगळे वेडे वाकडे अंग हलवून नाचत होते.
616	v2	मग दमले सगळे. मग हत्तीने सांगितले. आता आपल्याला सगळ्यांना एवढा घाम आलाय ना dance करून. मग आपण आता सगळे पोहायला जाऊया.
617	v2	मग हत्तीने सगळ्यांना पोहायला नदीवर नेले. बकरी, ससा, हरीण यांना काही पोहता येत नव्हते. ते पाण्यात गटांगळ्या खायला लागले. शेवटी बिचारे सगळेच बाहेर आले.
618	v2	आता मात्र सगळ्यांना सणकून भूक लागली. माकड, बकरी, ससा, हरीण यांनी ओळखले.
619	v2	की आता आपण जर पळालो नाही तवा घोबा व सिंह आपलीच शिकार करतील. ससा पटकन बुळ्यात शिरला. हरीण पळून गेले, माकड झाडावर चढून बसले.
620	v2	पण बकरी ताईची मात्र शिकार झाली. पोट तुडुंब भरल्याने वाघ व सिंह झोपायला घरी निघून गेले. माकड मात्र डोक्याला हात लावून बसले.
621	v2	एकाच दिवसात प्राण्यांची ही शाळा बंद पडली. त्यांची घरे पण एकमेकांजवळच होती. फक्त एक रस्ता क्रॉस करायचा व पाच मिनिट सरळ चालत जायचे.
622	v2	Sanju थोडा दूर राहत असे. तो येईस्तोवर Raju गेटजवळ त्याची वाट पाहत असे. Crossing पर्यंत चालत जात ते सगळे traffic हाताने थांबवत.
623	v2	मग हळूच मुले रस्ता cross करत. तर कधी फुले भेट म्हणून आणत असत. पोलीस अंकलचा पाय खूप दुखत होता.
624	v2	त्यांना नीट उभं सुद्धा राहता येत नव्हतं. ते रस्त्याच्या कडेला एका bench-वर मुलांची वाट बघत बसले होते. पोलीस Uncle-ची दया सगळ्या मुलांना आली.
625	v2	ते सगळ्या छोट्या मुलांना म्हणाले. मी शिट्टी वाजवतो, तू सगळ्या vehicles-ना हात करून थांबव. त्यांना खूप बरे वाटले. त्यांनी आपली शिट्टी Raju-ला दिली.
626	v2	शिट्टी व हात करून सगळी vehicles त्यांनी थांबवली. व त्यांच्या Headmistress-कडे चौकशी केली. त्यांच्या school-मधली आहेत म्हणून.
627	v2	त्या माणसाने Teacher-ना सगळं सांगितल्यावर त्यांना खूप अभिमान वाटला. तेव्हापासून त्या school-मधल्या मुलांना सगळेजण ओळखतात. Raju-चा पोपट म्हणून गोष्ट ऐकणार आहोत.
628	v2	एका माणसाकडे एक पोपट असतो. तो खूप गोड बोलत असतो. त्याच्यासमोर आपण जे बोलू त्या माणसाचं नाव असते Raju. डॉक्टरांकडे एक मुलगा बसलेला असतो.
629	v2	त्याला तो पोपट खूप आवडतो. की मला हा पोपट हवा आहे. पण Johnny खूप हट्ट करतो, जेवत नाही.
630	v2	तुला मी हवे तेवढे पैसे देतो पण हा पोपट मला दे. Raju म्हणतो तो माझा पोपट नाहीये मुलगाच आहे.
631	v2	मी फक्त एक दिवस या पोपटाला तुझ्याकडे पाठवीन. पण जर तो पोपट sad झाला तर लगेच मला परत आणून द्यायचं.
632	v2	Johnny-ला पोपट खूपच आवडलेला असतो. मग पोपटाला घेऊन आपल्या घरी येतो. तो पोपटाचे खूप लाड करतो.
633	v2	खूप छान छान पेरू, डाळिंब वगैरे सगळ्या गोष्टी आणतो. सगळ्या त्याच्या आवडीच्या वस्तू ठेवतो पण पोपट कशाला चोच लावत नाही.
634	v2	Johnny-कडे आल्यापासून तो एक शब्दही बोलत नाही. खिडकी बाहेर बघत राहतो. ते Johnny-ला खूप रागवतात. की तू असं पोपटाशी बोलायचं नाही.
635	v2	तू खूप प्रेमाने त्या पोपटाशी बोल. की फक्त आजचा दिवस मी तुला इथे आणलंय आणि उद्या तो परत घरी जाणार आहे.
636	v2	त्याच्याशी friendship कर मग तो तुझ्याशी बोलेल. व म्हणतो माझ्याशी friendship करशील का? पण मला एक छान गाणे म्हणून दाखवशील का?
637	v2	मी तुला माझे छान छान toys देतो. व परत पोहोचवायचे promise पण त्याला मिळाले. त्यामुळे तो आनंदी झाला. मग Johnny बरोबर तो खूप खेळला.
638	v2	छान छान गाणी त्याला म्हणून दाखवली. पण आता जेव्हा जेव्हा त्याला पोपटाची आठवण येते तेव्हा तो Raju-कडे येतो व पोपटाशी खूप खेळतो.
639	v2	जाऊ तिथे खाऊ म्हणून एक गोष्ट ऐकणार आहोत. त्यांना सारखी भूक लागत असे. त्यांच्या आयांना नेहमी प्रश्न पडे. यांना सतत खायला काय द्यायचे?
640	v2	मंगूच्या आईचे नाव Tara होते. दोघींनी ठरवले की या दोघांचा खादाडपणा दूर केलाच पाहिजे. दुसऱ्या दिवशी रविवार होता. रविवार त्यांना खूप आवडे.
641	v2	अगदीच काही मिळालं नाही तर Maggi करून खा. इतर दिवशी शाळा असल्याने फक्त शाळेच्या मधल्या सुट्टीतच त्यांना खायला मिळेल.
642	v2	बाकी शाळा सुटेपर्यंत त्यांच्या तोंडाला व पोटाला सुट्टी असे. म्हणून खरे तर शाळेत जायचाच त्यांना कंटाळा ये. पण जबरदस्तीने शाळेत तर जावंच लागेल.
643	v2	चंगू आणि मंगूला खमंग वास येऊ लागले. व वासानीच त्यांची भूक चाळवली. घाई घाईत तोंड वगैरे धुऊन ते स्वयंपाक घरात धावले.
644	v2	खूप खायचे नवनवीन पदार्थ त्यांच्या आयांनी बनवले होते. इतके खायचे पदार्थ बघून दोघे आनंदाने उड्याच मारायला लागले. त्याने एकट्याने आजच्या आजच संपवायचे.
645	v2	जर आज संपवले नाही मोजके पचेल एवढेच खायचे. व जर त्याने हे सगळे पदार्थ संपवले तर एवढेच पदार्थ त्याला रोज रोज खायला मिळतील.
646	v2	मंगूच्या घरी पण same त्याच्या आईने त्याला हेच सांगितले. कारण त्यांना वाटले की एवढे पदार्थ आपण हा हा म्हणता संपवू.
647	v2	व दररोज आपल्याला एवढे पदार्थ खायला मिळतील.
648	v2	खोल्यांमध्ये हाताला लागेल तसा खाऊ प्रत्येक खोलीत अगदी bathroom-मध्ये सुद्धा त्यांनी तो जाऊ तिथे खाऊ अशी त्यांच्या घराची अवस्था झाली.
649	v2	दर पाच मिनिटांनी नवीन खाऊ तोंडात भरायचा. दुपारच्या जेवणापर्यंत संध्याकाळपर्यंत निम्मे पदार्थ संपले.
650	v2	पण आता पोटाला एवढी तड लागली होती की मुश्किलीने ते चालू शकत होते. रात्रीचे सात वाजले होते व निम्मा खाऊ अजून शिल्लक होता.
651	v2	पण त्यांना खाण्याकडे आता बघवत पण नव्हते. व म्हणाले, आई, आम्ही हरलो. आता एक कण पण आम्ही खाऊ शकत नाही.
652	v2	व खादाडपणाचे तोटे त्यांना सांगितले. की ते आता शहाण्यासारखे वागतील. तेव्हापासून त्यांनी खादाडपणा कायमचा सोडला. पण जाऊ तिथे खाऊ म्हणून अजूनही सगळे त्यांना चिडवतात.
653	v2	व त्यांना मोजकेच खायची आठवण देतात. माणसाची story वाचली होती. तो माणूस नावाच्या animal-ला फक्त दोन पाय असतात.
654	v2	तो राहतो ती जागा खूपच वेगळी असते. कधी कधी तर तो पायानी चालतच नाही. कशावर तरी बसतो व ती वस्तू त्याला ढकलत नेते.
655	v2	तिला पण ते magic-च वाटले. मग ते आपल्याला माणसांच्या world-मध्ये घेऊन जातील. जंगलाच्या एका कॉर्नरला नेले. त्यावर तो जोरजोरात हसायला लागला.
656	v2	तो म्हणाला, सगळी माणसे तुम्हाला घाबरतात. तुम्ही जसे आम्हाला घाबरता तसे आम्ही पण तुमच्या वडिलांना घाबरतो. मग आपली friendship कशी होणार?
657	v2	तो माणूस Animal त्यांची वाटच पाहत होता. राणी आणि Sunny-ला ठेवले. दोघे खूप घाबरले. कारण तो डबा हालत होता.
658	v2	खूप आवाज येत होता, जोऱ्यात पळत पण होता. थोड्या वेळाने जंगल संपले. खूप lights दिसायला लागले.
659	v2	कारण सूर्याशिवाय असे पेटलेले दिवे त्यांना magical वाटत होते. थोड्या वेळाने Roger अंकलने त्यांना आपल्या दोन्ही काखेत पकडले व खाली उतरवले.
660	v2	त्यांना बोलले मस्ती करू नका व घाबरू पण नका. आपण एका mall-मध्ये आलोय. इथे तुम्हाला छान गारगार वाटेल.
661	v2	खालून वर व वरून खाली magically फिरता येत होते. एका मजल्यावर कोणीच नव्हते. तेथे Roger अंकलने त्यांना मोकळे खाली सोडले.
662	v2	गुणी Tiger सारखे त्याच्या मागोमाग फिरत होते. सगळ्याचा चट्टामट्टा त्या दोघांनी केला. मग अजून एक एक मोठी Cadbury पण दिली.
663	v2	सगळा mall वर खाली हिंडून आल्यावर Roger अंकल म्हणाले, आता खूप रात्र झाली आहे.
664	v2	हे आमचे एक छोटेसे जग तुम्हाला दाखवले, पण खरं सांगू का? तुमचंच वळ जास्त छान व pure आहे. इथे खूप pollution आहे.
665	v2	म्हणून मी सारखा जंगलात येतो. परत मोठं झाल्यावर या हां! आवडली का गोष्ट? Sam एक छोटा मुलगा होता.
666	v2	Dad-ने त्याला एक छोटा दोस्त दोस्त म्हणजे कुत्र्याचं पिल्लू gift म्हणून दिले. हळू हळू Tommy मस्त मोठा कुत्रा झाला.
667	v2	Sam रोज नवीन नवीन खेळ अशी छोटी छोटी कामे तो करायचाच. पण मुख्य म्हणजे Sam व घराचे रक्षण करायचा.
668	v2	कोणी त्रास देत नाही ना, घरात कोणी शिरत नाही ना. याकडे Tommy-चे बारीक लक्ष असे. Sam मॉमला म्हणाला, मी व Tommy घरीच राहतो.
669	v2	फक्त मला library-तून थोडी पुस्तके आणायची आहेत. त्यांच्या दरवाजाच्या बाहेर एक चोर उभा होता. मस्त रमत गमत ते Library-त पोहोचले.
670	v2	पुस्तके बदलून झाल्यावर परत घरी येण्यास निघाले. व सगळीकडे शोधू लागला. जास्त काही त्याला सापडलंच नाही. त्यांनी Tommy-च्या कानात काहीतरी सांगितले.
671	v2	व दरवाजातच पाय पसरून बसला. चोर घाईघाईने दरवाजापर्यंत आला. तर त्याला दिसले एक भला मोठा कुत्रा दारातच बसला आहे. Tommy-ने त्याच्या अंगावर उडीच मारली.
672	v2	चोराने चोरलेल्या सगळ्या वस्तू खाली टाकल्या. पण Tommy त्याला हलूच देईना. तो जरा जागचा हल्ला की Tommy भुंकायचा. व त्याची pant पकडायचा.
673	v2	पाच-दहा मिनिटे हे नाटक चालले होते. Sam-चा ओळखीचा आवाज आल्यावर व त्यांनी pant-ने खेचतच चोराला बाहेर आणले.
674	v2	कालच बाबांनी त्याचे व ताईचे सावंतवाडीचे reservation करून आणले होते. आपल्या आवडत्या काकांकडे सावंतवाडीला जात असत.
675	v2	सावंतवाडीचा भला थोरला चौसोपी वाडा त्यांना March महिन्यापासूनच खुणावत असे.
676	v2	भरपूर मोठी आंब्या नारळांची वाडी, भले मोठे शेत आणि मुख्य म्हणजे वाडीतल्या घराची ही ऐसपैस गच्ची आणि काकांची प्रयोगशाळा त्यांच्या स्वप्नातच येत असे.
677	v2	आपले संशोधन सुरू राहावे म्हणून त्यांनी निवृत्तीनंतर Sawantwadi-ला आपल्या मूळ गावी जाऊन त्या प्रयोगशाळेचे सागरला अत्यंत आकर्षण होते परग्रहांवरचे जीवन सध्या त्यांच्या संशोधनाचा विषय होता.
678	v2	आधुनिक अशी यंत्रणा त्यांनी आपल्या प्रयोगशाळेत बसवून घेतली होती. भल्या पहाटे उठून सर्व तयारीनिशी सामान घेऊन ते दिवा station-वर आले.
679	v2	घाटकोपर ते दिवे दिवा हा पण एक दिव्य प्रवास होता त्यांच्या नशिबाने जागा व्यवस्थित खिडकीजवळचीच मिळाली होती व सहप्रवासी पण चांगले होते.
680	v2	आई बाबांच्या चेहऱ्यावर नेहमीप्रमाणे काळजी दाटली होती. अनंत सूचनाचा भडीमार दोघेही नेहमीप्रमाणे करत होते. Sagar बघत होता. योग्य वेळ होताच गाडी सुटली.
681	v2	व आई बाबांना निरोपाचा हात हलवून Sagar व त्याची ताई पुढील प्रवासाचा आनंद लुटू लागले.
682	v2	सागर सावंतवाडीला पोहोचल्यावर त्याने हात पाय धुतले काकूने दिलेले दडपे पोहे खाऊन Sagar प्रथम काकांच्या प्रयोगशाळेकडे धावला.
683	v2	मागच्या वर्षी भेटलेल्या काकांच्या जागी कोणीतरी दुसराच माणूस उभा आहे असे त्याला वाटले. कारण समोरचा माणूस पूर्णतः स्वतःतच बुडून गेला होता.
684	v2	तसे भानावर येत काका काहीसे पुटपुटले. किंवा प्रेमाने त्याचे स्वागत देखील केले नाही. याने सागर थोडा खट्टू झाला काकांच्या जवळ जाऊन त्याने त्यांना हलवले.
685	v2	कसे आहात म्हणून चौकशी केली.
686	v2	तेव्हा ते Sagar-ला ओळखून म्हणाले, बरे झाले आलास, मी तुझीच वाट पाहत होतो, आता ते लोक परत आले तरी मला काळजी नाही.
687	v2	काका स्वतःशीच काय बडबडताय? म्हणून सागर परत त्यांना हलवू लागला. तेवढ्यात काकू त्याला जेवायला बोलवायला आली.
688	v2	आणि व म्हणाली अरे त्यांच्या काय नादी लागतोस त्यांना वेड लागलंय कोणीतरी माणसे त्यांना भेटतात म्हणून सांगत सुटतात, विचित्र वागतात. आकाशात बघून बोलत असतात.
689	v2	Doctor-कडे पण येत नाही. व ती ओढतच Sagar-ला जेवायला घेऊन गेली. प्रवासाचा शीण घालून सागर नदीकाठच्या शेताकडे सायंकाळी निघाला भल्या मोठ्या शेतात कुणीच नव्हते.
690	v2	गोठ्यात गुरे नीट बांधून त्यांना चारा पाणी देऊन गडी माणसे नुकतीच घराकडे निघून गेली होती.
691	v2	सायंकाळ खुल्ली होती व भाजीची छोटी छोटी रोपे वाऱ्यावर डुलत होती सागर बांधावरून मोकाट सुटल्यासारखा धावत होता राणाचे वारे पिऊन घेत होता तेवढ्यात त्याला शेताच्या कोपऱ्यात आकाशातून काहीतरी पडले असा भास झाला.
692	v2	एक गोल तबकडी सारखे यान तिथे उभे राहिले होते. अजूनही स्वतःभोवती भोवर्‍याप्रमाणे गरागरा फिरवून स्थिर व्हायचा प्रयत्न करत होते.
693	v2	काकांच्या प्रयोगशाळेत याने त्याचे चित्र बघितले होते. बुद्धीला थोडा ताण बघून त्याला आठवले की अशा तबकड्या मंगळाभोवती असतात.
694	v2	याचा अर्थ हे आपल्या देशातलं वाहन दिसत नाही. थोड्याशा कुतूहलाने व दिटाईनी तो आणखी पुढे होऊन बघू लागला.
695	v2	त्याच्या कमरेइतक्या उंचीचे robot-सारखे दिसणारे काही प्राणी खाली उतरले. त्यांच्या डोक्यावर दोन spring-सारख्या उभ्या दांड्या होत्या. त्यांच्या पायाच्या जागी पण खराट्याच्या काडीसारखे तारा होत्या.
696	v2	पुढे पावलांच्या जागी चौकोनी ठोकळे होते. पोटाच्या जागी एक चौकोनी पेटी होती. व हाताच्या परत तारा होत्या.
697	v2	त्याला पुढे पंजाच्या जागी crane सारखे हात होते. एकंदरीत ते प्राणी अतिशय विचित्र दिसणारे होते ते प्राणी खाली उतरून जमिनीवर उभे राहिले.
698	v2	क्रेन सारख्या हातांनी त्यांनी थोडी माती गोळा केली व ती पोटाच्या जागी असणाऱ्या चौकोनी पेटीत जमा केली. तेवढ्यात एक सरडा त्यांच्यावर धावून गेला.
699	v2	त्याला फक्त आपल्या पंजाचे बोट लावताच तो गबगार पडला. सागरने ओळखले की त्यांच्या अंगातून वीजप्रवाह खेळत असणार व सरडा विजेच्या shock-मुळे मेला.
700	panch	हरितवन नावाचे एक सुंदर असे जंगल होते. या जंगलात सगळ्या प्राण्या पक्षाबरोबर बबलू हत्ती दादा आणि भोली गाढव दादा राहत होते.
701	panch	बबलू हत्ती दादा खूप ताकतवान, अवाढव्य शरीराचे आणि अवाटव्य शरीराचे होते. खूप ताकदवान म्हणून ते जंगलात सगळे प्रसिद्ध होते.
702	panch	शांत समजूतदार स्वभावाचे तेजस्वी डोळ्याचे आणि हुशार बुद्धीचे होते. एकदा काय झालं जंगलातल्या कुणात बबलू हत्ती दादा गवत खात होते. तेवढ्यात काय झालं?
703	panch	तेवढ्यात अचानक त्यांच्या पायाला दोरखंड बांधला गेला आणि त्यांना ओढत नेऊन एका खुंट्याला बांधलं गेलं. त्यातून त्यांनी सुटण्यासाठी खूप धडपड केली.
704	panch	ते घाबरले, अरे देवा हे काय झालं? मी कसा अडकलो ह्यात? माझे मलाच कळेना, काय करू मी? आता यातून माझी सुटका नाही होणार.
705	panch	मी आता आयुष्यभर या दोरखंडालाच अडकून पडणार. असे म्हणून ते घाबरून सुटण्यासाठी प्रयत्न करू लागले. तेव्हा गोडी गाढव दादा जंगलातनं निघाले होते.
706	panch	त्यांनी पहिले बबलू हत्ती दादांना आणि ते काय मनात म्हणाले, अरे एवढी ताकदवान बबलू हत्ती दादा आणि ते दोरखंडाला अडकले कसे आहेत?
707	panch	चला त्यांना जाऊन विचारूया. अरे Bablu हत्ती दादा, एवढे तुम्ही ताकद मान.
708	panch	काय सांगू बोली गाढव दादा, अहो सकाळी मी कुरणात गवत खात होतो आणि अचानक एक शिकारी आला.
709	panch	त्याने माझ्या पायाला जोरखंड बांधले मला समजायच्या आत आणि मला ओढत आणलं आणि जमिनीत एक खुंटा रोवला आणि त्याला बांधलं.
710	panch	मी सुटण्यासाठी खूप प्रयत्न केले, पण सगळे माझे प्रयत्न अयशस्वी ठरले. मला तर वाटतंय मी आयुष्यभर या खुंट्याला बांधून राहणार.
711	panch	तेव्हा गोली गाढो दादा म्हणाले, अरे Bablu हत्ती दादा, असे काय बोलता तुम्ही? शांत व्हा तुम्ही.
712	panch	तुमचे सगळे विचार तुम्ही त्या खुंट्याबरोबर आणि दोरीबरोबर बांधून टाकले आहात. अहो, जरा तुमच्या ताकतीचा विचार करा. तुमचा आत्मविश्वास जागवा. कुठे गेला तुमचा आत्मविश्वास?
713	panch	गोली गाढव दादा विचार विचाराने समजदार होते त्यांच्या बोलण्यात सत्यता होती म्हणून ते असे बोलले. तुमच्या ताकतीचा विचार करा, तुमची ताकद आठवा.
714	panch	मग Bablu हत्ती दादा म्हणाले. अहो गोली काढव दादा, मी खूप ताकतवान बलाढ्य आहे. माझी ताकद इथे कमी पडेल, अपुरी पडेल.
715	panch	मला नाही वाटत मी सुटू येईल. अहो असे बोलू नका.
716	panch	बबलू हत्ती दादा, तुम्ही जर मनात आणलं तर एक क्षणात तुम्ही तुमची सुटका करून घ्याल. गोली गाडू दादा खरंच मी सुटेन का हो?
717	panch	फक्त तुमची ताकद आठवा. तुमचा आत्मविश्वास जागवा. एका क्षणात तुमची सुटका होईल. असे म्हटल्यावर Bablu हत्ती दादांना ताकत आली, विचार आले!
718	panch	आणि त्यांनी असा जी झटका दोरीला दिला आपल्या ताकतीनिशी त्याबरोबर त्यांच्या पायाची दोरखंड तुटला आणि खुंट्यासकर तो दोरकण लांब झाडाखाली जाऊन पडला.
719	panch	त्याबरोबर बोली गाढव दादा म्हणाले शाब्बास बबलू हत्ती दादा!
720	panch	तुमचा आत्मविश्वास, प्रबळ इच्छाशक्ती घालवली ती माझ्या आतनं होईल का नाही होईल का नाही असे वाटत होते पण तसे करायचे नाही हिमतीने वागायचे.
721	panch	बरोबर आहे गोली गाढव दादा. तुम्ही म्हणताय तेच झालं माझं तेच मी म्हणत होतो.
722	panch	संभव गोष्टी मी असंभव करून बसलो होतो, शक्य होणाऱ्या गोष्टी मी माझी हिम्मत हरलो होतो, त्यामुळे मला त्या अशक्य वाटत होत्या.
723	panch	पण आता माझ्यात हिम्मत आली. मी आता कितीही मोठे संकट आले तरी माझा आत्मविश्वास मी ढळून देणार नाही, हरून देणार नाही.
724	panch	तर मी हिमतीने पुढे जाऊन त्या संकटाचे नामोहराम करणार. असे म्हटल्यावर Goli गाढव दादा म्हणाले बरोबर आहे बबलू हत्ती दादा.
725	panch	गोळी गाढव दादा तुमचे खूप खूप आभार. तुम्ही माझे आजपासून मित्र आणि मित्राला संकटात मदत करणे हे माझे कर्तव्य आहे.
726	panch	फक्त हिम्मत हारून देऊ नका तुम्ही, कितीही संकटे आले, लाखोने संकट आले. मग बबलू हत्ती दादा म्हणाले बरोबर आहे तुमचं आजपासून मी हिमतीने वागणार.
727	panch	असे म्हणून दोघे मित्र जंगलातनं बोलत बोलत पुढे निघून गेले. आनंदाने म्हणून आपली हिम्मत कधी हरवायची नसते.
728	panch	कायम हिमतीने वागावे म्हणजे कितीही मोठे संकट आले तर ते आपल्याला हरण करता येते. नंदनवन नावाचे एक सुंदर असे जंगल होते.
729	panch	या जंगलात फळांची खूप भरपूर झाडे होती. हिरवेगार गवत, सुंदर पाण्याचे सरोवर आणि प्राणी पक्षी भरपूर होते.
730	panch	सगळ्या प्राण्यात एक छोटीशी सुंदर अशी गुबगुबीत पाणीदार डोळ्यांची, झुपकेदार शेपटीची आणि सुंदर रंगाची छोटीशी खारुताई होती.
731	panch	खूप सुंदर होती, बुद्धीने खूप चतुर आणि हुशार होती. ती जमलात या झाडावरून त्या झाडावर उड्या मारायची. झाडावरून सरसर खाली उतरायची, सरसर वर चढायची.
732	panch	जंगलातली फळे, अक्रोड, बदाम सगळं गोळा करून आपल्या ढोलीत चाटून ठेवायची. छोट्या छोट्या प्राण्या पक्षाबरोबर खेळायची. जंगलातले सगळे प्राणी पक्षी तिच्यावर खूप प्रेम करायचे.
733	panch	आणि खारुताई सगळ्यांना मदत करायची. एकदा काय झालं उन्हाळा आला जंगलात दुष्काळ पडला. जंगलातले सरोवरातले पाणी आटून गेले.
734	panch	फळे सुकून गेली, गवत वाळून गेले, त्यामुळे सगळे प्राणी पक्षी चिंताग्रस्त झाले आणि सगळेजण एके दिवशी एकत्र जमले. आणि पाण्यासाठी काय करावं?
735	panch	सुकलेली फळे गवत खाऊन आपण कसेतरी जगू. पण पाण्याचं काय करायचं? दोन दिवस पाणी पुरेल एवढे सरोवरात पाणी शिल्लक आहे. आता काय करायचं?
736	panch	भरारी बगळे दादा तिथे आले. भरारी बगळे दादा उंच उंच आकाशात विहार करत वर जायचे.
737	panch	त्यांना जंगलातली सगळी माहिती होती, कुठे गोडफडांचे झाड आहे, कुठे सुंदर पाण्याचे सरोवर आहे. ही सगळी माहिती होती ते तिथे आले.
738	panch	अरे मित्रांनो काय झालं? तुम्ही असे चिंताग्रस्त का दिसता आहात?
739	panch	अहो आता दुष्काळ पडला आहे, फळे, गवर सगळं सुकून गेले आणि सरोवरही आटून गेले आहे, आम्हाला पाण्याचं काय करावं कळेना झाले.
740	panch	अहो Bablu हत्ती दादा तुम्ही चिंता करू नका मला एक सरोवर माहिती आहे पण ते आपल्या जंगलापासून खूप लांब आहे.
741	panch	आणि तिथे जाण्यासाठी रस्ता मात्र खूप अडचणीचा कठीण आहे. चंचला खारुताई म्हणाल्या, हो, मला माहिती आहे ते सर्व, मी गेले होते.
742	panch	खूप सुंदर सरोवर आहे, पाणी गोड आणि थंड आहे. पण त्या कधीही त्या सरोवराजवळ गेलेले नव्हत्या आणि त्यांनी ते पाहिलेले नव्हते.
743	panch	त्यांनी काय केलं तसं बोलून सगळ्या प्राण्यांना प्रवाहित केलं. पण त्या कधीही त्या सरोवराकडे गेलेल्या नव्हत्या.
744	panch	चला की लांडगीन ताई, गोबू, गुट्टू, ससेबाऊ, चुनचुन खारु ताई, सगळ्यांची फऊस त्या सरोवराकडे निघाली.
745	panch	मजल दर मजल करत करत करत दुपारी ही एका वरून ऊन तापत होतं, कडक उन्हाचा तडका, सगळे ताणीने भुकेने व्याकुळ झाले होते.
746	panch	मग सगळ्यांनी ठरवलं एक झाडाखाली विश्रांती घ्यायची. सगळे बसले विश्रांतीला, पण प्राणी विचारत होते, अरे आले का सरोवर? कधी येणार? अजून किती लांब आहे?
747	panch	पण ते सरोवर किती लांब आहे? हे Chanchala-ला कुठे माहिती होतं? चंचला खारुताई घाबरल्या.
748	panch	अरे प्राणी आपल्याला विचारतील सरोवर आलं का नाही, पण मला सरोवरच माहिती नाही आणि मी काय सांगणार?
749	panch	त्यामुळे त्या चिडीची गप्प होत्या, काही बोलत नव्हत्या.
750	panch	तेवढ्यात भरारी बगळे दादा म्हणाले, अगं Chanchala बाळा कुठे आहे सरोवर आले का नाही सांग बरं आम्हाला? मग चंचलाला दरदरून घाम फुटला.
751	panch	थरथर कापायला लागल्या आणि रडायला लागल्या. मला नाही माहीत कुठे आहे सरोवर, मी नाही पाहिले, मी खोटे बोलले, मला माफ करा, मी चूक केली.
752	panch	तू खोटं बोलून मोठी चूक केलीस. अगं, कसं आहे? स्वतः जर खोटं बोललो का नाही, तर स्वतः स्वतःचं नुकसान होतं आणि दुसऱ्यांचही नुकसान होतं.
753	panch	याचा तू विचार केला नाहीस. तुझ्यावर आम्ही सगळ्यांनी विश्वास ठेवला, पण तू आमचा विश्वासघात घेतलास, केलास. तू चुकीशी चुकीचं केलंस.
754	panch	असं का केलंस सांग बरं? चंचला खारुताईला आणखीनच रडू फुटलं. तिला काय बोलावे कळेना. आता झाल्या गोष्टी झाल्या. चूक काही भरून येणार आहे का?
755	panch	हे बघ Chanchala असे खोटे कधी बोलू नये. खोटे बोलण्याने आपल्याबरोबर दुसऱ्याचेही नुकसान होते. त्यासाठी नेहमी खरे बोलावे, खरे बोलण्यात खूप ताकद असते.
756	panch	मग चंचला म्हणाली, नाही मी आता हत्ती दादा खोटे कधीही बोलणार नाही.
757	panch	ही सगळी S-पर्यंत संध्याकाळ होत आली होती, त्यामुळे तिथे रात्री त्यांनी एका झाडाखाली मुक्काम केला.
758	panch	यांनी काटक्या गोळ्या करून लाकडे गोळा करून आणली आणि नटकट माकड दादानी गोबी ससे भाऊनी गारकोटीचा जाळ करून शेकोटी केली सगळ्या प्राणी.
759	panch	प्राण्यांनी शेकोटी बसी बसून रात्रभर छान गप्पा मारल्या आणि सकाळी उठल्यावर परत ते प्रवासाला निघाले. भरत चालत चालत चालत निघाले दुपार झाली.
760	panch	कधी सरोवर येणार त्यांना झालो होतो सगळे प्राणी पक्षी भुकेने ताणेने हैराण झाले होते. तेवढ्यात ते सरोवर आलं. सगळे प्राणी पक्षी खुश झाले.
761	panch	आनंदाने सगळे सरोवरात पळाले. सगळ्यांनी बुड्या मारल्या, पोटभर पाणी पेले. खूप मजा धमाल केली.
762	panch	Bablu हत्ती दादांनी सोंडेने पाणी उडवले, पोटभर सगळे प्राणी पाणी प्यायले. आपलं छोटंसं खोटं बोलणं झालं. पण प्राण्यांचं किती नुकसान झालं?
763	panch	किती संकट त्यांच्यावर आलं आपल्या एवढ्याशा खोट्या बोलण्याने? मग त्याही पाणी प्यायल्या पण निराशेने बसल्या होत्या.
764	panch	म्हणूनच तुला सांगतोय मी खोटे कधी बोलायचे नाही नेहमी खरे बोलावे खरे बोलण्यात खूप मोठी ताकद असते खोटे बोलण्याने आपल्याबरोबर दुसऱ्याचेही नुकसान हानी होते, म्हणून नेहमी खरे बोलावे.
765	panch	हो मी आता इथून पुढे नेहमी खरे बोलेल अशी Chanchala म्हणाली.
766	panch	मग सगळे प्राणी पक्षी तिच्यावर बोलू लागले आणि सगळ्यांनी पाणी पिऊन परत आपल्या जंगलाकडे गेले. थोड्याच दिवसात जंगलात भरपूर पाऊस पडला.
767	panch	पाणी, फळे, फुले सगळं काही परत पहरलं आणि प्राणी सगळे आनंदाने राहू लागले.
768	panch	छोटे उंदीर मामा, लखन माकड दादा आणि सुंदरी मांजरी ताई एकमेकांचे घनिष्ठ मित्र होते. ते इतके जिवलग मित्र होते. अतिशय त्यांच्यात मैत्री होती.
769	panch	तीन जंगलातनं फिरायचे एकत्र. अन्न आणण्यासाठी एकत्र जायचे.
770	panch	सरोवरात पाणी पिण्यासाठी एकत्र जायचे इतके ते घनिष्ठ मित्र होते मग ते जंगलातनं एकदा फिरता फिरता तीन मित्रांनी काय ठरवलं की आपण छानपैकी मग ती का नाही कल्पना पसंत पडली.
771	panch	मग तिघांनी खीर करायची ठरवली. मग छोटे उंदीर मामा काय म्हणाले, मी रवानी साखर आणतो.
772	panch	मग जंगलातल्या एक झाडाखाली सुंदरी मांजरी ताईंनी दगडाची चूल केली. काय सुवास तो किरीचा, किती छान सुवास येत होता.
773	panch	तिघे अगदी त्या खिरीच्या सुवासाने मन हरवून गेले. छोटे उंदीर मामा, लखन माकड दादा यांना झाले खीर आपण कधी खातोय.
774	panch	सुंदरी मांजरी ताईंनाही खीर हलवताना तो सुवास त्यांनाही झाले खीर एकदा कधी होते तयार आणि आपण कधी एकदा खातोय मग खीर तयार झाल्या सुंदरा मांजरीन ताईंने आणि तिघेही गार होण्याची वाट पाहू लागले.
775	panch	त्यांना तिघांनाही झालं कधी एकदा अशी खीर गार होते. किती छान सुवास आहे कधी खाईन झालंय. असं तिघांनाही होऊन गेलं.
776	panch	आपण आज आंघोळ केलीच नाही. आपली खीर पण गार होणार आहे. तोपर्यंत आपण जंगलातल्या या आपल्या सरोवरात जाऊन आंघोळ करून येऊ.
777	panch	छोटे उंदीर मामा म्हणाले, "ठीक आहे, ही छान कल्पना आहे. आपण आंघोळ करून येईपर्यंत खीर गार होईल." तिघांनाही पटले आणि तिघेही आंघोळीला गेले.
778	panch	सुंदरी मांजरीन ताईंच्या नाकात खिरीचा सुवास इतका बसला होता, त्यांना कधी एकदाशी खीर खाते झालं होतं. मग त्यांनी गडबडीनं आंघोळ केली.
779	panch	मग त्या पटकन त्या जंगलातल्या झाडाजवळ आल्या, खिरीजवळ येऊन बसल्या. त्यांना काय वाटलं जराशी आपण खीर खाऊन बघावी.
780	panch	किती छान झाल्या की सुवास तर किती छान होता. खाल्ल्यावर तर किती छान वाटेल, नाही. अगदी छो थोडीशी मी खीर खाते.
781	panch	असे म्हणून त्यांनी पळीने एका भांड्यात खीर ओतून घेतली. थोडीशी तोंडात गेल्याबरोबर त्या इतक्या त्यांना छान वाटलं. आहाहाहा हो किती छान खीर आहे ही!
782	panch	तिचा सुवास तरी इतका छान आहे, सांगताच येणार नाही. म्हणून त्यांनी पळीने परत आणखी जरा घेतली.
783	panch	परत थोडी, परत थोडी, परत थोडी, असे करत करत त्यांनी सगळं खिरीचं पातेलं संपवून टाकलं. त्यांना भानच राहिलं नाही. इतकी चविष्ट खीर झाली होती.
784	panch	आणि सगळ्यांच्या आवडीची होती. त्यामुळे पातेले रिकामे झाले. मग हळूच पातेल्यावर झाकण ठेवलं आणि जवळच्या झाडाखाली सुंदरा मांजरी ताई जाऊन झोपल्या.
785	panch	छोटे उंदीर मामा आणि डोकण माकड दादा आले. त्यांनाही खीर कधी खाईन झालं होतं? पातेल्याचे झाकण उघडले, बघत्यात तर खीर नाही, अरे!
786	panch	खीर काय झाली? खीर कोणी खाल्ली? तेवढ्या सुंदरा मांजरीन ताई जाग्या झाल्या. ती दोघी बोलत होती त्यांनी ऐकलं त्या पटकन उठल्या.
787	panch	लखन दादा काय झाले रे छोटे उंदीर मामा काय झाले असे का ओरडता? अगं काही नाही सुंदरी मांजरी ताई, खीर नाही पातेल्यात.
788	panch	अरे देवा खीर कोणी खाल्ली? मलाही माहिती नाही. मी झोपले होते, आत्ताच उठले. अरे रे रे आता काय करायचं बरं?
789	panch	कारण त्यांनीच खीर खाल्ली होती. पण खोटं त्यांना बोलता येत नव्हतं तरी त्या म्हणाल्या मी नाही खीर खाल्ली. आणि सरोवरात मी एक घागर आणतो.
790	panch	ती सरोवरात पालथी घालायची. प्रत्येकानं त्या घागरीवर उभा राहायचं आणि आपला आवाज काढून घागरीला सांगायचं.
791	panch	आणि ज्याची घागर उडेल त्याने खीर खाल्ली असं समजायचं, कळलं का?
792	panch	पण सुंजरी मांजरी ताई घाबरत होत्या, त्या सरोवराकडे जायला तयार नव्हत्या, तरी पण आपल्यावर संशय येईल म्हणून त्या तयार झाल्या.
793	panch	मग तिघेही सरोवराच्या काठावर गेले. लखन माकड दादाने घागर आणली. आणि ते पहिल्यांदा सरोवरात गेले घागर पालथी घातली ते काय म्हणाले?
794	panch	हुफूप करी वरचे डोंगरी मी खीर खाल्ली तर बुड घागरी नाही. म्हणजे त्यांनी खीर खाल्लेली नाही. मग Lakhan माकड दादा काठावर येऊन बसले.
795	panch	मग छोटे उंदीर मामा गेले. ते घागर पालथी घालून घागरी उभा राहिले. ची ची करी वरचे डोंगरी मी खीर खाल्ली तर बुड घागरी नाही.
796	panch	मग छोटे उंदीर मामा काठावर येऊन बसले. आता पाळी आली सुंदरी मांजरीन ताईची. त्या खूप घाबरल्या होत्या. त्यांचे हात पाय लटपटत होते.
797	panch	जावा तुम्ही तुमची पाळी आहे.
798	panch	सुंदरी मांजरी ताई हात पाय थरथरत घाबरत घाबरत घागरी जवळ गेल्या, पण घागरीवर चढायचे धाडस काही होईना, त्यांचे पाय लटपटू लागले.
799	panch	तरी त्या कशा तर भागरीवर गेल्या. आणि त्यांचे पाय लटपटत होते त्यामुळे घागर कलंडली. लटपटट लटपटट असतानाच त्या बोलल्या.
800	panch	म्याव म्याव करी वरचे डोंगरी मी खीर खाल्ली तर बुडघागरी आणि त्या म्हणण्याप्रमाणे घागर बुडली, घागर पालथी झाली.
801	panch	मग सुंदरी मांजरी ताई म्हणाल्या, अरे लखन माकड दादा, छोटे उंदीर मामा, मी खोटे बोलले, मी चुकले, खीर मीच खाल्ली, मला वाचवा, मला वाचवा!
802	panch	तुला आवडली होती मग तू खोटं बोलायचं नाहीस मी खीर खाल्ली म्हणून सांगायचं असं खोटं कधी बोलायचं नाही, नाही तर शिक्षा होते, कळलं का?
803	panch	मग सुंदरी मांजरीन ताई म्हणाली हो मी चुकले मी आता कधी खोटं बोलणार नाही. असे म्हणून तीन मित्र परत जंगलात निघून गेले.
804	panch	सुंदरबनच्या जंगलात अनेक पक्षी प्राणी राहत होते. सगळे कसे आनंदात एकत्रितपणे राहत होते. या जंगलात पक्षामध्ये ए काळे कावळे जा का?
805	panch	सगळे जंगलचे प्राणी त्यांना हे काळोजी स्वतःला अतिशय हुशार समजायचे. माझ्यासारखा हुशार कोणीच नाही.
806	panch	आणि गोड गोड बोलून खोट्या नाट्या गोष्टी सांगून बाता मारून प्राण्यांना, पक्षांना फसवायचे, खोटं बोलण्याची त्यांना अतिशय सवय होती.
807	panch	मग एकदा काय झालं सगळे पक्षी एका मोठ्या झाडावर सगळे एकत्रितपणे बसले होते. सगळ्यांच्या गप्पा गोष्टी चालल्या होत्या.
808	panch	तिथे काळोजी गेले आणि काय म्हणाले, अरे मित्रांनो ऐका मी काय सांगतो आहे.
809	panch	सगळे पक्षी म्हणाले काय झालं काळोजी काय सांगणार आहे ऐका आपल्या जंगलातल्या सरोवरात कोणीही जायचं नाही.
810	panch	कारण सरोवरात मी माझ्या डोळ्याने पाहिलंय, एक मोठी मगर आली आहे आपल्या सरोवरात, त्यामुळे पाणी प्यायला, आंघोळ करायला कोणीही सरोवरात जाऊ नका.
811	panch	हे सांगितल्यावर सगळे पक्षी घाबरले. अरे आता आपण पाणी कसं प्यायचं? उन्हामुळे तहान लागत होती, मग पक्ष्यांनी काय केलं?
812	panch	जंगलातली फळे खाऊन आपला दिवस कसातरी पार पाडला, तहान शमवली. पण पाणीच प्यायला जायचं नाही, आता काय करायचं?
813	panch	सगळे पक्षी एका झाडावर तापीवर बसले होते. Vithu ससेभाऊ सरोवराजवळ पाणी प्यायला आले. त्यांनी सरोवराजवळ येऊन भरपूर पोटभर पाणी पिलं.
814	panch	परत ते आपल्या गुहेकडे निघून गेले. मग त्यांनी पक्षांना सांगितलं, अरे मित्रांनो, काळोजीने आपल्याला फसवला आहे. आता मी पाहिलं आपल्या जंगलातले पिटूससे भाऊ.
815	panch	आत्ताच पाणी पिऊन गेलेत. काळोजींनी नक्कीच आपल्याला फसवला आहे. मग त्यांनी बोलवून घेतलं काळोजीला.
816	panch	अरे काळोजी तू फसवलंस ना आम्हाला मगर वगैरे काही नाही ना हे पाहिल्यावर Gangaram पोपट काकांना राग आला.
817	panch	आणि Lucy कबूतर काकाही तिथे होते त्यांनाही राग आला. ते काय म्हणाले काय नाही आता काळोजीला चांगलाच धडा शिकवायला पाहिजे.
818	panch	मग थोड्या वेळानं सगळे बसले असताना Lucy कबुतर काका काय म्हणाले?
819	panch	हे पहा मित्रांनो, आपल्या जंगलातल्या झाडावर मधमाशा ताई आले आहे, त्यामुळे झाडाकडे कोणीही जाऊ नका. तेवढ्यात काळोजी काय म्हणाले?
820	panch	अरे Lucy कबूतर काका खरंच मधमाशा आले आहेत का हो झाडावर? का माझ्यासारखंच खोटं बोलताय तुम्ही?
821	panch	मग Lucy कबूतर काका म्हणाले नाही खरं आहे हे. आणि काळोजी तुमचा विश्वास नसेल तर झाडावर जाऊन बघून या तुम्ही मग तुमचा विश्वास पटेल.
822	panch	हे म्हटल्यावर काळोजींना घाई झाली होती. कबुतर काकांनी खोटं सांगितलंय का खरं हे पाहण्यासाठी ते वेगात निघाले.
823	panch	मधमाशींचं पोळं तिथं होतं, त्याच्यावर माशा बसल्या होत्या, मध खात होत्या आणि नेमकं त्या पोळ्याला त्या बरोबर त्या पोळ्यातनं माशा उठल्या आणि कावळे काकांना चाऊ लागल्या.
824	panch	कावळे काका घाबरून पडाले, माशा समोर होत्या त्यामुळे डोळे उघडेही ठेवता येईना, त्यांना काही बघताही येईना.
825	panch	मग अशा ह्याच्यात ते धावत होते, परत एका झाडाला थडकले आणि खाली पडले ते नेमके दलदलीत पडले.
826	panch	नंतर Gangaram पोपट काका सगळे पक्षी हा सगळा प्रकार पाहत होते, कावळे काका दलदलीत पडले होते.
827	panch	मग Gangaram पोपट काकांनी नटकट माकड दादाला सांगितलं, माकड दादा वेलीचा दोर करून कावळे काकांना त्या दलदलीतून बाहेर काढा.
828	panch	मग नटकट माकड दादांनी वेलीचा दोर केला.
829	panch	आणि कावळे काकांच्या अंगावर फेकला, कावळे काकांनी तो दोर आपल्या कमरेला बांधला आणि हळू हळू नटकट माकड दादांनी कावळे काकांना सरोवराच्या काठावर आणलं.
830	panch	परत कावळे काका त्याच सरोवरात जाऊन आंघोळ करून आले. मी खोटं बोलण्याचा परिणाम आज भोगला आहे.
831	panch	मी तुम्हा सगळ्यांना फसवलं आणि रोज खोटं बोलून तुम्हाला मोठमोठ्या बढाया मारतो तेही माझं खोटं आहे, मला माफ करा.
832	panch	माझ्या चुकीमुळं मी अशी आज शिक्षा भोगली, मला मधमाशाही चावल्या, मी दलदलीत पडलो, तुमच्याबरोबर मी खोटं बोललो म्हणून मला ही शिक्षा मिळाली.
833	panch	मग Lucy कबुतर काका म्हणाले, ठीक आहे. काळोजी, तुम्हाला तुमची चूक कळली यातच? तुम्हाला शिक्षा झाली, शिक्षा मिळाली. त्यामुळे आता इथून पुढे नीट वागा.
834	panch	असं कोणालाही फसवू नका. लुसी कबुतर काका यापुढे मी कोणालाही त्रास देणार नाही, मोठ्या बढाया मारणार नाही आणि कोणालाही फसवणार नाही.
835	panch	म्हणजे मला शिक्षाही होणार नाही असे म्हणून सगळे पक्षी परत हसायला लागले. आणि परत फळं खाण्यात गर्क झाले.
836	panch	उत्तर कोरियाच्या प्रदेशात हरितवर नावाचे एक सुंदर असे जंगल होते.
837	panch	नावाप्रमाणे हे जंगल अतिशय हिरवळीने मोठमोठ्या झाडांनी, फळांनी, फुलांनी, गवताने बहरलेले असे सुंदर जंगल होतं. या जंगलात अनेक प्रकारचे प्राणी, पक्षी आनंदाने राहत होते.
838	panch	जंगलाच्या मध्यभागी निळ्या पाण्याचे एक सुंदर असे सरोवर होते.
839	panch	या सरोवरात मासे, बदक, हंस बेडूक दादा, कासव दादा असे जलचर प्राणी राहत होते आणि जंगलात इतर प्राणी राहत होते.
840	panch	या सरोवरापासून थोड्या अंतरावर एका छोट्या अशा गुहेत त्यामुळे ते जंगलात खूप प्रसिद्ध होते. आणि याबरोबरच ते इतरांना ते सरोवरात गेले, पाणी प्यायले.
841	panch	आणि परत गुहेकडे जायला निघणार एवढ्यात त्यांच्या कानावर आवाज आला, अरे कोणी आहे का? कोणीतरी मला वाचवा! जवळच्या झाडीत एक प्राणी त्यांना दिसला.
842	panch	अर्धे अंग बाहेर आले होते आणि अर्धे झाडीत अडकले होते आणि तो प्राणी बोलत होता, मला वाचवा वाचवा करत होता.
843	panch	इतर सगळे प्राणी पाहत होते पण त्याला कोणी वाचवायला जात नव्हतं.
844	panch	मग बोलू हरण दादांनी ठरवलं, अरे या प्राण्याला आपण वाचवलं पाहिजे, म्हणून ते त्याला वाचवाय निघाले.
845	panch	भोलू हरण दादा जसजसे जवळ यायला लागले मी तुम्हाला ओळखतो, तुम्ही सरोवरात रोज पाणी प्यायला येता आणि सगळ्यांना तुम्ही मदत करता, खूप छान स्वभाव आहे तुमचा.
846	panch	पण तुम्ही मला वाचवायला आला. पण माझ्या अंगाला काटे आहेत, माझे नाव आहे काटेरी.
847	panch	आणि तुम्ही मला वाचवताना ही काटे तुमच्या चेहऱ्याला अंगाला लागतील मग बोलू Haran दादा काय म्हणाले?
848	panch	तुम्ही संकटात सापडलाय, तुम्हाला वाचवणे हे माझे कर्तव्य आहे. त्यांना थोडीशी चेहऱ्याला जखम झाली, काटे लागले.
849	panch	कपाळाला लागले, चेहऱ्याला लागले, रक्त आले पण त्यांनी बोलू हरण दादांनी त्याकडे लक्ष दिले नाही. काटेरीस आळिंदर दादा काय म्हणाले?
850	panch	Harin दादा तुमचे खूप खूप उपकार अहो तुम्ही मला संकटातून बाहेर काढलं. मी ही तुमच्यासारखा सरोवराकडे पाणी प्यायला यायला लागलो.
851	panch	मला काय वाटलं, छोट्या रस्त्याने जावे म्हणून मी छोट्या रस्त्याने येत होतो, त्यावेळी या झाडीत अडकलो, पण तुम्ही माझा जीव वाचवला, खूप खूप तुमचे उपकार झाले,
852	panch	मी जरी छोटा असलो तरी या उपकाराची फेड मी कधी ना कधी करेन.
853	panch	तेव्हा बोलू Harin दादा काय म्हणाले?
854	panch	अरे Salinder दादा, आता आपण मित्र झालो, मैत्रीत उपकाराची भाषा नसते, त्यामुळे तुम्ही तसे म्हणू नका, ते माझे कर्तव्य होते आणि ते मी केलेत.
855	panch	असे म्हणून दोघांची त्या वेळेपासून खूप घनदाट मैत्री झाली. एकदा काय झालं, Salinder दादा जंगलात फळे शोधत होते एका झाडीत.
856	panch	बोलून बोलायला लागले, काय करू मी? मी आता जाळ्यात अडकलो, काय करू? कसा बाहेर येऊ?
857	panch	तेवढ्यात जवळच्या झाडीत असलेले फळे शोधण्यासाठी साळींदर दादा आले होते. आणि दणकट दातांनी जाळे कुरतडले. आणि तेवढ्यात तिथे शिकारी आली.
858	panch	आणि शाळींदर पण एक वेळात जाऊन लपले. त्या जाळ्यात शिकार एक-ही नाही आणि जाळ्याच्या दोऱ्या तुटलेल्या.
859	panch	निराश झाला आणि तुटलेल्या दोऱ्या घेऊन शिकारी रागाने निघून गेला. थोड्या दिवसांनी काय झालं?
860	panch	जंगलात एके दिवशी सरोवराच्या पलीकडे आणि त्या आगीत हे जंगलातला पिटू नावाचा छोटासा ससा अडकला होता. आणि तो मदतीसाठी ओरडत होता.
861	panch	मग साळींदर दादा काय म्हणाले? हो बरोबर आहे बोलू दादा तुमचं, पण त्या आगीत कसे जाणार तुम्ही? ते काही नाही.
862	panch	आगीत माझ्या जीवाची मला परवा नाही त्या पिटूस असे भाऊला वाचवलं पाहिजे असे म्हणून बोलू हरण दादा पळत पळत गेले.
863	panch	धुराच्या लोटातून ससे बाहुला अलगत तोंडात धरले आणि ते परत निवाऱ्याच्या ठिकाणी घेऊन आले.
864	panch	मग बोलू Harun दादांचे पुढचे दोन्ही पायी खाली तळव्याजवळ भाजले होते आणि ससेबावलाही थोडे थोडे चेहऱ्याला भाजले होतं. मग साळींदर दादांनी काय केलं?
865	panch	जंगलातली जडीबुटी आणली, बोलो हरून दादांच्या पायाला लावली आणि ससेबावच्या चेहऱ्याला लावली. सरोवरातले पाणी आणून दोघांना पाजले, फळे आणून खायला दिली.
866	panch	मग ते तीन जण आपल्या घरी निघून गेले. काटेरी साळींदर दादा आणि बोलू हरीण दादा हे जंगलात सगळ्या प्राण्यांना संकटात मदत करतात.
867	panch	स्वतःच्या जीवाची परवा न करता आपल्या जवळच्यांना, जंगलातल्यांना सगळ्यांना वाचवणं हे आपलं पहिलं कर्तव्य आहे.
868	panch	असे म्हटल्यावर सगळ्या प्राण्यांनी परत टाळ्या वाजवल्या आणि सगळे आनंदाने आपल्या घरी निघून गेले. जंगलचे राजे Shersingh राजे.
869	panch	या जंगला सुंदर असे एक सरोवर होते. सगळे जंगलातले प्राणी त्या सरोवरात पाणी प्यायला जायचे.
870	panch	एकदा काय झाले, Appu हत्ती दादा फळे खाऊन आले आणि ते पाणी पिण्यासाठी सरोवराकडे गेले. पण ते पाणी पिणार एवढ्यात त्यांनी पाहिलं.
871	panch	अरे प्रवाहाच्या वरच्या बाजूला जंगलातले लाडोबा कोल्लोबा आणि चलाखी लांडगी ताई आंघोळ करत होते चक्क आंघोळ हे पाहिल्यावर Appu हत्ती दातांना राग आला.
872	panch	अगं चला की ताई, लाडोबा कोल्लोबा, हे काय? प्रवाहाच्या वरच्या बाजूला आंघोळ करताय काय?
873	panch	तुझ्याकडे येतच नाही ते बरोबर मधून वाहत जाते प्रवाहाबरोबर तुझ्याकडे कसे येईल बरे? तसे बोलल्यावर Appu हत्ती दादांना राग आला.
874	panch	अगं चला की ताई, लाडोबा! आता काही नाही, तुम्ही खालच्या बाजूला आंघोळ करायची, वरच्या बाजूला नाही करायची.
875	panch	असे म्हणून त्यांनी चलापी लांडगीन ताईला आणि लाडोबा कोल्लोबाला सोंडेने उचलले आणि आणि जंगलात नेऊन फेकून दिले.
876	panch	त्यांना खूप राग आला होता आणि मग त्या वेळेपासून आप्पू हत्ती दादा काय करायला लागले? सरोवराच्या काठावर राखण करायला बसायला लागले.
877	panch	कोणत्याही प्राण्याला, पक्षाला सरोवरात पाणी प्यायला येऊनच द्यायचे नाहीत. त्यामुळे जंगलातले सगळे प्राणी पक्षी घाबरले.
878	panch	तानेने त्यांचा जीव व्याकुळ झाला, पण ते कसे बसे पाणी प्यायला गेले की आप्पो हत्ती दादा रागाने त्यांच्या अंगावर यायचे.
879	panch	तेव्हा सगळे प्राणी घाबरले, अगदी Shersingh महाराज येऊन त्यांनी सांगितलं. त्यांचे आपोआप ती दादा ऐकणार. आता काय करायचं? त्यांच्याशी लढाई सुद्धा करता येणार नव्हती.
880	panch	ते खूप ताकतवर. आप्पू हत्ती दादा ऐकत नाही, आता सगळे प्राणी आपण एकत्र होऊन जावया.
881	panch	आणि त्यांना समजावून सांगूया सगळ्यांची एकी झाली की नक्कीच ते ऐकतील. आणि Appu हत्ती दादा येऊ दे ना काय करावे याला?
882	panch	तुझ्यामुळेच ही आपत्ती ओढवली, आता तूच उपाय सुचव. असे म्हटल्यावर त्याला ती लांडगीण ताई काय म्हणाली? महाराज एक उपाय आहे.
883	panch	आणि त्या सरोवरात पाणी भरपूर आहे आणि पाणी थंड आणि खूप गोड आहे.
884	panch	इथे या सरोवरापेक्षा तुम्ही त्या सरोवरात जावा, तुम्हाला खूप बरे वाटेल आणि तिथे कोणतेही प्राणी, पक्षी कोणीही येत नाही.
885	panch	त्यामुळे तुम्ही तिथे निवांत पाणी पिऊ शकता, राहूही शकता. इथे सगळे प्राणी येतात, त्रास देतात.
886	panch	आणि शांत सरोवराच्या काठावर बसून राहिले आणि थोड्याच दिवसांनी त्यांनी सरोवराच्या काठावर आपली गुहा केली आणि आनंदाने ते तिथे राहू लागले. इकडे काय झाले?
887	panch	इकडे सगळे प्राणी ही आनंदित झाले कारण Appu हत्ती दादा निघून गेले. तुझी चालाखी हुशारी खूप आहे हां, तू जेवढी धूर्त आहेस.
888	panch	तेव्हा सगळे प्राणी म्हणाले, बरोबर आहे महाराज. मग चला फिरा आणि ताई काय म्हणाली?
889	panch	आपण बुद्धीच्या चतुराईने हुशारीने अक्कल लढू लढवायची आणि संकटातून मुक्त व्हायचं.
890	panch	असे म्हटल्यावर सगळ्या प्राण्यांनी टाळ्या वाजवल्या आणि परत सगळे प्राणी आनंदाने त्या सरोवरातले पाणी पिऊ लागले म्हणून शक्तीपेक्षा युक्ती श्रेष्ठ.
891	panch	अप्रितीच्या घंदात जंगलात आणि शिकार करण्या तरबेच होती. तिला चार बछडे होते. मग एकदा ह्या बच्चड्यांना घेऊन जंगलातनं वाघीणाशी निघाली होती, तर काय झालं?
892	panch	समोरून एक एक मोठा सिंह आला. सिंह बघितल्यावर वाघीण घाबरली. आणि आपल्या बछाड्यांना घेऊन पळत सुटली. वाघीण पुढे आणि बचडे मागे. मग काय झालं?
893	panch	तीन बचडे भागिनीच्या पाठोपाठ गेले, पण छोटा बिल्लू त्याला पळता येईना कारण तो छोटा होता, तो घाबरला.
894	panch	मग आई आणि भावंडे गेलेला बघून तो रडायला लागला. मग तो एका झाडाच्या आडोशाला लपून बसला. थोड्या वेळाने तो सिंह निघून गेला.
895	panch	मग थोड्या वेळाने Billu बाहेर आला. आणि आपल्या आईला आणि भावंडांना शोधू लागला. पण त्याला ती कुठेच दिसली नाही.
896	panch	आणि आपल्या आईला आणि भावंडांना शोधत शोधत निघाला. तो समोरून एक लांडगा आला. आणि Billu-ला पाहिल्यावर अलगत लांडग्याने काय केलं?
897	panch	लांडगा बिल्लू जवळ आला आणि अलगत त्याच्या पायाचा चावा घेतला. त्यामुळे बिल्लू लागला ओरडायला.
898	panch	हे बघितलं एका राणगेंड्याने आणि एवढ्याशा छोट्याशा पिल्ल्याला हा लांडगा खाणार, त्याची शिकार करणार हे समजून तो राणगेंडा आला आणि त्याने...
899	panch	मग रानगेंड्याने काय केलं? बिल्लूच्या पायाला जखमेला औषधी वनस्पती लावली आणि एका झाडाच्या ढोलीत नेऊन त्याला अलगद झोपवले आणि रानगेंडा निघून गेला.
900	panch	मग दुसऱ्या दिवशी सकाळी Billu उठला. पाहतो तर अरे आपण कुठं आहे? एका झाडाच्या ढोलीत, ढोली म्हणजे काय हेही तिला कळत नव्हतं.
901	panch	तो बाहेर आला तोपर्यंत छान उजाडलं होतं, दिवस उगवला होता. आणि मग परत Billu-ला आपल्या आईची भावंडांची आठवण आली, तो रडायला लागला.
902	panch	एक पूर्ण दिवस उलटून गेला होता, त्याला आई आपली भावंडे भेटलेली नव्हती. त्या पायाला जखम झाली होती. त्यामुळे तो खूप रडत होता.
903	panch	चालत चालत आपल्या आई भावंडांना शोधायला लागला. पूर्ण दिवस गेल्यावर संध्याकाळच्या वेळेला खूप लांबवर त्याला आई आणि त्याची भावंडे दिसली.
904	panch	शिस्तीत शिस्तीत चालत गेला कारण त्याच्या अंगात ताकद नव्हती, दोन दिवस पोटात अन्न नव्हतं आणि पायाला छोटीशी जखम होती. त्यामुळे तो लंगडत चालला होता.
905	panch	लंगडत लंगडत हळू हळू तो आपली आईन भावंडी आहे तिथे जाऊन पोहोचला.
906	panch	आई आपल्या बाळांना दूध पाजत होती, मग Billu तिथे गेला आणि आईच्या खुशीत जाणार तोपर्यंत आई उठली आणि दुसरीकडे जाऊन झोपली.
907	panch	बिल्लूला खूप वाईट वाटले. बिल्लूला खूप दुःख झाले, त्याला वाईट वाटलं, रडायला लागला तो.
908	panch	कसा आहे प्राणी कसे असतात आपला एखादा छोटा प्राणी किंवा कोणताही प्राणी आजारी असला तर त्याला जवळ करत नाही तसंच या भागिनीने केलं.
909	panch	Billu बिचारा खूप रडायला लागला.
910	panch	मग पुढं वेळानी दुर्गाने एक शिकार करून आणली, छोट्याच्या हरणाची आणि तिने आप्पन खाल्ली आणि झोपी गेली, मग थोड्या वेळाने उठली.
911	panch	आणि ती तीन बच्चन घेऊन जंगलातल्या नदीकडे पाणी प्यायला निघाली. मग हे सगळं Billu बिचारा लांब उभा राहून बघत होता.
912	panch	त्याला आईला आपल्या भावंडांना बघून खूप रडू येत होतं, पण करणार काय? आई त्याला जवळ घेत नव्हती, भावंडेही बोलत नव्हती.
913	panch	त्यामुळे लांबून सगळं बघत होता.
914	panch	दुर्गा आणि तीन बचडे पाणी प्यायला निघालेले बघून त्यांच्या पाठोपाठ दुर्गा नदीजवळ आपल्या बच्चड्यांना घेऊन गेली आणि एके ठिकाणी पाणी पिऊ लागली.
915	panch	हे बघितल्यावर Billu-ला खूप दुःख झाले. तो म्हणाला आई आपली आपल्याला पाण्याजवळ सुद्धा जवळ करत नाही, म्हणून त्याला खूप रड आलं.
916	panch	मग त्याने काय केलं, जाऊ दे आपण दुसऱ्या बाजूने जाऊन पाणी पिऊ.
917	panch	म्हणून जिथे अडचण होती, दगडे, झाडे,
918	panch	झुडपे उगवली त्या बाजूनं बिल्लू हळू हळू कारण त्याचा पाय दुखत होता पोटात अन्न नव्हतं हळू हळू पाणी प्यायला उतरायला लागला तेवढ्यात काय झालं त्या नदीत एक भली मोठी आणि तिने Billu-ला पाहिलं.
919	panch	मगरीला काय वाटलं? अरे वा! छानसं पिल्लू आहे आपल्याला. एका घासात पटकवू आपण. असं म्हणून ती मगर हळू हळू बिल्लूकडे यायला लागली.
920	panch	काय झालं इकडं आई म्हटल्यावर आईच्या अंतकरणाला ती मुलाने मारलेली हाक समजली.
921	panch	इकडे Durga वाघीण तिने बघितलं आपला बिल्लू पाणी प्यायला उतरतोय आणि एक मगर येत्या म्हटल्यावर तिने काय केलं?
922	panch	जिथं होती तिथनं उडी त्या आपल्या बिल्लूजवळ घेतली आणि अलगत आपल्या आपल्या तोंडात आपल्या बिल्लूला धरला आणि नदीच्या पूर्ण अशी वर काठावर आली.
923	panch	आणि आपल्या पिल्ल्याला संरक्षण दिलं.
924	panch	मग ही वाघिणीची झेप पाहून ती मगर पाण्यात मग आई काय म्हणाली, अरे बाळा बिल्लू, तू कसाही असलास तरी माझा मुलगा आहेस, तूच आजारी असो, काही असो.
925	panch	मी थोडा वेळ रागवेन आई कशी असते थोडा वेळ रागवते ओरडते पण आईची माया कुठे जात नाही.
926	panch	तू मारलेली हाक माझ्या काळजाला ऐकू आली म्हणून मी एवढी झेप घेऊन तुला वाचवलं.
927	panch	असं म्हणून तिने Billu-ला आपल्या जवळ घेतलं आणि चार बचड्यांनी घेऊन ती जंगलात निघून गेली. आई रागवली, काही बोलली तरी आई ही आईच असते.
928	panch	Chiprani वृक्षाचे एक घनजाट जंगल होते. उंच उंच झाडे होती. फळांची झाडे, फुलांची झाडे, हिरवेगार गवर, नद्या, सरोवरी.
929	panch	भरपूर या जंगलात होतं आणि हे जंगल संपन्न असं होतं. जंगलात प्राणी पक्षी भरपूर होते. सगळे प्राणी पक्षी आनंदाने एकत्रित शांती सुखासमाधानाने राहत होती.
930	panch	पण या प्राण्यांच्या सुखाला एक दिवशी दृष्ट लागली, कारण या जंगलात Sibba नावाचे एक सिंहराजे आले. हे सिंहराजे अतिशय ताकतवान पण भयंकर दुष्ट होते.
931	panch	रागीट आणि घमंडी होते. जंगलात सगळ्या प्राण्यांना बोलवलं आणि म्हणाले, हे जंगलवासियांनो आजपासून मी या जंगलचा तुमचा राजा आहे.
932	panch	मी जे सांगेल तेच करायचं, तेच ऐकायचं, जे कोणी ऐकणार नाही ते माझे भोजन होतील, कळलं का? सगळे प्राणी पक्षी घाबरले होते.
933	panch	Sundari हग्नी ताई, कोबी ससे भाऊंना हळूच म्हणाल्या, अरे ससे भाऊ, हे सिंहराजे म्हणतात, मी सांगेल तेच करायचं आणि तेच ऐकायचं, नाही ऐकले तर ते आपल्याला खाऊन टाकतील.
934	panch	मग ससे भाऊ काय म्हणाले, होय ग सुंदरी ताई, मला पण भीती वाटते, आता या जंगलात राहण्यात काही अर्थ आहे. एके दिवशी काय झाले?
935	panch	जंगला शेजारी एक गाव होते आणि त्या गावातनं एक सागर नावाचा बैल या जंगलात आला. सागर अतिशय समजदार, शांत, साधा सरळ बैल होता.
936	panch	जंगलाशेजारी असलेल्या गावात एका मालकाच्या शेतात तो काम करायचा. भरपूर त्यांनी कष्ट केले होते.
937	panch	पण आता राहिलेले जीवन आपण शांततेने जगायचे म्हणून Sagar या जंगलात आला होता.
938	panch	आणि तो जंगलाताऱ्यावर जंगलातल्या नदीचे पाणी प्यायला आणि आपल्याला आता इथे राहिला पाहिजे. शांततेचे ठिकाण कोणते आहे हे तो शोधत होता. तेवढ्यात काय झालं?
939	panch	या शिब्बा सिंहराजांना सागर आलेली बातमी कळली. ते रावाने लालेलाल झाले.
940	panch	आणि पळत पळत धावत धावत आले आणि Sagar जवळ येऊन म्हणाले, अरे कोण रे तू? इथे कशाला आला आहेस?
941	panch	महाराज मी जवळच्याच गावातला राहणारा आहे आणि मी शांतीने राहण्यासाठी जंगलात आलो आहे. अरे तू कोणासमोर बोलतो आहेस? मी जंगलचा राजा आहे.
942	panch	मग Sagar म्हणाला, राजा जो असतो, जो प्रजेची जंगलाची काळजी घेतो तो राजा असतो. जो हुकुमशाही बळजबरी करतो तो राजा नसतो.
943	panch	काय बोलतो आहेस तुला कळतंय का असे म्हणून गुरगुरून सिंहराजेस सागरच्या अंगावर धावायला लागले. थांब, तुला आता खाऊनच टाकतो.
944	panch	सिंहराजे मला खा माझी काही हरकत नाही. तर शेतात जे पीक उगवते त्यात कष्ट कोण करणार?
945	panch	आणि मी जर कष्ट नाही केले तर तुम्हाला अन्न धान्य कसे मिळणार? तुम्ही उपाशी रहाल.
946	panch	अहो मी शेतात औत ओढतो, नांगरतो, कोळपतो, विहिरीतलं मोठेने पाणी ओढून शेतातल्या पिकाला पासतो, त्यामुळे धान्य उगवते आणि त्यातलं आलेले धान्य तुम्हाला खायला मिळतं.
947	panch	मी जर तुम्ही जर मला खाल्लं तर ते धान्य कोण कसे उगवेल कोण कष्ट करणार शेतात? ते मनाशीच म्हणाले Siddharaj-चे.
948	panch	सागर कोणी मामूली बहीण नाही. तो खूप समजदार आणि उपयोगी बैल आहे.
949	panch	मग Sagar जवळ येऊन म्हणाले, आणि प्रजेची काळजी घेणे हे फार मोठे काम आहे. सन्मानाने वागवले पाहिजे, भीतीने नाही, हे मला पटले आहे.
950	panch	मी आता बदललो आहे, आपण सगळे एकत्रित आनंदाने राहूया आणि सगळ्या प्राण्यांच्या मदतीने, सागरच्या मदतीने, सिंहराजांनी जंगलात फळांची झाडे लावली, शेतीची...
951	panch	पिके घेतली, गाजरे, टोमॅटो. अशी फळे, अन्न, धान्य यांची शेती केली सगळ्यांच्या मदतीने आणि जंगल सुजलाम सुफलाम केले.
952	panch	सगळे ते जंगल अतिशय सुजलाम सुफलाम आहे, सगळे प्राणी पक्षी म्हणू लागले आणि सगळे या जंगलाला अतिशय छान जंगल म्हणून ओळखू लागले.
953	panch	अशा रीतीने Sagar-ने शिबा सिंह राजाची घमान जिरवली आणि त्यांच्यात परिवर्तन केले. दंडकारण्य एक सुंदर निसर्गरम्य जंगल होतं.
954	panch	या जंगलात मध्यभागी निळ्या पाण्याचे सुंदर असे विशालकाय एक Jitu नावाचे बेडूक दादा राहत होते.
955	panch	हे बेडूक दादा अतिशय शांत स्वभावाचे बुद्धिमान आणि समजदार होते. सरोवराच्या काठावर अनेक उंच उंच झाडे होती.
956	panch	आणि एका उंच झाडावर हे गंपू माकड दादा अतिशय नटकट होते. त्यांना जंगलातल्या प्राण्यांच्या, पक्षांच्या खोड्या काढण्यात खूप गंमत वाटायची, मजा यायची.
957	panch	आणि ते प्राण्या पक्षांची खूप गंमत करायचे. स्वतः ते उंच उड्या घ्यायचे. या झाडावरून त्या झाडावर उंच उड्या मारत फिरायची.
958	panch	सुंदरी हरणीताई गवत खात असल्या की तिचे शिंगे ओढायचे आणि तिच्या पाठीवर बसायचे. गोबी ससे भाऊंची गाजरे पळवून आणायचे.
959	panch	तर तळ हातावर घ्यायचे आणि फुंकर मारून हवेत उंच उडवायचे. हे गंपू माकड दादा सगळ्यांच्या खोड्या करायच्या. जंगलातले प्राणी पक्षी त्यांना काही म्हणायचे नाही.
960	panch	फोड्या काढण्यात गमती करण्यात त्यांना खूप मजा यायची. पण ते सरोवराच्या काठावर आले. भावे तेव्हा शांत बसलेले असायचे. मग एकदा कंपूने काय केले?
961	panch	म्हणून गंपू काय म्हणाला? जे तू बेडूक दादा तुम्ही पाहावे तेव्हा शांत का हो बसलेले असता? आमच्यासारखे उड्या मारत नाहीत पाण्यात तुम्ही.
962	panch	झाडावर चढत नाही, कोणत्या पक्ष्याची प्राण्याशी बोलत नाहीत.
963	panch	भावे तेव्हा गोप आणि शांत बसून असता असे का हो सांगा बरं मला तेव्हा Chitu बेडूक दादा काय म्हणाले?
964	panch	अरे गंपू, मी डोळ्याने सगळं काही पाहतो.
965	panch	कानाने ऐकतो, मला सगळं समजतं आणि मी सगळ्याचा विचार करतो आणि योग्य वेळ आली की माझ्या बुद्धीचा विचार घेऊन योग्य तो निर्णय मी देतो.
966	panch	आणि हसत हसत परत फोड्या काढायला जंगलातनं फिरू लागला. एकदा काय झालं? एकदा जंगलात अचानक वारा सुटला! आकाशात विजा चमकू लागल्या.
967	panch	विजांचा गडगडाटासह जंगलात पाऊस कोसळायला लागला. भरपूर पाऊस पडायला लागला. जंगलातल्या प्राण्यांची, पक्षांची...
968	panch	सगळी घरे पाण्याने वाहून गेली, सगळे प्राणी, पक्षी सैरावैरा पळू लागले, जीव वाचू लागले. पण गंपू माकड दादा एका उंच झाडावर बसले होते.
969	panch	आणि ते सगळं जंगलातलं पाहत होते. ते काय म्हणाले, अरे मी तर आता उंच झाडावर बसलेलो आहे. पाऊस माझे काही बिघडणार नाही.
970	panch	मला पावसापासून धोका नाही. विजांचा कडकडाट झाला. आणि अचानक गंपू माकड दादा ज्या झाडावर बसले होते त्या झाडावरी वीज पडली.
971	panch	आणि अर्धे झाड विजेमुळे मोडून गेले आणि गंपू माकड दादा झाडाखालच्या चिखलात पडले. पावसामुळे जमीन भुसभुशीत झाली होती.
972	panch	आणि पडल्याबरोबर गंफू माकड दादा त्या झाडाखाली दलदलीत रुतले. गळ्यापर्यंत खाली गेले, ते घाबरले आणि ओरडायला लागले, अरे कोणी आहे का?
973	panch	मला वाचवा, मला वाचवा! म्हणजे ते प्राणी आपापला जीव वाचवण्यात इकडून तिकडं पळत होते. दादा मला वाचवा, मला बाहेर काढा यातून.
974	panch	अरे गंपू, मी तुला वाचवणारच आहे. पण मी एकटा नाही रे वाचवू शकत. माझ्या बुद्धीचा उपयोग करून काही सुचते आहे का मला पाहतो?
975	panch	ज्या मातीत खाली रुतत गेला आहेस त्या मातीत शरीराकडून जिथून माती जरा थोडी आहे. त्या बाजूने शरीर हलव आणि वरती यायला सुरुवात कर.
976	panch	गंपू माकड दादांनी केली. गोल गोल गोल गोल फिरत फिरत त्याबरोबर Jitu बेडूक दादांना आनंद झाला.
977	panch	हो, गंफू माकड दादा खूप दम दमले होते, थकले होते. गंपू माकड दादांना पाणी पाजले.
978	panch	बोल गंपू आता तुला काय बोलायचं ते बोल तेव्हा गंपू माकड दादा म्हणाले मला माफ करा, मी चुकलो. नुसती ताकद उपयोगाची नसते.
979	panch	बरोबर आहे तुझं, आता तुला कळलं ना गंपू? हो, मी तुमच्या सल्ल्याप्रमाणे नक्कीच वागेन. मी आता माझा नटकटपणा सोडून देणार.
980	panch	तुम्ही म्हणताय त्याप्रमाणे बुद्धीचाही वापर करणार. मग Jitu म्हणे दादा म्हणाले शाब्बास गंपू!
981	panch	आपली जशी ताकद आपल्याला पाहिजे बुद्धी, समजदारपणा आणि धैर्य यांची जोड पाहिजे म्हणजे आपण संकटातून बाहेर पडतो. दोघे आनंदाने जंगलाकडे परत निघून गेले.
982	panch	सगळ्या जंगलावर ते हुकुमत गाजवायचे. सगळ्या जंगलच्या प्राण्यांना भीती दाखवायचे. जंगलात खूप प्राणी पक्षी होते. सिंहराजे काय म्हणायचे?
983	panch	मी खूप ताकदवान आहे आणि तुम्ही सगळे माझ्या समोर क्षुल्लक आहात. त्यांना खूप भीती वाटायची.
984	panch	एकदा काय झालं, सिंहराजांनी सगळ्या प्राण्यांना बोलवलं आणि सभा घेतली. सभेत सिंहराजे काय म्हणाले? हे पहा जंगलवासियांनो! मी या जंगलचा खरा राजा आहे.
985	panch	तेव्हा मी सांगेल तेच करायचं आणि तेच ऐकायचं. जो कोणी माझं ऐकणार नाही ज्याला मी शिकार करून खाऊन टाकणार. मी खूप ताकदवान आहे.
986	panch	सभेत सगळे प्राणी जमले होते. महाराजांचे हे भाषण ऐकून सगळे प्राणी घाबरले. पण जंगलातल्या सरोवरातले आणि खूप बुद्धिमान होते. त्यांनी शांतपणे सगळं ऐकून घेतलं.
987	panch	मान्य आहे आम्हाला तुम्ही राजा आहात, ताकदवान आहात. करुणा, दयाळूपणा आणि समजूतदारपणा, ताकती बरोबर राजाजवळ हे ही गुण असावे लागतात.
988	panch	तुम्ही जर तयार असाल तर तुमची माझी एक शर्यत लावूया आपण. चौताळले, रागाला आले! त्यांनी मोठ्यांदा कर्जना केली. आपण कमजोर आहोत, आव्हान स्वीकारत नाही.
989	panch	हे वाटू नये म्हणून ते काय म्हणाले, ठीक आहे, आहे मी तयार शर्यतीला. आणि सिंह महाराज जंगलच्या प्राण्यांची सेवा करू लागले.
990	panch	जंगलात वाटेत आलेली झाडे काढायचे. छान पैकी रस्ता त्यांनी तयार केला. लाकडाचे उंडके कडेने लावले. छोटे जे प्राणी होते त्यांना शिकार आणून द्यायचे.
991	panch	अगदी हुकुमशाही पद्धतीने भीती दाखवून दरडावून हे काम करणे पाहिजे. पण कासव दादा ही काम करत होते, सेवा करत होते. ते काय करायचे?
992	panch	वृद्ध प्राण्यांना पाणी आणून द्यायचे. वयस्कर प्राण्यांची सेवा म्हणजे त्यांना फळे आणून द्यायचे. त्यांना औषधोपचार करायचे.
993	panch	मग हे सगळे करताना ते अगदी गोड बोलून प्रेमाने मायेने करायचे.
994	panch	छोटे छोटे प्राण्यांना ज्ञानाच्या गोष्टी सांगायच्या हे सगळे अगदी आपुलतीने निर्मळ स्वभावाने करत म्हणजे आजारी प्राणी होते. त्यांचे अर्धे आजारीपण त्यांच्या बोलण्याने निघून जायचे.
995	panch	खूप छान सेवा करायची का सो दादा. असे करत करत आठ दिवस होऊन गेले. परत Tulsing महाराजांनी सभा घेतली, सगळे प्राणी आले.
996	panch	आणि त्यांनी विचारले, हे जंगलवासियांनो, तुम्ही कोणाला राजा निवडला आहे? तेव्हा सगळे प्राणी पक्षी काय म्हणाले? आमचे राजा ज्ञानी कासव दादा आहे.
997	panch	मग त्यांना आपली चूक कळली, ते ज्ञानी कासव दादांच्याकडे आले. आणि म्हणाले, ज्ञानी कासो दादा माफ करा.
998	panch	माझी हुकुमशाही, स्वार्थी बुद्धी, मी कधी प्रेमाने मायेने कोणत्याही प्राणीशी बोललो नाही. कायम हुकुमत गाजवत आलो. त्यामुळे मी राजा होण्यास लायक नाही.
999	panch	तुम्ही या जंगलचे राजे व्हा. ज्ञानी कासव दादा गालात हसले. सिंहराजे तुम्हाला तुमची चूक कळली यात सगळं आलं. कसं आहे?
1000	panch	मी एक छोटासा प्राणी आहे. शूरवीर ताकतवान सिंह राजा आहात. फक्त तुम्ही तुमची हुकुमशाही, ताकतीचा गर्व जो आहे तो काढून टाका.
1001	panch	आणि दयाळूपणा, मायाळूपणा प्रजेसाठी ठेवा. त्यांना काय हवे काय नको हे सगळं पाहीन. आणि आपले जंगल समृद्ध करीन.
1002	panch	ज्ञानी कासव दादा म्हणाले, आणि ते प्रजेशी चांगले बोलू लागले, वागू लागले आणि चांगला कारभार करू लागले. मग ज्ञाने कासव दादा काय म्हणाले?
1003	panch	राजाजवळ नुसती ताकद असून चालत नाही. तर त्याच्या जोडीला दयाळूपणा आणि समजूतदारपणा राजासाठी योग्य असतो. असे म्हणून दोघे हसत हसत जंगलात निघून गेले.
1004	panch	एक सुंदर अशा Champarni-तही राहत होत्या. आणि गवत खात खात त्या जंगलाच्या बाहेर आल्या आणि तशाच त्या दुसऱ्या जंगलात गेल्या.
1005	panch	खाण्याच्या नादात त्यांच्या लक्षात आले नाही.
1006	panch	मग त्या दुसऱ्या जंगलात गेल्यावर मग त्यांच्या लक्षात आलं, अरे आपण गवत खात खात कधी दुसऱ्या जंगलात पोहोचलो कळलंच नाही आपल्याला.
1007	panch	आता नको इथं थांबायला, आपल्या जंगलात गेलं पाहिजे, असे म्हणून त्या आपल्या जंगलात जायला निघाल्या. पण त्यांना काही केल्या त्यांच्या जंगलात जायला वाट सापडेना.
1008	panch	त्यांनी बराच प्रयत्न केला पण त्यांना वाट सापडेना, त्या घाबरल्या. मी आता माझ्या जंगलात कशी जाऊ? मला एखादा मित्र सुद्धा नाही.
1009	panch	आमच्या जंगलातला एखादा मित्र असता तर त्याने मला आमच्या जंगलात पोच केलं असतं. मग त्या विचार करत एक झाडाखाली थांबल्या.
1010	panch	आता आपल्या जंगलात कसे जायचे, काय करायचे हाच विचार त्यांच्या डोक्यात चालू होता. Gobi नावाचे ससेभाऊ तिथे आले.
1011	panch	आणि त्यांनी हरणीला पाहिलं आणि ते म्हणाले अगं हरणी ताई, तू आमच्या जंगलातली दिसत नाहीस, तू कुठून आलीस?
1012	panch	मग हरणीने सगळे घडलेले सांगितले, अरे मी दुसऱ्या जंगलातली आहे. वाट चुकून या जंगलात आली आहे. माझ्या जंगलात जायला मला वाट सापडत नाही.
1013	panch	काय करू मी? मला मित्रही नाहीत. त्यामुळे मी खूप घाबरलेली आहे. गोबी ससे भाऊ काय म्हणाले? अगं हरणी ताई घाबरू नको.
1014	panch	मी या जंगलातलाच आहे, माझे नाव Gobi आहे, पण मी जंगलाच्या बाहेर एक मोठं झाड आहे.
1015	panch	आणि त्या झाडाच्या तळाशी एक सुंदर अशी ढोली आहे, त्या ढोलीत माझं घर आहे, तिथे मी राहतो.
1016	panch	अरे पण ससेभाऊ माझ्या जंगलात जायला मला वाट दाखवशील का? हो दाखवतो तुला वाट. मला आमच्या जंगलची सगळी माहिती आहे.
1017	panch	पण एक माझं काम करायचं काय रे शेशे भाऊ काय काम करायचं तुझं? तू माझ्याशी मैत्री करायची मलाही कोण मित्र नाही.
1018	panch	माझ्या जंगलची वाट दाखव. ठीक आहे, दाखवतो तुला वाट, तोपर्यंत तुला आमचं हे जंगल फिरवून आणतो.
1019	panch	असे म्हणून ससेभाऊंनी Champa हरणे ताईला सगळे जंगल फिरवून दाखवले. खूप सुंदर जंगल होते ते.
1020	panch	हिरवीगार झाडे, गवर, फळांची झाडे भरपूर संपन्न असं जंगल होतं ते. मग शेवटी ससेभाऊनी हरणीला सांगितले, अगं ते सुंदर सरोवर मोठं आहे.
1021	panch	त्याच्या कडेने सगळी फळांची झाडे आहे, गवताची कुरणेही आहेत.
1022	panch	तिथे जाऊन तू फळे आणि गवत पोटभर खा, सरोवराचे पाणी पे, विश्रांती घे, मग तुला मी जंगलात सोडतो तुझ्या. ठीक आहे, तोपर्यंत...
1023	panch	मी सरोवरात जाते. कडेच गवत खाते, फळे खाते, पाणी पिते, तोपर्यंत तू या झाडाखाली विश्रांती घे, मग मला सोड.
1024	panch	गवत खाऊ लागल्या, फळे खाल्ली, गवत खाल्लं. तर त्या सरोवराच्या काठाच्या वरच्या बाजूला आता भोजनाची सोय झाली असे ते मनाशी म्हणाले.
1025	panch	आणि ते ससे भाऊंच्या जवळ आले. महाराज, ती हरणी आपल्या जंगलातली नाही. मला माहिती आहे हे आपल्या जंगलातली नाही.
1026	panch	पण तू थोड्या वेळानं त्या हरणीला घेऊन माझ्या गुहेत ये. मी शिकार करून त्या हरणीला खाणार आहे.
1027	panch	जर नाही हरणीला घेऊन आलास मग ससेभाऊ म्हणाले, ठीक आहे महाराज, मी हरणीला घेऊन येतो, पण तुम्ही मला खाऊ नका.
1028	panch	तू जर हरणीला आणलीस तर तुला खाणार नाही लक्षात ठेव. मग थोड्या वेळाने हरणी ताई गवत खाऊन आल्या.
1029	panch	अरे ससे दादा चल ना आता मला वाट दाखव. Champatai, तुला एक सांगतो. तू आता माझा मित्र झाली आहेस. तू माझ्या मित्राला भेटायला चल.
1030	panch	अरे कोण आहे तुझा मित्र? अगो माझा मित्र म्हणजे या जंगलचे राजे Kroshing महाराज आहेत. अरे सिंहराजे तुझे मित्र!
1031	panch	हो ग, आम्ही लहानपणापासून एकमेकांचे खूप जिवलग मित्र आहोत.
1032	panch	आम्ही एकत्र खेळत होतो, खात होतो एकत्र, सगळं काही एकत्र होतो, पण आता मी मोठे झालो वेगळे झालो, त्यामुळे माझ्या मित्राला भेटायला चल.
1033	panch	अरे ससेभाऊ, थोड्या वेळापूर्वी तू काय म्हणालास? मला कोणीच मित्र नाही, तू मित्र होशील का? आणि आता सांगतो आहेस.
1034	panch	क्रूरसिंग महाराज मित्र आहेत म्हणून तू खोटं बोललास माझ्याशी. अगं नाही ग हरणी ताई त्याचं काय झालं माहिती आहे का?
1035	panch	क्रूरसिंह महाराज आहेत हे कळल्यावर तू घाबरशील. म्हणून मी तुला खोटं खोटं सांगितलं मला मित्रच नाही. अरे Gopi, काय काम केलंस महाराजांचं तू?
1036	panch	काय सांगितलं होतं महाराजांनी तुला? गुरुसिंह महाराज जखमी झाले, वेदनेने तडफडू लागले आणि ते तडफडत तडफडत आपल्या भुयेत निघून गेले. पडण्याच्या नादात होत्या, होते.
1037	panch	अरे Gobi, पळतोस कुठे? थांब मी तुला काहीही करणार नाही. तू माझ्याशी मैत्री केलीस आणि माझ्या मैत्रीचा विश्वासघात केलास. हे काही बरोबर केले नाहीस.
1038	panch	अरे खरे मित्र जे असतात जे संकटात मदत करतात. आणि जे संकटात ढकलतात ते खरे मित्र नसतात. आता तुम्हाला माझ्या जंगलची वाट दाखवू नको.
1039	panch	माझी मी वाट शोधून जाईन. असे म्हणून हरणी ताई आपल्या जंगलाकडे निघून गेली. ते जंगल सर्वसंपन्न होते.
1040	panch	या जंगलाच्या मध्यभागी निळ्या पाण्याचे सुंदर असे मोठे सरोवर होते. वेडूक दादांचा परिवार राहत होता. लहान मोठे भरपूर बेडूक होते. आणि आनंदित राहायचे.
1041	panch	सरोवराच्या तळाशी जाऊन अन्न खायचे. इकडून तिकडून उड्या मारायचे, खूप खेळायचे सरोवरात.
1042	panch	त्यात एक वयस्कर बेडूक दादा होते ते खूप बुद्धिमान, हुशार आणि समजदार होते. दुसरे एक मध्यम वयाचे वेदुक दादा होते. हे चंचल स्वभावाप्रमाणेच होते.
1043	panch	कुठलाही निर्णय पटकन घ्यायचे. डोळे झाकून विश्वास ठेवायचे दुसऱ्यावर. खोटी लांडगीन ताई काय करायच्या?
1044	panch	गोड बोलून दुसऱ्या प्राण्यांना चाळ्यात ओढायच्या आणि त्यांची शिकार करून खायच्या. पण आता त्या वयस्कर झाल्या होत्या.
1045	panch	पहिलासारखी शिकार करणे त्यांना जमत नव्हते, डोळ्याने दिसत नव्हते. त्यामुळे मिळेल ते खाऊन त्या राहायच्या.
1046	panch	एकदा त्यांना भूक लागली म्हणून त्या जंगलातनं फिरत फिरत सरोवराच्या काठावर आल्या. त्यांनी पाहिलं, अरे सरोवरात किती बेलूक आहेत!
1047	panch	काही बेडूक तर ग्रुप करून बसले होते. खोटी लांडकी ताईच्या तोंडाला पाणी सुटले. ज्या काय म्हणाल्या, अरे ह्यातले थोडेफार बेडूक आपल्याला खायला मिळाले.
1048	panch	तर आपल्याला शिकार करण्याची काहीच गरज नाही. आपण आता सरोवराच्या काठावरच राहायचं.
1049	panch	त्या ढोलीत राहायचं असं त्यांनी ठरवलं आणि त्या सरोवराच्या काठावर शांत चित्ताने बसल्या. अगं खोटी ताई असा निराश चेहरा करून का बसली आहेस?
1050	panch	खोटी लांडगीन ताई म्हणाल्या, काय सांगू तुला बुद्धी बेडूक दादा?
1051	panch	मी खूप अशक्त झाले आहे, डोळ्याने दिसत नाही, शिकार करणे जमत नाही, मी आता ठरवले आहे.
1052	panch	दुसऱ्याची सेवा करायची, चांगल्या उपदेशाच्या गोष्टी दुसऱ्यांना सांगायच्या आणि शांत जीवन जगायचं. चंचल बेडूक दादा तिथे आले, इतर बेडकेही आले.
1053	panch	मग चंचल काय म्हणाला, अगं खोटी ताई सांग ना आम्हाला ज्ञानाच्या, उपदेशाच्या चांगल्या गोष्टी सांग. खोटी लांडगीण ताई त्यांना रोज उपदेशाच्या गोष्टी सांगू लागली.
1054	panch	सेवा कशी करावी, धर्माने कसे वागावं, हे सगळं सांगायची. आणि सगळ्या बेडूक दादांना या गोष्टी तिच्या खूप आवडायच्या. ते खुश होऊन सगळे ऐकायचे.
1055	panch	एकदा काय झालं खोटी लांडगीन ताई एकट्याच बसल्या होत्या. अगं खोटी ताई सांग ना आज गोष्ट. जंगलात संकट आले तर कसे वागायचे?
1056	panch	खरा मित्र कसा ओळखायचा? या उपदेशाच्या गोष्टी सांगितल्या.
1057	panch	परत एके दिवशी अशाच ते शांत बसले असताना तेव्हा खोटी लांडगी ताई म्हणाल्या, पण त्या अगोदर माझं एक काम करणार का?
1058	panch	माझ्याकडे एक गुप्त गोष्ट आहे, ती कोणालाही माहिती नाही माझ्याशिवाय.
1059	panch	तेव्हा Chanchal म्हणाला, अगं खोटी ताई सांग ना काय काम करायचं आहे मी पटकन करतो. मला तुझ्या पाठीवर घेऊन सरोवराच्या पलीकडच्या काठावर नेऊन ठेवायचं.
1060	panch	मग चंचलच्या पाठीवर खोटी लांडगी ताई बसली. आणि पलीकडे गेल्यावर काठावर सोडलं तेवढ्यात खोटी लांडगीन ताईंने चंचलला तोंडात पकडले.
1061	panch	तेवढ्या बुद्धी बेडूक दादा आणि इतर बरेच बेडूक दादा तिथे आले. आणि Chanchal-ला पकडलेले पाहून बुद्धी बेडूक दादा काय म्हणाले?
1062	panch	तू सेवा करण्याच्या धर्माच्या गोष्टी करतेस. आणि Chanchal-ला पकडलंस हा कोणता धर्म तुझा? खोटी लांडगीन ताईचा राग आला. मग त्यांनी काय केलं?
1063	panch	जंगलात सरोवराच्या काठावर झाडाखाली जी फळे पडली होती, ती फळे घेतली सगळ्या बेडकांनी. खोटी लांडगी त्याला फेकून मारली.
1064	panch	ही फळे खोटी लांडगीन ताईंच्या अंगाला लागली. मग त्या न थांबता तिथनं वेगात पळत निघून गेल्या. परत मागेही त्यांनी वळून पाहिलं नाही.
1065	panch	मग हुत्ती बेडूक दादा म्हणाले, पाहिलं का बाळांनो? अरे चटकन कोणावरही डोळे झाकून विश्वास ठेवायचा नसतो.
1066	panch	तर विचार करून मग विश्वास ठेवायचा, नाहीतर आपण संकटात पडतो. असे म्हणून सगळे बेडूक दादा म्हणाले, होय बुद्धी बेडूक दादा, आजपासून आम्ही तुमचे ऐकतो.
1067	panch	मग सगळे बेडूक दादा पाण्यात गेले. त्या वेळेपासून सगळे बेडूक दादा कोणतेही परके प्राणी पक्षी आले.
1068	panch	तो डोळे उघडून त्यांच्याकडे पाहायचे, विचार करायचे आणि मग त्यांच्यावर विश्वास ठेवायचे. म्हणून डोळे झाकून कोणावरही विश्वास ठेवू नये.
1069	panch	सुंदरबनच्या जंगलात एका मोठ्या विशाल झाडावर साळू लाडूची म्हणताई राहत होत्या. दोघी अगदी जीवाभावाच्या मैत्रिणी होत्या.
1070	panch	वाटे उठून जंगलात लांब पर्यंत जाऊन अन्न घेऊन यायच्या. नंतर अन्न खाऊन झाले की सरोवरात पाणी पिऊन यायच्या. आकाशात उंच उंच विहार करायच्या.
1071	panch	खूप दोघींची छान मैत्री होती आणि त्यांच्या झाडासमोरच Rambha कवळींचा इच्छे करत होतं. त्या स्वतःचाच विचार नेहमी करायच्या.
1072	panch	आणि सगळे पक्षी अन्न आणायला गेले की त्यांच्या घरट्यातले अन्न चोरून आणायच्या. त्या स्वतःसाठी अन्न आणायला जायच्याच नाहीत.
1073	panch	गंगी ताई अन्न ठेवून सरोवरावर पाणी प्यायला गेली. आणि Gangi-ने विचारल्यावर आपल्या कानावर हात ठेवले. गंगी पोपटताई काही बोलणार पण सगळ्या प्राण्यांना माहिती होतं.
1074	panch	मग एकदा काय झालं? साळू आणि लाडू चिमनताई वाटे लवकर उठल्या होत्या. आणि त्या अन्न आणण्यासाठी दोघी बोलत बसल्या होत्या, गप्पा मारत होत्या.
1075	panch	लाडू चिमुताई काय म्हणाली? अगं साळुताई, बघ किती सुंदर बनचं हे जंगल छान आहे. इथे फळांची, पाण्याची, अन्नाची कशाचीही कमतरता नाही.
1076	panch	निसर्गाने बहरलेलं हे जंगल किती छान आहे. अगं आपण नशीब व्हावं ना हो. म्हणून आपल्याला हे जंगल मिळालं. असं दोघीच्या बोलत होत्या.
1077	panch	मी काय करते ते बघा, वाटे जाऊन अन्न घेऊन येता काय? स्वतःपुरते अन्न आणता, स्वतःसाठी अन्न खाता. आता तुमची कशी गंमत करते बघा.
1078	panch	असे म्हणून उडत उडत Rambha कावळीन ताई साळू लाडू जिथे होत्या तिथे गेल्या. त्यांना पाहून साळू लाडू काय म्हणाल्या?
1079	panch	अगं Rambha ताई, तू आज अचानक इथे कशी आलीस आमच्याजवळ?
1080	panch	तुम्ही किती गो दोघी कष्ट करताय, लांब वर जाऊन अन्न घेऊन येताय, मला तुमचं खूप कौतुक वाटतंय. तू कसे काय आमचे कौतुक करू शकतेस?
1081	panch	तू कोणत्या प्राण्यात, पक्षात, कोणातही मिसळत नाहीस. कोणाबरोबर बोलत नाहीस. कधी अन्न आणायला गेलेले आम्ही पाहत नाही. बघल तवा एकटी घरट्यात बसलेली असतीस.
1082	panch	आणि तू कसे काय आमचे कौतुक करतेस? अगं नाही ग साळू लाडू, मला उलट तुमचा अभिमान वाटतोय.
1083	panch	बरं ठीक आहे तू कशासाठी आली आहेस अगं साळू लाडू मी सांगते आपल्या जंगलाच्या बाहेर भरपूर धान्य असलेली शेती आहे.
1084	panch	इथे तुम्हाला नेते तिथून तुम्ही दररोज अन्न घेऊन येत जा. ते ते शेत आहे हे कोणत्याही पक्षाला माहिती नाही. ठीक आहे साळू लाडू म्हणाल्या.
1085	panch	वरंबा, साळू, लाडू सगळ्या त्या शेताकडे गेल्या. साळू लाडूने भरपूर लोंब्या तोडून खाल्ल्या. हे शेत कोणत्याही पक्षाला माहिती नाही.
1086	panch	मी तुम्हाला दाखवले आहे म्हणून तुम्ही काय करायचं?
1087	panch	रोज तुम्हाला अन्न आणाय आल्यावर अगोदर लोंब्या तोडून दोघींनी माझ्या घरी द्यायच्या नंतर तुम्हाला तुम्ही अन्न घेऊन यायचो.
1088	panch	मग लाडू चिमूताई म्हणाली, अगं रंपाताई, हे कसं काय तू बोलू शकतेस ग? कष्ट करून आम्ही लोंब्या घेऊन येणार, अन तुला का बरं देऊ?
1089	panch	Rambha ताई म्हणाली, हे बघ लाडू. हे शेत कोणालाही माहिती नाही, मी दाखवले तुम्हाला. त्यामुळे अगोदर अन्न माझ्या घरी द्यायचं, मग तुमच्या घरी.
1090	panch	मग साळू शिमंत ताई काय म्हणाली, अगं लाडू गप्प बस ग, जाऊ दे आपण देऊ रंबा ताईला अन्न. उडत उडत आपल्या घरट्यात आले.
1091	panch	त्यांचे पंख दोघींचे दुखायला लागले. लाडू काय म्हणाली, साळुताई आज आपण जंगलातली फळे खाऊया. अन्न आणायला नको जायला. मग दोघींनी ठरवले फळे खायची.
1092	panch	आज तुम्हाला अन्न आणायला गेला नाही, माझ्या घरट्यात मला लोंबे दिले आणि तुमच्यासाठी नाही आणलं.
1093	panch	मग साळू काय म्हणाली, अगं अंबाताई, आता आमचे पंख दुखायला लागले, त्यामुळे आमच्यासाठी अन्न आणायला नाही जाणार आम्ही. आम्ही जंगलातीलच फळे खाणार आहोत.
1094	panch	अगं तुम्हाला अन्न नाही. अगं माझं घरटं तर अन्नाने भरून गेलं आहे. यावर लाडूला राग आला.
1095	panch	लाडू चिनू ताई म्हणाली बघितलंस साळुताई मग लाडू काय म्हणाली?
1096	panch	हे बघ साळू, असे म्हणून दुसऱ्या दिवशी त्याने एक युक्ती केली आणि रंभाने साळुणीत त्या धोंदळ्याच्या शेताजवळ असलेल्या दुसऱ्या शेतातल्या लाल हिरव्या मिरच्या चोचीने तोडून आणल्या.
1097	panch	आणि आपल्या घरट्या दोघींनीही एका पानावर ठेवल्या. आणि Rambha-ताईला अन्न द्यायला गेल्याच नाहीत. कसं झालं?
1098	panch	साळू चिमंत ताई म्हणाली, अगं आम्हाला वेळ झाला, पण आणलं हे अन्न. असं म्हणून साळू लाडूने त्या पानावरच्या मिरच्या पुढे केल्या.
1099	panch	रंभा तर कावळे ताईला भूक लागली होती, तिने पटपट मिरच्या खायला सुरुवात केली, त्याबरोबर तिच्या तोंडाचा फडका झाला.
1100	panch	त्यावर पाणी पीत बसत राहिली बसून राहिली लाडू म्हणाली बघितलंस साळुताई? Rambi-ला कशी शिक्षा मिळाली? मग Savi-ची म्हणताई काय म्हणाली?
1101	panch	अगं आपण एखाद्यावर उपकार केले त्याची जाण न ठेवता आपल्याला जो त्रास देतो त्याला धडा हा शिकवलाच पाहिजे.
1102	panch	असे म्हणून साळू लाडू अन्न आणण्यासाठी जंगलात निघून गेल्या. कधीही दुसऱ्याच्या उपकाराची जाण ठेवावी, त्याला त्रास देऊ नये.
1103	panch	Nandanvan नावाचे एक सुंदर असे जंगल होते. या जंगलात सगळे प्राणी पक्षी अगदी आनंदाने राहत होते. जंगलाच्या मध्यभागी निळ्या निळ्या पाण्याचे सुंदर सरोवर होते.
1104	panch	सरोवराच्या काठावर एक विशाल वडाचे झाड होते. सगळ्या पक्षांची घरटी होती. जंगलात अनेक प्राणी पक्षी आनंदाने आणि सुखासमाधानाने राहत होते.
1105	panch	या जंगलात तीन जिवलक मित्र होते. एक गंगाराम पोपट काका, एक कुट्टू ससे भाऊ आणि बुद्धी का सौ दादा.
1106	panch	तीघे मित्र जंगलात एकत्र जायचे, एकत्र अन्न आणि फळे आणायचे आणि सरोवराच्या काठावर बसून एकत्र आनंदाने खायचे, गप्पा गोष्टी करायचे, खूप हास्य विनोद करायचे.
1107	panch	मजेत दिवस चालले होते त्यांचे. एकदा ते तीन असेच गप्पा मारत बसले होते. आता त्या जंगलात राहायला आल्या होत्या.
1108	panch	त्यांनी तीन मित्रांना पाहिलं आणि त्या काय म्हणाले, अरे वा! छान गप्पा चालल्या तिघा मित्रांच्या. मग त्या मनात काय म्हणाल्या? अरे!
1109	panch	मी जर तुम्हाला मूर्खात काढले तर तिघेही मित्र माझे तीन दिवसाचे भोजन उशीला असा विचार त्यांच्या मनात आला आणि त्यांना युक्ती सुचली.
1110	panch	अरे काय बरं करावं असे म्हणत त्यांना ती युक्ती सुचली. वाऱ्याच्या वेगाने फळत गावातल्या घरात गेल्या. तिथल्या देवघरात गेल्या, तिथे एक माळ होती.
1111	panch	एक तिथं देवाचे वस्त्र होते, ती वस्त्राची घडी घेतली आणि परत वाऱ्याच्या वेगाने त्या जंगलात आल्या. वडाच्या झाडापासून थोड्याच अंतरावर एक आंब्याचे झाड होते.
1112	panch	त्या आंब्याच्या झाडाखाली त्या बसल्या. त्यांनी ती माळ गळ्यात घातली. ते वस्त्र आणलेले पाठीवर टाकलं आणि डोळे घट्ट मिटून घेतले.
1113	panch	स्वतः कोण साधू तपस्विनी संत असल्यासारखं नाटक केलं.
1114	panch	आणि डोळे घट्ट मिटून त्या देवाचे नाव घेऊ लागल्या, त्या काय जोरजोरात बोलू लागल्या, त्या काय म्हणाल्या?
1115	panch	देवा देवा घडू दे तुझी सेवा मिळू दे सुंदर मेवा नाटक रंगू दे छान छान तिघांच्या भोजनाचे मिळू दे मला सुंदर सुंदर पान.
1116	panch	म्हणायला लागल्या डोळे मिटायच्या उघडायच्या. डोळे मिटायच्या हळूच उघडून इकडे तिकडे पाहायच्या. बुद्धी का असं होता दादा? घाबरली नाही ते भोळे होते.
1117	panch	त्यामुळे तिच्यापासून आपल्याला काही धोका नाही. तेव्हा त्या मित्रांचा संशय अधिकच बळावला. मग थोड्या वेळाने सुंदरी मांजरी ताई काय म्हणाल्या?
1118	panch	देवा, मी हिंसाचार सोडला आहे. मी आता कोणालाही त्रास देणार नाही. मी फक्त झाडाची पाने आणि फळे खाऊन जगणार आहे.
1119	panch	आणि तुझे चिंतन करणार आहे. बुद्धी कासव दादा काय म्हणाले, अरे मित्रांनो किती सांगितलं ती संत झाली आहे घाबरू नका.
1120	panch	तुमचा विश्वास बसत नाही का? नाही, दोघेही म्हणाले. बुद्धी कासव दादा सरोवराच्या काठावर गेले.
1121	panch	आणि तिथल्या एक झाडाची छोटीशी वाळकी फांदी काढली आणि तेच सुंदरी मांजरी ताईकडे घेऊन गेले.
1122	panch	सुंदरी मांजरी ताईच्या पुढे जाऊन बुद्धी कासव दादा काय म्हणाले? हे संत तपस्विनी ताई तू हिंसाचार सोडला आहेस.
1123	panch	तू ही वाळकी काठी मला खाऊन दाखव. अरे देवा हे काय संकट आलं? आता काय करू मी? बरं स्वतःला सावरून म्हणाला.
1124	panch	मी फक्त झाडाची पाने आणि फळे खाते. मी वाळकी काठी नाही खाणार. तेव्हा बुद्धी कासव दादा काय म्हणाले?
1125	panch	संत लोक अशी असतात जे समोर येईल त्याचा स्वीकार करतात. पण तू ही वाळकील फांदी खात नाहीस. म्हटल्यावर तू शांत नाहीस.
1126	panch	तिची बोबडी वळली, तिला बोलता येईना, आपले नाटक आता उघडकीला आले, तिने ओळखले. अरे तसे नाही काही, मी संतच आहे, मी संतच आहे.
1127	panch	अशी म्हणत घाबरत घाबरत हळू हळू हळू मागे सरकत सारखं.
1128	panch	सुंदरी मांजरीन ताईंने तिथनं काढता पाय घेतला आणि ती वाऱ्याच्या वेगाने पळत गावातल्या घरात गेली.
1129	panch	मग बुद्धी कासव दादांनी बुद्धी कासव दादांनी त्यांना बोलवून घेतले आणि म्हणाले, अरे मित्रांनो घाबरू नका. तुमचे म्हणणे योग्य ठरले.
1130	panch	तपस्विनीचे नाटक केले होते पण ते मी तिची परीक्षा घेऊन उघडकीला आणले. त्यामुळे आता धोका टळला तुम्ही घाबरू नका.
1131	panch	अरे कासव दादा, तुमच्या चातुर्याने आणि हुशारीने सुंदरी मांजरी ताईचे नाटक बाहेर पडले आणि आपण संकटातून वाचलो, तुमच्यामुळे संकट टळले.
1132	panch	धूर्त लोक आणि चलाक लोक जे असतात त्यांच्या गोड बोलण्याला भाळायचे नाही कधी. त्या गोष्टीची पडताळणी करायची मगच त्या गोष्टीवर विश्वास ठेवायचा.
1133	panch	असे म्हणून तीन मित्र परत वडाच्या झाडाखाली गेले आणि आनंदाने गप्पा मारत बसले. ते एकमेकांचे जिवलग मित्र होते.
1134	panch	एकदा काय झालं त्या मित्रांनी ठरवलं जवळच असलेल्या Sundarbans-च्या जंगलात सहलीसाठी जायचं सुंदर सुंदर फळे खाऊन. जंगल फिरून मौज मजा करून यायचं.
1135	panch	आणि त्याच्या अगोदर आपण आपली पावसाळ्यासाठी अन्नाचा साठा करून ठेवायचा. पण त्यातले ढग्गू असवल दादा कमालीचे आळशी होते.
1136	panch	दोन दिवसातून दोन-तीन वेळा जंगलात नुसतं फिरून यायचे. आणि दोन-तीन दिवसातनं एकदा अन्न खायचे. आणि मस्तपैकी कुए झोपून जायचे. त्यांना कामाचा खूप कंटाळा.
1137	panch	मग एकदा ते सकाळी लवकरच उठले आणि ते काय म्हणाले, अरे आपण आजच सहलीला गेलो तर आपल्या मित्रांना तयार करूया.
1138	panch	असे म्हणून ते जंगलात निघाले.
1139	panch	त्यांनी पाहिलं साजरी हरणी ताई वाटीवर वेलीच्या जाळी केलेली होती वेलीची आणि त्यात फळे घालून ती पाटीवर घेऊन निघाली होती.
1140	panch	तेव्हा त्यांच्या मनात काय आलं? अरे! साजरी अग्नी ताईला आपण जर मदत केली तर ती सहलीला आज यायला तयार होईल.
1141	panch	म्हणून ते काय म्हणाले, अगं साजरी ताई, कशाला एवढं ओझं घेतले आहेस? मी घेऊ का? नको रे डबू दादा, मी नेते.
1142	panch	अगं पण एवढी फळे? अरे पावसाळ्यासाठी अन्न साठवलं पाहिजे. आणि आपल्याला त्याच्या अगोदर सलीलाही जायचं आहे.
1143	panch	असे म्हटल्यावर साजरीने वेलीची दुसरी जाळी काढली आणि त्यात थोडी फळे घालून डब्बू अस्वल दादांच्या पाठीवर दिली.
1144	panch	ते दोघे निघाले तेवढ्यात काय झालं नटकट माकड दादा जंगलात झाडावरून उड्या मारत होते. आणि ते उड्या मारताना धपकन ढब्बू अस्वल मामांच्या पाठीवर पडले.
1145	panch	त्यामुळे सगळी फळे घसरत घसरत आणि Dabbu अस्वल मामांच्या पाठीला मुका मार लागला. मग साजरी हरणी ताईंने त्यांना आपल्या गुहेत नेलं, जडीबुटी लावली.
1146	panch	थोड्या वेळाने ढग्गू आसवल मामा चांगले झाले कारण सहलीला जायचे होते. मग ते काय म्हणाले, साजरी ताई आपण आजच जाऊया कसलीला?
1147	panch	नको रे बाबा, पावसाळ्यासाठी गुहा दुरुस्त करायची आहे, अन्नाचा साठा करायचा आहे. हे सगळं झाल्यावर आपण सैलील जायचं.
1148	panch	निराश होऊन Dabbu अस्वल दादा आपल्या लाकडाची मोळी होती. आप्पू हत्ती दादासनी तरी पटवूया.
1149	panch	म्हणून काय म्हणाले ढब्बू आसवंत दादा, आप्पू हत्ती दादा अहो एवढे ओजे कशाला घेतले?
1150	panch	पावसाळा येणार आहे, त्यासाठी घराची दुरुस्ती केली पाहिजे, म्हणून हे लाकडे नेतो आहे. मग डप्प असोल मामा मनात काय म्हणाले?
1151	panch	त्यातली थोडी लाकडे आपल्या पाठीवर घेतली. की आप्पू हत्ती दादांना बरे वाटेल आणि आज सहलीला यायला तयार होतील.
1152	panch	म्हणून ढब्बू आसवला मामा काय म्हणाले, द्या थोडी लाकडे माझ्या पाठीवर द्या. अरे नको रे ढब्बू तुला नाही शेपणार. अहो असू दे द्या ना.
1153	panch	असं म्हटल्यावर आप्पू हत्ती दादांनी थोडी लाकडे ढब्बू आसवल दादांच्या पाठीवर दिली पण त्याचं ओझं झेपत नव्हतं.
1154	panch	अगोदरच नटकट माकड दादाने पाठीवर उडी मारली होती ते दुखत होतं आणि ही लाकडे जड पण कसे बसे ते घेऊन गेले.
1155	panch	नाही रे बाबा, अजून घराचं काम व्हायचं आहे माझ्या, अन्नाचा साठा करायचा आहे, आत्ताच नाही. ते भरपूर फळे आणि गाजरे घेऊन निघाले होते.
1156	panch	अरे ससे दादा एवढी गाजरी कशाला? अरे Dabbu दादा आता पावसाळाला आहे आणि सहलीलाही आपल्याला जायचं आहे त्यामुळे भरपूर साठा केला पाहिजे अन्नाचा.
1157	panch	मी आणखी जाणार आहे होळे आणायला. मग ढब्बू असं दादांना काय वाटले? यांनाही मदत करावी म्हणजे हे तरी आज तयार होतील शरीराला.
1158	panch	नाही येतो, तुम्हाला मदत करतो, ठीक आहे चल. ससे दादा म्हणाले आणि जंगलाजवळच्या एका शेतात गेले. दोघांनी भरपूर गाजरे काढली, खाल्ली.
1159	panch	आणि ससे दादानी पण वेलीची जाळे केले आणि त्या जाळेत थोडी फळे गाजरे घातली आणि आपल्या पाठीवर घेतली. दब्बू असवल दादांच्याही पाठीवर दिली.
1160	panch	आणि दोघे निघाले, तेवढ्यात काय झालं? शेताचा मालक आला आणि त्याने एक काठी भिरकावून मारली. ढब्ब अस्वद दादांच्या पाठीत लागली.
1161	panch	म्हणते न दुखल्यासारखे करून ससे दादांना म्हणाले नाही दुखत माझी पाठ.
1162	panch	असे म्हणून ससे दादाच्या घरापर्यंत गेले आणि म्हणाले, ससे दादा आज जाऊया का आपण सलीला?
1163	panch	नाही रे बाबा, पावसाळा आहे, अजून बरंच काही काम आहे, आज नाही मी येत. निवांत झोपले.
1164	panch	आणि तिची झोप लागली आणि कसल्याशा आवाजानं जाग आली. पाहता तो त्यांच्या गुहेच्या पाठीमागे एक भगदार होतं.
1165	panch	आणि भरपूर पाऊस झाल्यामुळे जंगलातल्या नदीला पाणी आलं होतं आणि ते नदीतले पाणी त्यांच्या गुहेत शिरले.
1166	panch	आणि बघता बघता सगळी गुहा पाण्याने भरून गेली, नदीसारखी.
1167	panch	पटकन डबुवासुल मामा बाहेर आले, घाबरून ते सगळ्यांच्या गुहे पुढे गेले, पण कोणत्याही प्राण्याने त्यांना आत बोलवले नाही.
1168	panch	सगळे प्राणी निवांत आपापल्या गुहेत बसले होते. अरे काय सांगू माझ्या घराला पाठीमागून भगदाड होतं, मी दुरुस्त केलं नाही, त्याची शिक्षा मला मिळते.
1169	panch	मला भूकही खूप लागल्या. मुससे दादा म्हणाले चल माझ्या गुहेत. मुससे दादानी त्यांना भरपूर गाजरे टाणटो खायला दिली आणि इथेच राहून सांगितलं.
1170	panch	ढबू आसवल मामा नाही म्हणाले. आणि ते बाहेर आले तेवढ्यात अरे पण हत्ती दादा नाही. हत्ती दादा म्हणाले नाही डब्बू अस्वल दादा.
1171	panch	कसा आहे माहिती आहे का? मला माहिती आहे तू कमालीचा आळशी आहेस.
1172	panch	तुझी गुवाई दुरुस्त केलेली नसणार आणि फळांचा संचही केलेला नाहीस तू मला माहिती होतं चल माझ्या घरात राहायला असे म्हणून डब्बू असं बोलला मामांना आपल्या घरात घेऊन गेले त्यांचे छान पैकी घर बांधून झाले होते.
1173	panch	मग ढब्ब अस्वल मामाला आप्पू हत्ती दादा म्हणाले, अरे ढब्बू तू मला लाकडे आणायला मदत केलीस घरासाठी.
1174	panch	गोबी ससे दादाला गाजरे tomato आणायला मदत केलीस. मग आम्ही तुला मदत करायला नको का? तू ऐकायस आम्हाला माहीत आहे.
1175	panch	मग धब्बा असल मामा म्हणाले, चुकलो मी आप्पो आती दादा, मी आता असा कधी वागणार नाही, माझा आळस सोडून देणार, आजपासूनच मी उद्योगाला लागतो.
1176	panch	याची तयारी आपण करावी. हो बरोबर आहे तुमचं.
1177	panch	मी आत्ताच कामाला लागतो असे म्हणून ढबू आसून मामा जंगलात फळे आणण्यासाठी निघून गेले, पाऊसही थोडा थांबला होता.
1178	panch	पाण्याच्या आधी वळण बांधावे म्हणजे संकट यायच्या अगोदर ते कसे घालवता येईल याची तयारी करावी. उन्हाळ्याचे दिवस संपवून उन्हाळी पावसाचे दिवस सुरू होणार होते.
1179	panch	सगळीकडे कडक ऊन पडलं होतं. आकाशात काळे ढग जमले होते. कधी उन्हाळी पाऊस पडेल सांगता येत नव्हतं. आणि उकाडाही भरपूर होता.
1180	panch	मंगू बकरी ताई जंगलाकडे निघाल्या होत्या चारा खाण्यासाठी. त्या राहतो त्या गावात पण गावा शेजारी असलेल्या जंगलात अधून मधून चारा खाण्यासाठी जायच्या.
1181	panch	अशाच आजही त्या निघाल्या होत्या जंगला चारा खायला. आणि एक झाडाविषयी ज्या ज्या झाडांच्या फांद्या याचा पाला काढून त्या खाऊ लागल्या.
1182	panch	आकाशातून पाऊस पडायला सुरुवात झाली. उन्हाळी पाऊस धो धो धो पाऊस पडायला लागला.
1183	panch	पाऊस जाईसपर्यंत एका झाडाखाली जाऊन थांबावं वाटलं, म्हणून एक दाट झाड होतं. त्या झाडाखाली सुक्की जागा होती, वाळलेली जागा होती.
1184	panch	त्या जागेवर जाऊन त्या उभ्या राहिल्या. त्या काय मनात म्हणाल्या, आता पाऊस थांबला की आपण परत चारा खायचा आणि नंतर गावाकडे घरी जायचं.
1185	panch	असे त्या मनात विचार करून त्या झाडाखाली थांबल्या. तेवढ्यात काय झालं? या जंगलातल्या चला की लांडकीण ताई आल्या! हो पावसातून इथे आल्या.
1186	panch	त्यांनी पाहिलं लांब ओरणं. मंगू बकरी ताई एका झाडाखाली उभा राहिल्या होत्या. त्यांना माहिती होतं ह्या मंगू बकरी ताई गावातले आहेत.
1187	panch	आणि त्या वरचेवर जंगलात चारा खाण्यासाठी येतात. त्यामुळे चालाखी लांडगीन ताई खुश झाल्या. आणि त्या काय म्हणाल्या, अरे वा!
1188	panch	गोड गोड बोलायचं, जाळ्यात ओढायचं त्यांना आणि गुहेत नेऊन दोन दिवसाच्या भोजनाची सोय झाली माझ्या. मंगू बकरी ताईंनी ही चालाकी लांडगीन ताईंना पाहिलं.
1189	panch	त्यांना माहिती होतं चला की लांडगीन ताई कशा आहे. चला की लांडगीन ताई, किती धूर्त आहेत त्या!
1190	panch	धूर्तपणाने गोड गोड बोलून प्राण्यांना, पक्षांना जाळ्यात ओढून त्यांची शिकार करून खायच्या हे सगळ्यांनाच माहीत येतं. मंगू बकरी ताईंना हे माहिती होतं.
1191	panch	तेवढ्यात चलाखी ताई तिथे गेल्या. आणि काय म्हणाल्या, अगं Mangu बकरीताई तू बऱ्याच दिवसांनी दिसलीस.
1192	panch	मग मी काय म्हणते, अगं Mangu ताई तू एवढ्या पावसात कशी उभी राहिली आहेस?
1193	panch	मग Mangu म्हणाली, नाही ग चला की ताई, या झाडाखाली उभी राहिली आहे, मला पाऊस लागत नाही.
1194	panch	अगं Mangu, थोड्या वेळाने हे झाडही भिजेल पावसाने आणि सगळे झाडाचे पाणी तुझ्या अंगावर पडेल.
1195	panch	आणि तू भिजून जाशील त्यापेक्षा असं कर माझ्या गुहेत चल. खूप स्वच्छ आणि कोरटी आहे.
1196	panch	तू तिथे बैस, विश्रांती घे, निवांत आराम कर, तुला कसलीही चिंता नाही.
1197	panch	चला की लांडगीन ताईंनी योजना चांगली केली होती आता चला ती खुश होती मनातून. विश्रांतीच्या नावाखाली मंगू बकरीने शांत विचार केला.
1198	panch	बरोबर आहे तुझं चालाखी ताई, मलाही तेच वाटतंय ग, पावसात भिजायला नको. मग चला की म्हणाली, अगं तिघे कोण? कसा आहे चालाखी ताई?
1199	panch	मी येताना माझे दोन मित्रही आले. कोण आहे तुझे मित्र?
1200	panch	अगो माझे दोन मित्र शिकारी कुत्रे आहे त्यांना घेऊन मी आले आहे आम्ही तिघेही येतो आणि आजचा दिवस तुझ्या गुहेत मुक्काम करतो चालेल ना तुला?
1201	panch	असे म्हटल्यावर चला की लांडगीन ताई खूप घाबरल्या! त्यांचा चेहरा पाहण्यासारखा झाला. अशी म्हणून चालाकी लांडगीन ताईंने तिथून धूम ठोकली.
1202	panch	ती थेट आपल्या गुहीत जाऊन बसली. इकडे Mangu बकरी ताई घाबरली नाही काही नाही. तुझा हेतू मी ओळखला.
1203	panch	अगं अशा संकटाच्या वेळेला डोकं शांत ठेवून शांतपणे विचार करून समजदारीपणा दाखवून घराकडे गावाकडे चाल निघून गेली.
1204	panch	के च्या घनदाट जंगलात एक भयंकर वाघ्या चित्ता राहत होता. उंच उंच उड्या मारायच्या. लांब पर्यंत चपळपणे पळत जायचा.
1205	panch	त्याला आपल्या ताकतीचा भयंकर गर्व होता. त्याची उड्या मारण्याची लकप, पळण्याची लकप आणि मजबूत पंजे पाहून सगळे प्राणी घाबरून जायचे.
1206	panch	सगळ्यांना तो म्हणायचा मी खूप ताकदवान आहे. सगळ्या प्राण्या तशीच माजली होती, सगळे प्राणी घाबरायचे, त्याच्या वाटेला कोणी जायचे नाही.
1207	panch	चलाकी नावाच्या हुशार बुद्धिमान आणि समजदार लांडगीणताई राहत होत्या. त्यांच्या बुद्धीची हुशारी सगळ्या जंगलच्या कानाकोपऱ्यात पोहोचलेली होती.
1208	panch	एकदा काय झालं जंगलातल्या सरोवरात सुंदरी हरणी ताई नटकट माकड दादा ढबू अस्वल मामा गोबी ससे भाऊ पाणी प्यायला गेले त्यावेळी चलाखी लांडगी ताई तिथे पाणी प्यायला गेल्या.
1209	panch	तेव्हा तो भयंकर वाघ्या चित्ता तिथे आला. आणि तो काय म्हणाला, हे पहा जंगलवासियांनो, आजपासून हे सरोवर माझे आहे.
1210	panch	मी फक्त एकटा पाणी पिणाऱ्यातलं, तुम्ही कुणीही येथे पाणी प्यायला यायचं नाही. सगळे प्राणी घाबरून पळून निघून गेले. चला की लांडगी चई थांबल्या.
1211	panch	आणि त्या विचार करत आपल्या घरी गेल्या. त्या काय म्हणाल्या, अरे किती घमंड आहे ताकतीची या वाग्या चित्त्याला. त्याची घमण ठिकाण्यावर आणली पाहिजे.
1212	panch	त्याला खूप घमन झाले आहे. असे म्हणा त्यांच्या डोक्यात एक युक्ती आली. त्या काय म्हणाल्या, अरे हा इतका घमंड करतो.
1213	panch	याची घमंड ठिकाणावर जर नाही आणली ज्ञानी कासव दादा यांना तिने बोलवून घेतले. मग हिची त्याची ही ताकतीचा गर्व आपण ठिकाण्यावर आणला पाहिजे.
1214	panch	त्यासाठी मी युक्ती केली आहे, मला तुमची सगळ्यांची साथ पाहिजे.
1215	panch	तेव्हा Shersingh राजे म्हणाले, अगं चला की ताई, तुझी बुद्धीची हुशारी आम्हाला माहिती आहे, आमची सगळ्यांची तुला साथ आहे, फक्त हिंसा करू नको, ठीक आहे महाराज, मी नाही हिंसा करणार.
1216	panch	तेव्हा तिथे तो वाहत्या चित्ता आला, पाणी प्यायला. मग चला की लांडगीण ताई काय म्हणाल्या? तुम्ही खूप ताकतवान आहात.
1217	panch	आम्हाला माहिती आहे, आम्हालाही तुमच्या ताकतीचा अभिमान आहे. पण मी तुमच्याबरोबर शर्यत लावते. तू आणि माझ्याबरोबर शर्यत चला की लांडगीण ताई म्हणाल्या हो.
1218	panch	अहो, Chittoba बुद्धीची शर्यत लावणार आहे मी. बरं ठीक आहे सांग काय करायचं? चित्तोबा, आपल्या जंगलात एक फळांचं झाड आहे.
1219	panch	आणि मी जर शर्यत जिंकले तर तुम्ही जंगल सोडून जायचं. ठीक आहे. अगं चला की त्यात काय अवघड आहे? आता मी फळ करतो.
1220	panch	असे म्हणत ताकतीच्या जोरावर भाग्या चित्तोबा पळत पळत त्या झाडाकडे गेले. आणि ते झाडावर चढायचे पडायचे चढायचे पडायचे.
1221	panch	बराच वेळा ते झाडावर चढले खाली पडले. मग ते शर्यत हरले.
1222	panch	मग चला की लांडगीन ताई आल्या आणि त्या हत्ती दादांच्या पाठीवर बसल्या आणि नटकट माकड दादांच्या मदतीने एका काठीने ते फळ खाली पाडले.
1223	panch	फळ खाली पडल्यावर सगळे प्राणी पक्षी जमलेले खुश झाले. त्यांनी चला की लांडगीन ताईचा जयजयकार केला. शेरसिंग राजेही खुश झाले.
1224	panch	ताकतीपेक्षा आपल्या बुद्धीचा उपयोग करून शर्यत जिंकलीस. मग चला की लांडकीन ताई म्हणाली, बरोबर आहे.
1225	panch	ताकद जास्त असणे ही चांगली गोष्ट आहे हो म्हणजे अति ताकदवान असणे ही गोष्ट चांगलीच आहे. पण त्यापेक्षाही श्रेष्ठ बुद्धीची हुशारी आहे.
1226	panch	की हुशारी करून मी शर्यत जिंकली. शेरसिंग राजे आले आणि म्हणाले, हे पहा चित्तोबा! आता दिलेल्या वचनाप्रमाणे तुम्ही जंगल सोडून निघून जावा.
1227	panch	तो दुष्ट भाग्या चित्ता मान खाली घालून जंगल सोडून निघून गेला. मग Shersingh महाराज काय म्हणाले, अगं चला की ताई तुझं सगळं बरोबर आहे.
1228	panch	कसा आहे ताकद ही पाहिजे पण त्यापेक्षा बुद्धीची, हुशारीची आणि चालाकीची जोडही त्या ताकतीला पाहिजे. असे म्हणून आनंदाने सगळे प्राणी आपल्या घरी गेले.
1229	panch	नावाचे एक सुंदर असे जंगल होते. या जंगलात Bolu नावाचा एक हरीण राहत होता. खूप बुद्धीने हुशार चालाक होता. दिसायलाही खूप सुंदर होता.
1230	panch	पाणीदार डोळे सुंदर शिंगे उभे कान अंगाचा रंग तप्तिरी त्याच्यावर पांढरे ठिपके आणि शरीराने फुगवीत. त्यामुळे जंगलातल्या सगळ्या प्राण्यांना, पक्ष्यांना तो आवडायचा.
1231	panch	अंबोलू सगळ्या प्राण्या पक्षांना मदत ही करायचा. त्यामुळे सगळे प्राणी त्याच्यावर खूप प्रेम करायचे. कायमचा चाळ चेहरा हसतमुख असायचा.
1232	panch	आणि भीती हा शब्द त्याला ठाऊक नव्हता, तो कोणालाही घाबरायचा नाही. आपल्या चातुर्याने बुद्धीचा त्यांना चकवा द्यायचा.
1233	panch	एकदा काय झालं, दुपारच्या वेळी जंगलातल्या सरोवरात बोलू पाणी प्यायला गेला. पाणी पिऊन तो आपल्या गुहेकडे निघाला. तेवढ्यात त्याला मोठी गर्जन ऐकू आली.
1234	panch	राजे काय म्हणाले, अरे बोलू!
1235	panch	आज मी तुझी शिकार करून खाणार आहे, मला खूप भूक लागली आहे आणि मला बऱ्याच दिवसात हरणाचे मांस नाही मिळाले खायला.
1236	panch	त्यावर बोलू घाबरला नाही. उलट चेहऱ्यावर हास्य आणून काय म्हणायला? प्राणी कमजोर आहे. आणि तुम्ही जर मला खाल्लं तर तुमचे पोट नाही भरणार.
1237	panch	सिंहराजा आश्चर्यचकित झाले. अरे हा छोटासा बोलू हरीण आपल्याला घाबरला नाही. मग पुढे बोलू काय म्हणाला?
1238	panch	तुम्ही जर खरंच मला खाणार असला खा, माझी काही हरकत नाही. पहिल्यासारखी आणखी एकदा मला गर्जना करून दाखवा. तुम्ही जंगलचे खरे सिंह राजा आहात.
1239	panch	असे म्हटल्यावर, सिंहराजानी गर्जना करायला सुरुवात केली. बोलूने आपले हात दोन्ही कानावर ठेवले. सिंहराजानी मोठे गर्जना केली.
1240	panch	त्याबरोबर जंगलातले सगळे प्राणी घाबरले, जंगल हादरून गेले, पक्षांचे थवेच्या थवे आकाशाकडे उडू लागले.
1241	panch	माकडांचा कळप इकडे तिकडे सैरावैरा धाऊ लागला, सगळे जंगल चिडीचोप झाले. पण Bholu मात्र घाबरला नव्हता. त्याने आपल्या कानावरचे हात काढले.
1242	panch	आणि काय म्हणाला, अरे महाराज कसलीही गर्जना हो! मोठ्यांदा गर्जना करा! खूप भुकेवलेला आहात, तुमच्या पोटात त्यामुळे तुमची गर्जना कमजोर आहे.
1243	panch	तुम्ही आणखी एकदा विचार करा बरं. आणि त्याने आपल्या कानावर हात ठेवले. शेरसिंग राजाने परत मोठी गर्जना केली. ती गरज ना इतकी मोठी होती.
1244	panch	त्या गर्जनामुळे सरोवरातले पाणी थरथरले. झाडाची पाने हलू लागली वारा आल्यासारखे. परत बोलूने आपल्या कानावरचे हात काढले. आणि बोलू काय म्हणाला?
1245	panch	पण बोलू काय म्हणाला हे काय महाराज अजिबातच तुमची गर्जना मोठी नाही. मी दाखवतो तुम्हाला मोठी गर्जना कशी असते ते.
1246	panch	असे म्हणून बोलू सरोवराच्या काठावर गेला. लाकडे तोडणाऱ्या लोकांनी एक मातीचं भांडं टाकलेलं होतं. बोलूने त्या मातीच्या भांड्यात आपले तोंड घातले.
1247	panch	असं बोलल्याबरोबर बोलूचा आवाज त्या मडक्यात घुमला आणि त्या मडक्यातून परत प्रतिध्वनी सगळ्या जंगात जंगलात घुमला. जंगल सगळा हादरून गेलं.
1248	panch	केवढी मोठी ही बोलूची गर्जना! बोलू म्हणजे साधा सुद्धा हरीण नाही. मग थोड्या वेळाने Bolu त्यांच्याजवळ आला. किती मोठी तुझी गर्जना!
1249	panch	महाराज ती गर्जना नाही, त्या गर्जनेत ताकद आहे. आणि ती ताकद अशी आहे. ही मोठी गर्जना केली की शत्रू देखील घाबरला पाहिजे.
1250	panch	Shersingh महाराज घाबरून गारच झाले होते. ते काय मनात म्हणाले, अरे आता या बोलू बरोबर शर्यत करणे योग्य नाही, त्याला हरवणे शक्य नाही.
1251	panch	तरीही बोलून काही फरक पडला नाही.
1252	panch	तो हसत मुखाने Shersingh राजा पुढे आला आणि म्हणाला, मला तुम्ही खाणार असला तर खाऊन टाका माझी काही हरकत नाही.
1253	panch	पण एक आपण दोघांची शर्यत लावायची, पळण्याची. तुम्ही जिंकला शर्यत तर मला खाऊन टाका. मग त्यांनी सगळ्या जंगलातल्या प्राण्या पक्षांना बोलवलं.
1254	panch	आणि शर्यतीला सुरुवात केली. एक दोन तीन बबलू हत्ती दादा चित्कारले त्याबरोबर शर्यत सुरू झाली. बोलू चपळाईने पळत होता.
1255	panch	Shersingh राजेही त्याच्या पाठोपाठ पळत होते. पण बोलून एकटी काय केली? काटेरी झाडे जिथे होती त्या बाजूने निघाला. समोर एक काटेरी पांजर पडली होती.
1256	panch	ती पांजर बोलूनी चपळाईने उडी घेऊन पार केली. त्यांच्या अंगात काटे घुसले. पण तेवढ्यात बोलू तिथे जवळ आला. रक्तावर जडीबुटी लावली.
1257	panch	नाही महाराज, मी तुम्हाला फसवलेले नाही. अजून खाणार असला तर मला खा तुम्ही! तुझ्याशी शर्यत जिंकणे खूप अवघड आहे.
1258	panch	तू खूप चालाक आणि हुशार आहेस. पण एक सांगतो, आजपासून मी तुला आणि जंगलातल्या कोणत्याही प्राण्यांना खाणार नाही.
1259	panch	मग हे सगळं पाहिल्यावर सगळे जंगलातले प्राणी पक्षी खुश झाले, त्यांनी आनंदाने उड्या मारल्या. सगळ्यांनी बोलूच कौतुक केलं.
1260	panch	आणि मग जंगलात कोणी नवीन प्राणी पक्षी आला. की सगळे प्राणी आनंदाने त्याला सांगायचे. अरे आमच्या जंगलातला भातूर असे कौतुकाने सगळे प्राणी सांगायचे.
1261	panch	म्हणून म्हणतात कसे आहे ताकद ही सर्वश्रेष्ठ आहेच. पण त्याच्या जोडीला बुद्धीची आणि चाणाक्षपणाची हुशारी पाहिजे. Nandanvan एक अतिशय सुंदर असे जंगल होते.
1262	panch	या जंगलामध्ये अनेक विविध प्रकारचे प्राणी, रंगीबेरंगी पक्षी अगदी आनंदाने आणि एकजुटीने राहत होते.
1263	panch	सुंदर निळ्या पंखाच्या गहिऱ्या डोळ्याच्या भुभुबीत अशा स्मृतीशी मुताई राहत होत्या. ज्या खूप आनंदी असायच्या कायम. आणि नावाप्रमाणे सुंदर गोड गळ्याने गाणे गायच्या.
1264	panch	त्यांचे गाणे ऐकून सगळे पक्षी खुश व्हायचे. त्यांची एक मैत्रीण होती, लाडूची मुताई. दोघी एकमेकींच्या खूप घट्ट मैत्रिणी होत्या.
1265	panch	दोघी जंगलात अन्नांना एकत्र जायच्या, सरोवरात पाणी पिले एकत्र जायच्या, आकाशात विहार करायला एकत्र जायच्या, अशा या जिवलग मैत्रिणी होत्या.
1266	panch	एकदा दोघी जंगलात अन्न नाही निघाल्या. वाटेत एका झाडावर जंगलातल्या मायाघारताई दुःखी आणि उदास चेहरेने बसलेल्या दिसल्या. ते पक्षी खूप दुष्ट असतात.
1267	panch	ते आपल्यासारख्या छोट्या छोट्या पक्षांना खाऊन टाकतात. त्यामुळे आपण दुसऱ्या रस्त्याने जाऊ, नको इकडून जायला. असं काय ग करतेस लाडू ताई?
1268	panch	हे बघ मी सांगते ते ऐक. मीठू गपवानी लाडूच्या पाठीमागून गेली दोघी. ती काळजीने तिचे काळीज गलबलायला लागले. अरे काय झाले असेल Maya मावशीला?
1269	panch	का दुःखी असेल? का तिचा चेहरा उदास असेल? असे वाटून तिला Mithu-ला खूप दुःख झाले. आणि ती दुःखी उदास का आहे याची चौकशी करायची.
1270	panch	घरट्याच्या बाहेर एक फांदीवर मायागार मावशी बसली होती. मिठू काय म्हणाली? नमस्कार माया मावशी! अगं कोण ग तू तू मला घाबरली नाहीस का?
1271	panch	आणि घाबरायचं कशाला ग? तुझा चेहरा उदास दुःखी दिसला मला काल, मी जंगलात अन्न आणायला निघाले होते.
1272	panch	मला चैन पडेना, म्हणून आज तुझी चौकशी कराय आले आहे. असं होय, सांग ना तू दुःखी का आहेस? तू उदास का आहेस?
1273	panch	सांग ना ग माया मावशी मला. हे बघ बाळा मी तुझी मुताई, अगं सगळे पक्षी मला घाबरतात, आमच्या जमातीला मला घाबरतात.
1274	panch	आमच्याजवळ कोणी येत नाही. मी कोणाला काहीही करणार नाही. मला एखादी मैत्रीण पाहिजे ग मिठू.
1275	panch	मी तू चिमू ताई म्हणाली, अगं माया मावशी एवढेच ना, मी होईन तुझी मैत्रीण, चालेल तुला? हो, नक्की मला आवडेल तू माझी मैत्रीण झालेली.
1276	panch	आणि Mithu-ने सांगितले. माया घार मावजी मावशी माझी मैत्रीण झाली आहे. अगं काय सांगतेस Mithu? हे बरोबर नाही हो, मायाघार मावशीची मैत्री तोडून टाक.
1277	panch	दुष्ट आहे, ती गोड गोड बोलून तुला खाऊन टाकेल. मला हे आवडणार नाही, काही कर. पण माया घार मावशीची मैत्री सोडून दे.
1278	panch	विठू मग काय म्हणाली? असं काय ग करतेस? लाडू ताई तू. अगं, माया घार मावशी खूप चांगली आहे. तू असे नको काही बोलूस.
1279	panch	तू मायाघार मावशीशी असलेली मैत्री तोडून टाक. असे लाडू चिंगुताई मिठूला म्हणाली. आणि थोड्याच दिवसात काय झालं? जंगलात अचानक वारा सुटला, सोसाट्याचा वारा.
1280	panch	त्या वाऱ्याने जंगलातली झाडे उन्मळून पडायला लागली, पक्षांची घरटे खाली पडली,
1281	panch	काही पक्षी जखमी झाले आणि खायला यायला लागली ते पाहिल्यावर मिठू खूप घाबरली वाचवा वाचवा कोणी आहे का मला वाचवा अशी ओरडायला लागली सगळे पक्षी आपापली घरट्यात वाऱ्या वावटळात दंग होते लाडू चिमुताई होत्या पण त्या पण वावटळात सापडल्या होत्या त्यांनाही येणं असं शक्य होतं.
1282	panch	म्हणून हे सगळं पाहिलं कुणी? मायागार मावशीने. मिठूला पाहिल्यावर पटकन माया घार मावशी वेगात पळत आल्या.
1283	panch	आणि त्यांनी काय केलं आपल्या पंखाने पाणी आणून पाजले तोपर्यंत वादळ शांत झालं होतं. मग लाडूची मुताई तिथे आली होती, सगळे पक्षी आले होते.
1284	panch	त्यांनी सगळ्यांनी हे पाहिलं, अरे माया घर ताई आणि मिठूची एवढी सेवा करते आहे. सगळे पक्षी आश्चर्याने ठप्प झाले.
1285	panch	मग लाडू चिमूताई तिथे आल्या आणि म्हणाल्या, माया घार मावशी मला माफ करा. मी तुमच्याबद्दल चुकीची समजूत करून घेतली होती, पण तुम्ही तशा नाहीत.
1286	panch	तुम्ही खूप स्वभावाने दयाळू मायाळू आहात हे आम्ही सगळ्यांनी पाहिले आहे. त्यामुळे आम्ही सगळे आता तुमचे मित्र मैत्रिणी झालो आहोत.
1287	panch	लाडू, मायाघार मावशी आणि इतर पक्षी सगळे एकमेकांचे घट्ट जिवलग मित्र झाले आणि आनंदाने राहू लागले.
1288	panch	म्हणून कोणाच्या स्वभावावरून दिसण्यावरून त्याची परीक्षा कधी करू नये. पण अतिशय घनदाट आणि विशाल जंगल होते. सर्व काही संपन्न जंगल होते.
1289	panch	अनेक विविध प्रकारचे पक्षी रंगीबेरंगी विविध प्रकारचे प्राणी सगळे कसे आनंदाने राहत होते. हे ही खूप दयाळू आणि प्रेमळ होते.
1290	panch	प्रजेवर त्यांचे खूप प्रेम होते, त्यामुळे जंगलात सगळीकडे आनंदी आनंद होता. या जंगलाच्या मध्यभागी एक जुने पुराणे विशाल असे हे झाड इतके मोठे होते.
1291	panch	की या झाडाच्या मुळ्या सगळ्या जंगलबर पसरल्या होत्या. आणि या झाडांच्या फांद्यावर अनेक हजारो पक्षांनी आपली घरटी बांधलेली होती.
1292	panch	आणि सगळे कसे आनंदात एकजुटीने राहत होते.
1293	panch	झाडाच्या मुळापासून जरा वरच्या बाजूला एक सुंदर डोली होती आणि या डोलीत चुनचुन खारुताई आपल्या छोट्या त्यांनी Chanchala-ला खूप छान शिक्षण दिले होते.
1294	panch	कसे वागावे, अन्न कसे शोधावे? शिकाऱ्यापासून, संकटापासून आपले रक्षण कसे करावे? हे सगळे शिकवान त्यांनी Chanchala-ला दिली होती. चंचला आधीच मुळातच हुशार होती.
1295	panch	दिसायलाही खूप सुंदर होती, गुबगुबीत झुपकेदार शेपटी, गैरे डोळे. आणि बालिशपणा तिच्या अंगात मुरलेला होता. याबरोबर ती खूप समजूतदारही होती.
1296	panch	मग चुनचुन खारुताई काय म्हणायच्या? अगं चंचला जंगलात लांबपर्यंत जाऊ नको. तुला अजून जंगलातले रस्ते माहीत नाहीत. मग चंचला काय म्हणायची?
1297	panch	काय ग आई, मला जंगलातले सगळे रस्ते माहिती आहे. मी कुठे हरवणार नाही. त्यामुळे तू काळजी करू नको.
1298	panch	मग चुनचुन खारुताई म्हणायच्या, अगं चंचला, तू हरवलीस तर मी शोधणार कुठे तुला? नाही ग आई, तू नको माझी काळजी करू.
1299	panch	फुल फुलावर उडणाऱ्या फुलपाखराबरोबर सारखी खेळत बसायची, तिला फुले आवडायची, फुलपाखरे, जंगलातली फळे, झाडे सगळं काही आवडायचं. जंगलात फिरायला तर खूप मज्जा यायची.
1300	panch	एकदा अशी सकाळ सकाळी चंचला झाडाखाली खेळत बसली होती. आणि तिच्या मनात काय आलं? अरे, सगळी जण म्हणतात.
1301	panch	आपल्या जंगलातल्या शेवटच्या टोकाला एक मोठा डोंगर आहे. आणि त्या डोंगराच्या पायथ्याला एक मोठी गुहा आहे.
1302	panch	पण त्या गुहेत कोणतेही प्राणी पक्षी अजून गेलेले नाहीत, अनुजात नाहीत. एवढेच काय माझी आई सुद्धा गेलेली नाही. मला वाटते मी चाव त्या भुयेत.
1303	panch	असा विचार तिच्या डोक्यात आला. लगेच तिने ठरवलं जायचं आपण त्या आज गुहेकडे. जंगलात गुहेकडे निघाली.
1304	panch	की या झाडावरून त्या झाडावर उड्या मारत मारत कधी खाली जमिनीवरून गवतावरून उड्या मारत पळत पळत कधी दगडावर बसत दुपार झाल्यावर तिला खूप भूक लागली.
1305	panch	भूक लागल्यावर तिने समोर पाहिले, एक छान पैकी बोराचे झाड दिसले तिला. मग त्या झाडावर गेली. आणि पोटभर पिकलेली बोरे खाल्ली.
1306	panch	आणि जवळच एक ओघळ वाहत होती पाण्याची. पण ती जरा पुढे गेली. तेवढ्यात तिला कोणीतरी रटल्याचा, विवळण्याचा आवाज ऐकू आला कणल्याचा.
1307	panch	हळू हळू पाऊले टाकीत ती पुढे गेली. आणि हळूच तिने डोकावून पाहिलं. रडत होते, विवळत होते, कणत होते.
1308	panch	हिरव्यागार झाडांनी भरलेलं सुंदर असं एक जंगल होतं. खूप निसर्गरम जंगल होते. जंगलात सगळे काही आनंदाने चालले होते. सगळे प्राणी पक्षी एकत्र राहत होते.
1309	panch	आणि एकमेकांना कधी एकमेकाबरोबर भांडायचे नाही, सगळे काही गुण्या गोविंदाने चढले होते.
1310	panch	पण या जंगलात एक अतिशय धूर्त हुशार आणि चतुर लांडगीन ताई होत्या, त्यांचं नाव होतं Lali. गोड गोड बोलून प्राण्यांना फसवायचं. खोटं नाटं सांगायचं.
1311	panch	त्यांचे अन्न पळवायचे, सगळ्या प्राण्यांना, पक्षांना त्रास द्यायचा आणि त्यात त्यांना मजा यायची. त्यांचा स्वभावच तसा होता तो.
1312	panch	एकदा काय झालं, जंगलातले पिठू ससे भाऊ. आणि त्यांना भूकही खूप लागली होती. ते घुयेत आपल्या आले.
1313	panch	आणि गाजरे खायला त्यांनी सुरुवात केली हे Lali-ने पाहिले. हे ऐकल्यावर ससेभाऊ इकडे तिकडे न बघता गाजरे टाकून धूम ठोकून पळत सुटले.
1314	panch	ससेपाव केल्यावर लालीने सगळी गाजरे फस्त केली. परत एके दिवशी Lali-ने काय केले?
1315	panch	मिठ्ठू आणि साळूची म्हणताई जंगलातनं अन्न घेऊन आल्या होत्या गव्हाच्या, भाताच्या, बाजरीच्या लोंब्या. आणि त्यांनी घरट्यात ठेवल्या आणि त्या आता खाणार.
1316	panch	तेवढ्यात अगं साळू मिठू पळा लवकर वरती पहा शिकारी पक्षी आला आहे, माया घारताई आली आहे. तुम्हाला पकडून खाऊन टाकेल अगं पळा लवकर!
1317	panch	त्या गेल्यावर त्यांच्या घरट्यात जाऊन लालीने सगळ्या लोंब्या खाऊन टाकल्या. एकदा तर जंगलातले अन्न आणलं होतं, घरट्यात ठेवलं होतं, मिरच्या, पेरू आणि इतर धान्ये.
1318	panch	ते घरट्यात गेले, आता खावं म्हटले, म्हणून ते खाणार, तेवढ्यात तिथे लाडी गेली.
1319	panch	आणि लाडी काय म्हणाली, अरे Mithu दादा, लवकर उठ तिथून, तुझ्या घरट्यातून उठ. अगं Lali काय झालं? अरे बघ तू बसलेले झाड हलायला लागलंय.
1320	panch	झाड पडेल उठ लवकर. मिठू पोपट दादा तिथे सगळे टाकून पळत सुटले.
1321	panch	मग Mithu पोपट दादा गेल्यावर लाली वरती चढली झाडावर सगळ्या मिरच्या, पेरू आणि इतर धान्ये खाऊन टाकली. असा लालीचा स्वभाव होता.
1322	panch	ती सगळ्या प्राण्यांना, पक्षांना फसवायची आणि त्यांचं अन्न खायची. याबद्दल तिला काहीही वाटायचं नाही.
1323	panch	मग सगळे प्राणी पक्षी गप्प बसायचे, रोज लालीला काय बोलणार, लालीचा स्वभाव काही जात नव्हता. मग जंगलातले छोटू हत्ती दादा एकदा लालीला काय म्हणाले?
1324	panch	Lali तुझं हे वागणं थांबव. नाहीतर तू जे वाईट कर्म करतेस ना, त्याचं एक दिवशी तुला वाईट फळ मिळेल. मग लाली काय म्हणाली?
1325	panch	नाही, छोटू हत्ती दादा! अहो मला कोणीही काही करणार नाही. कारण मी खूप हुशार, चतुर आणि चालाक आहे.
1326	panch	त्यामुळे माझं कोणी वाकडं करू शकत नाही. एके दिवशी जंगलात खूप पाऊस पडला. इतका मोठा पाऊस पडला, प्राणी पक्षी कोणीही जंगलात फिरकत नव्हते.
1327	panch	सगळे प्राणी पक्षी आपापल्या घरात बसून होते. मग लाडीने पाहिले, अरे! आज सगळे प्राणी पक्षी आपापल्या घरात आता ही संधी छान आहे.
1328	panch	कोणाच्या तरी घरी जाऊन गरम गरम अन्न खावं असं लालीने ठरवले. आणि तिने काय युक्ती केली? अरे! त्यांचं शिजलेलं अन्न खावं.
1329	panch	असा बेत करून Lali चंचला खारुताईंच्या घरात गेली. पाऊस पडल्यामुळे पावसाचे सगळे पाणी चंचला खारुताईच्या घरात आले होते ढोलीत, त्यामुळे ढोलीत घसरटं झालं होतं.
1330	panch	आणि Lali वेगात निघाली. हो सगळे प्राणी पळत आले लालीचा आवाज ऐकून. पण कोणीही मदतीला धावले नाही. Pittu, अरे मला उठव ना!
1331	panch	पण तू मला आज उपाशी ठेवलंस. मला खोटं सांगून जंगलात पळवून लावलंस, माझी गाजरे खाल्लीस.
1332	panch	मी नुकतेच अन्न खायला घेतले तर तू मला फसवलंस झाड पडत आहे म्हणून मी नाही तुला वाचवणार.
1333	panch	एवढे सगळे प्राणी पक्षी जमले ते पण कोणीही लालीला वाचवाय जात नव्हतं.
1334	panch	कारण त्याला लालीचा स्वभाव ते काय म्हणाले, अरे मित्रांनो, लालीला आपण उठूया, तिचा पाय मोडलाय. सगळे प्राणी पक्षी म्हणाले, छोटू दादा नका उठू तिला.
1335	panch	अजिबात चांगला नाही, ती सगळ्यांना फसवते, त्रास देते. ती आपल्याला त्रास देते, फसवते, सगळं मान्य आहे मला.
1336	panch	आपण जर तिला नाही उचललं तिला औषधोपचार नाही केला. तर तिच्यात आणि आपल्यात फरक काय राहिला?
1337	panch	छोटू हत्ती दादाने लाडीला सोंडेने उचलून आपल्या पाठीवर घेतले आणि आपल्या घरी नेऊन तिच्यावर औषधोपचार केला.
1338	panch	तुम्ही सांगितले तरी मी ऐकलं नाही, मी खूप चुकीने वागत होते, सगळ्या प्राण्यांना, पक्षांना फसवत होते.
1339	panch	म्हणाली, हे पहा मित्रांनो, मी खूप वाईट वागले तुमच्याबरोबर. मला आता पश्चाताप होतोय.
1340	panch	मला माफ करा, मी इथून पुढे चांगली वागेन, कोणालाही त्रास देणार नाही, उलट सगळ्यांना मदत करेन.
1341	panch	लालित झालेला बदल पाहून सगळ्या प्राण्यांना पक्षांना आनंद झाला. आणि ते सगळे खुश झाले आणि आपापल्या घरी गेले.
1342	panch	म्हणून कधीही वाईट कर्म करू नये, वाईट कर्माचे फळ हे वाईटच मिळते. म्हणून नेहमी चांगले कर्म करावे.
1343	panch	अतिशय निसर्गाचे वरदान लाभलेले असे सुंदर जंगल होते. या जंगलात सगळे प्राणी, पक्षी दोन मित्र राहत होते, ते एकमेकांचे अतिशय जिवलग मित्र होते.
1344	panch	पण दोघांचे स्वभाव मात्र वेगळे होते. Chanchala खरुताई दिसायला खूप सुंदर होत्या. गुबगुबीत शरीर, झुपकेदार शेपटी कष्ट करण्याची वृत्ती.
1345	panch	त्यांचे एका उंच झाडावर ढोलीत त्यांचे घर होते. आणि जंगलात जाऊन फळे आणि dryfruit गोळा करून घेऊन यायच्या. झाडावर चढायच्या, बदाम काढायच्या, अक्रोड काढायच्या.
1346	panch	काजू, बेदाणे सगळं आणून घरात चाटून ठेवायच्या. खूप मेहनत आणि कष्ट करायच्या. त्या कधीही बसलेले दिसायच्या नाही. सतत पाहावे तेव्हा कामात असायच्या.
1347	panch	जंगलातले सगळे प्राणी पक्षी म्हणायचे. चंचला खारुताई म्हणजे अगदी दुसऱ्या राणी मुंगीताई आहे. मग त्यांनी काय केलं?
1348	panch	जंगलाच्या एका रिकाम्या भागात एक दुकान चालू केलं, त्यात फळे, ज्या प्राण्यांना जंगलात जाऊन अन्न आणता येत नव्हतं.
1349	panch	जे वृद्ध झाले होते, असाह्य होते, ते प्राणी चंचलाच्या दुकानात येऊन फळे आणि dryfruit घेऊन जायचे. त्यांना ते बरे पडत होते.
1350	panch	याच्या उलट मोती कुत्रा होता. कधीही कामाचं नाव नाही, सदानकदा एका झाडाखाली झोपलेला बसलेला दिसायचा. जंगलात जाऊन कधी अन्न देखील स्वतःसाठी घेऊन यायचं नाही.
1351	panch	त्याचे मित्र होते गुट्टू ससेभाऊ आणि छोटे उंदीर महाभाऊ. शेंगा आणि जंगला जे मिळेल ते अन्न आणून आणि गुट्टू शशी पाव.
1352	panch	छान पैकी गाजरे, टोमॅटो. Mostly मोतीला आणून द्यायचा. मोती तेवढे खाऊन झाडाखाली शांत झोपायचं. चंचला फळी आणि dryfruit घेऊन आपल्या दुकानाकडे निघाली होती.
1353	panch	मला आता थांबायला तुझ्याबरोबर बोलायला वेळ नाही. आणि मला काम हे अतिशय प्रिय आहे. अगं Chanchala ताई, मी काय म्हणतो?
1354	panch	तू सारखी रागू नकोस, काम करू नकोस, जरा विश्रांती घे. आणि आपल्या जंगलात सगळं काही आहे.
1355	panch	आणि सगळं काही फुकट मिळतं, असं असताना तू कशाला रागतेस बरं हेच मला कळत नाही.
1356	panch	अरे जंगलात आपल्या सगळं काय आहे हेही मलाही माहिती आहे. आपण नेहमी उद्याची चिंता केली पाहिजे.
1357	panch	अरे आज आपल्याजवळ जे आहे ते उद्या आहे की नाही काही माहिती नाही रे. म्हणून कायम उद्याची चिंता आपण करावी.
1358	panch	ठीक आहे ठीक आहे जा तुला सांगण्यात काही अर्थच नाही Chanchala ताई. आणि हसायला लागला.
1359	panch	पण Chanchala-ने न थांबता ती पुढे गेली दुकानात जाऊन उभा राहिली. थोड्या दिवसांनी काय झालं, चार-च दिवसात जंगलात अचानक वारा सुटला.
1360	panch	आणि वारा इतका चोरात होता, जंगलातली झाडे उन्मळून पडली. आणि विजा कडकडून पाऊस पडायला सुरुवात झाली. धो धो धो पाऊस जंगलात पडला.
1361	panch	सगळे प्राणी घाबरले, प्राण्यांची गरे वाहून गेली. जंगलातली फळांची झाडे उन्मळून पडली. जंगलाजवळ एक शेत होतं. त्या ते शेतही वाहून गेलं.
1362	panch	प्राण्यांना, पक्ष्यांना खायला काही नाही. सगळे वाहून गेले, घरे, अन्न, धान्य सगळं वाहून गेलं. सगळे प्राणी घाबरले, आता काय करायचं?
1363	panch	मग Chanchala खारुताईंनी सगळ्या प्राण्यांना बोलवलं. अरे मित्रांनो! घाबरू नका, माझ्या दुकानात या. मग पाऊस थांबल्यावर सगळे प्राणी चंचलाच्या दुकानात गेले.
1364	panch	आणि झोपायला बसायला आपल्या दुकानात जागाही दिली. त्यामुळे जंगलातले सगळे प्राणी पक्षी खुश झाले. तो निराश झाला होता, नाराज चेहऱ्याने आला.
1365	panch	वड्यांनी dryfruit खा आणि इथे दुकानात बस.
1366	panch	अगं मी खूप चुकीचे वागलो, चुकीचे तुला योग्य वेळी योग्य काळजी घेऊन योग्य निर्णय घेऊन योग्य तेच केलंस.
1367	panch	मी मात्र तू पुढे चालली असताना तुझे पाय मागे ओढत होतो, मला माफ कर. अरे मोती मी काय म्हटले तुला?
1368	panch	अरे नेहमी आपण उद्याची चिंता करावी. उद्या कोणती वेळ माणसावर येईल, प्राण्यावर येईल हे सांगता येत नाही आपल्या. आपल्याला चार वेळा सांगून येत नाहीत.
1369	panch	अरे ज्यामुळे माणसाने प्राण्याने कोणी सतत कष्ट करावे. की कुठलीही वेळ येऊ, कुठलाही प्रसंग येऊ, आपल्याला कशाचीही कमतरता येत नाही.
1370	panch	आपण कशातही कमी पडत नाही. की आपल्याला मात्र पश्चाताप करावा लागतो.
1371	panch	कामाला लागतो आळ झटकून आणि असे म्हणून खरंच मोठी कुत्रा परत आळ झटकून कामाला लागला.
1372	panch	आनंदाने राहू लागले सगळ्या प्राण्यांनी, पक्षांनी चंचला खारुताईची खूप स्तुती आणि प्रशंसा केली. म्हणून माणसाने, प्राण्याने, पक्षाने कोणीही नेहमी कामात असावे.
1373	panch	आपल्याला कमतरता भासत नाही, अडचण येत नाही. झारखंडचे जंगल अतिशय घनदाट किती सुंदर जंगल होते.
1374	panch	या जंगलात खूप प्राणी पक्षी अगदी आनंदाने आणि एकत्र राहत होते.
1375	panch	या जमलात नटकट माकड दादा आणि मिठूची मुल ताई एकमेकांचे अगदी जिवलक दोस्त होते. ते जंगलातल्या इतर प्राण्या पक्षांनाही मदत करायचे.
1376	panch	सगळे जंगल आनंदाने भरून गेले होते एकजुटीने. नटकट माकड दादा आपल्या जंगलाच्या बाहेर एक शेत आहे धान्याचे. आणि त्याच्या शेजारीच एक फळांचे झाड आहे.
1377	panch	मी काय म्हणते, आपल्या दोघांत आपण शर्यत लावूया. त्या धान्याच्या शेतात पोहोचते. फळांच्या झाडावर पोहोचतोस हे पाहूया. आपआपली फळे किंवा लोंब्या एकमेकांना द्यायच्या.
1378	panch	आणि जंगलातल्या प्राण्यांनाही फळे लोंब्या वाटायच्या. नळकट माकड दादा म्हणाले, ठीक आहे मिठू, चल आपण शर्यत लावूया. मग दोघे वेगात पळत गेली.
1379	panch	पण विठूची मुताई शेरे चिंकल्या. मग नटकट माकड दादांनी आपल्या जवळची फळे मिठूला दिली.
1380	panch	आणि मग मिठू फळे लोंब्या घेऊन त्यांनी जंगलात येऊन सगळ्या प्राण्या पक्षांना फळे आणि लोम्या वाटल्या आणि शर्यत जिंकल्याचा आनंद साजरा केला.
1381	panch	एकदा काय झालं? सगळे प्राणी गप्पा मारत, गोष्टी करत, नाचत, खेळत. एक भयंकर गर्जना त्यांना ऐकू आली. त्यामुळे सगळे घाबरले!
1382	panch	एक भयंकर शिब्बा नावाचा जंगलात गर्जना करत आला होता. त्याला पाहिल्यावर सगळे प्राणी पक्षी घाबरले. आणि जंगलात जिथे जागा मिळेल तिथे लपून बसले.
1383	panch	तो शिब्बा सिंह अतिशय दुष्ट होता. तो काय म्हणाला गर्जना करत ओरडू लागला. अरे जंगल हे खूप मोठे आहे. प्राणी पक्षी भरपूर आहेत.
1384	panch	आता मला सगळे प्राणी पक्षी दिसले एवढ्यात कुठे लपले? मला रोज जर यातला एक प्राणी खायला मिळाला तर खूप बरे होईल.
1385	panch	आता मी रोज या जंगलात येणार. रोज एक प्राण्याची शिकार करून प्राणी खाऊन टाकणार. सगळ्या प्राण्यांनी ऐकले. व थोडा वेळ वाट पाहिली.
1386	panch	त्या सिंहाला शिकार मिळेना. मग परत दुसऱ्या दिवशी तो सिंह आला.
1387	panch	तेव्हा Babloo हत्ती दादा Pitu ससे भाऊ आणि सुंदरी हरणी ताई एका खुरणात गवत खात होते. सिंहाची गर्जन ऐकल्यावर ते घाबरले.
1388	panch	अरे सिंहाला पळा पळा, सिंहाला पळा पळा असे म्हणत ते लपून बसले. सिंहाने पाहिले, या दिवशी त्याला शिकार मिळाली नाही.
1389	panch	म्हणून जंगलातले सगळे प्राणी मात्र घाबरले होते. अरे याच्यावर काहीतरी उपाय केला पाहिजे सगळे एकत्रित जमले.
1390	panch	आपल्याला अन्न खाता येत नाही, जंगलातनं नीट वावरता येत नाही, सारख्या पोल्याला लपून बसावे लागते.
1391	panch	त्या शिबा सिंहामुळे याच्यावर आपल्याला काही तर उपाय केला पाहिजे. कधी तो येईल आणि आपली शिकार करून आपल्याला खाऊन टाकेल?
1392	panch	सारखी टांगती तलवार आपल्या डोक्यावर आहे. काहीतरी आपल्याला केलं पाहिजे. तेव्हा नटकट माकड दादा आणि मिठू चिमू ताई काय म्हणाल्या?
1393	panch	आपल्या जंगलातल्या चालाखी लांडगीन ताई खूप हुशार आहे. त्यांच्याकडे आपण सगळे मिळून जाऊया आणि त्यांना उपाय विचारूया, ठीक आहे.
1394	panch	मग सगळे प्राणी पक्षी दुसऱ्या दिवशी चला की लांडगीन ताईकडे गेले. त्या आपल्या गुहेत काहीतरी काम करत होत्या. प्राण्यांनी हाक मारल्यावर त्या बाहेर आल्या.
1395	panch	अरे मित्रांनो, एवढ्या सकाळ सकाळी सगळे का आला आहात? काय झालं काही संकट आले आहे का? तेव्हा नटकट माकड दादा आणि मिठू चिमूताई म्हणाल्या.
1396	panch	चला की लांडगीन ताई, आपल्या जंगलावर खूप मोठे संकट आले आहे. एक Sibba नावाचा भयंकर गुष्ट सिंह येतो आहे. रोज आम्ही सगळे प्राणी घाबरतो.
1397	panch	तो कधी शिकार करेल सांगता येत नाही. त्यामुळे आम्हाला बिंधास्त जंगलातून वावरता येत नाही, अन्न खाता येत नाही, काय करायचं सांग बरं तूच.
1398	panch	मग चलाखीला Nitin-ताई म्हणाल्या, अरे मित्रांनो! तुम्ही उद्या सगळीजण या. मी काही तर तोपर्यंत विचार करून उपाय शोधते.
1399	panch	मग सगळे प्राणी, पक्षी मग दुसऱ्या दिवशी चलाकी लांडगी ताई जंगलातनं निघाल्या. चालता चालता त्यांनी पाहिलं एका पडक्या विहिरीजवळ एक झाड होतं.
1400	panch	आणि त्या झाडावर मधमाशांचं पोळं होतं. ते पोळ पाहिल्यावर चलाखी लांडगीण त्यांच्या डोक्यात एक युक्ती आली. त्या आपल्या भुयेत परत आल्या.
1401	panch	दुसऱ्या दिवशी त्यांनी मिठू चिमुताई आणि नटकट माकड दादांना बोलवले. हे पहा नटकट मिठू.
1402	panch	आपल्या जंगलातल्या पडक्या विहिरीजवळ एक झाड आहे आणि त्या झाडावर मधमाशीचं पोळं आहे तेव्हा तो दुष्ट सिंह आला सिबा की तुम्ही दोघांनी काय करायचं?
1403	panch	नटकट माकड दादांनी झाडावर बसायचं त्या पोळ्याजवळ. आणि मिठू तू त्या सिंहाला गोड बोलून झाडाजवळ न्यायचं.
1404	panch	सिंह झाडाजवळ आला की त्याच्या डोक्यावर नटकट माकड दादांनी ते पोळं पाडायचं. मग माशा चावतील आणि सिंह जंगल सोडून निघून जाईल, ठीक आहे.
1405	panch	ही युक्ती समजल्यावर नटकट माकड दादानी आणि विठूने सगळे सगळ्या प्राण्यांना जंगलात लपून बसायला सांगितले. सगळे प्राणी आणि तो सिंबा सिंह दुसऱ्या दिवशी आला.
1406	panch	तो गर्जना करतच आला. सगळे प्राणी घाबरून चिडीछाप लपून बसले होते. आज जंगलात एकही प्राणी दिसेना, किती प्राणी पक्षी आहेत.
1407	panch	मला आज एक तरी प्राणी मिळालाच पाहिजे. तेव्हा Mithu-ची मुताई तेथे गेल्या. अरे Singh दादा, घाबरू नका. प्राणी लपून बसली आहे, चला तुम्हाला दाखवते.
1408	panch	मग Vithu-ची मुताई उडत उडत गेल्या, तिच्या पाठोपाठ आणि जिथे झाड होते तिथे गेल्या. झाडाखाली सिंहराजे उभे राहिले.
1409	panch	त्याबरोबर नटकट माकड दादांनी मधाचे पोळे सिंह महाराजांच्या डोक्यावर पाडले. त्या बरोबर त्यातल्या माशा उठल्या आणि शिब्बा सिंहराजांना चावू लागल्या डोक्याला, पायाला, मानेला, पाठीला.
1410	panch	माशानी चावून चावून बेजार केलं. त्यामुळे... सिंहराजे घाबरून पळायला लागले तरी माशा मागे लागल्या.
1411	panch	शेवटी त्यांनी घाबरून जे वेगात पळत सुटले ते जंगल सोडून गेले, परत कधीही त्या जंगलात आले नाही.
1412	panch	आणि मग Mithu-ची मुताई नटकट माकड दादा यांनी सगळ्या प्राण्यांना बोलवलं, सगळे प्राणी बाहेर आले. मग सिंहराजे कसे पळून गेले हे सांगितलं.
1413	panch	सगळ्या प्राण्या पक्षांना खूप आनंद झाला. अगं Mithu ताई, नटकट माकड दादा, तुम्ही दोघे आणि चलाखी लांडगीण ताई यांच्यामुळे आपल्या जंगलावरचे संकट निघून गेले.
1414	panch	तुमचे खूप खूप आभार आणि सगळ्यांनी Mithu-चे नटकट माकड दादाचे खूप कौतुक केले. मग नटकट माकड दादा आणि विटू चिमूताई काय म्हणाल्या?
1415	panch	अरे मित्रांनो, आपल्या सगळ्या एकजुट जर असली तर कितीही मोठे संकट आले तर ते आपल्याला अगदी सहजपणे घालवता येते.
1416	panch	असे म्हणून सगळे आनंदाने नाचायला लागले. आणि त्या जंगला एक पांढऱ्या शुभ्र गुबगुबीत लाल तुराच्या मोगरी नावाच्या कोंबडी ताई राहत होत्या.
1417	panch	ह्या कोंबडी ताई रात्रंदिवस कष्ट करायच्या, खूप मेहनत करायच्या. जंगलाजवळच एक छोटंसं गाव होतं.
1418	panch	जी काही मिळतील ती धान्य ज्वारी, बाजरी, गहू, तांदूळ जे काही मिळेल ते चोचीतून घेऊन यायच्या आणि आपल्या घरट्यात चाटून ठेवायच्या.
1419	panch	घरट्यात त्यांची चार अंडी होती. आणि दिवस रात्र मेहनत करायच्या आणि आपल्या अंड्यावर लक्ष ठेवायच्या. ए चुनचुन आवाजा.
1420	panch	पांढऱ्या शुभ्र देखण्या अशा मांजरी ताई राहत होत्या. पण ह्या मांजरीन ताईचं मोगरीच्या अंड्यावर सतत लक्ष होतं डोळा होता.
1421	panch	त्या सतत येता जाता मोगरीची अंडे पाहायच्या. आणि आपल्याला खायला कधी मिळत्या यासाठी त्या प्रयत्न करायच्या.
1422	panch	मग त्यांना एकदा काय झाले काहीतरी युक्ती करावी आपण. आणि मोगरीला कुठेतरी पाठवून आपण ती अंडी फस्त करावी.
1423	panch	ही कल्पना डोक्यात आल्यावर झुनझुन मांजरीन ताई मोबरीकडे गेल्या आणि काय म्हणाल्या?
1424	panch	अगं Mogri ताई, किती ग तू सतत कष्ट करत असतेस, जरा सुद्धा कशी ग विश्रांती घेत नाहीस? मला बसलेलं किंवा विश्रांती घेतलेलं नाही आवडत.
1425	panch	मला सतत कष्ट करायला आवडतात. नेहमी आपल्या कष्टाचं खावं. आणि सतत काम करत असलं म्हणजे आपले शरीरही छान राहतं, तब्येत छान राहती.
1426	panch	म्हणून मला सतत कष्ट करायला आवडतात. अगं हो ग Mogri ताई हे तुझं सगळं बरोबर आहे. पण तुला जरा सुट्टी पाहिजे ना, विश्रांती पाहिजे.
1427	panch	पण मला नाही विश्रांती घ्यायला आवडत. आणि मी विश्रांती घेतली तर माझ्या अंड्यावर कोण लक्ष ठेवणार? अगं Mogri ताई एवढी अंड्याची काळजी कशाला करतेस?
1428	panch	अगं तू एक दिवसाची सुट्टी घे आणि आपल्या जंगलात कालपासून यात्रा चालू झाली आहे. खूप फिर यात्रेत मजा कर खा पी.
1429	panch	आणि निवांत संध्याकाळी आपल्या घरी ये. अगं होय पण माझ्या अंड्यावर कोण लक्ष ठेवणार? अगं Mogari ताई मी आहे ना, मी लक्ष ठेवेन.
1430	panch	अगं पण Jhunjhun तुझा भरोसा काय ग? हे बघ Mogri ताई. तू तसे म्हणू शकत नाहीस कारण मी आता पूर्ण शाकाहारी झाले आहे.
1431	panch	त्यामुळे तू अंड्याची अजिबात काळजी करू नको. मी छान लक्ष ठेवते तुझ्या अंड्यावर तू येईस पर्यंत यात्रेतून. मोगरी ताई म्हणाली ठीक आहे.
1432	panch	छुणछुण एवढी आपल्या मागं लागली आहे म्हणजे तिचा काहीतरी दुष्ट हेतू असला पाहिजे.
1433	panch	आणि तिने सांगितले, ठीक आहे, उद्या मी यात्रेला जाते, तू माझ्या अंड्यावर लक्ष ठेव. ठीक आहे, म्हणून छिनछिन Marjari ताई निघून गेली.
1434	panch	ती खरी चार अंडी होती. ती आपल्या घरट्यात एका बाजूला लपून ठेवली.
1435	panch	आणि त्या रात्रीच ती यात्रेत गेली जंगलातल्या आणि लाकडी दुकानातून चार लाकडी अंडी घेऊन आली. दुसऱ्या दिवशी काय झालं? पहाटे लवकर.
1436	panch	छुनछुन मांजरीन ताई आल्या. आणि म्हणाल्या, अगं Mogri ताई आटपलं का नाही? Chunchun मांजरी ताई खूप खुश होत्या. आज त्यांना अंडी खायला मिळणार.
1437	panch	खूप नटून सजून आल्या होत्या आणि येताना चालत उड्या मारत गाणे म्हणत आल्या होत्या. म्हणून त्या मोगरीला सारख्या घाई करत होत्या.
1438	panch	मोगरी कोमटी ताई म्हणाली. आणि जाते म्हणाली आणि Mogali ताई आपल्या घराच्या पाठीमागच्या झुडपात जाऊन लपून बसली. मोगरी ताई निघून गेली यात्रेत.
1439	panch	चुनचुन मांजरीन ताई खुश झाली, पटकन घरट्यात गेली मोगरीच्या. आणि तिला अंडी कधी खाईन झालं होतं? तिने एक अंड घेतलं आणि आपल्या तोंडात घातलं.
1440	panch	होडण्यासाठी दात लावले. चुन चुन मांजरी ताई, जोरात वेदनेने ओरडली. अरे देवा हे काय झाले? माझे दात, माझे दात! अशी करून ओरडायला लागली.
1441	panch	अरे ही अंडी लाकडी आहेत. तिच्या दातातून वेदना होऊ लागल्या. आणि काटकन एकदा तुटून पडला. अरे मी फसले, ही लाकडी अंडी आहेत.
1442	panch	छुनछुन मांजरी ताई रडायला लागली. तेवढ्यात तिच्या ओरडण्याने मोगरी कोंबडी ताई बाहेर आली. कसं वाटलं अंडं आवडलं ना तुला?
1443	panch	नाही ग Mogari ताई मी चुकले मला माफ कर. अगं काही माफी मागू नकोस. दुसऱ्याशी आपण वाईट व्हा.
1444	panch	दुसऱ्यासाठी आपण जाळं टाकलं की आपणच त्या जाळ्यात फसतो. आणि जे दुसरे समजुतीने वागतात तू माझ्यासाठी हे जाल पसरलंस पण तूच या जालात अडकलीस.
1445	panch	गपचूप तोंड पाडून आपल्या घरी निघून गेली.
1446	panch	आणि मग मोगरी कोंबडी ताईंने ती अंडी टाकून दिली, खरी अंडी आपल्या घरट्यात ठेवली आणि रोज मेहनत करून कष्ट करून आपल्या अंड्यावर...
1447	panch	लक्ष ठेवून आनंदाने राहू लागली. म्हणून दुसऱ्याचे कधी वाईट चितू नये. सुंदर जंगल सुंदर क्षार चतुर प्राणी एकमेकांना देतात साथ.
1448	panch	आणि कितीही मोठं संकट आलं तर त्याच्यावर एकजुटीने करतात मात. अशीच एक गोष्ट ही सुंदरवनच्या जंगलातली आहे प्राण्यांची पक्ष्यांची.
1449	panch	लहान मोठे प्राणी पक्षी सगळी समाधानी आणि आनंदी होती. जंगला कशाचीही कमतरता नव्हती. सगळं काही जंगल संपन्न होतं. एक सुंदर अशी नदी वाहत होती.
1450	panch	आणि त्या नदीवर एक जुना पुराना लाकडी पूल होता. प्राणी पक्षी त्या पुलावरून नदीच्या पलीकडे जायचे.
1451	panch	कारण नदीच्या पलीकडे एक सुंदर अशी फळांची बाग होती. आंबा, पेरू, सीताफळ, डाळिंब, संत्री, मोसंबी, चिक्कू.
1452	panch	दररोज सगळे प्राणी या पुलावरून त्या बागेत जाण्यासाठी ये-जा करायचे. सगळं काही आनंदानं आणि समाधानानं चाललं. एकदा जंगलात अचानक वारा सुटला.
1453	panch	आकाशात काळे ढग जमू लागले आणि विजा कडकडून पावसाला सुरुवात झाली. धो धो पाऊस पडू लागला. वारा इतका सुटला जंगलातली झाडे उन्मळून पडली.
1454	panch	सगळे प्राणी पक्षी घाबरून आपल्या गुहेत घरट्यात बसले. मग दुसऱ्या दिवशी पाऊस थांबल्यावर सगळे प्राणी पक्षी त्या पुलाजवळ आले पलीकडे जाण्यासाठी.
1455	panch	पण पाहता तो फुलाचा एक भाग कोसळून नदीत पडला होता. त्यामुळे सगळे प्राणी पक्षी घाबरले. अरे आता आपण पलीकडे कसे जायचे?
1456	panch	फळे कशी खायची सगळ्यांना प्रश्न पडला. शेरसिंग महाराज सुद्धा आले, सगळ्या प्राण्यांनी त्यांना सांगितलं. अरे मित्रांनो, आता आपण काय करायचं?
1457	panch	यांनी तो पडलेला भाग वर उचलला, जोडण्याचा प्रयत्न केला. म्हणून त्यांना तो जोडता आला नाही.
1458	panch	सगळे प्राणी पक्षी विचार करू लागले, अरे आता आपण काय करायचं? तेवढ्यात ही बातमी जंगलातल्या अतिहुशार चतुर चंचला खरू ताईंना समजली.
1459	panch	आणि सगळ्या प्राण्यांना म्हणाल्या. हे पहा, जंगलवासियांनो, माझ्या मित्रांनो, तुम्ही कोणीही घाबरू नका. हा तुटलेला भाग कसा जोडायचा?
1460	panch	पण तुम्ही सगळ्यांनी मला मदत केली पाहिजे. मी काय करते ते नुसते पहाच तुम्ही. असे म्हटल्यावर Shersingh महाराज काय म्हणाले?
1461	panch	पण तुझ्या बुद्धीची कमाल दिसते आहे मला मोठी. करून दाखव तुझी चतुराई.
1462	panch	मग चमच्याला खरू ताईने आणि Tiger वाघोबाला जंगलातले मोठे मोठे जाड असे लाकडाचे होंडके आणाय सांगितले.
1463	panch	चंपा, सुंदरी, कोमल या हरणी ताईंना जंगलातले छोटे छोटे लांब असे कळ का नाही सांगितले?
1464	panch	स्वीटीची म्हणताई, लाडूची म्हणताई, साळूची म्हणताई, काळे कावळे काका, रंभा कवळीन ताई.
1465	panch	या सगळ्यांना सांगितले जंगलात जाऊन झाडावर जाड जाड वेली आहेत त्या वेली घेऊन या. सगळे पटापटा साहित्य घेऊन आले. मग Chanchala-ने काय केले?
1466	panch	नटकट माकड दादा आणि गोबी ससेभाऊ यांना सांगितले. त्या जाड वेली एकावर एक ठेवून अगदी त्यांचे वेठोळ करायच्या आणि पिळा देऊन जाम करायच्या.
1467	panch	मग नटकट माकड दादा आणि गोपी असे भाव ते काम करू लागले. मग हत्ती दादा फुलाचा कोसळलेला भाग वरती उचलाय सांगितला.
1468	panch	आणलेले लाकडाचे जाड ओडके खाली त्या खालच्या भागाला पुलाच्या लावायला सांगितले.
1469	panch	हत्ती दादांनी आणि ती Ramu अस्वल मामांनी लाकडाचे ओंडके खालून भागाला लावले त्याबरोबर तो फुलाचा भाग वरती आला.
1470	panch	मग सुंदरी हरणी ताई नटकट माकड दादा गोबी ससे भाव लाडोबा कोल्लोबा चला की लांडगीन ताई.
1471	panch	तो वरती आलेला पुलाचा भाग आणि वर असलेला पुलाचा भाग त्या वेलीच्या दोराने घट्ट बांधायला सांगितले. प्राण्यांनी चौबाजूने दोर सगळीकडे घट्ट बांधला.
1472	panch	त्यामुळे कोसळलेल्या फुलाचा आणि हरणी ताईंनी आणलेले लाकडाचे कळक सगळ्या फुलावरून पसरले. त्याबरोबर तो पूल जाम झाला. सगळे प्राणी दणकट प्राणी त्यावरून जाऊन आले.
1473	panch	चंचलाची त्यांनी खूप स्तुती केली. अगं Chanchala खरंच खरंच तुझी बुद्धी खूप चतुर आहे. चंचलाचे कौतुक करायला लागले. महाराज हे काम माझ्या एकटीचे नाही.
1474	panch	आपल्या सगळ्यांच्या मदतीने आपण एकत्र येऊन हे काम केले म्हणून या कामाला यश आले.
1475	panch	सगळे जर एकत्र आले, एकोप्याने केले आणि बुद्धीची जर हुशारी असली की कितीही मोठे संकट असले तर ते क्षणात नाहीसे करता येते, घालवता येते.
1476	panch	चालाखीला आणखीन ताई अतिशय धूर्त. आणि नावाप्रमाणे चालाक होत्या. हे या Assam-च्या जंगलातल्या सगळ्या प्राण्या पक्षांना माहिती होतं.
1477	panch	गोड बोलून छोट्या मोठ्या प्राण्यांना, पक्ष्यांना आपल्या जाळ्यात ओढायचं. आणि छोट्या पक्ष्यांची शिकार करायची. अगदी मोठे प्राणी सापडले.
1478	panch	शेरसिंग महाराजांना जाऊन सांगायचे आणि त्यांच्या मदतीने शिकार करायची आणि त्यातला थोडासा भाग आपल्याला मिळवायचा. हे धोरण चालाकी लांडगीण त्यांचे होते.
1479	panch	त्यामुळे जंगलातले सगळे प्राणी पक्षी त्यांना घाबरत असत आणि त्यांचा स्वभाव माहिती होता. या चालाकी ताई कधी काय करतील याचा नेम नव्हता.
1480	panch	ते सगळे हिला घाबरायचे. एकदा काय झालं? चला की लांडगीन त्यांच्या मनात आलं. अरे! त्यांना शिकार करण्यात मदत करायची.
1481	panch	मला बुवा आता कंटाळा आला आहे. मला आता माझं जीवन जगलं पाहिजे स्वतंत्रपणे. नको मला महाराजांची कटकट. मला तयार भोजन रोज मिळालं पाहिजे.
1482	panch	आणि मला शांततेने जगलं पाहिजे. यासाठी काहीतरी युक्ती करायला पाहिजे. असे त्यांनी मनात ठरवलं. आणि ती युक्ती त्यांनी दुसऱ्या दिवशी अमलात आणली.
1483	panch	जंगलात स्वच्छ पाण्याचं एक सुंदर असं विशाल सरोवर होतं. सरोवर इतके स्वच्छ होते. की आकाशातल्या चांदण्याचं प्रतिबिंब सुद्धा त्या सरोवरात दिसायचं.
1484	panch	इतके ते स्वच्छ होतं आणि पाणीही खूप गोड होतं. जंगलातले छोटे मोठे प्राणी पक्षी सगळे तहान भागवण्यासाठी सरोवरात जायचे. आणि पाणी पिऊन तृप्त व्हायचे.
1485	panch	मग त्या दिवशी छोटे उंदीर मामा गुट्टू ससे भाऊ चंचला साजरी खारुताई बबलू हत्ती दादांचे छोटे पिट्टू हत्ती दादा.
1486	panch	असे छोटे-मोठे प्राणी सरोवरात सगळे पाणी पिऊन सरोवराच्या काठावर गप्पा मारत बसले. तेवढ्यात त्या चालाखी ताई तिथे गेल्या. हे पहा जंगलवासियांनो!
1487	panch	आजपासून या सरोवरात कोणीही पाणी प्यायला यायचं नाही. हे सरोवर माझ्या मालकीचे आहे. माझ्या परवानगीशिवाय कोणीही पाणी प्यायचे नाही.
1488	panch	ज्याला कोणाला पाणी प्यायचे आहे त्यांनी माझी परवानगी घ्यायची. आणि पाणी प्यायच्या अगोदर मला माझं खाणं द्यायचं फळे असो.
1489	panch	शिकार असो काही असो मला आणून द्यायचं मग पाणी प्यायचं. चला की लांडवीन ताईंनी हा काय डाव मांडला आहे? सगळ्या प्राण्यांना, पक्ष्यांना समजेना.
1490	panch	अरे यांचे कसे काय हे सर्वर? हे सरोवर तर सगळ्या जंगलाचे आहे, सगळ्या प्राणी पक्षांचे आहे. मग सगळ्या प्राणी पक्ष्यांना कळलं.
1491	panch	चलाकीचा काहीतरी डाव असला पाहिजे. मग चला इथून निघा इथून असं म्हटल्यावर सगळे प्राणी पक्षी तिथून निघून गेले.
1492	panch	पण छोटे प्राणी होते, चंचला खारुताई, चुणचुण खारुताई, साजरी सुंदरी.
1493	panch	हरणी ताई नटकट माकड दादा बबलू हत्ती दादांचे पिठू हत्ती दादा उप्पट काकांचे चिन्नु मिन्नु सगळे प्राणी एकत्र जमले.
1494	panch	अरे ससेभाऊ आता आपण काय करायचे? Guttu म्हणाला, अरे मित्रांनो घाबरू नका.
1495	panch	मी एक युक्ती करतो, तुम्ही अजिबात घाबरायचं नाही, हे सर्व आपलं सगळ्यांचं आहे. मग गुट्टू ससेभाऊनी एकटी केली.
1496	panch	त्यांनी सगळ्या छोट्या मोठ्या प्राण्यांना दुसऱ्या दिवशी सरोवराच्या काठावरच्या झाडीत येऊन लपाय सांगितले. मग दुसऱ्या दिवशी सगळे प्राणी पक्षी येऊन झाडीत लपून बसले.
1497	panch	तिथे गाजराची मोठी शेती होती. आणि आंब्याची बाग होती. त्या बागेतले आंबे तोडले तिने.
1498	panch	गाजरे तोडली आणि टोपलीभर आंबे आणि गाजरे घेऊन ससेभाऊ सरोवराकडे आले. चला की ताई सरोवराच्या काठावर बसल्या होत्या.
1499	panch	मला काहीतरी भोजन द्यायचे तरच पाणी प्यायचे. त्यामुळे कोणते प्राणी पक्षी सरोवरात पाणी प्यायला आलेच नव्हते. त्यामुळे त्यांना खूप भूक लागली होती.
1500	panch	गुट्टूला पाहिल्यावर त्या काय म्हणाल्या, अरे गुट्टू, आण लवकर फळे इकडे ती, मला खूप भूक लागली आहे.
1501	panch	चला की ताईंने पोट पोट आंबे आणि फळे खाऊन टाकली आणि त्या म्हणाल्या आंबे खूप गोड आहेत रे! Guddhu म्हणाला, होय.
1502	panch	चला कथा ये खूप सुंदर फळे आई थी. मला रोज खायला मिळतील का? मी बागेत जाऊन खाऊन येईन.
1503	panch	तेव्हा Guttu म्हणाला, कसं आहे ही बाग कुठे आहे ती फक्त मला एकट्याला माहीत आहे आपल्या जंगलातल्या कोणालाही माहिती नाही अरे पण सांग ना कुठे असेल तिथे मी जाऊन खाऊन येते.
1504	panch	मग पोटूच्या डोक्यात प्रकाश पडला. ही जर रोज फळे खाऊन आली तर हिचे पोट भरेल.
1505	panch	पोट भरल्यावर हे कोणत्याही प्राण्यापेक्षाला सुरवरात पाणी प्यायला येऊन देणारच नाही. त्यामुळे Guddu काय म्हणाला?
1506	panch	अगं चला की ताई, या आपल्या सरोवराच्या पलीकडे गाजराची शेती आहे आणि आंब्याची बाग आहे तिथून मी आणली. अरे पण मला दाखव!
1507	panch	अगं चला की ताई या सरोवरातनं पलीकडे जायला लागल. अरे असुदे मी येते मला दाखव. असे म्हटल्यावर Gattu काय म्हणाल ठीक आहे चल.
1508	panch	असे म्हटल्यावर घाई घाईने चलाकी ताई पटकन पाण्यात उतरली. आणि पाण्यात तिने स्वतःच प्रतिबिंब पाहिलं. त्याबरोबर ती ओरडली. अरे गुट्टू हा कोणता प्राणी आहे?
1509	panch	गुट्टूने हळूच डोकावले आणि म्हणाला, अगं चला की ताई, तुझ्यासारखा दिसणारा कोणीतरी भयंकर प्राणी आहे. मग चलाकी ताई घाबरली.
1510	panch	आणि चवताळून त्या प्राण्याच्या अंगावर गेली. पण तोही प्राणी तिच्यावर अंगावर आला.
1511	panch	त्यामुळे ती खूप घाबरली आणि पटकन पाण्याच्या वर आली आणि Guttu हा प्राणी भयंकर आहे, तो मला खाऊन टाकेल, मी नाही इथं थांबत.
1512	panch	असे म्हणून घाईघाणीने जंगल सोडून पळून निघून गेली. त्याबरोबर गुट्टूने टाळ्या वाजवल्या आणि झाडीतले सगळे पक्षी प्राणी बाहेर आले.
1513	panch	मग त्याने सांगितलं चला की ताई पळून गेली. अरे Guttu, तू आपल्या सरोवरातले संकट नाही घालवलेस. अरे आपल्या सगळ्या जंगलातले...
1514	panch	संकटाच्या वेळी डोकं शांत करून आपल्या चतुर बुद्धीचा उपयोग केला. की कितीही मोठे संकट असले तर ते क्षणात चुटकीसरशी नाहीसे होते तेच तू केलंस.
1515	panch	खूप खूप तुला शाब्बास की! असे म्हणून सगळे प्राणी आनंदाने नाचत गाणे म्हणत आपापल्या घुयेत गेले. तिचा परिवार आणि इतर मुंग्याताई राहत होत्या.
1516	panch	त्यांची जमिनीच्या खाली भक्कम घरे होती. त्या दररोज जंगलात जायच्या.
1517	panch	आणि अन्न घेऊन यायच्या, सदा कदा सगळ्या कामात असायच्या, कधीही एकही मुंगी ताई बसलेली दिसायची नाही.
1518	panch	आणि आता तर पावसाळा तोंडावर आल्यावर त्या दररोज नियमाने न चुकता अन्न आणायला जायच्या. अशाच एकदा सगळ्या जणी जंगलात अन्न नाही निघाल्या.
1519	panch	जंगलातले मोरुमोर दादा सुंदर पिशारा फुलून नाचत होते. ते पाहिल्यावर Chinki खूप खुश झाली. त्यांचा तो सुंदर रंग, सुंदर पिसारा.
1520	panch	त्यांचा पिसारा सगळं काही त्यांचं छान आहे. सगळेजण त्यांच्याकडे पाहतात. पण मला असा पिसारा नाही, मला नाचताही येत नाही आणि माझ्याकडे कोणीही पाहत नाही.
1521	panch	असे म्हणून Chinki-ला वाईट वाटले. परत Chinki पुढं पुढं सगळ्यांच्या बरोबर चालत गेली. पुढे गेल्यावर तिने पाहिले जंगलातल्या रंगीली फुलपाखरू ताई.
1522	panch	या झाडावरून त्या झाडावर या फुलावरून त्या फुलावर उडत होत्या. फुलातले पराकण खात होत्या, खूप सुंदर दिसत होत्या.
1523	panch	रंगीबेरंगी पंख, पंखावर रंगीबेरंगी ठिपके आणि खूप मजा लुटत होत्या त्या. मध खाऊन, पराकण खाऊन, मधूनच आकाशात उंच उडायच्या आणि पटकन येऊन फुलावर बसायच्या.
1524	panch	हे पाहिल्यावर चिंकीला वाईट वाटले. अरे रंगीली फुलपाखरू ताई कशा उडतात, किती सुंदर आहेत त्या! मला असं उडताच येत नाही, मी जमिनीवरच असते.
1525	panch	त्यांना खूप वाईट वाटलं Chinki-ला. मग Chinki आणि इतर मुंग्या पुढे पुढे गेल्या. चिंकीने पाहिले जंगलातल्या चंचला खारुताई.
1526	panch	झाडावरून सरसर खाली उतरत होत्या, सरसर वर चढत होत्या, या झाडावरून त्या झाडावर उड्या मारत होत्या. हे पाहिल्यावरही Chinki-ला दुःख झाले.
1527	panch	Chanchala खारुताई कशा छान उड्या मारतात! त्यांना या झाडावरून त्या झाडावरून बागडता येते, खेळता येते. मला तसं काहीच येत नाही.
1528	panch	मला उडीच मारता येत नाही. हे ती दुःख कोणाला सांगणार मैत्रीणींना नाही सांगू शकत नव्हती. ती काय म्हणाली?
1529	panch	उसने हसत तिने तोंडावर आणलं आणि म्हणाली, काही नाही, चला जाऊया आपण. चिंकी एरवी सगळ्यांच्या पुढे असायची अन्न आणण्यासाठी.
1530	panch	पण आज ती निराश झाली होती, तिला खूप वाईट वाटत होते, मग सगळ्याजणी जंगलातनं अन्न घेऊन आल्या आणि आपल्या घरी गेल्या.
1531	panch	बरं चार-पाच दिवसांनी काय झालं? जंगलात एकाएकी अचानक वारा सुटला. मी गर्जने सो पाऊस पडायला लागला. खूप मोठा वारा आणि पाऊस जंगलात सुरू झाला.
1532	panch	मोठ्या वाऱ्याने जंगलातली झाडे उन्मळून पडली. सगळ्या प्राण्यांची घरटे मोडून गेली, गुहा, घरटे नुकसान झाले. सगळे प्राणी जंगलातले पक्षी सैरावैरा पळू लागले.
1533	panch	कोण Chinki तिचे जात बाई परिवार जमिनीच्या खाली असलेल्या आपल्या घरात सुरक्षित होते. मग थोड्या वेळाने पाऊस थांबला.
1534	panch	पाऊस थांबल्यावर Chinki परत जंगलात निघाली अन्न आणायला आणि इतरही तिच्या मैत्रिणी. मग Chinki-ने पाहिले.
1535	panch	मोरू मोर दादा थंडीने कुडकुडवत एका झाडाखाली अंग चोरून उभे होते.
1536	panch	ते पूर्ण भिजलेले होते त्यांचा पिसारा एके ठिकाणी थप्प झाले होते, त्यांना नाचताही येत नव्हते. पुढे गेली Chinki तिने पाहिले.
1537	panch	रंगीली फुलपाखरू ताई एका झाडाच्या फोडाजवळ अंग चोरून बसली होती, तिचेही पंख भिजले होते. ती थंडीने कुडकुडत होती, पंख भिजल्यामुळे तिला उडता येत नव्हते.
1538	panch	हे सगळं पाहिल्यावर Chinki-ला खूप दुःख झाले, तिला खूप वाईट वाटले.
1539	panch	अरे काही काही दिवसापूर्वी हे सगळे प्राणी किती आनंदात होते आणि अचानक पाऊस आल्यामुळे यांची काय अवस्था झाली?
1540	panch	चिंकीला खूप वाईट वाटलं, मग ती आपल्या घराकडे गेली आणि तिने आपल्या सगळ्या परिवाराला सातबाईंना एकत्र बोलवलं. आणि सगळं समजावून सांगितलं.
1541	panch	मग हजारोने सगळ्या मुंगीताई, चिंकीताई सगळ्या जंगलात गेल्या. मग सगळ्या मुंग्यांनी काय केलं?
1542	panch	झाडाची सुकले सुकलेली पाने घेतली आपल्या डोक्यावर आणि काही मुंग्या मोरो मोर दादाकडे गेल्या, काही मुंग्या रंगीली फुलपाखुरताईकडे. आणि काही चंचला खारुताईकडे गेल्या.
1543	panch	मोरू मोर दादाकडे गेलेल्या मुंग्यानी आपल्या पाना हातातल्या पानांनी मोरू मोर दादाचे अंग पुसून काढले, टिपून काढले, पिसारा सगळा टिपून काढला.
1544	panch	रंगिली फुलपाखर करू ताईकडे गेलेल्या मुंग्यानी काय केलं?
1545	panch	तिच्या पंखावरचे थेंब पानाने पुसून काढले आणि पाच-सहा मुंग्यांनी Rangili-ला आपल्या डोक्यावर घेतले आणि चालत चालत चालत येऊन एका सुरक्षित स्थानी ठेवले.
1546	panch	आणि तिथे चंचलाला झोपाय सांगितले. रंगिली फुल पाखरू ताई काय म्हणाली? अगं चिंकी! माझ्यासारखे तुला उडता येत नाही, तुला चमकता येत नाही.
1547	panch	तुझी बुद्धीची हुशारी दाखव. तुझ्या समातीने आणि तू जे आज काम केलेस आणि आमचे जीव वाचवलेस त्याची तोड कुठेही नाही.
1548	panch	तू खूप मोठी महान आहेस. मला ते सांगणेही अशक्य आहे.
1549	panch	चंचला खारुताई म्हणाली, अगं चिंकी, तुझे खूप खूप कसं आहे अगं खरी ताकद दिसण्यात नसते खरी ताकद Chinki काय मनातनं खुश झाली.
1550	panch	आणि आज तिला स्वतःवरच गर्व झाला. मग Chinki काय मनात म्हणाली, अरे! माझ्या दिसण्यापेक्षा माझी किंमत खूप मोलाची. आणि खूप मौल्यवान आहे.
1551	panch	आजपासून आता जळफळायचे नाही. आपली ताकद आपण छोटी जरी असलो तरी आपली ताकद मोठी आहे आणि ती ताकद आपण दुसऱ्यांच्या मदतीसाठी कायम वापरायचे.
1552	panch	अशी Chinki-ने ठरवले आणि त्या वेळेपासून ती तिचा परिवार सगळे त्याप्रमाणे वागू लागले.
1553	panch	म्हणून कोणी लहान असो, मोठा असो, प्रत्येकाकडे अतिशय अशक्य असा गुण असतोच.
1554	panch	खूप सुंदर देखणे असे Sweetu पोपट दादा राहत होते पण ते खूप छोटे होते, अगदी लहान होते. दिसायला सुंदर होते.
1555	panch	त्यांचे पंख पोपटी हिरव्या रंगाचे होते, शेपटीला निळसर छटा होत्या, गळ्यात लाल गोप. गुबगुबी असे सुंदर हे पोपट दादा होते.
1556	panch	मग हे पोपट आता काय करायचे? सुंदरबनच्या जंगलातल्या एक झाडावर आपल्या आईबरोबर राहत होते. पोपटे दादांची आई होती. पण ते प्रयत्न करीत राहायचे.
1557	panch	जंगलही खूप सुंदर होतं. जंगलात फळांची मोठी झाडे होती, फुलांची. रंगीबेरंगी फुलपाखरे, रंगीबेरंगी पक्षी, प्राणी सगळं काही भरपूर होतं.
1558	panch	आणि या सुंदर जंगलात हे Sweetu पोपट दादा होते.
1559	panch	एकदा काय झालं सकाळी पोपट दादा फांदीवर बसले होते त्यांनी पाहिलं बरेच पक्षी आकाशात विहार करायला गेले. मग त्याची आई काय म्हणाली?
1560	panch	तुझ्या मनात खूप मोठ्या आशा आकांक्षा आहे. त्यामुळे तू घाबरू नको. कोणतीही वेळ यायला कोणतीही गोष्ट व्हायला वेळ यायला लागते.
1561	panch	तू मोठा झालास की तुझ्या पंखात बळ येईल. तुझ्या मोठ्या मना एवढे बळ येईल. मग Situ म्हणाला होय आई बरोबर आहे तुझं.
1562	panch	पण मी उडण्याचा प्रयत्न सोडणार नाही, ठीक आहे बाळा. असे Sweetu-ची आई म्हणाली. एकदा आईन आणलेला लाल पेरू स्वीट.
1563	panch	Pitu, ससेभाऊ धावत पळत आले आणि म्हणाले, काय झालं रे? अरे काही नाही, तू लवकर चल.
1564	panch	माझी छोटी बहीण Chitu एका खोल खड्ड्यात पडली आहे. चल लवकर काढ चल. बहिणी विषयी करुणा दाटली होती, दोन्ही डोळे पाण्याने डबडबले होते.
1565	panch	Sweetu-ला उडता येत नव्हते पण त्याचं मन मोठं होतं. पिटूच्या डोळ्यातील करुणा, बहिणीचे प्रेम, त्यामुळे खड्ड्याजवळ जाऊन पाहतो, खड्डा खूप खोल होता.
1566	panch	सगळे प्राणी जमले होते. Situ खड्ड्या जवळच्या एक फांदीवर बसला. आणि उडण्याचा प्रयत्न करू लागला तो उडला पण धपकन खाली पडला.
1567	panch	परत उडला, परत खाली पडला, सगळे प्राणी लागले हसायला. नटकट माकडू दादा म्हणाले, अरे काय हे छोटा पोपट याला काय उडता येते का?
1568	panch	तेव्हा सुंदरी अग्निताई म्हणाली, बरोबर आहे नटकट दादा तुमचं. अहो याला अजून पंख सुद्धा फुटलेले नाही आणि उडण्याचा प्रयत्न करतो आहे.
1569	panch	पण Sweety-ने कुणाकडे लक्ष दिलं नाही. परत त्याने उडण्याचा प्रयत्न केला, परत पडला. आता मात्र Sweety-ने काय केले?
1570	panch	Vitu-चे डबडबडलेले बहिणी विषयीचे पिटूचे द्रवलेले मन डोळ्यासमोर आणले आणि त्याला आपल्या आईचे शब्द आठवले.
1571	panch	अरे Sweetu, तू मोठा झालास की तुझ्या मना एवढे तुझे मन मोठे आहे. मना एवढे बळ तुझ्या पंखात येईल.
1572	panch	चिटू, ससे ताईला वर का आणलं? सगळे प्राणी खुश झाले. आनंदाने प्रेमाने स्वीटीला आलिंगन दिले.
1573	panch	सगळे प्राण्यांनी, सगळ्या प्राण्यांनी त्यामुळे सगळ्या प्राण्यांना, पक्ष्यांना आश्चर्य वाटले. मग Sweetu घरी आला. घरी आला आई त्याची वाटच पाहत होती.
1574	panch	म्हणाला आईला, सुतू काय म्हणाला? आई, मी आज उठण्याचा प्रयत्न केला. होय बाळा, छान झालं बघ, असाच प्रयत्न कर.
1575	panch	पण आई, त्याच्याबरोबर मी एक नवीन काम केलं, नवीन काम शिकलो. अरे बाळा, काय शिकलास नवीन काम? आई, मी काय केलं माहिती आहे तुला?
1576	panch	तू म्हटली होतीस तू मोठा झालास की तुझ्या पंखात बळ येईल. तुझे मन मोठे आहे.
1577	panch	काही दिवसांनी तुझ्या मना एवढेच तुझ्या पंखात बळ येईल म्हणली होतीस, पण मी आज पंखातल्या बळापेक्षा माझं मन मोठं केलं.
1578	panch	त्यामुळे मला काय वाटते आहे आई? आपल्या पंखाच्या बाळापेक्षा मनाचे साहस मोठे पाहिजे आणि दुसऱ्याला मदत करण्याची आपल्या हिम्मत पाहिजे, साहस पाहिजे आपल्याला.
1579	panch	असे म्हटल्यावर आई खुश झाली बाळा काय झालं?
1580	panch	आपल्या पंखा, आपल्या शरीरात जरी बळ नसले, तरी आपले मन मोठे पाहिजे, ह्या मोठ्या मनाने आपल्याला दुसऱ्याला मदत करता आली पाहिजे, म्हणजे आपण उंच आकाशात गवसणी घालू शकतो, भरारी घेऊ शकतो.
1581	panch	असे म्हणून आईने Sweetu-ला आपल्याजवळ घेतले. दरबंच्या जंगलात एका उंच विशाल झाडाच्या झाड फांदीवर सुंदरी मांजरी ताईंनी आपलं घर बांधलेलं होतं.
1582	panch	त्यांनी मुद्दामच उंचावर घर बांधलं होतं, कारण त्या काय म्हणायच्या जंगलातल्या छोट्या मोठ्या प्राण्यांचा मला त्रास नको, म्हणून त्या उंचावर जाऊन राहिल्या होत्या.
1583	panch	त्या झाडाचा बुंदा खूप मोठा होता. आणि त्या पुंद्याच्या छोटे उंदीर मामा, त्यांचा परिवार आणि इतर त्यांचे जातबाई यांची घरे होती.
1584	panch	पण छोटे उंदीर मामा त्यांचे जात भाई परिवार खाली अंगणात खेळायला लागला, फिरायला लागले आणि नाही निघाले.
1585	panch	की त्यांना काय सुंदरी मांजरी त्यांची भीती वाटायची. ते खूप घाबरायचे. तिची जरा जरी हालचाल दिसली. ते घाबरून आपल्या बिळात पटकन लपून बसायचे.
1586	panch	सुंदरी मांजरी ताई आलेल्या पाहता सगळे उंदीर मामा पळत पळत पळत जाऊन बिळात लपून बसले. आणि छोटे उंदीर मामा अण्णा नाही निघाले.
1587	panch	ते एक जाळे शिकाऱ्याने लावली होती.
1588	panch	आदल्या दिवशी एक शिकारी जंगलात आला होता आणि त्याने दिवसभर थांबून पाहिलं पण त्याच्या जाळ्यात एक-ही प्राणी किंवा पक्षी आला नाही.
1589	panch	त्यामुळे संध्याकाळी निराश होऊन तो शिकारी आपल्या घरी गेला. तो काय म्हणाला, जाळे आपण इथेच ठेवून जाऊया.
1590	panch	कारण उद्या आलं की एखादा तरी प्राणी पक्षी आपल्याला या जाळ्यात मिळेल म्हणून शिकारी जाळी सोडून गेला होता. काय करायचे?
1591	panch	छोटे उंदीर मामांनी पाहिलं, हळूच वाकून पाहत होते.
1592	panch	सुंदरी मांजरी ताई शिकाऱ्याच्या जाळ्यात अडकल्या होत्या आणि त्या काय म्हणत होत्या, वाचवा वाचवा कोणी आहे का? अहो कोणी आहे का कोणी आहे का?
1593	panch	मग छोट्या उंदीर मामांनी पाहिलं. बरं झालं Sundari ताई अडकली ती. ज्या जाळ्याभोवती आनंदाने नाचू लागले.
1594	panch	आता का सुंदरी मांजरी ताई रागाने पाहू लागल्या, ते खूप नाचाय लागले, गाणे म्हणाय लागले, त्यांना खूप खूप आनंद झाला होता.
1595	panch	पण सुंदरी मांजरी ताई रागाने पाहत होत्या, त्या काय म्हणाल्या, अरे मी जाळ्यात अडकले. म्हणून आनंदानं celebration करता काय?
1596	panch	उत्सव करता काय मी अडकले म्हणून, नाचा नाचा काय नाचायचे ते नाचा, पण मी ज्यावेळी चाळत नाही सुटेल का नाही, तेव्हा एकेकेला गट्टम करून खाऊन टाकेन.
1597	panch	व हे तिचे बोलणे ऐकले की आणखीनच चोरात उंदीर मामा सगळे नाचायला लागले. छोटे उंदीर मामा झाडाच्या आडून सगळे पाहत होते.
1598	panch	मग त्यांच्या मनात काय विचार आला? अरे! ती जरी आपला शत्रू असली आपण तिला वाचवणं कर्तव्य आहे, ती अडचणीत सापडल्या.
1599	panch	आणि आपल्या जंगलातली आहे जंगलात सगळ्या प्राण्यांनी एकत्रितपणे राहिलं पाहिजे. जंगलात एकता पाहिजे. असे म्हणाले आणि त्यांनी मग काय केलं छोटे उंदीर मामांनी?
1600	panch	त्यांनी इथं राहिलेल्या सगळ्या उंदीर मामांना बोलवून घेतलं. सगळे उंदीर मामा आले आणि त्यांनी सांगितलं हे पहा जाळे कुरतडून सुंदरी मांजरी ताईंना बाहेर काढा.
1601	panch	मग सगळ्या उंदीर मामांनी जाळे पुरतडले.
1602	panch	मग सुंदरी मांजरी ताई जाळ्यातनं बाहेर आली आणि म्हणाली, छोटे उंदीर मामा आणि सगळे उंदीर मामा तुमचे खूप खूप धन्यवाद, मला संकटातून तुम्ही वाचवलं, खूप उपकार झाले माझ्यावर.
1603	panch	मग छोटे उंदीर मामा म्हणाले, अगं सुंदरी ताई उपकार कशाला म्हणतेस?
1604	panch	अगं आमचे कर्तव्यच होतं तुला वाचवण्याचं, संकटात पडलेल्या मित्राला वाचवणे हे आपलं काम आहे आणि किती जरी आपण एकमेकाबरोबर भांडत असलो तरी सगळे जंगलातले प्राणी आपआपले आपले एकमेकाचे मित्र आहेत.
1605	panch	त्यामुळे तू धन्यवाद मानू नकोस. असे म्हणून सुंदरी मांजरी ताई आणि सगळे उंदीर मामा निघून गेले.
1606	panch	मग छोटे उंदीर मामा थोड्या वेळाने आले आणि त्यांनी काय केलं? एक छोटीशी घंटी आणली आणि सुंदरी मांजरी ताईच्या गळ्यात बांधली.
1607	panch	अरे छोटू हे काय केलंस? अरे वा वा Chhotu! किती माया करतोस माझी असे म्हणून सुंदरी मांजरी ताई निघून गेली.
1608	panch	आणि अन्न घेऊन येताना काय झालं? ए जंगलातली चालाखी लांडगीण ताई आली आणि सुंदरी मांजरी ताईंच्या मागं लागली. सुंदरी मांजरी ताई वेगात पळत होत्या.
1609	panch	पण त्या लांडगीन ताईंने त्यांचा पाठलाग केला. सुंदरी मांजरी ताई घाबरली! वाचवा वाचवा! अशा करायला लागल्या आणि त्यांच्या गळ्यातली घंटी वाजू लागली.
1610	panch	मग हे छोटे उंदीर मामा आणि इतर सगळ्या उंदीर मामांना कळलं, लगेच सगळे उंदीर मामा पटापटा धावत आले आणि त्यांनी पटकन चालाकी लांडगीन ताईंच्या अंगावर उड्या घेतल्या.
1611	panch	आणि कोणी चालाखी लांडगीन ताईंची मान चावून काढली, कोणी पाय चावले, कोणी पाठीला चावले, त्यामुळे घायाळ झालेली चालाखी लांडगीन ताई तिथून निघून पळून गेली आणि सुंदरी मांजरी ताईंची सुटका झाली.
1612	panch	त्यामुळे परत आणखी एकदा छोटे उंदीर मामा आणि इतर सगळ्या उंदीर मामांचे सुंदरी मांजरी ताईने धन्यवाद मानले.
1613	panch	मग सुंदरी मांजरी ताई म्हणाले, मित्रांनो आता आपण एकमेकांचे मित्र होऊया. मग ते सुंदरी मांजरी ताई छोटे उंदीर मामा इतर सगळे एकमेकांचे मित्र.
1614	panch	मित्र झाले आणि जंगलात आनंदाने राहू लागले. म्हणून कसा आहे आपला शत्रू जरी असला तर संकटात त्याला आपण मदत करावी आणि त्याची सुटका करावी.
1615	panch	आफ्रिकेच्या गंधार जंगलात गजराज नावाचे हत्ती दादा राहत होते. बलाठ्य ताकदवान होते. पण आता ती म्हातारी झाली होती.
1616	panch	सुरुवातीला तरुण असताना ते आपल्या कळपाबरोबर राहायचे. कळपात खूप त्यांना मान होता कारण ते खूप हुशार होते, मोठमोठी कामे करायचे.
1617	panch	त्यामुळे सगळे कळपातले हत्ती दादा त्यांचा सत्कार करायचे, त्यांचा जय जय करायचे, त्यांचं खूप कौतुक करायचे. म्हातारे झाले ताकदेही त्यांची क्षीम झाली.
1618	panch	ती म्हातारी झाल्यामुळे कळपाने त्यांना सोडून दिले. मग ते या Africa-च्या जंगलात राहत होते. मिळेल ते गव.
1619	panch	फळे खाऊन ते आपले जीवन ते फळे गवत खाऊन झालं की जंगलातल्या सरोवरात येऊन पाणी प्यायचे आणि पाणी पिऊन झाले की सरोवराच्या काठावर शांत बसायचे सरोवरातल्या पाण्याकडे पाहत.
1620	panch	त्यांना आपले तरुणपणाचे आठवायचे दिवस. तरुणपणे मी किती कामे केली. किती कष्ट केले, मला किती मान होता.
1621	panch	ते दिवस आठवायचे आणि ते पाण्याकडे पाहत बसायचे. रोज त्यांचा हा नित्यक्रम होता. एकदा ते असेच बसले होते.
1622	panch	तेव्हा जंगलातला एक छोटासा पांढराशुभ्र कुबकुबीत लाल डोळ्यांचा आणि कापसासारखा अंग असलेला पिटू ससेभाऊ. आला आणि सरोवरातले पाणी प्यायला गेला.
1623	panch	माझं नाव आहे का Jiraj? तुझं नाव काय बाळा? आजोबा, माझं नाव Pitu.
1624	panch	अरे मग मी पाहतो आहे रोज रोज तू पाणी प्यायला सरोवरात एकटाच येतोस तुला मित्र नाहीत का? आजोबा मला मित्र आहेत.
1625	panch	पण ते मला खेळायला घेत नाहीत, का रे बाळा?
1626	panch	अहो मी त्यांच्यासारखं वेगात पळत नाही मी शिस्ती शिस्ती टुनू टुनू उड्या मारत चालतो म्हणून ते मला खेळायला घेत नाहीत. मग माझ्याशी मैत्री करशील?
1627	panch	हो आजोबा मला आवडेल तुमच्याशी मैत्री करायला. अरे मलाही ताकद नाही मलाही भरभर चालता येत नाही तुलाही येत नाही मग आपण दोघे मित्र होऊया.
1628	panch	ठीक आहे. आजोबा तुम्ही माझे मित्र, मी तुमचा मित्र.
1629	panch	मग असे म्हणून पाठीवर बसायचा, हत्ती दादा त्याला जवळ घ्यायचे, कुरवाळायचे, सोंड मायेने त्याच्या तोंडावरून फिरवायचे आणि आपल्या पाठीवर बसून हळूहळू जंगल फिरवून आणायचे.
1630	panch	खूप दोस्ती झाली दोघांची. आणि एकदा काय झालं जंगलात काही शिकारी आले. भयंकर शिकारी होते ते.
1631	panch	त्यांनी जाळी आणली होती आणि ते सुंदर सुंदर प्राण्यांना पकडून नेत होते, त्यामुळे सगळे जंगल भयभीत झाले होते, सगळे प्राणी घाबरले होते, ते लपून छपून गुहेत झाडीत बसले होते.
1632	panch	तेव्हा आजोबा काय म्हणाले? गजराज आजोबा म्हणाले, बाळा पिटू तू लहान आहेस. तुझ्या जीवाला धोका आहे. मला नाही धोका.
1633	panch	अरे मी जंगलात राहिलो काय आणि शिकाऱ्याने मला पकडून नेलं काय? माझ्या काहीच फरक पडणार नाही.
1634	panch	पण तू तुझा जीव प्रिय आहे, तू लहान आहेस त्यामुळे... आपले गजराज हत्ती आजोबा आहेत ना त्यांनी तरुणपणी खूप मोठा पराक्रम केलाय.
1635	panch	खूप धाडसाची कामे केली आहे. त्यामुळे आता आपल्या जंगलात शिकारी आलेत. आपण सगळी एकत्र येऊन शिकाऱ्यांना घालवूया, चळो की पळो करून सोडूया.
1636	panch	म्हणजे आपले जंगल वाढ आपल्या जीव वाचेल. नाही असं केले आपण, तर उद्या आपण कोणीही शिल्लक राहणार नाही.
1637	panch	हे सगळ्यांना पटले आणि मग दुसऱ्या दिवशी शिकारी आल्यावर सगळे प्राणी गेले. सिंह शेर राजानी काय केलं? मोठी गर्जना केली. त्याबरोबर शिकारी घाबरले.
1638	panch	वाघोबानी शिकाऱ्यांची जाळी फाडून टाकली. अस्वल मामांनी मोठमोठी झाडे पाडली त्यामुळे शिकारी गडबडले.
1639	panch	अरे तू छोटा असून जंगलावर आलेले एवढं मोठं संकट तुझ्या बुद्धीने तू घालवलंस खरंच तुझं कौतुक आहे रे पिटू तुझे कौतुक पाहिले आणि हे आनंद अश्रू आले आहेत माझ्या डोळ्यातून असे म्हणून आजोबांच्या डोळ्यातून आणखी अश्रू यायला लागले.
1640	panch	मग आजोबा म्हणाले, बाळा रहा माझ्याजवळ, पिटू.
1641	panch	आणि मग मैत्री आपली दृढ झाली आहे आणि कोणाशीही मैत्री करण्यासाठी लहान असो, मोठा असो, छोटा असो, श्रीमंत असो, कोणी असो, मैत्री ही मनापासून केली की ती मैत्री होते,
1642	panch	असे म्हणून आजोबांनी आणखीनच आपल्याजवळ पिठूला घेतले आणि परत ते दोघे आनंदाने राहू लागले.
1643	panch	Sundarban-चे जंगल अतिशय निसर्गरम्य जंगल होते. या जंगलात मोठी मोठी फळांची झाडी होती.
1644	panch	छोटी मोठी फुलांची झाडे होती, सुंदर सरोवर होते आणि जंगलात राहणारे अनेक विविध प्रकारचे प्राणी होते. रंगीबेरंगी पक्षी होते.
1645	panch	फुलावर उडणारी सुंदर सुंदर रंगीबेरंगी फुलपाखरे होती. आणि सगळ्या जंगलबर हिरवेगार मऊ मऊ गालीचे अंतरले होते गवताचे.
1646	panch	हे जंगल पाहिले की डोळ्याचे पारणे पिटून जायचे असे हे जंगल होते. या जंगलाला या विविध रंगीबेरंगी प्राण्यांच्यामुळे तर खूपच शोभा आली होती.
1647	panch	आणि एकदा काय झालं या जंगलात? त्याने हे जंगल पाहिलं आणि म्हणाला, अरे वा! किती सुंदर जंगल आहे हे!
1648	panch	हे जंगल पाहून असं वाटतं आहे. की जणू स्वर्ग पृथ्वीवर अवतरला आहे. किती सुंदर जंगल हे!
1649	panch	त्याने पुढे जाऊन पाहिले तर भरपूर प्राणी, पक्षी, फुलपाखरे, सुंदर दृश्य त्याला दिसलं. ते दृश्य प्राणी बघितल्यावर तो काय म्हणाला?
1650	panch	अरे रे रे इतके सुंदर प्राणी! मग त्याच्या डोक्यात एक विचार आला. तो काय म्हणाला, आपण दररोज येऊन या जंगलातला एक-एक प्राणी रोज नेला.
1651	panch	आणि शहरात नेऊन विकला तर आपल्याला भरपूर पैसे येतील. आणि आपण खूप श्रीमंत होऊ. असे तो शिकारी मनाशी म्हणाला.
1652	panch	तर एका मऊ मऊ गवताच्या गालीच्यावर जंगलातले टुनटुन ससे भाऊ. नटकट माकड दादा आणि चंचला खारुताई.
1653	panch	लपाछिपीचा खेळ खेळत होते, पाठशिवणीचा खेळ खेळत होते, मज्जेत अगदी उड्या मारत त्यांचा खेळ चालला होता. मग शिकाऱ्याने काय केले?
1654	panch	एक झाडाखाली जाळे लावले आणि तो बाजूला उभा राहिला. तेवढ्यात काय झालं? खेळता खेळता नटकट माकड दादा आले आणि जाळ्यात अडकले.
1655	panch	त्याबरोबर ते ओरडायला लागले, अरे खारुताई! शशीभाऊ मला वाचवा, मला वाचवा, मी जाळ्यात अडकलोय, या ना लवकर!
1656	panch	इतर प्राण्यांना सांगाय गेले, जंगलातल्या सगळ्या प्राण्यांना त्यांनी सांगितलं, मग सगळे प्राणी आले, तोपर्यंत शिकारी जाळ्याजवळ आला होता.
1657	panch	मग सगळ्या प्राण्यांनी नटकट माकड दादांना सोडवले. आणि मग सगळे प्राणी घाबरले. सगळ्यांनी जाऊन Shersingh महाराजांना सांगितलं.
1658	panch	शेरसिंग महाराज जंगलचे राजे होते, ते अतिशय प्रजादक्ष राजे होते. ते आपल्या मुलाप्रमाणे जंगलच्या प्राण्यांची काळजी घेत होते. त्यामुळे जंगलात खूप आनंद होता.
1659	panch	आता काय करायचं आपण? काही दिवसांनी एक एक प्राणी आपल्यातला कमी होत जाईल, आपले जंगल संपून जाईल. काय करायचे?
1660	panch	मला तर खूप घाबराय झाले आहे. घाबरणे यावर उपाय नाही आणि संकट कितीही मोठे असले तर ते आपण सगळ्यांनी एकजूट करून घालूया.
1661	panch	उद्या जर शिकारी आला तर नटखट माकड दादांनी झाडावर बसायचं. मग शिकारी आलेल्या सगळ्या प्राण्यांना सांगायचं ते कसं सांगायचं?
1662	panch	शिकारी जंगलाच्या दिशेने यायला लागला, धोका धोका असे ओरडायचे म्हणजे प्राणी सावज होतील.
1663	panch	ज्या वेळेला माकडदादा ओरडले धोका करून, पटकन सुंदरी हरणी ताईंने जंगलाच्या पुढच्या बाजूला जायचं जिथून शिकारी येणार आहे तिथं आणि तिथं थांबायचं.
1664	panch	शिकारी आला की अडचणीच्या रस्त्याने यायचे म्हणजे शिकारी हरणी ताईच्या पाठोपाठ येईल तो वाट भरकटेल.
1665	panch	वाटेने हरणी ताई त्याला सगळे प्राणी जिथे आहेत तिथे घेऊन येईल.
1666	panch	मग तिथे शिकारी आला, प्राणी बघून खुश होईल शिकारी, सगळे प्राणी बघितल्यावर त्याला आनंद होईल. मग तो जाळी टाकायला गेला.
1667	panch	की टुनटुन ससेभाऊंनी त्यांच्या पायाचे चावे घ्यायचे. अशा तऱ्हेने चावे घेतले की शिकारी घाबरेल, पळायला लागेल.
1668	panch	मग हत्ती दादांनी चित्कार करून सोंडेत घेऊन त्याला जंगलाच्या बाहेर नेऊन सोडायचे. त्याप्रमाणे दुसऱ्या दिवशी सगळे प्राणी वागू लागले. शिकारी आला.
1669	panch	आल्याबरोबर धोका धोका करून नटकट माकड दादा ओरडले. सुंदरी हरणी ताई शिकारी यायच्या रस्त्यावर उभा राहिल्या.
1670	panch	एवढ्यात शिकारी आला, शिकाऱ्याला पाहिल्यावर हरणी ताई वेड्या वाकड्या अडचणीच्या रस्त्याने निघाले, तिच्या पाठोपाठ शिकारी आला. मग जिथे सगळे प्राणी होते तिथे शिकारी?
1671	panch	आणि शिकारी जाळी टाकणार तेवढ्यात Tuntun ससे भाऊंनी शिकाऱ्याच्या पायाचे चावे घ्यायला सुरुवात केली.
1672	panch	त्याबरोबर शिकारी घाबरला, ओरडला, खाली पडला आणि उठून उभा राहून पळू लागला, पण तेवढ्यात... परत डबू असून मामा जोरात ते शिकाऱ्याच्या अंगावर ओरडले.
1673	panch	तुमची योजना सफल झाली. आपण जर सगळे एकत्र असलो की कितीही संकट असले मोठे तर ते आपल्याला एका क्षणात घालवता येते.
1674	panch	चंचला खारुताई नटखट माकड दादा परत आनंदाने खेळायला लागले. सुंदरबनचे जंगल अतिशय निसर्गरम्य आणि सुंदर असे होते निसर्गाने नटलेले हे जंगल.
1675	panch	आणि या जंगलाची शोभा वाढवणारे भरपूर प्राणी विविध प्रकारचे होते आणि पक्षी ही सुंदर सुंदर रंगीबेरंगी होते. फुलपाखरे, सुंदर फुले.
1676	panch	खूप सुंदर जंगल होतं आणि या जंगलाची शोभा वाढवणारी पांढऱ्या शुभ्र गुबगुबीत रंगाच्या लाल डोळ्याच्या उभे कान आणि गुगुबीत अशा गुगुबी ससेताई राहत होत्या.
1677	panch	जंगलातनं टुनु टुनु उड्या मारताना अतिशय सुंदर दिसायच्या. हिरव्यागार गवतात त्यांचा पांढरा शुभ्र रंग अतिशय मोहक वाटायचा. डोळ्याचे पारणे फिटायचे हे सगळे दृश्य बघून.
1678	panch	असे हे जंगल, प्राणी... खूप छान वाटत होतं. त्या ससेताईंचं घर जंगलातनं एक नदी वाहत होती. आणि नदीच्या काठावर एक मोठं झाड होतं.
1679	panch	आणि त्या झाडाच्या खाली पोकळी ह्या गुबगुबी ससताईंचं घर होतं. सदानकदा त्या काय करायच्या? की नदीच्या काठावर जाऊन बसायच्या.
1680	panch	सुंदर अशी गाजराची, टोमॅटोची, मुळ्याची नंतर इतर फळांचीही भरपूर शेती होती. ससेताईंना खूप मोह व्हायचा. एकदा शेतात जाऊन गाजरे, टोमॅटो, मुळे सगळं खाऊन यावं.
1681	panch	मध्ये नदी आडवी होती त्यामुळे त्यांना जाता येत नव्हतं आणि नदी त्यामुळे तर अतिशय मुश्किल होतं पलीकडे जाऊन गाजरे टोमॅटो खाण्याचं.
1682	panch	त्यामुळे त्यांना खूप वाईट वाटायचं. मग एकदा त्या नदीच्या काठावर बसल्या. आणि त्यांच्या डोक्यात एक युक्ती आली. एक जवळजवळ सहा-सात मगरी राहत होत्या.
1683	panch	आणि त्या मगरींना पार करून जाणं अशक्य होतं. आणि गुबगुबी ससेताईंना पोहताही येत नव्हतं. त्यामुळे त्या नुसत्या शेती बघायच्या.
1684	panch	त्यावरच आपली भूक भागवायच्या, जंगलातले मऊ मऊ गवर इतर मिळणारी फळे खायच्या. एकदा नदीच्या काठावर त्या बसल्या.
1685	panch	नदीतली काटेरी मगरी ताई वरती आली आणि काय म्हणाली? अगं गुबगुब ससे ताई का ग इथं का बसली आहेस? पलीकडची शेती पाहत बसले आहे.
1686	panch	अगं शेती पाहून तुझं पोट भरणार आहे का? नाहीतर माझ्या बहिणी किंवा मी तुझा एकच घास करू आम्ही.
1687	panch	म्हणून ससेताई तिथून उठली आणि आपल्या घरी आली. परत ससेताईने एक युक्ती ओचली. दुसऱ्या दिवशी ससेताई नदीच्या काठावर येऊन बसली.
1688	panch	तेव्हा काटेरी मगरी ताई वर आली आणि म्हणाली, अगं गुबगुबीत आई तू आज आणखी आलीस काय? अगं का काय करायचं सांग बरं?
1689	panch	आणि तुझ्या घराजवळून नदी वाहत्या. त्या नदीत मगरी किती आहेत त्या मोजून ये. अगं पण कशासाठी महाराजांनी सांगितलं?
1690	panch	हे बघ, काटेरी ताई महाराजांनी सांगितली आहे. जेवढ्या मगरी असतील तेवढ्यांना मी सुंदर असे भोजन देणार आहे.
1691	panch	काय सांगतेस होय म्हणूनच मी इथे आले आज मग अति छान आहे हे. अगं काटेरी ताई कसं ग मोजणार तुला सांग बरं?
1692	panch	तुम्ही पाण्यात, कोण पाण्यात आहात, कोण वरती आहात, कोण खाली गेलात, मला कसं कळणार सांग बरं? मग काय करू द्या आम्ही? अगं काटेरी ताई!
1693	panch	तुम्ही सगळ्या तुझ्या सात बहिणी अशा ओळीनं पाण्यात आडव्या झोपा. मग तुमच्या पाठीवर पाय देऊन मी तुम्हाला मोजते.
1694	panch	तुम्हाला मोजल्यावर महाराजांना जाऊन सांगते, महाराज तुम्हाला छान सुंदर भोजन देतील. अरे वा, छान कल्पना आहे. ठीक आहे, मी माझ्या बहिणींना सांगते.
1695	panch	असे म्हणून काटेरी मगरी ताई पाण्यात गेली आणि सगळ्या मगरींना बोलवलं आणि सगळ्या मगरी अशा पाण्यात आडव्या झोपल्या. गुबगु ससे ताईने काय केलं?
1696	panch	काटेरी मगरी ताईच्या पाठीवर पाय दिला. आता मी मोजते म्हणून सांगितलं. आणि काठेरी मगरी ताईच्या पाठीवर पाय देऊन सांगितलं.
1697	panch	दुसऱ्या मगरीच्या दोन तिसऱ्या मगरीच्या पाठीवर पाय दिला तीन.
1698	panch	असे करत करत सात मगरींच्या पाठीवर पाय दिला आणि पटकन टुणकन उडी मारून गुबगुबी ससेताई नदी पलीकडच्या शेतात गेली.
1699	panch	मग काटेरी मगरी ताई म्हणाली अगं गुबगुब ससे ताई!
1700	panch	पण ससेताईने लक्ष दिले नाही, तिने भरपूर गाजरे तोडून खाल्ली, टोमॅटो खाल्ली, मुळे खाल्ली, इतर फळेही खाल्ली. आणि मग तिने एक डोक्यात युक्ती केली.
1701	panch	आणि त्याबरोबर तिने आणखी गाजरे टोमॅटो तोडून घेतली आपल्याबरोबर घरी न्यायला. आणि परत नदीच्या काठावर आली.
1702	panch	तेव्हा काटेरी मगरी ताई म्हणाली, अगं तू आता कशी जाणार पलीकडं? तू नदीत तुला पोहताही येत नाही.
1703	panch	तुला काय आम्ही पाठीवर घेणार नाही, कळलं का? तुझा एकच घास मी करणार आहे, तू आम्हाला फसवलंस.
1704	panch	अगं काठेरी ताई हे काय बोलतेस तू मी तुला सांगणारच आहे ग काय सांगणार आहेस तू हे बघ, मला आता तुझ्या पाठीवर बसते,
1705	panch	मला पलीकडे नेऊन सोड आणि उद्या माझ्या सहा बहिणींना घेऊन मी येणार आहे.
1706	panch	परत आणखी या शेतातली गाजरे आणि टोमॅटो खाण्यासाठी तर तू काय कर आता मला पलीकडे नेऊन सोड.
1707	panch	उद्या मी येते बहिणींना घेऊन आम्ही गाजरे टोमॅटो खातो आणि ते खाऊन झालं.
1708	panch	की तुमच्या पाठीवर आल्यावर तुम्ही सात बहिणी आम्हाला माझ्या सात माझ्या सकट सात बहिणींना तुम्ही खाऊन टाका. मग काटेरी मगरी त्यांनी विचार केला.
1709	panch	Susetai-ला खाण्यापेक्षा तिच्या सहा बहिणी आपल्या बहिणीसनी खायला मिळतील. ठीक आहे, मग काटेरी मगरी ताई म्हणाली, ठीक आहे, ठीक आहे, चल.
1710	panch	तुला आम्ही सात जणी पाठीवर नेऊन पलीकडे सोडतो. मग परत सगळ्या मगरी आडव्या झोपल्या.
1711	panch	गुपगुप ससे ताई एक दोन तीन चार पाच सहा सात असं करत त्यांच्या पाठीवरनं आली आणि म्हणाली, काटेरी मगरी ताई, तू आणि तुझ्या बहिणी उद्या तयार व्हा, मी माझ्या बहिणींना घेऊन येणार आहे.
1712	panch	काटेरी मगरी ताई खुश झाली होती. हो हो नक्की आम्ही थांबतो इथं लवकर ये.
1713	panch	हो ग येते लवकर असे म्हणून गुबगुब ससे ताईने पलीकडच्या तीरावर उडी मारली आणि काय म्हणाली?
1714	panch	अगं काटेरी मगरी ताई जाताना फसलीस येताना फसलीस माझ्या बहिणी कोण नाहीत, मी एकटीच आहे.
1715	panch	आणि बहिणींना घेऊन यायला मी काय वेडी नाही तुझ्यासारखी फसणारी.
1716	panch	अगं माझ्या डोक्याच्या चतुर बुद्धीने आणि माझ्या गोड बोलण्याने तुला येता जाता फसवलं, कळलं का?
1717	panch	असे म्हणून उड्या मारत गाणं गुनगुनत गुगु ससेताई आपल्या घराकडे गेली आणि काटेरी मगरीताई आणि तिच्या बहिणी आ वासून पाहत उभ्या राहिल्या.
1718	panch	म्हणून डोक्याची चतुर हुशार बुद्धी वापरून भयंकर संकट असलं तर ते घालवता येतं. आता वयस्कर झाले होते. त्यांना आता राज्यकारभार करायला जमत नव्हता.
1719	panch	कारभार पाहायचा म्हटल्यावर ताकद पाहिजे शक्ती पाहिजे ते तसे खूप ताकतवान, हुशार आणि चतुर होते, जंगलचा कारभार चांगला सांभाळत होते.
1720	panch	प्रजेवर त्यांचं मुलासारखं प्रेम होतं. आणि प्रजेचही त्यांच्यावर खूप प्रेम होतं.
1721	panch	मग राजाने सांगितलं, हे पहा मित्रांनो, मी आता आपल्या जंगलासाठी नवीन राजा निवडणार आहे.
1722	panch	तुमच्यातलाच एक राजा करणार आहे, पण त्यासाठी तुम्हाला एक परीक्षा द्यावी लागेल. सगळे प्राणी म्हणाले, कोणती परीक्षा महाराज हे पहा.
1723	panch	मी काय सांगणार आहे ते ऐका. कसं आहे मी आठ दिवसाची तुम्हाला मुदत देणार आहे. तुम्ही सगळ्यांनी चांगले काम करून मला दाखवायचे.
1724	panch	जो प्राणी चांगले काम करेल त्याला मी राजा करणार. असे म्हणून सगळे प्राणी कामाला लागले. Tiger, वाघोबा आणि इतर प्राणी सगळे कामाला लागले.
1725	panch	वाघोबा काय करायचे? शिकार करून आणायचे आणि जंगलातल्या सगळ्या प्राण्यांना द्यायचे, पण ते कसे द्यायचे? हुकुमशाही गाजवत.
1726	panch	सगळ्या प्राण्यांना भीती दाखवून शिकार आणून द्यायचे, त्यामुळे सगळ्या प्राण्यांना त्यांची खूप भीती वाटायची. ते भोजन देत होते, पण भीती दाखवून.
1727	panch	लांडगीण ताई काय करायच्या? सगळ्या प्राण्यांना औषधोपचार करायच्या. अगोदर औषध देण्या अगोदर स्वतःची त्या प्राण्यांच्याकडून स्तुती करून घ्यायच्या. मी कशी आहे सांगा बरं?
1728	panch	मी खूप हुशार आहे ना? प्राण्याने होय म्हटले की मग औषध द्यायच्या. चंपहारांचाही अशाच करायच्या. त्यांनी काय केलं जंगलातलं सगळं सरोवर स्वच्छ केलं.
1729	panch	पण त्या काय म्हणायच्या? राणी पाणी प्यायला आले. कसे आहे स्वच्छ आहे ना पाणी?
1730	panch	ते पाणी मी स्वच्छ केले बघा बरं मी किती हुशार आहे. बबलू हत्ती दादा असे नव्हते, ते काय करायचे? ते सकाळी लवकर उठायचे.
1731	panch	सगळ्या जंगलातनं फिरवून सगळ्या प्राण्यांची चौकशी करायचे.
1732	panch	जंगलातली फळे आणून सगळ्या प्राण्यांना द्यायचे, छोट्या छोट्या प्राण्यांना छान पैकी गोष्टी सांगायचे आणि पावसामुळे जंगलात जिथे जिथे खड्डे पडले होते.
1733	panch	ते ते खड्डे त्यांनी सगळे स्वच्छ केले कारण पाऊस पडल्यावर त्या खड्ड्यात पाणी आले की ते पाणी स्वच्छ असायचे.
1734	panch	मग वेळप्रसंगी प्राण्यांना ते पाणी प्यायला यावं म्हणून त्यांनी खड्डे स्वच्छ केले. सगळ्यांची कामे झाली. मग सगळे प्राणी Shibaraja-च्या जवळ जमले.
1735	panch	Shiba राजांनी सगळ्यांचे काम पाहिले होते. मग प्राणी एकमेकांकडे पाहू लागले. तेव्हा Sibbaraje म्हणाले, तुम्ही प्राण्यांना भोजन दिलं, पण तुमची हुकुमत चाललीये.
1736	panch	तुम्ही भीतीत दाखवून त्यांना भोजन दिलं. लांडगीन ताई तुम्ही स्वतःची स्तुती करून औषधे दिली. स्तुती करवून घेतली प्राण्यांच्याकडून.
1737	panch	पण Bablu हत्ती दादांनी तसे केले नाही, त्यांनी कोणतीही स्वतःविषयी स्वार्थी बुद्धी ठेवली नाही.
1738	panch	निष्पाप बुद्धीने ते काम करत होते, अगदी मनापासून त्यांनी जंगलच्या प्राण्यांची सेवा केली, म्हणून मी त्यांना राजा केलं.
1739	panch	मला राजा म्हणू नका, मी या जंगलचा सेवक आहे आणि सेवकी राहणार. राज्यकारभार करू लागले. पण काय झालं?
1740	panch	एके दिवशी जंगलात दोन मनुष्य प्राणी आले. लाकडे तोडण्याची machine होती, त्यांनी एका झाडाखाली ठेवली होती. तेव्हा सगळे प्राणी सिंहराजाकडे गेले.
1741	panch	महाराज, असे असे मनुष्य प्राणी आले, ते आपली जंगलाची तोड करणार आहे.
1742	panch	सिंहराजे म्हणाले घाबरू नका आणि सगळे प्राणी त्या machine जिथे ठेवली होती तिथे गेले. आणि Bablu हत्ती दादा बरोबर मशिनीच्या समोर जाऊन उभे राहिले.
1743	panch	हत्ती दादा उभे राहिल्यावर पाठीमागून सगळे प्राणी आले आणि हत्ती दादांच्या पाठीमागे उभे राहिले.
1744	panch	शक्ती क्षीण झाली होती तरी त्यांनी हळू हळूवार आवाजात गर्जना केली. त्या गर्जेनेबरोबर ते आलेले मनुष्य प्राणी घाबरले.
1745	panch	अरे चला आपल्याला आता हे जंगल तोडता येणार नाही. कारण ही प्राण्यांची फौज बघा किती आली आहे.
1746	panch	आता आपण निघून जाऊया, आपण नाही तोडायचं हे जंगल.
1747	panch	अरे त्या प्राण्यांची फौज बघता असे वाटते हे जंगलचे नुसतेच प्राणी नाही, त्यांचा सर्व हा मोठा परिवार आहे.
1748	panch	हे जंगल त्यांचे घर आहे, त्यामुळे आता आपण नाही तोडायचे, आपण निघून जावया. असे म्हणून ते मनुष्य प्राणी निघून गेले.
1749	panch	त्याबरोबर सगळ्या प्राण्यांना आनंद झाला आणि Sibba राज्यांचे सगळे कामात असू दे, आम्हाला कायम प्रोत्साहन देत जावा, मार्गदर्शन करत जावा.
1750	panch	एकजूट जर सगळ्यांच्या मध्ये असली की कोणतेही संकट आले तर ते घालवता येते. अतिशय जुलमी, अत्याचारी आणि दुष्ट वाघ ओभा राहत होते.
1751	panch	खूप दुष्टपणाने त्यांना वागवायचे. आपल्या जंगलातल्या प्राण्यांची आपणच शिकार करून खायचे. हुकुमशाही चालली होती आणि जंगलातले सगळे प्राणी त्यांच्या दशतीखाली वावरत होते.
1752	panch	काही प्राणी तर जंगल सोडून गेले होते, जे होते ते लपून चपून राहत होते, वावरत होते.
1753	panch	अगदी टांगती तलवार मानेवर घेऊन प्राणी जंगलात वावरत होते. एकदा काय झालं, वाघोबानी त्यांची मंत्रीन ताई खोटी लांडगीन ताईला सांगितलं, हे बघ लांडगीन ताई!
1754	panch	हरणाचं मांस खाऊ वाटतंय, त्यामुळे मला हरणाची शिकार आणून दे. मग लांडगीन ताईंने सगळ्या जंगलबर शोधलं, पण तिला हरीण सापडलं नाही.
1755	panch	निराश होऊन तिने येऊन सांगितलं, महाराज, हरीण सापडत नाहीये. असे म्हटल्यावर Tiger वाघोबानी त्या लांडगीन बाईची शिकार करून तिलाच खाऊन टाकलं.
1756	panch	हे पाहिल्यावर सगळे प्राणी घाबरले. हे वाघोबा अन्यायी होते, दुष्ट होते. तरी स्वतःला जंगलचा राजा समजत होते.
1757	panch	वागणूक वेळे सगळे प्राणी घाबरून दपकून दशती खाली वावरत होते. लांडगीन ताईला खाल्ल्याले पाहिल्याबरोबर सगळे प्राणी अगदी हपकून गेले.
1758	panch	एकदा तर हे वाघोबा जंगलातनं निघाले. सुंदरी हरणी ताईचं छोटं पिल्लू गवत खात होतं.
1759	panch	पटकन त्या पिल्ल्याजवळ गेले त्याची शिकार करण्यात पण ह्या वाघोबाने ऐकलं नाही.
1760	panch	त्यांनी सुंदरी हरणी ताईचं पिल्लूही खाल्लं आणि सुंदरी हरणी ताईची शिकार करून तिला खाऊन टाकलं. असे हे वाघोबा होते.
1761	panch	एकदा जंगलातनं निघाले तेव्हा काय झालं? दुसऱ्या जंगलातले एक सिंह राजे आले होते. ते या जंगलात आले, त्यांनी पाहिलं, अरे जंगल किती मोठं आहे!
1762	panch	पण या जंगलात प्राणी पक्षी कोणीच कसं काय दिसत नाही? कुठे गेले असतील या जंगलातले प्राणी? मला तर आता या जंगलात कायमचं राहावंसं वाटतंय.
1763	panch	पण जंगलात प्राणीच नाहीत. असे बोलत बोलत विचाराच्या तंद्रीत निघाले आणि चुकून या सिंह राजांचा पाय एका खड्ड्यात गेला आणि ते खड्ड्यात पडले.
1764	panch	खड्ड्यात पडल्यावर ते जोरजोरात ओरडू लागले, अरे कोणी आहे का? कोणी आहे का? मला वाचवा, मला वाचवा, मला वर काढा!
1765	panch	तेव्हा Bhagoba म्हणाले, अरे असा आहे प्राण्या तू कोणाला सांगतो आहेस का? अरे मी या जंगलचा राजा आहे.
1766	panch	राजा असली फालतू कामे करत नाहीत, कळलं का?
1767	panch	आणि तुला जर वर यायचं आहे, तर जसा पडलास तसा वर ये, मला काम नाही सांगायचं, असे म्हणून वागोबा निघून गेले.
1768	panch	हाक मारू लागले, अरे कोणी आहे का? मला वाचवा, मला वाचवा! सिंहराजाने सांगितले, अरे मित्रांनो, मला एवढं खड्ड्यातनं वर काढा.
1769	panch	ठीक आहे, मग लटकट माकड दादांनी वेलीचा दोर केला आणि त्याचे डोक त्यामुळे सिंहराजांनी या तीन मित्रांचे खूप खूप आभार मानले.
1770	panch	तेव्हा ते सगळे प्राणी म्हणाले मा सिंहराजे आमचे आभार नका मानू मानू. आम्ही खूप दशकेखाली वावरत आहे.
1771	panch	अरे होय पण या जंगलात प्राणी पक्षी कोणच कसे दिसत नाही सिंहराजे म्हणाले मग आपोहाती दादांनी सगळी कहाणी सांगितली
