audio/chunk_00001.wav|साधु और चूहा।
audio/chunk_00002.wav|एक जंगल में एक साधु रहते थे
audio/chunk_00003.wav|जंगल के कई जानवर रोज़ साधु के प्रवचन सुनने के लिए उनके पास जाते थे
audio/chunk_00004.wav|एक दिन एक चूहे के पीछे बिल्ली पड़ गई।
audio/chunk_00005.wav|चूहा भागते भागते साधु के पास पहुंचा।
audio/chunk_00006.wav|पीछे पीछे बिल्ली भी आ गई।
audio/chunk_00007.wav|साधु ने चूहे का भेष बदलकर उसे बड़ी बिल्ली बना दिया।
audio/chunk_00008.wav|अब बड़ी बिल्ली बिना डर के घूमने लगी उसने कई बिल्लियों को भी मार दिया
audio/chunk_00009.wav|फिर 1 दिन बड़ी बिल्ली के पीछे लोमड़ी पड़ गई।
audio/chunk_00010.wav|लोमड़ी से बचते बचते वह फिर साधु के पास पहुंची।
audio/chunk_00011.wav|अब साधु ने उसे बड़ी लोमड़ी बना दिया
audio/chunk_00012.wav|बड़ी लोमड़ी बनकर वह बिना किसी खौफ के जंगल में घूमने लगी।
audio/chunk_00013.wav|फिर कुछ दिनों बाद 1 शेर बड़ी लोमणी के पीछे पड़ गया।
audio/chunk_00014.wav|बड़ी लोमड़ी फिर साधु के पास पहुंची।
audio/chunk_00015.wav|और इस बार साधु ने उसे बड़ा शेर बना दिया।
audio/chunk_00016.wav|बड़ा शेर बनते ही वह स्वयं को राजा समझने लगा।
audio/chunk_00017.wav|लेकिन उसे हमेशा यह डर लगता था कि साधु कहीं उसे फिर से चूहा ना बना दे।
audio/chunk_00018.wav|इसी डर के कारण वह साधु के पास पहुंचा और बोला।
audio/chunk_00019.wav|मुझे भूख लगी है इसलिए मैं आज आपको खा जाऊँगा
audio/chunk_00020.wav|ताकि मेरे अंदर भी सारी दिव्य शक्तियां आ सके।
audio/chunk_00021.wav|साधु को बहुत गुस्सा आता है।
audio/chunk_00022.wav|और वह उसे फिर से चूहा बना देते हैं
audio/chunk_00023.wav|चूहे को अपनी गलती का एहसास तो होता है
audio/chunk_00024.wav|और वह साधु से दोबारा शेर बनाने की विनती करता है।
audio/chunk_00025.wav|लेकिन साधु उसे डंडे मारकर भगा देते हैं
audio/chunk_00026.wav|इस कहानी से हमें यह शिक्षा मिलती है कि चाहे कोई कितना भी महान बन जाए लेकिन उसे अपना अस्तित्व और आधार कभी नहीं भूलना चाहिए
audio/chunk_00027.wav|देवता और जुलाहा।
audio/chunk_00028.wav|एक बार मंथर का नाम का एक जुलाहा रहता था
audio/chunk_00029.wav|एक दिन वह बुनाई कर रहा था, तभी उसका करघा टूट गया।
audio/chunk_00030.wav|वह पास के जंगल में लकड़ी काटने जाता है ताकि उससे अपना करघा ठीक कर सके।
audio/chunk_00031.wav|जैसे ही वह अपनी कुल्हाड़ी से लकड़ी काटने लगता है, तभी पेड़ से आवाज़ आती है, इस पेड़ को मत काटो, यह मेरा घर है!
audio/chunk_00032.wav|मुझे अपना करघा ठीक करना है वरना मेरे बच्चे और मेरी पत्नी भूखे मर जाएंगे
audio/chunk_00033.wav|यह कहकर वह फिर से अपनी कुल्हाड़ी उठाता है।
audio/chunk_00034.wav|फिर से पेड़ के अंदर से आवाज आती है।
audio/chunk_00035.wav|इस पेड़ को छोड़ दो, तुम कुछ भी मांग लो, मैं तुम्हारी इच्छा पूरी करूंगा। मांगो, वर मांगो!
audio/chunk_00036.wav|कि वह अपनी पत्नी से सलाह करके लौटेगा।
audio/chunk_00037.wav|मंथर का अपने घर जाता है।
audio/chunk_00038.wav|रास्ते में उसे उसका 1 नाई मित्र मिलता है।
audio/chunk_00039.wav|वह उससे कहता है कि वर में पूरा साम्राज्य मांग लेना।
audio/chunk_00040.wav|फिर तुम राजा बन जाओगे और राज करोगे।
audio/chunk_00041.wav|मंथरखा उसकी सलाह से खुश हो जाता है।
audio/chunk_00042.wav|लेकिन वह अपनी पत्नी का भी सुझाव लेने घर पहुँचता है
audio/chunk_00043.wav|राजा बनने से तो लड़ाई करनी पड़ेगी, प्रजा की देखभाल करनी पड़ेगी। इससे तो अच्छा होगा कि तुम 2 सिर और 4 हाथ का वर मांग लो।
audio/chunk_00044.wav|जब ज़्यादा हाथ होंगे तो तुम ज़्यादा काम कर पाओगे।
audio/chunk_00045.wav|और हम धनी हो जाएंगे।
audio/chunk_00046.wav|मंथरका अपनी पत्नी का सुझाव मानकर 4 हाथ और 2 सिर का वर मांग लेता है।
audio/chunk_00047.wav|जब वह 2 सिर और 4 हाथ के साथ गांव में पहुंचता है, तो सभी गांव वाले उसे देखकर डर जाते हैं और उसे पत्थर मार मार के उसकी हत्या कर देते हैं।
audio/chunk_00048.wav|जब उसके नाई दोस्त को उसकी मौत का पता चलता है, तो वह बहुत दुखी होता है।
audio/chunk_00049.wav|इस कहानी से हमें यह शिक्षा मिलती है कि किसी के सुझाव को बिना विचारे अनुसरण नहीं करना चाहिए।
audio/chunk_00050.wav|एक बार जंगल में एक लोमड़ी भोजन की तलाश में भटकते हुए एक पेड़ के पास पहुंची।
audio/chunk_00051.wav|वहां उसकी नजर पेड़ पर बैठे हुए मोर पर पड़ी।
audio/chunk_00052.wav|लोमड़ी मोर को खाने की योजना बनाने लगी।
audio/chunk_00053.wav|जंगल में सभी जानवरों ने गोष्ठी की है।
audio/chunk_00054.wav|और उसमें यह तय किया गया है कि अब से कोई भी जानवर अपने भोजन के लिए
audio/chunk_00055.wav|दूसरे जानवर को नहीं मारेगा।
audio/chunk_00056.wav|इसलिए तुम घबराओ मत और आराम से नीचे आकर घूमो।
audio/chunk_00057.wav|तो इसका मतलब तो यह हुआ कि अब शेर और बाघ घास खाना शुरू कर देंगे।
audio/chunk_00058.wav|लोमड़ी मोर की बात सुनकर चौंक गई।
audio/chunk_00059.wav|और हड़बड़ा कर कुछ कहने ही वाली थी कि तभी मोर बोला।
audio/chunk_00060.wav|देखो, तुम्हारे पीछे तुम्हारे मित्र आ रहे हैं, शिकारी कुत्ते, अब तो वह भी तुम्हें नहीं खाएंगे!
audio/chunk_00061.wav|लोमड़ी शिकारी कुत्तों को देखकर डर जाती है और भाग जाती है
audio/chunk_00062.wav|मोर लोमड़ी को डर कर भागते हुए देखकर जोर जोर से हंसने लगता है।
audio/chunk_00063.wav|इस कहानी से हमें यह शिक्षा मिलती है कि बुद्धि और चतुराई से धूर्त और मक्कारों को आसानी से मात दी जा सकती है।
audio/chunk_00064.wav|राजकुमार और पौधा।
audio/chunk_00065.wav|एक समय की बात है
audio/chunk_00066.wav|एक राजा का बेटा बड़ा ही बदतमीज़ और दुष्ट प्रवृत्ति का था
audio/chunk_00067.wav|उसे सभी लोगों ने बहुत समझाने की कोशिश की।
audio/chunk_00068.wav|लेकिन वह फिर भी नहीं समझा।
audio/chunk_00069.wav|एक दिन राजा ने एक साधु को महल के पास देखा।
audio/chunk_00070.wav|उस साधु के चेहरे का तेज देखते ही बनता था।
audio/chunk_00071.wav|राजा ने उस साधु को अपने महल में बुलवा लिया और उन्हें रहने का उचित स्थान भी दिया।
audio/chunk_00072.wav|फिर राजा ने साधु को अपने बिगड़ैल बेटे के बारे में बताया
audio/chunk_00073.wav|वह बोले मेरी प्रजा मेरे बेटे को भावी राजा बनने के योग्य नहीं मानती
audio/chunk_00074.wav|कृपया आप मेरे बेटे को अपने संरक्षण में रखकर उसे समझाने का प्रयास करें।
audio/chunk_00075.wav|साधु राजकुमार को लेकर बगीचे में टहलने निकलते हैं
audio/chunk_00076.wav|वहीं पर 1 पौधा देख साधु उसकी पत्ती राजकुमार को देकर उसे चखने को कहते हैं।
audio/chunk_00077.wav|जैसे ही राजकुमार उस पत्ती को मुंह में लेता है वैसे ही उसे थूक देता है
audio/chunk_00078.wav|राजकुमार कहता है, यह पौधा तो बड़ा ज़हरीला है, इसे उखाड़ देना चाहिए।
audio/chunk_00079.wav|यह कहकर राजकुमार उस पौधे के टुकड़े टुकड़े कर देता है
audio/chunk_00081.wav|सारी प्रजा भी तुम्हारे साथ ऐसा ही सलूक करेगी।
audio/chunk_00082.wav|क्योंकि वह तुम्हें दुष्ट समझती है।
audio/chunk_00083.wav|और तुम्हारे बुरे स्वभाव के कारण तुम्हें कभी भी राजा नहीं बनने देगी।
audio/chunk_00084.wav|इसलिए बेहतर होगा कि तुम सबके प्रति दया और स्नेह का भाव रखो
audio/chunk_00085.wav|राजकुमार को अपनी गलती का एहसास हो जाता है।
audio/chunk_00086.wav|और वह पूरी तरह बदल जाता है।
audio/chunk_00087.wav|राजा अपने बेटे के बदले हुए व्यवहार से बहुत खुश होते हैं
audio/chunk_00088.wav|और साधु का तहे दिल से शुक्रिया अदा करते हैं।
audio/chunk_00089.wav|इस कहानी से हमें यह शिक्षा मिलती है कि बुरे स्वभाव से लोगों का दिल नहीं जीता जा सकता
audio/chunk_00090.wav|बहुत समय पहले 1 युधिष्ठिर नाम का कुम्हार था।
audio/chunk_00091.wav|वह 1 नंबर का शराबी था।
audio/chunk_00092.wav|एक दिन शराब के नशे में वह घड़े से टकराकर नीचे गिर गया
audio/chunk_00093.wav|और उसके सिर पर बहुत गहरी चोट लग गई।
audio/chunk_00094.wav|कुछ दिनों बाद घाव तो भर गया लेकिन उसका निशान रह गया
audio/chunk_00095.wav|फिर कुछ समय बाद गाँव में अकाल पड़ा
audio/chunk_00096.wav|और वह नौकरी की तलाश में राजा के पास पहुँचा
audio/chunk_00097.wav|राजा ने युधिष्ठिर के माते का निशान देखकर सोचा
audio/chunk_00098.wav|कि यह कोई योद्धा लगता है।
audio/chunk_00099.wav|इसलिए इसे ही सेनापति बनाना चाहिए।
audio/chunk_00100.wav|राजा ने उससे पूछा कि यह निशान किस युद्ध का है?
audio/chunk_00101.wav|कुम्हार ने सारा सच बता दिया कि यह निशान तो शराब के नशे में घड़े से टकराकर नीचे गिरने से हुआ था।
audio/chunk_00102.wav|यह सुनकर राजा ने उसे
audio/chunk_00103.wav|बाहर निकालने का आदेश दे दिया।
audio/chunk_00104.wav|कुम्हार बहुत गिड़गिड़ाया कि उसे सेना में शामिल कर लिया जाए
audio/chunk_00105.wav|लेकिन राजा ने उसकी एक ना सुनी और उसे राज्य से बाहर निकाल दिया।
audio/chunk_00106.wav|इस कहानी से हमें यह शिक्षा मिलती है कभी कभी सच बोलना भी हमारे लिए नुकसानदेह हो सकता है
audio/chunk_00107.wav|राजकुमार और भालू।
audio/chunk_00108.wav|एक बार एक राजकुमार शिकार करने जंगल में पहुंचा
audio/chunk_00109.wav|बहुत देर तक वह शिकार ढूंढता रहा।
audio/chunk_00110.wav|लेकिन उसे कुछ भी नहीं मिला।
audio/chunk_00111.wav|थक कर वह 1 पेड़ के नीचे विश्राम करने लगा।
audio/chunk_00112.wav|तभी उसे शेर की दहाड़ सुनाई दी।
audio/chunk_00114.wav|तभी उसने देखा कि पेड़ की डाली पर 1 भालू बैठा है।
audio/chunk_00115.wav|वह और ज़्यादा डर गया क्योंकि पास में भालू और नीचे शेर था।
audio/chunk_00116.wav|भालू ने राजकुमार से कहा, डरो मत!
audio/chunk_00117.wav|तुम मेरे अतिथि हो, मैं तुम्हें नहीं मारूंगा।
audio/chunk_00118.wav|शाम हो जाती है और राजकुमार पेड़ पर ही सो जाता है।
audio/chunk_00119.wav|भालू अपना सहारा देकर राजकुमार को सोने में मदद करता है।
audio/chunk_00120.wav|शेर भालू से कहता है कि यह मानव हमारे दुश्मन हैं।
audio/chunk_00121.wav|यह हमारा शिकार करते हैं।
audio/chunk_00122.wav|ये मेरे अतिथि हैं मैं इसे धक्का नहीं दे सकता
audio/chunk_00123.wav|सुबह जब राजकुमार की नींद खुलती है, तो वह देखता है कि उसके पास भालू सोया हुआ है।
audio/chunk_00124.wav|शेर राजकुमार से कहता है,
audio/chunk_00125.wav|यह भालू मेरे जाने के बाद तुम्हें खा जाएगा।
audio/chunk_00126.wav|यह झूठी हमदर्दी दिखा रहा है।
audio/chunk_00127.wav|अगर तुम इस भालू को नीचे धक्का दे दोगे तो मैं तुम्हें जाने दूंगा।
audio/chunk_00128.wav|राजकुमार शेर की बातों में आकर
audio/chunk_00129.wav|भालू को नीचे धकेल देता है।
audio/chunk_00130.wav|लेकिन भालू किसी तरह पेड़ की डाली को पकड़ लेता है और खुद को बचा लेता है।
audio/chunk_00131.wav|भालू गुस्से में राजकुमार से कहता है,
audio/chunk_00132.wav|अरे, तुम इंसानों से तो हम जानवर ही अच्छे हैं।
audio/chunk_00133.wav|इस कहानी से हमें यह शिक्षा मिलती है कि जानवर भी प्यारे और समझदार होते हैं।
audio/chunk_00134.wav|इसलिए उनसे प्यार से पेश आना चाहिए।
audio/chunk_00135.wav|हाथी ने लिया अपना बदला।
audio/chunk_00136.wav|बहुत समय पहले की बात है।
audio/chunk_00137.wav|एक कस्बे में एक धार्मिक प्रवृत्ति का हाथी रहता था
audio/chunk_00138.wav|वह रोज मंदिर के सामने पूजा किया करता था।
audio/chunk_00139.wav|वह सबसे प्यार करता था।
audio/chunk_00140.wav|हाथी के इसी स्वभाव के कारण सभी लोग उसे बहुत प्यार करते थे।
audio/chunk_00141.wav|मंदिर तक पहुँचने के लिए उसे बाज़ार के रास्ते से गुज़रना पड़ता था।
audio/chunk_00142.wav|बाजार में फूल वाला उसे रोज गेंदे के फूल की माला देता था।
audio/chunk_00143.wav|और फल वाला उसे फल देता था।
audio/chunk_00144.wav|हाथी उनका आभार प्रकट करके आगे बढ़ जाता था।
audio/chunk_00145.wav|एक दिन फूल वाले के मन में हाथी से मज़ाक करने की सूझी।
audio/chunk_00146.wav|अगले दिन जब हाथी फूल वाले की दुकान पर पहुंचा तो उसने माला देने की बजाय हाथी की सूंड में सुई चुभा दी।
audio/chunk_00147.wav|हाथी को बहुत दर्द हुआ और उसे बहुत गुस्सा भी आया।
audio/chunk_00148.wav|अगले दिन हाथी मंदिर जाने की बजाए गंदे तालाब के पास पहुंचा और अपनी सूंड में गंदा पानी भरकर फूल वाले के पास पहुंचा।
audio/chunk_00149.wav|उसने फूल वाले पर और सभी फूलों पर गंदा पानी डाल दिया।
audio/chunk_00150.wav|सभी फूल और मालाएं गंदी हो गईं।
audio/chunk_00151.wav|और फूल वाले का भारी नुकसान हुआ।
audio/chunk_00152.wav|फूल वाले को अपने मजाक की बड़ी भारी कीमत चुकानी पड़ी।
audio/chunk_00153.wav|इस कहानी से हमें शिक्षा मिलती है
audio/chunk_00154.wav|कि हमें सोच समझ कर मजाक करना चाहिए, अगले वाले को बुरा लग सकता है।
audio/chunk_00155.wav|धनी मोहन और निर्धन सोहन
audio/chunk_00156.wav|एक गाँव में सोहन और मोहन नाम के 2 मित्र थे।
audio/chunk_00157.wav|मोहन एक धनी सुनार था जबकि सोहन निर्धन था
audio/chunk_00158.wav|एक बार सोहन ने अपनी बेटी की शादी के लिए मोहन से ₹5000 के कुछ ज़ेवर खरीदे
audio/chunk_00159.wav|सोहन ने मोहन से वादा किया कि वह 6 महीने में सारे पैसे चुका देगा।
audio/chunk_00160.wav|लेकिन मोहन की नियत में खोट थी।
audio/chunk_00161.wav|इसलिए वह कुछ दिनों बाद ही सोहन से पैसे मांगने लगा।
audio/chunk_00162.wav|और कहने लगा कि यदि उसके पास पैसे नहीं हैं तो वह न्यायालय में दस्तावेज़ों पर दस्तखत कर अपना घर, ज़मीन और जायदाद गिरवी रख दे।
audio/chunk_00163.wav|सोहन मोहन से विनती करने लगा और कहने लगा कि उसने तो 6 महीने का वक्त दिया था तो अब इतनी जल्दी क्यों कर रहा है?
audio/chunk_00164.wav|लेकिन मोहन नहीं माना और न्यायालय चलने को कहने लगा।
audio/chunk_00165.wav|सोहन मोहन से बोला कि उसके पास न्यायालय चलने के लिए ना ही घोड़ा है ना ही कपड़े और ना ही जूते
audio/chunk_00166.wav|मोहन ने सोहन को अपने कपड़े, जूते और घोड़ा दे दिया।
audio/chunk_00167.wav|न्यायालय में सोहन न्यायाधीश से बोला कि वह मोहन से कुछ पूछना चाहता है
audio/chunk_00168.wav|न्यायाधीश के आदेश पर उसने मोहन से पूछा कि जो कपड़े उसने पहने हैं, जो जूते उसने पहने हैं, वो किसके हैं?
audio/chunk_00169.wav|फिर सोहन ने पूछा कि घोड़ा किसका है?
audio/chunk_00170.wav|तो मोहन चिल्लाते हुए बोला, मेरा है और किसका है?
audio/chunk_00171.wav|सोहन न्यायाधीश से बोला कि अब आप समझ सकते हैं कि मोहन की मानसिक स्थिति कैसी है।
audio/chunk_00172.wav|वह मेरी सभी चीज़ों को अपना समझता है
audio/chunk_00173.wav|न्यायाधीश हंसने लगे और मामले को वहीं रफा दफा कर दिया।
audio/chunk_00174.wav|इस तरह सोहन ने लालची मोहन को अच्छा सबक सिखाया
audio/chunk_00175.wav|इस कहानी से हमें यह शिक्षा मिलती है
audio/chunk_00176.wav|कि लालच बुरी बला है।
audio/chunk_00177.wav|समझदारी और सूझबूझ से लाल जी को अच्छा सबक सिखाया जा सकता है
audio/chunk_00178.wav|एक गाँव में एक गड़रिया रोज़ अपनी भेड़ों को चराने के लिए जाता था
audio/chunk_00179.wav|एक बार उसकी पत्नी बीमार हो गई और वह उसके लिए दवा लेने शहर गया
audio/chunk_00180.wav|उसने जाने से पहले अपने बेटे रामू को भेड़ों का ध्यान रखने और उन्हें चराने के लिए कहा
audio/chunk_00181.wav|अगले दिन रामू भेड़ों को चराने लेकर गया
audio/chunk_00182.wav|उसने गाँव वालों को चकमा देने के लिए 1 योजना बनाई।
audio/chunk_00183.wav|वह जोर से चिल्लाया।
audio/chunk_00184.wav|भेड़िया आया, भेड़िया आया।
audio/chunk_00185.wav|उसकी आवाज़ सुनकर कई गाँव वाले उसे बचाने आए
audio/chunk_00186.wav|उन्हें देख रामू हंसने लगा।
audio/chunk_00187.wav|गांव वाले चुपचाप लौट गए।
audio/chunk_00188.wav|अगले दिन फिर रामू ने ऐसा ही किया।
audio/chunk_00189.wav|फिर गांव वाले उसे बचाने आए और फिर लौट गए।
audio/chunk_00190.wav|3rd दिन वास्तव में 1 भेड़िया आ गया और भेड़ को खाने लगा
audio/chunk_00191.wav|रामू जोर-जोर से चिल्लाने लगा।
audio/chunk_00192.wav|भेड़िया आया मुझे और मेरे भेड़ों को बचाओ
audio/chunk_00193.wav|इस बार गाँव वाले रामू की बात सुनकर नहीं आए
audio/chunk_00194.wav|उन्हें लगा कि इस बार भी वह झूठ बोल रहा है
audio/chunk_00195.wav|रामू किसी तरह अपनी जान बचाकर भाग आया लेकिन भेड़ों को नहीं बचा पाया
audio/chunk_00196.wav|रामू रोता हुआ घर लौट आया।
audio/chunk_00197.wav|इस कहानी से हमें यह शिक्षा मिलती है कि झूठ बोलने वाले पर कोई भी विश्वास नहीं करता
audio/chunk_00198.wav|खरगोश और हाथी।
audio/chunk_00200.wav|जंगल के बीच में तालाब था जहाँ सभी हाथी पानी पीने के लिए जाया करते थे
audio/chunk_00201.wav|लेकिन 1 बार काफ़ी दिनों तक वर्षा नहीं हुई और तालाब सूख गया।
audio/chunk_00202.wav|सभी हाथी दूसरे जंगल में पहुंचे और वहां चंद्रसार नाम के तालाब में पानी पीने लगे।
audio/chunk_00203.wav|इस तालाब में खूब सारा पानी था।
audio/chunk_00204.wav|सभी हाथी तालाब में नहाते और खूब मस्ती करते थे।
audio/chunk_00205.wav|उसी तालाब के आसपास बिल में खरगोश रहते थे।
audio/chunk_00206.wav|लेकिन हाथियों के उस रास्ते से गुज़रने के कारण कई खरगोश मारे जा चुके थे
audio/chunk_00207.wav|सभी खरगोश बहुत दुखी थे
audio/chunk_00208.wav|फिर 1 दिन सबने मिलकर इस समस्या का हल निकालने की कोशिश की।
audio/chunk_00209.wav|लंबरनका नाम का खरगोश बोला कि सभी धीरज रखें वह इस समस्या को सुलझा देगा
audio/chunk_00210.wav|अगले दिन लंबरनका हाथियों के रास्ते में पड़ने वाले पर्वत पर बैठ जाता है
audio/chunk_00211.wav|और जब हाथी वहां आते हैं तो वह हाथियों के राजा से कहता है
audio/chunk_00212.wav|मैं खरगोशों का राजा हूं।
audio/chunk_00213.wav|और स्वर्ग में चंद्र देवता के साथ रहता हूँ।
audio/chunk_00214.wav|और चंद्र देवता सभी हाथियों से बहुत नाराज़ हैं
audio/chunk_00215.wav|अगर तुम्हें उनसे मिलना है तो रात में तालाब पर आना
audio/chunk_00216.wav|सभी हाथी रात में तालाब के पास पहुँचते हैं।
audio/chunk_00217.wav|और उन्हें तालाब में चंद्रमा की परछाई दिखाई देती है।
audio/chunk_00218.wav|फिर हवा चलने लगती है और परछाई गायब हो जाती है
audio/chunk_00219.wav|हाथियों को लगता है कि वाकई चंद्र देवता उनसे नाराज़ हैं
audio/chunk_00220.wav|और सभी हाथी हमेशा हमेशा के लिए उस तालाब को छोड़ देते हैं
audio/chunk_00221.wav|इस कहानी से हमें यह शिक्षा मिलती है कि चतुराई और अक्लमंदी से हर समस्या का समाधान निकाला जा सकता है
audio/chunk_00222.wav|घूमता हुआ पहिया।
audio/chunk_00223.wav|एक गाँव में 4 मित्र थे।
audio/chunk_00224.wav|उन्होंने 1 बार शहर जाकर धन कमाने की सोची
audio/chunk_00225.wav|चारों शहर की ओर निकल पड़े।
audio/chunk_00226.wav|चलते चलते वे 1 मंदिर के पास पहुंचे
audio/chunk_00227.wav|भैरवानंद नाम के साधु से हुई।
audio/chunk_00228.wav|उन्होंने साधु को बताया कि वे धन कमाने जा रहे हैं
audio/chunk_00229.wav|भैरवानंद ने चारों को रुई की एक एक बाती दी और कहा कि वे इस बाती को लेकर हिमालय की ओर चलते रहें
audio/chunk_00230.wav|जिसकी भी बाती जहां गिरेगी
audio/chunk_00231.wav|वहीं उसे ज़मीन में दबा हुआ खज़ाना मिलेगा।
audio/chunk_00232.wav|थोड़ी दूर चलने के बाद पहले मित्र की बाती गिर जाती है
audio/chunk_00233.wav|और उसे ज़मीन के अंदर से तांबा मिलता है
audio/chunk_00234.wav|वह कहता है कि इसे चारों में बाँट लेते हैं और घर चलते हैं।
audio/chunk_00236.wav|थोड़ी देर बाद दूसरे मित्र की बाती गिरती है और उसे चांदी मिलती है।
audio/chunk_00237.wav|वह भी घर लौट जाता है
audio/chunk_00238.wav|अब दोनों मित्र चलते जाते हैं और फिर तीसरे मित्र की बाती गिरती है
audio/chunk_00239.wav|और उसे सोना मिलता है।
audio/chunk_00240.wav|3rd मित्र 4th मित्र से कहता है कि हम दोनों सोना आपस में बांट लेंगे।
audio/chunk_00241.wav|लेकिन 4th मित्र कहता है कि वह और आगे जाएगा।
audio/chunk_00242.wav|4th मित्र यह सोचकर कि उसे हीरे मिलेंगे अकेले ही आगे बढ़ जाता है
audio/chunk_00243.wav|चलते चलते वह रास्ता भटक जाता है और उसे एक आदमी दिखाई देता है
audio/chunk_00244.wav|उस आदमी के सिर पर 1 पहिया घूम रहा होता है और उसका पूरा शरीर
audio/chunk_00245.wav|खून से लथपथ होता है।
audio/chunk_00246.wav|4th मित्र जैसे ही उस आदमी से पूछता है कि यह कैसा पहिया है
audio/chunk_00247.wav|तभी वह पहिया उस 4th मित्र के सिर पर घूमने लगता है और उसे बहुत दर्द होने लगता है।
audio/chunk_00248.wav|वह आदमी 4th मित्र से कहता है
audio/chunk_00249.wav|कि अब तुम्हें इसी तरह दर्द में रहना पड़ेगा।
audio/chunk_00250.wav|ना तुम्हें भूख लगेगी और ना ही प्यास।
audio/chunk_00251.wav|ना ही नींद आएगी।
audio/chunk_00252.wav|4th मित्र उससे पूछता है कि वह इस घूमते हुए पहिए से कैसे छुटकारा पा सकता है?
audio/chunk_00253.wav|आदमी कहता है कि जब तक कोई जादुई बाती लेकर तुमसे सवाल नहीं करेगा
audio/chunk_00254.wav|तब तक तुम्हें इसी प्रकार दर्द में रहना पड़ेगा।
audio/chunk_00255.wav|काफ़ी देर तक इंतज़ार करने के बाद भी जब चौथा मित्र नहीं लौटता तो तीसरा मित्र उसे ढूँढ़ते हुए उसके पास पहुँचता है
audio/chunk_00256.wav|उसकी हालत देखकर तीसरा मित्र उससे पूछता है
audio/chunk_00257.wav|कि यह सब कैसे हो गया?
audio/chunk_00258.wav|4th मित्र रोते हुए कहता है कि यह सब उसके ज़्यादा लालच करने के कारण हुआ।
audio/chunk_00259.wav|ना ही वह hero के लालच में यहाँ आता और ना ही उसका यह हाल होता
audio/chunk_00260.wav|3rd मित्र चाहकर भी उसकी मदद नहीं कर पाता और दुखी होकर लौट जाता है।
audio/chunk_00261.wav|इस कहानी से हमें यह शिक्षा मिलती है
audio/chunk_00262.wav|कि लालच करने की बजाय जो भी पास में हो उसी में संतुष्ट रहना चाहिए
audio/chunk_00263.wav|बंदर और लाल बेर।
audio/chunk_00264.wav|बहुत समय पहले पर्वतीय इलाके में बंदरों का एक दल रहता था
audio/chunk_00265.wav|ठंड का मौसम आया और सभी ठंड से काँपने लगे
audio/chunk_00266.wav|उनके पास रहने का कोई ठिकाना नहीं था।
audio/chunk_00267.wav|एक बंदर ने कहा हमें पास के गाँव में चलना चाहिए वहाँ घर है हम वहाँ आराम से रह सकते हैं
audio/chunk_00268.wav|सभी उसकी बात मानकर गाँव में पहुँचते हैं
audio/chunk_00269.wav|लेकिन गाँव के लोग उन्हें पत्थर मार मार के भगा देते हैं
audio/chunk_00270.wav|फिर 1 बंदर कहता है कि हमें आग लगाकर उसके पास बैठ जाना चाहिए।
audio/chunk_00272.wav|फिर वह बंदर लाल बेर लेकर आता है और उसे कोयला समझ उसके ऊपर लकड़ियां रखकर आग लगाने की कोशिश करता है।
audio/chunk_00273.wav|उसी पेड़ पर कुछ चिड़िया भी होती हैं।
audio/chunk_00274.wav|एक चिड़िया कहती है, अरे मूर्खों, फल से आग लगा रहे हो!
audio/chunk_00275.wav|ऐसे थोड़े ही आग लगेगी।
audio/chunk_00276.wav|मेरी मानो और गुफा में जाकर आश्रय लो
audio/chunk_00277.wav|बंदर पक्षियों की बात सुनकर
audio/chunk_00278.wav|आग बबूला हो जाते हैं
audio/chunk_00279.wav|और 1 बड़ा सा बंदर उस पक्षी की गर्दन पकड़कर उसे मोड़कर मार देता है।
audio/chunk_00280.wav|इस कहानी से हमें यह शिक्षा मिलती है कि मूर्खों को सलाह देने से कोई फायदा नहीं होता बल्कि स्वयं का ही नुकसान होता है
audio/chunk_00281.wav|बूढ़ा ज्ञानी कौआ
audio/chunk_00282.wav|गांव की सीमा पर 1 बड़ा सा बरगद का पेड़ था।
audio/chunk_00283.wav|इसी पेड़ के पास 1 पर्वत में गुफा थी।
audio/chunk_00285.wav|उल्लुओं का राजा अपने सैनिकों के साथ मिलकर अक्सर रात में कौवों पर हमला करता था।
audio/chunk_00286.wav|इसी कारण कई कौवे मारे जा चुके थे।
audio/chunk_00287.wav|स्थिति इतनी खराब हो गई कि कौवों के राजा ने सभी कौवों को बुलाकर 1 सभा की।
audio/chunk_00288.wav|और उल्लुओं को सबक सिखाने की 1 योजना बनाई।
audio/chunk_00289.wav|अगले दिन कौवों के राजा और सैनिकों ने 1 बूढ़े कौवे को खूब मारा पीटा और उसे अधमरी हालत में छोड़ने का झूठा नाटक किया।
audio/chunk_00290.wav|उस बूढ़े कौवे को उल्लुओं का 1 सैनिक अपनी गुफा में ले आया और राजा से बोला कि इस बूढ़े कौवे ने हमारे पक्ष में बात रखते हुए कहा था कि हम उल्लू ही पक्षियों के राजा बनने योग्य पक्षी हैं।
audio/chunk_00291.wav|इसलिए इसकी यह हालत हुई है।
audio/chunk_00292.wav|उल्लुओं के राजा ने यह सोचकर कि यह बूढ़ा कौवा कौवों के साम्राज्य को नष्ट करने में मदद करेगा।
audio/chunk_00293.wav|उसे अपने साथ रख लिया।
audio/chunk_00294.wav|दिन के समय जब उल्लुओं को सूरज की रोशनी में कुछ दिखाई नहीं देता
audio/chunk_00295.wav|तब बूढ़े कौवे ने गुफा के द्वार पर लकड़ियां रखकर उसमें आग लगा दी।
audio/chunk_00296.wav|आग की लपटें इतनी तेज हो गईं कि सारे उल्लू जलकर राख हो गए और उल्लुओं का साम्राज्य नष्ट हो गया।
audio/chunk_00297.wav|इस कहानी से हमें यह शिक्षा मिलती है
audio/chunk_00298.wav|कि दुश्मन पर कभी भी विश्वास नहीं करना चाहिए और ना ही उन्हें अपने घर में रहने देना चाहिए।
audio/chunk_00299.wav|शेर और लकड़हारा।
audio/chunk_00300.wav|एक घने जंगल में शेर अपने 2 मित्र कौवा और सियार के साथ रहता था
audio/chunk_00301.wav|शेर शिकार करता था और अपना पेट भरने के बाद बचा हुआ भोजन अपने मित्रों को देता था
audio/chunk_00302.wav|इसलिए कौवा और स्यार शेर पर ही अपने भोजन के लिए निर्भर रहते थे
audio/chunk_00303.wav|उसी जंगल के पास गाँव में 1 लकड़हारा अपनी पत्नी के साथ रहता था।
audio/chunk_00304.wav|एक दिन लकड़हारा अपनी पत्नी के साथ जंगल में आया और दोनों ने खूब सारी लकड़ियां ले ली और वे अपने घर चले गए।
audio/chunk_00305.wav|लकड़हारे की पत्नी ने खाना पकाया और वे घर के बाहर बैठकर खाने लगे।
audio/chunk_00306.wav|शेर को खाने की महक आई और वह उनके पास पहुंचा
audio/chunk_00307.wav|लकड़हारे और उसकी पत्नी ने शेर से डरने की बजाय उसे खाना परोसा
audio/chunk_00308.wav|शेर ने पहली बार पका हुआ भोजन खाया था
audio/chunk_00309.wav|उसे बहुत ही स्वादिष्ट लगा।
audio/chunk_00310.wav|दोनों पति-पत्नी ने शेर को कहा कि वह बेझिझक कभी भी आकर खाना खा सकता है।
audio/chunk_00311.wav|इस प्रकार शेर रोज़ उनके साथ ही खाना खाने लगा और उसने आलस में आकर शिकार करना भी छोड़ दिया
audio/chunk_00312.wav|अब तो कौवे और सियार को चिंता होने लगी कि आखिर शेर शिकार क्यों नहीं कर रहा।
audio/chunk_00313.wav|दोनों शेर का पीछा करते करते लकड़हारे के घर पहुंचे।
audio/chunk_00314.wav|जैसे ही वे शेर से बात करने के लिए आगे बढ़े, वैसे ही लकड़हारा और उसकी पत्नी कौवा और सियार को देख पास के लंबे से पेड़ पर चढ़ गए।
audio/chunk_00315.wav|इस कहानी से हमें यह शिक्षा मिलती है कि धूर्त लोगों से हमेशा सावधान रहना चाहिए।
audio/chunk_00319.wav|एक बढ़ई बड़े से लकड़ी के लट्ठे को काट रहा था
audio/chunk_00320.wav|तभी उनके भोजन की घंटी बजी और सभी कारीगर अपने औजार वहीं छोड़कर खाना खाने चले गए
audio/chunk_00321.wav|बढ़ई ने लकड़ी के लट्ठे में खूंटा लगा दिया।
audio/chunk_00322.wav|ताकि दरार बंद ना हो।
audio/chunk_00323.wav|सभी बंदर वहाँ आ गए और उछल कूद करने लगे
audio/chunk_00324.wav|तभी 1 बंदर उस लट्ठे पर बैठ गया और उस खूंटे को पकड़कर खींचने लगा
audio/chunk_00325.wav|खूंटा बाहर निकल आया लेकिन बंदर की पूंछ उसमें दब गई।
audio/chunk_00326.wav|बंदर दर्द के मारे लट्ठे पर से उछल तो आया लेकिन उसकी पूंछ हमेशा के लिए कट गई।
audio/chunk_00327.wav|इस कहानी से हमें यह शिक्षा मिलती है कि कुछ भी करने से पहले अच्छी तरह विचार करना चाहिए।
audio/chunk_00328.wav|बंदर और मगरमच्छ।
audio/chunk_00329.wav|गंगा नदी में 1 बड़ा सा मगरमच्छ रहता था
audio/chunk_00330.wav|नदी किनारे 1 बड़ा सा जामुन का पेड़ था।
audio/chunk_00331.wav|उस पेड़ पर उसका बंदर मित्र रहता था जिसका नाम रक्तमुखा था
audio/chunk_00332.wav|वह मगरमच्छ को रोज जामुन देता था।
audio/chunk_00333.wav|1 दिन बंदर ने उसे बहुत सारे जामुन देकर कहा कि इसे वह अपनी पत्नी को दे दे। जब मगरमच्छ की पत्नी ने वह स्वादिष्ट जामुन खाए, तो वह मगरमच्छ से बोली, बंदर तो रोज इतने मीठे जामुन खाता है।
audio/chunk_00334.wav|जरा सोचो उसका हृदय कितना स्वादिष्ट होगा।
audio/chunk_00335.wav|मुझे तो बंदर का हृदय चाहिए।
audio/chunk_00336.wav|यह कहकर वह रोने लगी।
audio/chunk_00337.wav|अगले दिन मगरमच्छ ने बंदर को भोजन के लिए आमंत्रित किया और उसे अपनी पीठ पर बिठाकर नदी में ले जाने लगा
audio/chunk_00339.wav|यह सुनकर बंदर डर गया।
audio/chunk_00340.wav|लेकिन उसने अपनी सूझबूझ से 1 उपाय सोचा
audio/chunk_00341.wav|अरे तुमने मुझे पहले क्यों नहीं बताया मैं अपना हृदय तो पेड़ पर ही छोड़ आया हूं
audio/chunk_00342.wav|तुम मुझे वापस ले चलो, मैं अपना हृदय लेकर आता हूँ।
audio/chunk_00343.wav|मगरमच्छ उसे वापस पेड़ के पास ले आया।
audio/chunk_00344.wav|और वहीं उसका इंतज़ार करने लगा
audio/chunk_00346.wav|अरे मूर्ख अपना हृदय भी भला कोई अपने आप से अलग कर सकता है
audio/chunk_00347.wav|तुमने मेरे साथ धोखा किया है।
audio/chunk_00349.wav|मगरमच्छ सिर झुकाए अपने घर लौट जाता है।
audio/chunk_00350.wav|इस कहानी से हमें यह शिक्षा मिलती है कि सूझबूझ और अक्लमंदी से हर परेशानी को हल किया जा सकता है।
audio/chunk_00352.wav|ईश्वर की अनुकंपा से उनके यहां बच्चा पैदा हुआ।
audio/chunk_00353.wav|उनके घर में 1 पालतू जानवर भी था नेवला।
audio/chunk_00355.wav|एक दिन कुछ लोग आए और ब्राह्मण को अपने घर पूजा करवाने के लिए चलने को कहने लगे।
audio/chunk_00356.wav|उस वक्त ब्राह्मण की पत्नी भी घर पर नहीं थी।
audio/chunk_00357.wav|ब्राह्मण बच्चे को अकेला छोड़कर जाना नहीं चाहता था
audio/chunk_00358.wav|लेकिन उसने सोचा कि नेवला है ना वह बच्चे का ध्यान रखेगा।
audio/chunk_00359.wav|यह सोचकर ब्राह्मण चला गया।
audio/chunk_00360.wav|नेवला बच्चे के पालने के पास बैठ गया।
audio/chunk_00361.wav|तभी उसने देखा कि 1 बड़ा सा काला सांप बच्चे के पास आ रहा है।
audio/chunk_00362.wav|नेवले ने उस सांप से लड़ाई की और उसे वहीं मार दिया।
audio/chunk_00363.wav|थोड़ी देर बाद जब ब्राह्मण की पत्नी घर आई तो उसने नेवले के मुंह और पंजों में खून लगा हुआ देखा।
audio/chunk_00364.wav|उसने सोचा कि नेवले ने उसके बच्चे को मार दिया है।
audio/chunk_00365.wav|उसने आव देखा ना ताव और घड़े से नेवले को मार दिया।
audio/chunk_00366.wav|जब अंदर उसने बच्चे को आराम से सोता हुआ और काला सांप मरा हुआ देखा
audio/chunk_00367.wav|तो वह समझ गई कि उससे आज बहुत बड़ा पाप हो गया है।
audio/chunk_00368.wav|वह जोर-जोर से रोने लगी और पछताने लगी कि उसने वफादार नेवले को मार दिया है।
audio/chunk_00369.wav|इस कहानी से हमें यह शिक्षा मिलती है कि संवेदनशील मामलों में जल्दबाज़ी में निर्णय नहीं लेना चाहिए।
audio/chunk_00370.wav|चूहा और लोहे का तराजू।
audio/chunk_00371.wav|एक गाँव में धनी व्यापारी रहता था जिसका नाम जीवर्ण धना था
audio/chunk_00372.wav|गाँव के पास ही नदी थी जिसमें बाढ़ आने के कारण पूरा गाँव तबाह हो गया
audio/chunk_00373.wav|जीवर्ण धना ने सोचा कि अब दूसरे शहर जाकर धन कमाना चाहिए
audio/chunk_00374.wav|उसके पास पूर्वजों का लोहे का तराजू था।
audio/chunk_00375.wav|इसलिए वह तराजू उसने अपने मित्र जनक के यहाँ रख दिया और कहा कि वह जब शहर से लौटेगा तब तराजू ले लेगा।
audio/chunk_00376.wav|कुछ सालों बाद जीवन धना खूब सारा धन कमाकर अपने गांव लौटा और जनक से तराजू मांगा।
audio/chunk_00377.wav|जनक दुखी होकर बोला कि उसके घर में बहुत सारे चूहे हैं।
audio/chunk_00378.wav|इसलिए चूहों ने उसका तराजू खा लिया है।
audio/chunk_00379.wav|जीवर्ण धना को यह बात अजीब सी लगी।
audio/chunk_00380.wav|लेकिन उसने जनक से कुछ नहीं कहा।
audio/chunk_00381.wav|फिर जीवन धना जनक से बोला,
audio/chunk_00382.wav|मैं मंदिर जा रहा हूँ प्रसाद चढ़ाने
audio/chunk_00383.wav|और तुम अपने बेटे को मेरे साथ भेज दो।
audio/chunk_00384.wav|मैं उसके हाथों तुम्हारे लिए भी प्रसाद भिजवा दूँगा।
audio/chunk_00385.wav|साथ ही वह मेरे चप्पलों का भी ध्यान रखेगा।
audio/chunk_00386.wav|जनक अपने बेटे को भेज देता है, लेकिन काफी देर हो जाने के बाद भी वह जब नहीं लौटता, तो वह चिंतित होकर जीवन धना के घर पहुंचता है।
audio/chunk_00387.wav|जीवर्ण धना दुखी होकर कहता है कि उसके बेटे को मंदिर के बाहर से गिद्ध उठाकर ले गया है।
audio/chunk_00388.wav|यह सुनकर जनक उससे झगड़ने लगता है।
audio/chunk_00389.wav|और मामला न्यायालय तक पहुँच जाता है
audio/chunk_00390.wav|जीवन धना न्यायाधीश से कहता है,
audio/chunk_00392.wav|तो गिद्ध भी इसके लड़के को उठा सकता है।
audio/chunk_00393.wav|न्यायाधीश जनक को सच बताने को कहते हैं और उसे डराते हैं
audio/chunk_00394.wav|कि सच नहीं कहा तो वह जेल जाएगा।
audio/chunk_00395.wav|जनक डर जाता है और सारी सच्चाई बताकर जीवन धना का तराजू लौटा देता है
audio/chunk_00396.wav|और अपना बेटा ले लेता है।
audio/chunk_00397.wav|इस कहानी से हमें यह शिक्षा मिलती है कि अपने मित्र को कभी भी धोखा नहीं देना चाहिए।
audio/chunk_00398.wav|शेर और खरगोश।
audio/chunk_00399.wav|एक घने से जंगल में भसुरका नाम का एक निर्दयी शेर रहता था।
audio/chunk_00400.wav|वह सभी जानवरों को मारता रहता था।
audio/chunk_00401.wav|सभी जानवरों ने मिलकर 1 गोष्ठी की और शेर को वहां बुलाया।
audio/chunk_00402.wav|आप जंगल के राजा हैं।
audio/chunk_00403.wav|और हम यह समझते हैं कि आपको भोजन के लिए हमें मारना पड़ता है।
audio/chunk_00404.wav|लेकिन आप जो भी सामने आए उसे मार देते हैं।
audio/chunk_00405.wav|हम चाहते हैं कि आप अपनी गुफा में ही रहें और हम में से 1 जानवर रोज़ आपके पास आ जाए।
audio/chunk_00406.wav|आप उसे मारकर अपनी भूख शांत कर सकते हैं।
audio/chunk_00407.wav|शेर सभी जानवरों की यह बात मान लेता है।
audio/chunk_00408.wav|इस तरह 1-1 जानवर रोज शेर के पास जाता है।
audio/chunk_00409.wav|एक बार एक खरगोश की बारी आती है।
audio/chunk_00410.wav|वह जानबूझकर शेर के पास बहुत देरी से पहुँचता है।
audio/chunk_00411.wav|शेर को बहुत गुस्सा आता है।
audio/chunk_00412.wav|और वह दहाड़ते हुए उससे देरी का कारण पूछता है।
audio/chunk_00413.wav|खरगोश कहता है कि उसे रास्ते में 1 और शेर मिला।
audio/chunk_00414.wav|और वह स्वयं को जंगल का राजा बता रहा था।
audio/chunk_00415.wav|शेर यह सुनकर आग बबूला हो जाता है।
audio/chunk_00417.wav|खरगोश शेर को 1 गहरे कुएं के पास ले जाता है और कहता है,
audio/chunk_00418.wav|आप इस कुएं में देखिए, यहीं शेर है।
audio/chunk_00419.wav|जब शेर कुएं में झांकता है, तो उसे वहां अपनी परछाई दिखाई देती है।
audio/chunk_00420.wav|वह अपनी परछाई को दूसरा शेर समझकर जोर से दहाड़ता है।
audio/chunk_00421.wav|उसे बहुत गुस्सा आता है।
audio/chunk_00422.wav|और वह दूसरे शेर पर झपटने के लिए कुएँ में गिर जाता है
audio/chunk_00424.wav|जंगल के सभी जानवर खरगोश की बुद्धि की प्रशंसा करते हैं और खुशी खुशी रहने लगते हैं।
audio/chunk_00425.wav|इस कहानी से हमें यह शिक्षा मिलती है कि शारीरिक बल की अपेक्षा बुद्धि का बल श्रेष्ठ होता है।
audio/chunk_00426.wav|ऊँट के गले में बंधी घंटी
audio/chunk_00427.wav|एक गाँव में उज्जवलका नाम का व्यक्ति रहता था
audio/chunk_00428.wav|वह छकड़ा गाड़ी बनाने का धंधा किया करता था
audio/chunk_00429.wav|लेकिन उसका धंधा ठीक नहीं चल रहा था।
audio/chunk_00430.wav|वह अपनी पत्नी को लेकर दूसरा काम ढूंढने शहर निकल जाता है
audio/chunk_00431.wav|रास्ते में 1 जंगल पड़ता है।
audio/chunk_00432.wav|वहाँ एक गर्भवती ऊँठनी दर्द से कराह रही होती है
audio/chunk_00433.wav|उज्जवलका की पत्नी उस ऊँटनी के पास जाकर उसकी देखभाल करती है
audio/chunk_00434.wav|उस ऊँठनी को बच्चा हो जाता है
audio/chunk_00435.wav|उज्जवल का उस ऊँठनी और उसके बच्चे को लेकर अपने घर आ जाता है
audio/chunk_00436.wav|वह ऊँटनी के दूध को बेचकर काफ़ी धनी हो जाता है और कई और ऊँटनी ख़रीद लेता है
audio/chunk_00437.wav|वहीं ऊँटनी का बच्चा भी धीरे धीरे बड़ा होने लगता है
audio/chunk_00438.wav|तो वह उस बच्चे के गले में 1 घंटी बांध देता है
audio/chunk_00439.wav|ताकि वह कहीं भी जाए तो घंटी बजने से उसका पता चल जाए
audio/chunk_00440.wav|सभी ऊँटनी एक साथ मिलकर चरने के लिए जाया करती थी
audio/chunk_00441.wav|ऊँटनी का बच्चा हमेशा झुंड के पीछे चला करता था
audio/chunk_00442.wav|सभी ने उसे कई बार समझाया कि वह आगे चले
audio/chunk_00443.wav|लेकिन वह किसी की नहीं सुनता था
audio/chunk_00445.wav|बच्चा भी साथ चला और अपनी आदत के अनुसार इस बार भी वह पीछे ही था
audio/chunk_00446.wav|वहीं थोड़ी दूर पर 1 शेर था।
audio/chunk_00447.wav|उसे घंटी के बजने की आवाज़ सुनाई दी
audio/chunk_00448.wav|शेर आवाज़ का पीछा करता करता उस बच्चे तक पहुँच गया
audio/chunk_00449.wav|उसने देखा कि बच्चा तो सबसे पीछे है
audio/chunk_00450.wav|शेर ने सही मौका देखकर ऊँटनी के बच्चे को दबोच लिया और उसे मारकर खा लिया
audio/chunk_00452.wav|धर्म बुद्धि और पाप बुद्धि।
audio/chunk_00453.wav|एक गांव में धर्म बुद्धि और पाप बुद्धि नाम के 2 मित्र रहते थे।
audio/chunk_00455.wav|शहर में वे काफ़ी सारा धन कमाते हैं और उसे लेकर वापस गाँव लौट जाते हैं
audio/chunk_00456.wav|रास्ते में पाप बुद्धि कहता है कि हमें सारा धन गांव नहीं ले जाना चाहिए, वरना हमारे रिश्तेदार इसमें से हिस्सा मांगेंगे।
audio/chunk_00457.wav|धर्म बुद्धि पाप बुद्धि की बात से सहमत हो जाता है
audio/chunk_00458.wav|दोनों मिलकर पेड़ के नीचे गड्ढा खोदकर उसमें अपना धन छुपा देते हैं।
audio/chunk_00459.wav|पाप बुद्धि रात में अकेले आता है और सारा धन चुरा लेता है
audio/chunk_00460.wav|कुछ दिनों बाद वह धर्म बुद्धि से मिलता है और कहता है कि उसे कुछ धन की आवश्यकता है।
audio/chunk_00461.wav|दोनों उस गड्ढे के पास पहुंचते हैं।
audio/chunk_00462.wav|पाप बुद्धि उस खाली गड्ढे को देखकर धर्म बुद्धि पर चोरी का इल्जाम लगा देता है
audio/chunk_00463.wav|दोनों न्यायाधीश के पास पहुंचते हैं।
audio/chunk_00464.wav|पाप बुद्धि न्यायाधीश को सारी बात बताकर कहता है कि हमें गड्ढे के पास वाले पेड़ की गवाही लेनी चाहिए क्योंकि जो भी हुआ वह उसी ने देखा है।
audio/chunk_00465.wav|न्यायाधीश उसकी बात मान लेते हैं और 2 दिन बाद की तारीख़ देते हैं।
audio/chunk_00466.wav|इसी दौरान पाप बुद्धि अपने पिता को उस खोखले पेड़ के अंदर छिपाने की योजना बनाता है
audio/chunk_00467.wav|2 दिन बाद जब सभी पेड़ के पास पहुंचते हैं, तो पेड़ के अंदर छिपे पाप बुद्धि के पिता धर्म बुद्धि को दोषी ठहराते हैं।
audio/chunk_00468.wav|तभी धर्म बुद्धि पेड़ के नीचे घास फूस डालकर उसमें आग लगा देता है।
audio/chunk_00469.wav|पाप बुद्धि का पिता जोर से चिल्लाता हुआ बाहर निकल आता है।
audio/chunk_00470.wav|न्यायाधीश सब कुछ समझ जाते हैं और पाप बुद्धि को कठोर सजा सुनाते हैं।
audio/chunk_00471.wav|इस कहानी से हमें यह शिक्षा मिलती है कि दुष्ट मित्रों से हमेशा दूरी रखनी चाहिए।
audio/chunk_00472.wav|एक घने जंगल में महाचतुर्का नाम का सियार रहता था
audio/chunk_00473.wav|एक बार वह भोजन की तलाश में घूमते घूमते एक मरे हुए हाथी के पास पहुँचा
audio/chunk_00474.wav|लेकिन उसके दांत इतने मजबूत नहीं थे कि वह हाथी का मांस चीरकर खा सके
audio/chunk_00475.wav|तभी वहाँ 1 शेर आता है
audio/chunk_00476.wav|सियार उससे कहता है कि हाथी को खा लीजिए मैं आपके लिए ही इसकी सुरक्षा कर रहा था
audio/chunk_00477.wav|लेकिन शेर कहता है कि वह बासी मांस नहीं खाता
audio/chunk_00478.wav|शियार खुश हो जाता है तभी वहाँ एक बाघ आता है
audio/chunk_00479.wav|सियार बाघ से कहता है कि किसी ने इस हाथी को जहरीले तीर से मारा है
audio/chunk_00480.wav|बाघ डर जाता है और चला जाता है
audio/chunk_00481.wav|तभी वहाँ कुछ बाज़ आते हैं
audio/chunk_00482.wav|सियार कहता है कि उसने इस हाथी का शिकार किया है और इसकी चमड़ी को दो शिकारियों को बेचा है
audio/chunk_00483.wav|यदि शिकारियों ने तुम्हें देख लिया तो वह तुम्हारा शिकार कर देंगे
audio/chunk_00484.wav|बाज़ भी डर कर उड़ जाते हैं।
audio/chunk_00485.wav|अंत में वहाँ एक तेंदुआ आता है
audio/chunk_00486.wav|सियार तेंदुए से कहता है आप इस हाथी का मांस खा सकते हैं
audio/chunk_00487.wav|इसका शिकार 1 शेर ने किया है वह अपने परिवार को लाने गया है
audio/chunk_00488.wav|जब तक शेर नहीं आता आप इसे खा लीजिए जैसे ही वह आएगा मैं आपको बता दूँगा
audio/chunk_00489.wav|तेंदुआ हाथी की चमड़ी फाड़कर जैसे ही मांस खाने लगता है तभी सियार जोर से चिल्लाता है शेर आया शेर आया
audio/chunk_00490.wav|तेंदुआ डर के मारे तेज़ी से भाग जाता है
audio/chunk_00491.wav|चालाक सियार अब आराम से कई दिनों तक हाथी का मांस खाता है
audio/chunk_00493.wav|मतलबी दोस्तों से दूरी ही अच्छी
audio/chunk_00494.wav|एक जंगल में मड़ोदका नाम का शेर रहता था
audio/chunk_00495.wav|उसके 3 मित्र थे गीदड़ कौवा और भेड़िया
audio/chunk_00496.wav|वे तीनों ही स्वार्थी थे।
audio/chunk_00497.wav|वे शेर के साथ इसलिए रहते थे क्योंकि उन्हें आसानी से खाना मिल जाता था
audio/chunk_00498.wav|एक बार उस जंगल में भटकता हुआ एक ऊंट आ गया
audio/chunk_00499.wav|गीदड़ कौआ और भेड़िया सोचने लगे कि इसकी जानकारी शेर को देनी चाहिए ताकि शेर उसका शिकार कर ले और सबको उसका मांस मिल जाए
audio/chunk_00500.wav|जब उन्होंने शेर को ऊंट के बारे में बताया तो शेर ने कहा
audio/chunk_00501.wav|हम उसे मार नहीं सकते वह हमारा अतिथि है
audio/chunk_00502.wav|तुम सब उससे मित्रता कर लो
audio/chunk_00503.wav|इस प्रकार गीदड़ कौवा और भेड़िया ऊंट के मित्र बनने का नाटक करने लगे
audio/chunk_00504.wav|एक बार शेर की लड़ाई हाथी से हुई।
audio/chunk_00505.wav|उस लड़ाई के बाद शेर काफ़ी कमजोर पड़ गया और वह शिकार करने के योग्य नहीं रहा
audio/chunk_00506.wav|कई दिन बीत गए और खाने को कुछ नहीं बचा।
audio/chunk_00507.wav|गीदड़ कौआ और भेड़िया ने ऊँट को मरवाने की एक योजना बनाई
audio/chunk_00508.wav|शेर की दयनीय हालत देखकर कौवा बोला
audio/chunk_00509.wav|गीदड़ बोला अरे तुम्हारा शरीर तो कितना छोटा है
audio/chunk_00510.wav|इससे शेर का पेट थोड़े ही भरेगा।
audio/chunk_00511.wav|फिर गीदड़ और भेड़िया दोनों कहने लगे कि शेर उन्हें खा ले
audio/chunk_00512.wav|कौआ बोला, तुम्हारा शरीर भी छोटा है।
audio/chunk_00513.wav|इससे सबका पेट नहीं भरेगा।
audio/chunk_00514.wav|ऊँट को लगा कि उसे भी अब अपने आप को समर्पित करना चाहिए
audio/chunk_00515.wav|जैसे ही ऊंट ने कहा कि उसे खा लिया जाए वैसे ही तीनों मित्र उस पर झपट पड़े
audio/chunk_00516.wav|शेर को लगा कि यह तो ऊँट की ही इच्छा थी इसलिए वह कुछ नहीं बोला
audio/chunk_00517.wav|सब ने मिलकर ऊँट के कई टुकड़े कर दिए और कई दिनों तक भोजन करते रहे
audio/chunk_00518.wav|इस कहानी से हमें यह शिक्षा मिलती है कि उन लोगों से हमेशा सावधान रहें जो आपको नुकसान पहुँचाने के लिए मीठी मीठी बातें करके आपके मित्र बनने का दिखावा करते हैं।
audio/chunk_00519.wav|एक गाँव में एक गरीब ब्राह्मण रहता था
audio/chunk_00520.wav|वह आस पास के गाँवों में जाकर पूजा पाठ और हवन कराया करता था
audio/chunk_00521.wav|एक बार उसके घर एक ब्राह्मण आया और कहने लगा
audio/chunk_00522.wav|मैं यहां किसी पूजा के लिए आया हूं।
audio/chunk_00523.wav|क्या मैं कुछ दिनों तक आपके घर में रह सकता हूँ
audio/chunk_00524.wav|ब्राह्मण उसका तहे दिल से स्वागत करते हैं और अपने घर में रहने के लिए कह देते हैं
audio/chunk_00525.wav|एक दिन ब्राह्मण अपनी पत्नी से कहता है
audio/chunk_00526.wav|इसलिए हमारे अतिथि का विशेष ख्याल रखना
audio/chunk_00527.wav|इन्हें अच्छे से भोजन कराना।
audio/chunk_00528.wav|यह सुनकर उसकी पत्नी गुस्सा हो जाती है और कहती है कि घर में तो कुछ भी नहीं है
audio/chunk_00529.wav|मेरे पास ना गहने हैं और ना ही अच्छे कपड़े
audio/chunk_00530.wav|ब्राह्मण अपनी पत्नी को समझाते हुए कहता है
audio/chunk_00531.wav|हम गरीब हैं तो क्या हुआ?
audio/chunk_00533.wav|वास्तविक भोजन से ज़्यादा हमारी भावना अधिक मायने रखती है
audio/chunk_00534.wav|ब्राह्मण की पत्नी के पास थोड़े से तिल होते हैं वह तिल की मिठाई बनाकर उसे अतिथि ब्राह्मण को खिला देती है
audio/chunk_00535.wav|इस कहानी से हमें यह शिक्षा मिलती है कि मेहमान निवाज़ी अच्छे व्यवहार की एक निशानी है।
audio/chunk_00536.wav|लालची सारस तालाब के पास एक बूढ़ी सारस रहती थी
audio/chunk_00537.wav|बूढ़े होने के कारण वह भोजन की व्यवस्था नहीं कर पा रही थी
audio/chunk_00538.wav|एक दिन वह भूख के मारे रोने लगती है
audio/chunk_00539.wav|तभी 1 केकड़ा वहाँ आता है और रोने का कारण पूछता है
audio/chunk_00540.wav|सारस कहता है मुझे कल एक भविष्य वक्ता ने बताया कि इस तालाब के सभी जीव की मृत्यु हो जाएगी
audio/chunk_00541.wav|यह सुनकर तालाब के सभी जीव चिंतित हो जाते हैं
audio/chunk_00542.wav|तभी सारस कहता है कि वह सभी को एक एक करके अपनी पीठ पर बिठाकर दूसरे तालाब में छोड़ देगा
audio/chunk_00543.wav|इस प्रकार वह रोज़ एक एक मछली अपनी पीठ पर लेकर तालाब जाने की बजाय पास की पहाड़ी पर ले जाता है और उसे मारकर खा लेता है
audio/chunk_00544.wav|खूब सारी मछलियाँ खाकर सारस मोटा और तगड़ा हो जाता है
audio/chunk_00545.wav|एक दिन उसे केकड़ा मिलता है और उससे कहता है कि वह उसे भी दूसरे तालाब में ले जाए
audio/chunk_00546.wav|सारस केकड़े को पीठ पर बिठाकर उड़ने लगता है
audio/chunk_00547.wav|केकड़ा उससे पूछता है कि तालाब कितनी दूर है
audio/chunk_00548.wav|गुस्से में सारस उसे बता देता है कि वह उसे मारने के लिए ले जा रहा है
audio/chunk_00549.wav|केकड़ा अपने पंजों से उसकी गर्दन दबा लेता है और कहता है कि उसे सही सलामत वापस तालाब में पहुँचा दे वरना वह उसकी गर्दन दबोच लेगा
audio/chunk_00550.wav|सारस उस केकड़े को तालाब में छोड़ देता है
audio/chunk_00551.wav|केकड़ा तालाब के सभी जीवों को सारस की असलियत बता देता है और फिर सभी मिलकर सारस को मार देते हैं
audio/chunk_00552.wav|इस कहानी से हमें यह शिक्षा मिलती है कि कभी भी ज़्यादा लालच नहीं करना चाहिए
audio/chunk_00553.wav|बहुत समय पहले एक सागर दत्ता नाम का व्यापारी रहता था
audio/chunk_00554.wav|एक बार उसका बेटा कविता की एक पुस्तक ले आया
audio/chunk_00555.wav|उस पुस्तक की 1 पंक्ति जो भाग्य में लिखा है वह मिलकर रहेगा
audio/chunk_00556.wav|इस पंक्ति को वह इतनी बार दोहराता है कि सभी उसे इसी नाम से पुकारने लगते हैं
audio/chunk_00557.wav|एक दिन चंद्रावती नाम की राजकुमारी मेले में एक राजकुमार को देखती है
audio/chunk_00558.wav|और उसे उससे प्यार हो जाता है
audio/chunk_00559.wav|राजकुमारी अपनी नौकरानी के माध्यम से राजकुमार को मिलने के लिए बुलाती है
audio/chunk_00560.wav|लेकिन जिस दिन उन्हें मिलना होता है उस दिन राजकुमार नहीं आता
audio/chunk_00561.wav|वहीं महल के पास व्यापारी का बेटा टहल रहा होता है कि तभी उसकी नज़र राजकुमारी के कमरे से लटकती हुई रस्सी पर पड़ती है
audio/chunk_00562.wav|राजकुमारी तो राजकुमार का इंतज़ार कर रही होती है लेकिन उसके कमरे में व्यापारी का बेटा आ जाता है
audio/chunk_00563.wav|अंधेरा होने के कारण राजकुमारी उसे राजकुमार समझकर अपने दिल की बातें करने लगती है
audio/chunk_00564.wav|लेकिन राजकुमार को काफ़ी देर तक चुप बैठा देख
audio/chunk_00565.wav|जब वह उससे प्रश्न करती है तो व्यापारी का बेटा कहता है जो भाग्य में लिखा है वह मिलकर रहेगा
audio/chunk_00566.wav|राजकुमारी उसे गुस्से से बाहर निकाल देती है
audio/chunk_00567.wav|व्यापारी का बेटा मंदिर पहुँचता है
audio/chunk_00568.wav|मंदिर का पुजारी उसे 1 कमरे में विश्राम करने को कहता है
audio/chunk_00569.wav|लेकिन वह गलती से दूसरे कमरे में चला जाता है
audio/chunk_00570.wav|उस कमरे में चौकीदार की बेटी विनयवती अपने प्रेमी का इंतज़ार कर रही होती है
audio/chunk_00571.wav|अंधेरे के कारण वह उसे अपना प्रेमी समझ गंधर्व विधि से उससे विवाह कर लेती है
audio/chunk_00572.wav|जब वह अपने प्रेमी से बात करने को कहती है तो व्यापारी का बेटा कहता है जो भाग्य में लिखा है वह मिलकर रहेगा
audio/chunk_00573.wav|विनयवती उसे धक्के मारकर बाहर निकाल देती है
audio/chunk_00574.wav|अब व्यापारी का बेटा थोड़ी दूर पर हो रही शादी में शामिल हो जाता है
audio/chunk_00575.wav|दुल्हे का नाम वरा कीर्ति होता है
audio/chunk_00576.wav|तभी वहाँ एक पागल हाथी आ जाता है
audio/chunk_00577.wav|व्यापारी का बेटा अपनी जान पर खेलकर दुल्हन को बचा लेता है और हाथी को बांध देता है
audio/chunk_00578.wav|दुल्हन कोई और नहीं बल्कि चंद्रावती नाम की राजकुमारी ही होती है
audio/chunk_00579.wav|वह व्यापारी के बेटे से विवाह कर लेती है और खुशी खुशी रहने लगती है। अतः अंत में वही होता है जो भाग्य में लिखा है। इस कहानी से हमें यह शिक्षा मिलती है कि भाग्य जीवन में एक महत्वपूर्ण भूमिका निभाता है।
audio/chunk_00582.wav|इस प्रकार दान करते करते एक बार वह निर्धन हो गया
audio/chunk_00583.wav|एक दिन रात में सोते सोते उसने सोचा कि वह भूखा रहकर आत्महत्या कर लेगा
audio/chunk_00584.wav|उसी रात उसने स्वप्न में जैन सन्यासी को देखा
audio/chunk_00585.wav|वह सन्यासी बोले मैं कल तुम्हारे घर आऊंगा
audio/chunk_00586.wav|तुम मेरे सिर पर डंडा मारना और मैं तभी सोने का हो जाऊँगा
audio/chunk_00587.wav|अगले दिन सुबह एक जैन सन्यासी आता है
audio/chunk_00588.wav|उसी दौरान एक नाई भी व्यापारी के पत्नी के पैरों की मालिश करने आता है
audio/chunk_00589.wav|व्यापारी जैन सन्यासी को डंडा मारते हैं और तभी वह शरीर सोने का हो जाता है
audio/chunk_00590.wav|नाई चुपके से यह सब देख लेता है
audio/chunk_00591.wav|अगले दिन वह कुछ साधुओं को अपने घर बुलाता है और यह सोचकर कि डंडा मारने से यह भी सोने के हो जाएंगे सभी को जोर से सिर पर डंडा मार देता है
audio/chunk_00592.wav|कुछ साधु मर जाते हैं और कुछ को भयंकर चोट लगती है
audio/chunk_00593.wav|जब न्यायालय में नाई से ऐसा करने का कारण पूछा जाता है
audio/chunk_00594.wav|तो वह कहता है कि उसने यह सब व्यापारी को देखकर किया है
audio/chunk_00595.wav|व्यापारी न्यायाधीश को पूरी बात बता देते हैं
audio/chunk_00596.wav|न्यायाधीश नाई को फांसी की सज़ा सुनाते हैं
audio/chunk_00597.wav|इस कहानी से हमें यह शिक्षा मिलती है कि बिना विचारे दूसरों की नकल करना खतरनाक हो सकता है।
audio/chunk_00598.wav|एक छोटे से गाँव में एक ब्राह्मण अपनी पत्नी के साथ रहता था
audio/chunk_00599.wav|उनके कोई संतान नहीं थी।
audio/chunk_00600.wav|काफ़ी मन्नतों के बाद उनके यहाँ एक बच्चा पैदा हुआ
audio/chunk_00601.wav|लेकिन वह बच्चा 1 साँप था
audio/chunk_00602.wav|ब्राह्मण की पत्नी उस साँप को अपना बच्चा ही समझती थी और उसका पालन पोषण करती थी
audio/chunk_00603.wav|जब साँप बड़ा हो जाता है तो ब्राह्मण की पत्नी ब्राह्मण से कहती है कि साँप की शादी करवा देनी चाहिए
audio/chunk_00604.wav|ब्राह्मण दुखी होकर सोचता है कि साँप को भला कौन अपनी बेटी देगा
audio/chunk_00605.wav|लेकिन अपनी पत्नी की ज़िद के कारण वह सबसे विवाह की बात करने लगता है
audio/chunk_00606.wav|एक दिन वह अपने पुराने मित्र को यह बात बताता है
audio/chunk_00607.wav|उसका मित्र कहता है कि वह अपनी बेटी का विवाह साँप से कर देगा
audio/chunk_00608.wav|साँप और लड़की का विवाह हो जाता है और वे खुशी खुशी रहने लगते हैं
audio/chunk_00609.wav|तभी एक दिन जब साँप अपनी टोकरी से बाहर निकलता है
audio/chunk_00610.wav|तभी वह 1 लड़का बन जाता है
audio/chunk_00611.wav|उसकी पत्नी उसे मानव के रूप में देख बहुत खुश हो जाती है
audio/chunk_00612.wav|इस तरह वह साँप कभी साँप कभी मानव का रूप बदलता रहता है
audio/chunk_00613.wav|एक दिन जब साँप मानव के रूप में होता है तो उसके पिता साँप की केंचली को लेकर आग में जला देते हैं
audio/chunk_00614.wav|उसका बेटा उसके पास भाग कर आता है
audio/chunk_00615.wav|और अपने पिता को अपनी जान बचाने के लिए धन्यवाद कहता है
audio/chunk_00616.wav|वह केचुली वास्तव में उसे श्राप स्वरूप मिली थी
audio/chunk_00617.wav|इस प्रकार ब्राह्मण का पूरा परिवार खुशी खुशी जीवन व्यतीत करने लगता है
audio/chunk_00618.wav|इस कहानी से हमें यह शिक्षा मिलती है कि दुख के बाद सुख अवश्य आता है।
audio/chunk_00619.wav|राजा के शयन कक्ष में एक सफ़ेद जू रहती थी जिसका नाम मंदरी सर्पनि था
audio/chunk_00620.wav|वह चादर के कोने में छुपकर रहती थी और रात में जब राजा सो जाया करते थे तब वह उनका खून चूसती थी
audio/chunk_00621.wav|एक दिन रात में राजा के शयन कक्ष में अग्निमुखा नाम का एक खटमल आ जाता है
audio/chunk_00622.wav|जूं उससे कहती है यह कक्ष मेरा है
audio/chunk_00623.wav|लेकिन खटमल जू से मीठी मीठी बातें करने लगता है और कहता है कि वह तो अतिथि है
audio/chunk_00624.wav|उसे बस आज आज यहाँ रहने दिया जाए
audio/chunk_00625.wav|जूं उसकी बातों में आकर उसे 1 दिन रहने की आज्ञा दे देती है
audio/chunk_00626.wav|लेकिन जूं खटमल से कहती है कि वह राजा का खून नहीं चूसे
audio/chunk_00627.wav|खटमल कहता है कि उसे बस थोड़ी देर खून चूसने दिया जाए नहीं तो अतिथि भूखा रह जाएगा
audio/chunk_00628.wav|जूं कहती है ठीक है लेकिन इस बात का ध्यान रहे कि राजा को तकलीफ़ ना हो
audio/chunk_00629.wav|जब रात में राजा सो जाते हैं तो लालची खटमल उनका खून चूसने लगता है
audio/chunk_00630.wav|थोड़ी देर बाद राजा को खुजली होने लगती है और वह तुरंत उठकर बैठ जाते हैं
audio/chunk_00631.wav|राजा के नौकर खटमल को ढूँढ़ने लगते हैं लेकिन चालाक खटमल बिस्तर के जोड़ में छिप जाता है
audio/chunk_00632.wav|जबकि जूं पकड़ी जाती है
audio/chunk_00633.wav|राजा के नौकर जूं को पकड़कर उसे मार देते हैं
audio/chunk_00634.wav|इस कहानी से हमें यह शिक्षा मिलती है कि अनजान लोगों पर कभी भी विश्वास नहीं करना चाहिए।
audio/chunk_00635.wav|छोटा सा चूहा और बड़ा सा हाथी
audio/chunk_00636.wav|एक गाँव में भूकंप आता है और सभी घर नष्ट हो जाते हैं
audio/chunk_00637.wav|गांव के सभी लोग गांव छोड़कर दूसरे गांव में चले जाते हैं।
audio/chunk_00638.wav|उन टूटे फूटे घरों में चूहे रहने लगते हैं।
audio/chunk_00639.wav|और धीरे धीरे उनकी संख्या करोड़ों तक पहुँच जाती है
audio/chunk_00640.wav|उसी गाँव के पास 1 तालाब था जहाँ हाथियों का झुंड पानी पीने आया करता था।
audio/chunk_00641.wav|लेकिन हाथियों को तालाब तक पहुँचने के लिए उस गाँव से गुज़रना पड़ता था
audio/chunk_00642.wav|इस वजह से हाथियों के पैरों के नीचे कई चूहे कुचल जाया करते थे।
audio/chunk_00643.wav|सभी चूहे हाथियों से बहुत दुखी थे।
audio/chunk_00644.wav|एक दिन चूहों का राजा हाथी के राजा से मिलने गया
audio/chunk_00645.wav|उसने अपनी समस्या बताई
audio/chunk_00646.wav|कृपया आप अपना रास्ता बदल लीजिए
audio/chunk_00647.wav|यदि कभी आपको ज़रूरत पड़ी तो हम चूहे भी आपके काम अवश्य आएँगे
audio/chunk_00648.wav|हाथी का राजा हंसते हुए बोला,
audio/chunk_00649.wav|अरे तुम तो कितने छोटे हो, हमारे क्या काम आओगे?
audio/chunk_00650.wav|लेकिन फिर भी मैं तुमसे वादा करता हूँ कि अब से हाथी दूसरे रास्ते से तालाब आया करेंगे
audio/chunk_00651.wav|कुछ दिनों बाद पास के राजा अपने सैनिकों से कहते हैं कि वे अपनी सेना में हाथियों की संख्या बढ़ाना चाहते हैं
audio/chunk_00652.wav|इसलिए जाओ और हाथियों को पकड़ कर लाओ।
audio/chunk_00653.wav|सैनिक तालाब के पास हाथियों के झुंड को देखकर उन्हें जाल में बांध लेते हैं
audio/chunk_00654.wav|हाथियों का राजा जोर से चिल्लाकर चूहों के राजा को पुकारता है।
audio/chunk_00655.wav|हाथी की आवाज़ सुन करोड़ों चूहे वहाँ आ जाते हैं और जाल को कुतर देते हैं।
audio/chunk_00656.wav|सभी हाथी आज़ाद हो जाते हैं और चूहों का धन्यवाद कर उनसे मित्रता कर लेते हैं
audio/chunk_00657.wav|इस कहानी से हमें यह शिक्षा मिलती है कभी कभी कमजोर दिखने वाले लोग भी दूसरों से ताकतवर साबित होते हैं।
audio/chunk_00658.wav|शेरनी और सियार का बच्चा
audio/chunk_00659.wav|एक जंगल में शेर अपनी पत्नी और 2 बच्चों के साथ रहता था।
audio/chunk_00660.wav|एक दिन वह भोजन की तलाश में निकला और उसे एक छोटा सा सियार का बच्चा दिखाई दिया
audio/chunk_00661.wav|शेर को बच्चे पर दया आई और वह उसे मारे बिना अपनी गुफा में ले आया
audio/chunk_00662.wav|शेरनी सियार के बच्चे को अपनाकर उसका भी पालन पोषण करने लगी
audio/chunk_00663.wav|एक दिन शेर के बच्चे और सियार का बच्चा तीनों गुफा के बाहर खेल रहे होते हैं
audio/chunk_00664.wav|तभी उन्हें वहाँ 1 हाथी दिखाई देता है
audio/chunk_00665.wav|शेर के बच्चे अपनी प्रवृत्ति के अनुसार हाथी पर हमला करने को तैयार हो जाते हैं
audio/chunk_00666.wav|जबकि सियार का बच्चा डर कर कहता है, घर चलो, यह तो बहुत बड़ा जानवर है।
audio/chunk_00667.wav|शेर के बच्चों को सियार के बच्चे का डरपोक बर्ताव अजीब सा लगता है
audio/chunk_00668.wav|और वह अपनी माँ से इसकी शिकायत करते हैं
audio/chunk_00669.wav|शेरनी को लगता है कि अब उसे सियार के बच्चे को सब कुछ सच बता देना चाहिए
audio/chunk_00670.wav|वह सियार के बच्चे को बुलाकर सब कुछ सच बता देती है और कहती है तुम अनाथ थे इसलिए हम तुम्हें पालने लगे
audio/chunk_00671.wav|यह सच है कि तुम चतुर और होशियार हो लेकिन सियार कभी हाथी को नहीं मार सकते
audio/chunk_00672.wav|इससे पहले कि मेरे बच्चों को तुम्हारे सियार होने की बात पता चले
audio/chunk_00673.wav|और वे तुम्हें मार दें तुम यहाँ से चले जाओ और अपने साथ के लोगों के साथ रहो
audio/chunk_00674.wav|सियार का बच्चा सच जानकर डर जाता है और अपने लोगों के साथ रहने गहरे जंगल में चला जाता है
audio/chunk_00675.wav|इस कहानी से हमें यह शिक्षा मिलती है
audio/chunk_00676.wav|कि हमेशा अपने जैसों के साथ ही रहना चाहिए
audio/chunk_00677.wav|शेर और गंदी बदबू।
audio/chunk_00679.wav|एक दिन उसकी पत्नी ने उससे कहा कि उसके मुँह में से बदबू आ रही है
audio/chunk_00680.wav|शेर को यह सुनकर बहुत गुस्सा आया
audio/chunk_00681.wav|और उसने इसकी जांच करवाने के लिए अपनी सभा के सदस्यों को बुलवाया
audio/chunk_00682.wav|सबसे पहले उसने भेड़ से पूछा कि क्या वाकई मुँह में से बदबू आ रही है
audio/chunk_00683.wav|भेड़ ने सोचा कि उसने यदि सच बोला
audio/chunk_00684.wav|भेड़ ने सोचा कि उसे सच बोलना चाहिए
audio/chunk_00685.wav|हाँ महाराज आज आपके मुँह से बदबू तो आ ही रही है
audio/chunk_00686.wav|शेर को यह जवाब सुनकर बहुत गुस्सा आया
audio/chunk_00687.wav|और उसने भेड़ को मार दिया
audio/chunk_00688.wav|फिर शेर ने भेड़िये से पूछा
audio/chunk_00689.wav|भेड़िये ने सोचा कि सच बोलने पर उसका भी वही हाल होगा जो भेड़ का हुआ है
audio/chunk_00690.wav|किसने कहा कि आपके मुंह से बदबू आ रही है?
audio/chunk_00691.wav|आपके मुँह से तो गुलाब के फूलों की महक आ रही है
audio/chunk_00692.wav|शेर को यह सुनकर और भी गुस्सा आया और वह बोला चापलूस कहीं के अभी बताता हूँ
audio/chunk_00693.wav|शेर ने भेड़िए को भी मार दिया
audio/chunk_00694.wav|अंत में लोमड़ी की बारी आई
audio/chunk_00695.wav|उससे भी शेर ने वही प्रश्न पूछा
audio/chunk_00696.wav|लोमड़ी ने भेड़ और भेड़िये की दुर्दशा देखी और वह अपना गला ठीक करते हुए बोला, महाराज मुझे तो दो तीन दिन से सर्दी और जुखाम हो रखा है।
audio/chunk_00697.wav|इसलिए मुझे ना तो बदबू और ना ही महक का पता चल रहा है
audio/chunk_00698.wav|यह सुनकर शेर लोमड़ी को छोड़ देते हैं
audio/chunk_00699.wav|इस कहानी से हमें यह शिक्षा मिलती है कि संकट के समय चुप रहने में ही भलाई है
audio/chunk_00700.wav|एक गाँव में 4 ब्राह्मण रहते थे।
audio/chunk_00701.wav|वे काफ़ी पढ़े लिखे थे लेकिन वे अपने ज्ञान से संतुष्ट नहीं थे
audio/chunk_00702.wav|इसलिए चारों ने विश्वविद्यालय में दस साल और पढ़ाई की
audio/chunk_00703.wav|पढ़ाई पूरी करने के बाद उन्होंने सोचा कि उन्हें संस्कृत और बाकी विषयों का काफ़ी ज्ञान प्राप्त हो गया है
audio/chunk_00704.wav|अब अपने गाँव लौट जाना चाहिए
audio/chunk_00705.wav|चलते चलते वे वहाँ पहुँचे जहाँ दो सड़क आपस में मिल गई थी
audio/chunk_00706.wav|तभी वहाँ कुछ लोग शव यात्रा में जाते हुए दिखे
audio/chunk_00707.wav|चारों ब्राह्मण उन लोगों के साथ चलते चलते श्मशान घाट पहुँच गए
audio/chunk_00708.wav|वहां उन्हें 1 गधा दिखाई दिया।
audio/chunk_00709.wav|एक ब्राह्मण ने अपना शास्त्र निकाला और उसे पढ़कर बोला जो भी श्मशान घाट में मिलता है वही सच्चा मित्र है
audio/chunk_00710.wav|वहीं उन्हें तेज़ी से आता हुआ 1 ऊंट भी दिखाई दिया
audio/chunk_00711.wav|ब्राह्मण फिर शास्त्र पढ़ते हैं उसमें लिखा होता है कि धर्म तेजी से बढ़ता है
audio/chunk_00712.wav|वह ऊँट को तेज़ी से चलता हुआ देखकर उसे धर्म मान लेते हैं
audio/chunk_00713.wav|और गधे और ऊँट को साथ में लेकर चलने लगते हैं
audio/chunk_00714.wav|तभी गधे का मालिक धोबी आता है और लाठी लेकर ब्राह्मणों का पीछा करता है
audio/chunk_00715.wav|चारों ब्राह्मण भागते भागते
audio/chunk_00716.wav|नदी के किनारे पहुँच जाते हैं
audio/chunk_00717.wav|नदी में पलाश के पत्ते को तैरता हुआ देख
audio/chunk_00718.wav|एक ब्राह्मण कहता है यह तो बेड़ा है
audio/chunk_00719.wav|यही हमारी जान बचाएगा
audio/chunk_00720.wav|वह ब्राह्मण पत्ते पर कूद जाता है और डूबने लगता है
audio/chunk_00721.wav|दूसरा ब्राह्मण उसे डूबता हुआ देखकर सोचता है
audio/chunk_00722.wav|यदि कोई चीज़ पूरी तरह नष्ट हो रही हो तो कम से कम उसका आधा हिस्सा तो बचा ही लेना चाहिए
audio/chunk_00723.wav|यह सोचकर वह तलवार से अपने डूबते हुए मित्र के दो टुकड़े कर लेता है
audio/chunk_00724.wav|चलते चलते तीनों ब्राह्मण पास के गाँव में पहुँचते हैं
audio/chunk_00725.wav|वहाँ उन्हें गाँव वाले भोजन के लिए आमंत्रित करते हैं
audio/chunk_00726.wav|पहले ब्राह्मण को सेवइयाँ परोसी जाती हैं
audio/chunk_00727.wav|उसे शास्त्र की बात याद आ जाती है
audio/chunk_00728.wav|कि जो चीजें लंबी होती हैं वह विनाश का कारण होती हैं
audio/chunk_00729.wav|यह सोच वह भोजन नहीं खाता और चल देता है
audio/chunk_00730.wav|दूसरे ब्राह्मण को नारियल से बना व्यंजन परोसा जाता है
audio/chunk_00731.wav|उसे फिर अपने शास्त्र का ध्यान आता है और वह यह सोचते हुए कि झागदार चीजें अस्थायी होती हैं भोजन छोड़कर बाहर निकल जाता है
audio/chunk_00732.wav|3rd ब्राह्मण को गोल आकार का व्यंजन परोसा जाता है
audio/chunk_00733.wav|जिसके बीच में एक छेद होता है
audio/chunk_00734.wav|यह देखकर वह सोचता है कि छेद तो दोष का प्रतीक है
audio/chunk_00735.wav|वह भी भोजन छोड़कर निकल जाता है
audio/chunk_00736.wav|इस प्रकार तीनों पढ़े लिखे मूर्ख भूखे पेट ही किसी तरह अपने गाँव में पहुँच जाते हैं इस कहानी से हमें यह शिक्षा मिलती है कि व्यवहारिक ज्ञान के बिना किताबी ज्ञान बेकार है
audio/chunk_00737.wav|4 मित्र और शिकारी
audio/chunk_00738.wav|एक जंगल में हिरण चूहा और कौवा तीन मित्र रहा करते थे
audio/chunk_00739.wav|एक दिन एक कछुआ आया और उनसे मित्रता का प्रस्ताव रखा
audio/chunk_00740.wav|तभी वहाँ एक शिकारी आ गया और उसने कछुए को पकड़ लिया
audio/chunk_00742.wav|कौवा उड़कर शिकारी का पीछा करने लगा और उसने हिरण को बताया कि वह नदी किनारे विश्राम कर रहा है
audio/chunk_00743.wav|हिरण शिकारी के रास्ते में लेट गया और मरा हुआ होने का नाटक करने लगा
audio/chunk_00744.wav|शिकारी ने जब थोड़ी दूर हिरण को मरा हुआ देखा
audio/chunk_00745.wav|तो वह कछुए के जाल को वहीं छोड़कर हिरण के पास जाने लगा
audio/chunk_00746.wav|इसी बीच चूहा आया और उसने जाल कुतरकर कछुए को बचा लिया
audio/chunk_00747.wav|जब तक शिकारी हिरण के पास पहुँचता, तब तक हिरण तेज़ी से भागता हुआ जंगल में छिप गया।
audio/chunk_00748.wav|निराश शिकारी ने सोचा चलो कोई बात नहीं
audio/chunk_00749.wav|हिरण नहीं तो कम से कम कछुआ तो है ही
audio/chunk_00750.wav|जब वह अपने जाल के पास पहुँचा और उसने कुतरा हुआ जाल देखा तो उसे लगा यह तो कोई चमत्कार हुआ है
audio/chunk_00751.wav|शिकारी बुरी तरह डर गया और जंगल से भाग गया
audio/chunk_00752.wav|चारों दोस्त मिलकर खुशी खुशी रहने लगे
audio/chunk_00753.wav|इस कहानी से हमें यह शिक्षा मिलती है
audio/chunk_00754.wav|कि ज़रूरत पड़ने पर साथ निभाने वाला मित्र ही वास्तव में सच्चा मित्र होता है
audio/chunk_00755.wav|एक किसान के पास एक घोड़ा था
audio/chunk_00756.wav|वह घोड़ा थोड़ा बूढ़ा हो गया था इसलिए किसान उसे घर से निकालने लगा
audio/chunk_00757.wav|घोड़ा बोला मैंने आपकी बहुत सेवा की है
audio/chunk_00758.wav|कृपया मुझे यहाँ रहने दीजिए
audio/chunk_00759.wav|किसान कहने लगा कि वह 1 शर्त पर ही घोड़े को रहने देगा
audio/chunk_00760.wav|उसने घोड़े से शेर की खाल लाने को कहा
audio/chunk_00761.wav|घोड़ा जंगल में पहुँचा वहाँ उसे एक लोमड़ी मिली
audio/chunk_00762.wav|और उसने उसे सारी बात बता दी
audio/chunk_00763.wav|लोमड़ी घोड़े से बोली कि वह अपनी सांस रोककर लाश बनने का नाटक करेगी
audio/chunk_00764.wav|घोड़ा लाश के समान लेट जाता है
audio/chunk_00765.wav|घोड़ा जंगल में पहुँचा
audio/chunk_00766.wav|वहाँ उसे 1 लोमड़ी मिली और उसने उसे सारी बात बताई
audio/chunk_00767.wav|लोमड़ी घोड़े से बोली कि वह अपनी सांस रोककर लाश बनने का नाटक करे
audio/chunk_00768.wav|घोड़ा लाश के समान लेट जाता है
audio/chunk_00769.wav|लोमड़ी शेर से कहती है कि थोड़ी दूर पर उसने घोड़े की लाश देखी है
audio/chunk_00770.wav|हमें उसका मांस खा लेना चाहिए
audio/chunk_00771.wav|शेर लोमड़ी के साथ घोड़े के पास पहुँचता है
audio/chunk_00772.wav|अब मैं आपकी पूँछ के साथ इसकी पूँछ बाँध देती हूँ।
audio/chunk_00773.wav|फिर हम झाड़ी में छिपकर मांस खाएंगे
audio/chunk_00774.wav|शेर लोमड़ी की बात मान लेता है
audio/chunk_00775.wav|लेकिन लोमड़ी घोड़े की पूँछ के साथ शेर का पैर बांध देती है
audio/chunk_00776.wav|तभी घोड़ा उठ जाता है और तेजी से भागने लगता है
audio/chunk_00777.wav|शेर समझ ही नहीं पाता कि यह क्या हो रहा है
audio/chunk_00778.wav|घोड़ा पूरी ताकत लगाकर भागता है
audio/chunk_00779.wav|शेर को घसीट घसीट कर इतनी चोटें लगती हैं
audio/chunk_00780.wav|कि उसकी मौत हो जाती है।
audio/chunk_00781.wav|घोड़ा शेर को लेकर किसान के पास पहुँचता है
audio/chunk_00782.wav|किसान खुश होकर घोड़े को अपने घर रहने की इजाज़त दे देता है
audio/chunk_00783.wav|इस कहानी से हमें यह शिक्षा मिलती है
audio/chunk_00784.wav|कि बुद्धि का बल शारीरिक बल से भी अधिक होता है
audio/chunk_00785.wav|गाँव के बाहर की ओर एक मंदिर था जिसमें एक पंडित रहा करते थे
audio/chunk_00786.wav|वह आस पास के गाँव में पूजा पाठ कराया करते थे
audio/chunk_00787.wav|शाम को भोजन करके बाकी का भोजन वह एक बर्तन में डालकर उसे एक हुक से टांग दिया करते थे।
audio/chunk_00788.wav|उसी मंदिर में एक मोटा सा चूहा था
audio/chunk_00789.wav|वह रोज़ कूदकर उस बर्तन से खाना खाया करता था
audio/chunk_00790.wav|पंडित उस चूहे से बहुत परेशान थे
audio/chunk_00791.wav|एक बार दूसरे गाँव से एक तपस्वी पंडित के साथ रहने के लिए आते हैं
audio/chunk_00792.wav|लेकिन पंडित के पास खाने को कुछ नहीं होता
audio/chunk_00793.wav|वह चूहे की समस्या तपस्वी को बताता है
audio/chunk_00794.wav|तपस्वी कहता है कि हमें उस चूहे का बिल नष्ट कर देना चाहिए
audio/chunk_00795.wav|जहाँ उसने अपना भोजन छिपा रखा है
audio/chunk_00796.wav|इससे उसकी ताक़त ख़त्म हो जाएगी और वह कूद नहीं पाएगा
audio/chunk_00797.wav|पंडित चूहे का बिल नष्ट कर देते हैं
audio/chunk_00798.wav|अब चूहे को खाने के लिए कुछ भी नहीं मिलता और वह कमजोर हो जाता है
audio/chunk_00799.wav|भोजन की तलाश में वह बाहर निकलता है और वहाँ उसे एक बिल्ली मार देती है
audio/chunk_00800.wav|इस कहानी से हमें यह शिक्षा मिलती है
audio/chunk_00801.wav|कि संपन्नता से शक्ति प्राप्त होती है।
audio/chunk_00802.wav|The Hunter and the Doves
audio/chunk_00803.wav|कबूतर और बहेलिया
audio/chunk_00804.wav|गाँव के बाहर एक बरगद का पेड़ था उस पर कई पक्षी आया जाया करते थे
audio/chunk_00805.wav|एक बार वहाँ एक बहेलिया आया और उसने नीचे जाल बिछा दिया
audio/chunk_00806.wav|और अनाज के दाने बिखेर दिए
audio/chunk_00807.wav|थोड़ी देर बाद वहाँ कबूतरों का एक झुंड आया और दाना देख खाने के लिए जैसे ही नीचे बैठा कि सारे कबूतर उस जाल में फँस गए
audio/chunk_00808.wav|कबूतरों का राजा बहुत समझदार था
audio/chunk_00809.wav|वह सभी कबूतरों से बोला
audio/chunk_00810.wav|यदि सभी मिलकर जोर लगाएँ तो जाल को साथ में लेकर उड़ सकते हैं
audio/chunk_00811.wav|सभी कबूतर जोर लगाकर
audio/chunk_00812.wav|कबूतरों का राजा बहुत समझदार था
audio/chunk_00813.wav|वह सभी कबूतरों से बोला यदि सभी मिलकर ज़ोर लगाएँ तो जाल को साथ में लेकर उड़ सकते हैं
audio/chunk_00814.wav|सभी कबूतर ज़ोर लगाकर जाल को उड़ाकर उड़ने लगते हैं
audio/chunk_00815.wav|बहेलिया उनका पीछा करने की कोशिश करता है लेकिन थोड़ी दूर दौड़ने के बाद थक कर लौट जाता है
audio/chunk_00816.wav|कबूतरों का झुंड उड़ते उड़ते राजा कबूतर के मित्र चूहा के पास पहुँचता है
audio/chunk_00817.wav|चूहा अपनी सेना बुलाता है और सभी चूहे मिलकर जाल को कुतर देते हैं
audio/chunk_00818.wav|सभी कबूतर चूहों का धन्यवाद कर वापस घर लौट जाते हैं
audio/chunk_00819.wav|इस कहानी से हमें यह शिक्षा मिलती है कि एकता में ही शक्ति होती है
audio/chunk_00820.wav|सियार और बाण।
audio/chunk_00821.wav|एक बार जंगल में एक शिकारी आता है
audio/chunk_00822.wav|उसे वहाँ एक जंगली सूअर दिखाई देता है
audio/chunk_00824.wav|इस तरह दोनों वहीं मर जाते हैं
audio/chunk_00825.wav|थोड़ी देर बाद वहाँ एक सियार आता है
audio/chunk_00826.wav|वह सूअर और शिकारी की लाश देखकर खुश हो जाता है और सोचता है कि आज खाने को कितना कुछ है
audio/chunk_00827.wav|वह लालच के मारे सोचता है कि धीरे धीरे खाऊँ ताकि मांस कई दिनों तक चले
audio/chunk_00828.wav|वह पहले खून चाटता है और फिर सूअर के दांत के पास वाला मांस खाने की कोशिश करता है, लेकिन तभी सूअर के दांत उसके मुंह में से होकर सिर तक घुस जाते हैं। सियार की वहीं मौत हो जाती है।
audio/chunk_00829.wav|इस कहानी से हमें यह शिक्षा मिलती है कि लालच करने से कुछ भी हासिल नहीं होता
audio/chunk_00830.wav|एक जंगल में गोमाया नाम का एक सियार रहता था
audio/chunk_00831.wav|एक दिन वह भोजन की तलाश करते करते
audio/chunk_00832.wav|जंगल के पास ही युद्ध भूमि में पहुँच गया
audio/chunk_00833.wav|वहाँ एक पेड़ के नीचे ढोल पड़ा था
audio/chunk_00834.wav|पेड़ की जड़ों से पास एक डाली थी जो ढोल से टकरा रही थी और आवाज़ कर रही थी
audio/chunk_00835.wav|सियार ढोल के पास पहुँचा और उसे अपने पंजों से बजाने लगा
audio/chunk_00836.wav|ढोल में से फिर आवाज़ आई।
audio/chunk_00837.wav|सियार को लगा कि इस ढोल के अंदर कोई जानवर बैठा है
audio/chunk_00838.wav|वह ढोल को फाड़ने की कोशिश करने लगा लेकिन ढोल का ऊपरी हिस्सा बहुत मजबूत था
audio/chunk_00839.wav|ज़ोर ज़ोर से बजाना शुरू कर दिया
audio/chunk_00840.wav|ढोल की आवाज़ सुनकर जंगल से एक तेंदुआ सियार के पास आया
audio/chunk_00841.wav|सियार बोला इस ढोल में कोई जानवर है
audio/chunk_00842.wav|यदि आप इसे अपने नुकीले पंजों से फाड़ देंगे तो आपको शिकार मिल जाएगा।
audio/chunk_00843.wav|तेंदुए ने ढोल को फाड़ दिया लेकिन जब देखा कि वह अंदर से खाली है तो उसे बहुत गुस्सा आया
audio/chunk_00844.wav|वह बोला इसके अंदर तो कोई भोजन नहीं है
audio/chunk_00845.wav|तुमने मेरा समय बर्बाद कर दिया
audio/chunk_00846.wav|यह कहकर तेंदुआ सियार पर झपट पड़ा और उसे मार दिया
audio/chunk_00847.wav|इस कहानी से हमें यह शिक्षा मिलती है कि लालच हमेशा हानिकारक होता है।
audio/chunk_00848.wav|एक बार एक आदिवासी राजा जंगल में शिकार पर गया और वहाँ से दो तोते लेकर आने लगा
audio/chunk_00849.wav|एक तोता उड़ गया राजा ने उसका पीछा किया लेकिन वह उसे नहीं मिला
audio/chunk_00850.wav|फिर राजा दूसरे तोते को घर ले आया और वहाँ उसे बोलना सिखाया
audio/chunk_00851.wav|जबकि दूसरा तोता उड़ते हुए एक साधु के यहाँ पहुँचा और वहाँ उसने भजन मंत्र एवं अच्छी अच्छी बातें सीखीं
audio/chunk_00852.wav|एक बार पास के राज्य का एक राजा आदिवासी राजा से मिलने पहुँचा
audio/chunk_00853.wav|अजनबी राजा को देख तोता बोलने लगा देखो कोई आया है इसे पकड़ लो और पीटो
audio/chunk_00854.wav|राजा को तोते पर बहुत गुस्सा आता है।
audio/chunk_00855.wav|और वह आदिवासी राजा से मिले बिना ही लौट जाता है
audio/chunk_00856.wav|लौटते वक्त वह साधु के आश्रम पहुँचता है
audio/chunk_00857.wav|वहाँ वह तोता होता है
audio/chunk_00858.wav|और राजा को देखकर कहता है
audio/chunk_00859.wav|आइए आपका स्वागत है, बैठिए।
audio/chunk_00860.wav|पानी लीजिए मिठाई खाइए
audio/chunk_00861.wav|बताइए मैं क्या कर सकता हूँ आपके लिए?
audio/chunk_00862.wav|इसके बाद तोता राजा को साधु से मिलवाता है
audio/chunk_00863.wav|राजा इस तोते की बातों से बहुत प्रभावित होते हैं
audio/chunk_00864.wav|वे समझ जाते हैं कि अच्छे वातावरण और प्रशिक्षण का अच्छा प्रभाव पड़ता है
audio/chunk_00865.wav|इसलिए आदिवासी राजा का तोता बदतमीज़ था जबकि साधु का तोता आदर से बात कर रहा था
audio/chunk_00866.wav|इस कहानी से हमें यह शिक्षा मिलती है कि आदमी अपनी संगति से ही पहचाना जाता है
audio/chunk_00867.wav|एक टिटहरी अपनी पत्नी के साथ समुद्र तट पर रहता था
audio/chunk_00868.wav|उसकी पत्नी गर्भवती थी वह अपने पति से बोली मैं अपने अंडे यहाँ नहीं देना चाहती
audio/chunk_00869.wav|यह समुद्र मेरे अंडों को खा जाएगा टिटहरी अपनी पत्नी से कहता है ऐसा नहीं होगा
audio/chunk_00870.wav|हमारे सभी पूर्वज भी तो यहीं रहते थे।
audio/chunk_00871.wav|कुछ दिनों बाद टिटहरी की पत्नी अंडे दे देती है और भोजन की तलाश में कहीं बाहर जाती है
audio/chunk_00872.wav|लेकिन जब वह लौटती है तो उसके अंडे वहाँ नहीं होते
audio/chunk_00873.wav|उसका पति कहता है कि वह इसका बदला अवश्य लेगा
audio/chunk_00874.wav|टिटहरी सभी पक्षियों को इकट्ठा कर अपने राजा बाज़ पक्षी के पास पहुँचता है और सारी बात बताता है
audio/chunk_00875.wav|बाज़ कहता है मैं इस समुद्र का सारा पानी पीकर इसे सूखा कर दूँगा और इसे इसके दुष्कर्मों की सज़ा अवश्य दूँगा
audio/chunk_00876.wav|भगवान विष्णु को पक्षियों की आवाज़ें सुनाई देती हैं
audio/chunk_00877.wav|तो वह अपने दूत को बाज़ पक्षी के पास भेजते हैं और उसे थोड़ी देर इंतजार करने को कहते हैं
audio/chunk_00878.wav|भगवान विष्णु समुद्र के देवता से मिलते हैं और कहते हैं कि वह टिटहरी के अंडे लौटा दे वरना उसका अस्तित्व ही समाप्त हो जाएगा
audio/chunk_00879.wav|समुद्र देवता डर जाते हैं और टिटहरी के अंडे लौटाकर उससे वादा करते हैं कि आज के बाद वे किसी भी पक्षी के अंडों को बहाकर नहीं ले जाएंगे।
audio/chunk_00880.wav|इस कहानी से हमें यह शिक्षा मिलती है कि अन्याय के खिलाफ आवाज़ अवश्य उठानी चाहिए
audio/chunk_00881.wav|कोबरा, सांप और चींटियां।
audio/chunk_00882.wav|एक घने जंगल में एक cobra साँप रहता था
audio/chunk_00883.wav|वह रात भर पक्षियों के अंडे, मेंढक, छिपकली और छोटे जीव जंतु को खा जाया करता था और दिन भर अपने बिल में आराम करता था।
audio/chunk_00884.wav|इस तरह वह बहुत मोटा हो गया था
audio/chunk_00885.wav|और उसका bill से निकलना मुश्किल हो रहा था
audio/chunk_00886.wav|इसलिए एक दिन उसने वह bill छोड़ दिया
audio/chunk_00887.wav|और एक बड़े से पेड़ पर अपना नया घर बनाने लगा
audio/chunk_00888.wav|लेकिन पेड़ की जड़ों के पास चीटियों का घर था
audio/chunk_00889.wav|कोबरा सांप जोर से बोला।
audio/chunk_00890.wav|सभी लोग इस जगह को खाली कर दो
audio/chunk_00892.wav|इतने बड़े साँप को देखकर सभी जीव जंतु घबरा गए और वहाँ से चले गए
audio/chunk_00893.wav|लेकिन चींटियाँ वहीं खड़ी रहीं और देखते ही देखते हज़ारों की संख्या में चींटियाँ अपने घर से निकलीं और सभी मिलकर कोबरा साँप को काटने लगीं
audio/chunk_00894.wav|असहाय कोबरा छटपटाने लगा लेकिन सभी चीटियाँ डटी रहीं और उसे इतनी ज़ोर ज़ोर से काटने लगीं कि कोबरा
audio/chunk_00895.wav|और उसे इतनी ज़ोर ज़ोर से काटने लगी कि कोबरा दर्द के मारे कराहने लगा
audio/chunk_00896.wav|धीरे धीरे वह दर्द सह नहीं पाया और उसकी वहीं मौत हो गई
audio/chunk_00898.wav|कि यदि छोटे और निर्बल प्राणी समूह में एक साथ रहें तो बड़ी से बड़ी ताकत भी उनका कुछ नहीं बिगाड़ सकती
audio/chunk_00899.wav|स्वर्ण पक्षी और स्वर्ण हंस
audio/chunk_00900.wav|राजस्थान में झीलों के शहर में राजा का एक सुंदर सा महल था।
audio/chunk_00901.wav|महल के आस पास एक सुंदर सा बगीचा था और वहाँ एक तालाब भी था जिसमें स्वर्ण हंस रहा करते थे
audio/chunk_00902.wav|वे स्वर्ण हंस रोज़ सोने का पंख गिराते थे जिसे राजा इकट्ठा करके अपने शाही खजाने में डाल दिया करते थे
audio/chunk_00903.wav|एक बार उस तालाब में बड़ा सा स्वर्ण पक्षी आया और हंसों से कहने लगा कि उसे भी तालाब में रहने दिया जाए
audio/chunk_00904.wav|लेकिन घमंडी हंसों को उसका आना अच्छा नहीं लगा और वे बोले कि उन्होंने राजा से यह तालाब खरीद लिया है
audio/chunk_00905.wav|यहाँ कोई और नहीं आ सकता स्वयं राजा भी हमारी आज्ञा लेकर यहाँ आते हैं
audio/chunk_00906.wav|स्वर्ण पक्षी राजा के पास गया और उन्हें घमंडी हंसों की सारी बात बता दी
audio/chunk_00907.wav|राजा को यह सुनकर बहुत गुस्सा आया और उन्होंने अपने सैनिकों को हंसों को मारने का आदेश दे दिया
audio/chunk_00908.wav|सैनिकों को तलवार के साथ तालाब में पास आता देख
audio/chunk_00909.wav|एक समझदार हंस सब कुछ समझ गया और उसने सभी हंसों से तालाब खाली करने को कहा
audio/chunk_00910.wav|सभी हंस उड़कर दूर किसी और तालाब में चले गए
audio/chunk_00911.wav|राजा को हंसों के जाने से बहुत नुकसान होता है और यह एहसास होता है कि जल्दबाज़ी में किसी अनजान की बात को नहीं मानना चाहिए।
audio/chunk_00912.wav|साथ ही हंसों को भी अपने घमंड के कारण महल का सुंदर तालाब छोड़ कहीं और जाना पड़ता है
audio/chunk_00913.wav|राजा बहुत उदास हो जाते हैं और स्वर्ण पक्षी को कहीं और जाने के लिए कह देते हैं
audio/chunk_00914.wav|इस कहानी से हमें यह शिक्षा मिलती है
audio/chunk_00915.wav|कि अजनबी की बात पर जल्दबाज़ी में निर्णय नहीं लेना चाहिए
audio/chunk_00916.wav|साथ ही स्वर्ण हंसों की तरह अहंकारी भी नहीं होना चाहिए
audio/chunk_00917.wav|स्वर्ण पक्षी और राजा
audio/chunk_00918.wav|एक घने जंगल में एक जादुई पक्षी रहती थी और वह सोने के अंडे दिया करती थी
audio/chunk_00919.wav|एक दिन जंगल में एक बहेलिया आता है और उस पक्षी को पकड़ लेता है
audio/chunk_00920.wav|जब उसे पता चलता है कि वह सोने के अंडे देती है, तो वह सोचता है कि यदि उसने इस पक्षी को अपने साथ रखा, तो वह काफी धनी हो जाएगा।
audio/chunk_00921.wav|लेकिन राजा को लगेगा कि यह धन चोरी से प्राप्त किया गया है
audio/chunk_00922.wav|और वह मुझे जेल में डाल देंगे
audio/chunk_00923.wav|यह सोचकर वह डर जाता है और उस पक्षी को ले जाकर राजा को भेंट कर देता है
audio/chunk_00924.wav|राजा उस पक्षी को देखकर बहुत खुश होते हैं और उसे अपने पास रख लेते हैं
audio/chunk_00925.wav|राजा अपने सेवकों से पक्षी का विशेष ख्याल रखने को कहते हैं
audio/chunk_00926.wav|लेकिन 1 सेवक राजा से कहता है कि यह तो मुझे धोखा लगता है क्योंकि आप ही सोचिए भला कोई पक्षी सोने का अंडा कैसे दे सकती है?
audio/chunk_00927.wav|इस पक्षी को तो जंगल में ही छोड़ देना चाहिए
audio/chunk_00928.wav|राजा उसके बात में आ जाते हैं और पक्षी को छोड़ देते हैं
audio/chunk_00929.wav|पक्षी आसमान में उड़ने लगता है और सोचता है कि यह तो मूर्खों का राज्य लगता है
audio/chunk_00930.wav|बहेलिए को पता था कि मैं सोने के अंडे देती हूँ फिर भी उसने मुझे राजा को दे दिया
audio/chunk_00931.wav|और राजा ने मुझे छोड़ दिया।
audio/chunk_00932.wav|इस कहानी से हमें यह शिक्षा मिलती है कि अच्छी तरह तथ्यों की जांच करके कोई भी फैसला लेना चाहिए।
audio/chunk_00933.wav|एक घने जंगल में एक तानाशाही हाथी रहता था
audio/chunk_00934.wav|वह पेड़ पौधों की डालियों को गिराता रहता था
audio/chunk_00935.wav|जिस वजह से कई घोसले और अंडे नष्ट हो जाया करते थे
audio/chunk_00936.wav|वह रास्ते में जिसे भी देखता सब पर हमला करते हुए जाता था
audio/chunk_00937.wav|उसने लोमड़ियों के घर को भी नष्ट कर दिया था
audio/chunk_00938.wav|सभी जानवर हाथी से बहुत परेशान थे
audio/chunk_00939.wav|एक दिन सभी लोमड़ियों ने मिलकर हाथी को सबक सिखाने की योजना बनाई
audio/chunk_00940.wav|एक लोमड़ी हाथी के पास पहुंची और बोली, हाथी तुम सबसे ताकतवर हो इसलिए जंगल के सभी जानवर तुम्हें जंगल का राजा बनाना चाहते हैं।
audio/chunk_00941.wav|जंगल के बीचोबीच राज्याभिषेक की तैयारी चल रही है
audio/chunk_00942.wav|हाथी यह सुनकर खुश हो जाता है और लोमड़ी के पीछे पीछे चलने लगता है
audio/chunk_00943.wav|रास्ते में एक दलदल आता है
audio/chunk_00944.wav|लोमड़ी तो फट से उस दलदल को पार कर दूसरी ओर पहुँच जाती है, लेकिन हाथी अपने भारी वजन के कारण दलदल में बुरी तरह फँस जाता है।
audio/chunk_00945.wav|हाथी लोमड़ी से मदद मांगता है लेकिन लोमड़ी कहती है
audio/chunk_00946.wav|जब तुमने हमारे बच्चों घोंसलों और अंडों को नष्ट करते वक्त हमारे बारे में नहीं सोचा तो हम भी तुम्हारी सहायता क्यों करें
audio/chunk_00947.wav|लोमड़ी वहाँ से चली जाती है और दुष्ट हाथी दलदल में फँसा का फँसा रह जाता है
audio/chunk_00948.wav|और वहीं उसकी मौत हो जाती है।
audio/chunk_00949.wav|इस कहानी से हमें यह शिक्षा मिलती है कि अत्याचारी का विनाश अवश्य होता है।
audio/chunk_00950.wav|राक्षस और लाचार ब्राह्मण
audio/chunk_00951.wav|एक बार एक ब्राह्मण जंगल के रास्ते से अपने शहर को जा रहा था
audio/chunk_00952.wav|जंगल में एक भयानक राक्षस छुपकर बैठा हुआ था
audio/chunk_00953.wav|उसने जैसे ही ब्राह्मण को देखा उस पर हमला कर दिया
audio/chunk_00954.wav|राक्षस बोला मुझे मानव मांस बहुत पसंद है अब मैं तुम्हें खाऊँगा
audio/chunk_00955.wav|लेकिन उससे पहले तुम मुझे थोड़ी दूर तक कंधों पर बिठाकर ले चलो
audio/chunk_00956.wav|लाचार ब्राह्मण राक्षस को अपने कंधों पर बिठाकर चलने लगता है
audio/chunk_00957.wav|तभी उसकी नज़र राक्षस के छोटे छोटे पैरों पर पड़ती है
audio/chunk_00958.wav|वह राक्षस से पूछता है कि उसका शरीर तो इतना भीमकाय है पर पैर इतने छोटे क्यों हैं
audio/chunk_00959.wav|राक्षस कहता है कि वह गीले पैरों से चल और भाग नहीं पाता
audio/chunk_00960.wav|उसे बहुत दर्द होता है।
audio/chunk_00961.wav|ब्राह्मण इस बात को मन में रखकर नदी के पास पहुँचता है
audio/chunk_00962.wav|राक्षस ब्राह्मण से कहता है कि वह स्नान करके आ रहा है तब तक वह वहीं रुके
audio/chunk_00963.wav|जैसे ही राक्षस नदी में स्नान करने जाता है तभी ब्राह्मण फट से भाग जाता है क्योंकि वह समझ जाता है कि गीले पैरों से राक्षस उसका पीछा नहीं कर पाएगा
audio/chunk_00964.wav|इस तरह ब्राह्मण अपनी सतर्कता के कारण अपनी जान बचाने में कामयाब हो जाता है
audio/chunk_00965.wav|इस कहानी से हमें यह शिक्षा मिलती है कि सतर्कता और होशियारी सदैव लाभप्रद होती है
audio/chunk_00966.wav|राक्षस और घोड़ों का चोर
audio/chunk_00967.wav|बहुत पहले की बात है
audio/chunk_00968.wav|भद्रसेन नाम का 1 राजा था वह अपनी बेटी रत्नावती के साथ रहता था
audio/chunk_00969.wav|रत्नावती बहुत सुंदर थी।
audio/chunk_00970.wav|वहीं एक राक्षस भी रहता था और वह रत्नावती का अपहरण करना चाहता था
audio/chunk_00971.wav|लेकिन रत्नावती के गले का जादुई तावीज़ उसे बचा लेता था
audio/chunk_00972.wav|1 दिन राक्षस रत्नावती के कमरे के बाहर छिप जाता है और उसे सुनाई देता है कि रत्नावती अपने मित्र से कह रही है कि 1 ताकतवर राक्षस उसे बहुत तंग करता है।
audio/chunk_00973.wav|राक्षस को लगता है कि उससे भी ज़्यादा ताकतवर एक और राक्षस है
audio/chunk_00974.wav|वह उसे पकड़ने के लिए जादुई शक्ति से घोड़ा बनकर अस्तबल में असली घोड़ों के साथ रहने लगता है
audio/chunk_00975.wav|एक दिन एक घोड़ों का चोर आता है और उसी घोड़े को चुरा लेता है जो कि वास्तव में राक्षस होता है
audio/chunk_00976.wav|राक्षस को लगता है कि यही चोर ही उससे ज़्यादा ताक़तवर राक्षस है
audio/chunk_00977.wav|वह खूब तेज़ दौड़ता है।
audio/chunk_00978.wav|चोर लगाम से घोड़े को धीमा करने की कोशिश करता है लेकिन घोड़ा और तेज़ दौड़ने लगता है
audio/chunk_00979.wav|चोर को समझ आ जाता है कि यह घोड़ा नहीं बल्कि राक्षस है
audio/chunk_00980.wav|चोर मौका देखकर बरगद के पेड़ पर लटक जाता है
audio/chunk_00981.wav|उसी बरगद के पेड़ पर राक्षस के मित्र बंदर रहते थे
audio/chunk_00982.wav|बंदर समझ जाते हैं कि राक्षस मित्र इस मामूली इंसान को ही ताकतवर राक्षस समझ रहा है
audio/chunk_00983.wav|एक बंदर राक्षस को बताकर उसे बरगद के पेड़ के पास ले आता है
audio/chunk_00984.wav|वहीं चोर लटका हुआ होता है और उसके मुँह के सामने बंदर की पूँछ भी होती है
audio/chunk_00985.wav|वह पूँछ को ज़ोर से काट लेता है
audio/chunk_00986.wav|बंदर की चीख सुनकर राक्षस को लगता है कि यही चोर ही वास्तव में ताकतवर राक्षस है
audio/chunk_00987.wav|यह सोचकर राक्षस अपनी जान बचाने के लिए बहुत दूर भाग जाता है
audio/chunk_00988.wav|इस कहानी से हमें यह शिक्षा मिलती है कि अधिक होशियारी दिखाने की बजाय कभी कभी अपने दिमाग की भी सुननी चाहिए
audio/chunk_00989.wav|एक जंगल में चंद्रावा नाम का सियार रहता था
audio/chunk_00990.wav|1 दिन उसे खाने को कुछ नहीं मिला और भोजन की तलाश में भटकते भटकते वह 1 गांव में पहुंचा। वहीं कुछ कुत्ते उसके पीछे पड़ गए और वह भागते भागते 1 धोबी के घर पहुंच गया और तालाब में गिर गया।
audio/chunk_00991.wav|उस तालाब में नीला रंग घुला हुआ था
audio/chunk_00992.wav|जब सियार बाहर निकला तो उसका पूरा शरीर नीला हो चुका था
audio/chunk_00993.wav|जब वह जंगल में पहुँचा तो सभी जानवर उसे देखकर डरने लगे कि यह कौन सा नया जानवर है
audio/chunk_00994.wav|शेर और बाघ भी उससे डरने लगे
audio/chunk_00995.wav|सियार ने इसका फ़ायदा उठाने की सोची और वह सभी जानवरों से कहने लगा कि उसे भगवान ने जंगल का नया राजा बनाकर भेजा है
audio/chunk_00996.wav|सभी उस नीले सियार का विश्वास कर लेते हैं
audio/chunk_00997.wav|तभी 1 दिन जब सियार सभी जानवरों के साथ दरबार में बैठा होता है, तभी उसे दूर से कुछ सियारों के गाने नाचने की आवाज़ें सुनाई देती हैं।
audio/chunk_00998.wav|नीला सियार सब कुछ भूल जाता है और उनकी आवाज़ में अपनी आवाज़ मिलाते हुए गाना गाने लगता है
audio/chunk_00999.wav|सभी जानवर समझ जाते हैं कि यह तो सियार है कोई भगवान का भेजा हुआ राजा नहीं
audio/chunk_01000.wav|सभी जानवर गुस्से में मिलकर उस सियार को मार देते हैं
audio/chunk_01001.wav|इस कहानी से हमें यह शिक्षा मिलती है कि कोई किसी को हमेशा बेवकूफ नहीं बना सकता
audio/chunk_01002.wav|गधा और तेंदुए की खाल
audio/chunk_01003.wav|शुद्ध पता नाम का 1 धोबी अपने गधे के साथ रहता था
audio/chunk_01004.wav|गधे को खाने पीने का बहुत शौक़ था
audio/chunk_01005.wav|लेकिन उसके मालिक के पास उतने पैसे नहीं थे कि वह उसे खूब सारा खाना खिला सके
audio/chunk_01006.wav|एक बार वह अपने गधे के साथ दूसरे शहर कपड़े धोने का सामान खरीदने जाता है
audio/chunk_01007.wav|रास्ते में एक जंगल पड़ता है और वहाँ उसे तेंदुए की खाल मिलती है
audio/chunk_01008.wav|धोबी उस खाल को ले आता है और रात में गधे को ओढ़ा देता है। फिर वह गधे को पास के खेत में ले आता है और स्वयं छिप जाता है। किसान उसे तेंदुआ समझकर डर जाते हैं और वहां से भाग जाते हैं।
audio/chunk_01010.wav|रोजाना वह खाल ओढ़कर अपना पेट भर लेता है
audio/chunk_01011.wav|एक दिन जब रात में वह खेत में पेट पूजा कर रहा होता है तभी उसे दूसरे गधे की आवाज़ सुनाई देती है
audio/chunk_01012.wav|उससे रहा नहीं जाता और वह भी खुशी के मारे ढेंचू ढेंचू की आवाज़ निकालने लगता है
audio/chunk_01013.wav|सभी किसानों को पता चल जाता है कि यह कोई तेंदुआ नहीं बल्कि गधा है
audio/chunk_01014.wav|सभी लाठी लेकर आते हैं और गधे को इतना पीटते हैं कि वहीं उसकी मौत हो जाती है
audio/chunk_01015.wav|इस कहानी से हमें यह शिक्षा मिलती है कि सभी लोगों को हमेशा मूर्ख नहीं बनाया जा सकता।
audio/chunk_01016.wav|जंगल के पास एक गाँव में एक गधा रहता था
audio/chunk_01017.wav|जंगल में शेर राजा अपने चालाक मंत्री लोमड़ी के साथ रहता था
audio/chunk_01018.wav|एक बार शेर की हाथी से लड़ाई हुई और वह बुरी तरह घायल हो गया
audio/chunk_01019.wav|उसने लोमड़ी से कहा कि वह उसके लिए खाना लेकर आए
audio/chunk_01020.wav|लोमड़ी जंगल में इधर उधर देखने लगी तभी उसकी नज़र गधे पर पड़ी
audio/chunk_01021.wav|गधे ने बताया कि उसका मालिक धोबी उसे कुछ खाने के लिए नहीं देता इसलिए वह जंगल में आ गया है
audio/chunk_01022.wav|चालाक लोमड़ी उससे कहती है कि शेर अपने लिए अंगरक्षक चाहते हैं
audio/chunk_01023.wav|गधा यह सुनकर लोमड़ी के साथ शेर के पास पहुँच जाता है
audio/chunk_01024.wav|शेर कई दिनों से भूखा होता है इसलिए जैसे ही वह गधे को देखता है उस पर झपट पड़ता है
audio/chunk_01025.wav|भूख के कारण कमजोर हुए शेर के पकड़ से गधा बच निकल जाता है
audio/chunk_01026.wav|चालाक लोमड़ी फिर गधे के पास जाती है और कहती है वाह तुम्हारा प्रदर्शन तो बड़ा शानदार था
audio/chunk_01027.wav|जंगल के राजा शेर को ऐसा ही फुर्तीला अंगरक्षक चाहिए
audio/chunk_01028.wav|वह तो तुम्हारी परीक्षा ले रहे थे।
audio/chunk_01029.wav|गधा लोमड़ी का विश्वास कर फिर शेर के पास पहुँचता है
audio/chunk_01030.wav|और इस बार शेर उसे पकड़कर मार देते हैं
audio/chunk_01031.wav|जैसे ही शेर उसका मांस खाने लगता है वैसे ही लोमड़ी कहती है
audio/chunk_01032.wav|आपने काफ़ी दिनों से कुछ नहीं खाया है
audio/chunk_01033.wav|इसलिए पहले नहाकर प्रार्थना करके आइए
audio/chunk_01034.wav|शेर मान जाता है और नहाने चला जाता है
audio/chunk_01035.wav|इसी दौरान लोमड़ी गधे का दिमाग वाला हिस्सा खा जाती है
audio/chunk_01036.wav|जब शेर आता है और देखता है कि दिमाग नहीं है तो वह गुस्से में दहाड़ता है
audio/chunk_01037.wav|लोमड़ी कहती है, अरे आपको नहीं पता क्या, गधों में तो दिमाग होता ही नहीं है।
audio/chunk_01038.wav|शेर यह सुनकर शांत हो जाता है और बाकी का मांस खुशी खुशी खा लेता है
audio/chunk_01039.wav|इस कहानी से हमें यह शिक्षा मिलती है कि चतुराई से किया गया तर्क साधारण बुद्धि
audio/chunk_01040.wav|इस कहानी से हमें यह शिक्षा मिलती है कि चतुराई से दिया गया तर्क साधारण बुद्धि को भी मात दे सकता है
audio/chunk_01041.wav|एक मठ में एक सन्यासी रहते थे।
audio/chunk_01042.wav|उनका नाम देव शर्मा था
audio/chunk_01043.wav|वे काफ़ी विद्वान थे इसलिए सभी उन्हें पूजा पाठ के लिए अपने घर में बुलाया करते थे
audio/chunk_01044.wav|और काफी धन दौलत तोहफे महंगी चीजें भेंट में दिया करते थे
audio/chunk_01045.wav|इस प्रकार वह सन्यासी बहुत धनी हो गए
audio/chunk_01046.wav|वह अपने धन का थैला हमेशा अपने पास ही रखा करते थे
audio/chunk_01047.wav|एक बार असाध बोधि नाम के चोर को सन्यासी के धन के बारे में पता चलता है
audio/chunk_01048.wav|एक दिन वह मंत्र जाप करते हुए सन्यासी के पास पहुँचता है और बोलता है
audio/chunk_01049.wav|मुझे अपनी शरण में ले लो गुरुदेव, मैं आपका शिष्य बनकर मोक्ष की प्राप्ति करना चाहता हूँ।
audio/chunk_01050.wav|सन्यासी उस चोर की चिकनी चुपड़ी बातों में आ जाते हैं और उसे अपना शिष्य बना लेते हैं
audio/chunk_01051.wav|एक बार सन्यासी उस चोर के साथ दूसरे गाँव में पूजा करवाने के लिए जाते हैं
audio/chunk_01052.wav|रास्ते में 1 नदी आती है।
audio/chunk_01053.wav|सन्यासी अपने धन का थैला और अपनी पोशाक उस चोर को देकर कहते हैं मैं स्नान करके आ रहा हूँ तुम तब तक मेरे सामान का ध्यान रखना
audio/chunk_01054.wav|जब सन्यासी नहाकर बाहर आते हैं तो देखते हैं कि वहाँ तो सिर्फ़ उनके कपड़े हैं धन का थैला नहीं
audio/chunk_01055.wav|वे बेहोश होकर ज़मीन पर गिर जाते हैं
audio/chunk_01056.wav|जब उन्हें होश आता है तो वे बड़े ही दुखी मन से वापस मठ लौट जाते हैं
audio/chunk_01057.wav|इस कहानी से हमें यह शिक्षा मिलती है
audio/chunk_01058.wav|कि धन दौलत भी कभी कभी दुखों का कारण बन जाती है
audio/chunk_01059.wav|3 मछली और मछुआरा
audio/chunk_01060.wav|एक तालाब में तीन मछलियाँ अपने परिवार के साथ रहा करती थीं
audio/chunk_01061.wav|अनगव विधाता था वह बहुत बुद्धिमान और व्यवहारिक थी
audio/chunk_01062.wav|वह भविष्य के लिए पहले से ही तैयार रहती थी।
audio/chunk_01063.wav|उसकी छोटी बहन थी प्रत्युत्पनामती
audio/chunk_01064.wav|वह भी बहुत बुद्धिमान थी और हमेशा अपनी बहनों को सही सलाह देती थी
audio/chunk_01065.wav|सबसे छोटी मछली थी यद् भविष्या
audio/chunk_01066.wav|वह आलसी थी और उसे काम करना बिल्कुल पसंद नहीं था
audio/chunk_01067.wav|एक बार कुछ मछुआरे तालाब के पास आए और कहने लगे कि इस तालाब में बहुत मछलियाँ हैं
audio/chunk_01068.wav|हम कल यहाँ जाल लेकर आएंगे
audio/chunk_01069.wav|बड़ी मछली ने सभी मछलियों को इकट्ठा कर लिया और सभी को तालाब छोड़कर दूसरे तालाब में जाने की सलाह दी
audio/chunk_01070.wav|लेकिन यदि भविष्या आलसी थी तो वह बोली कि तुम सब फालतू में घबरा रही हो
audio/chunk_01071.wav|कहीं और जाने की ज़रूरत नहीं है
audio/chunk_01072.wav|मछुआरा आया भी तो यह ज़रूरी नहीं कि हम उसके जाल में फँस जाएँगे
audio/chunk_01073.wav|लेकिन उसकी दोनों बहनें उसकी बात नहीं मानती और अपने परिवार और कई मछलियों के साथ दूसरे तालाब में चली जाती हैं
audio/chunk_01074.wav|अगले दिन मछुआरा आता है और उसके जाल में यद् भविष्या अपने परिवार के साथ फंस जाती है
audio/chunk_01075.wav|इसीलिए कहते हैं कि भविष्य के लिए पहले से ही तैयारी कर लेनी चाहिए
audio/chunk_01076.wav|इस कहानी से हमें यह शिक्षा मिलती है कि हमें हमेशा भविष्य की योजनाएँ समझदारी से करनी चाहिए
audio/chunk_01077.wav|एक नदी के किनारे संकटा और विकटा नाम के 2 हंस और कंभू ग्रीवा नाम का कछुआ रहते थे
audio/chunk_01078.wav|एक बार वहाँ सूखा पड़ा और सारी नदी सूख गई।
audio/chunk_01079.wav|पीने के लिए 1 बूंद पानी भी नहीं बचा।
audio/chunk_01080.wav|तीनों ने सोचा कि हमें किसी दूसरी जगह पानी की तलाश करनी चाहिए
audio/chunk_01081.wav|कछुआ बोला, मैं तो उड़ नहीं सकता, लेकिन अगर तुम दोनों 1 मजबूत लकड़ी को पकड़ लो और मैं उसे अपने मुंह से बीच में पकड़ लूं, तो हम तीनों 1 साथ पानी की तलाश में कहीं और जा सकते हैं।
audio/chunk_01082.wav|दोनों हंस बोले, वो तो ठीक है, लेकिन तुम बहुत बातूनी हो, इसलिए इस बात का विशेष ध्यान रखना कि तुम्हारी जुबान ना खुले।
audio/chunk_01083.wav|नीचे बच्चे उन्हें देखकर ज़ोर ज़ोर से ताली बजाने लगते हैं
audio/chunk_01084.wav|कछुआ भूल जाता है कि वह अपने मुँह के सहारे ही लटका हुआ है
audio/chunk_01085.wav|वह यह जानना चाहता है कि बच्चे ताली क्यों बजा रहे हैं
audio/chunk_01086.wav|जैसे ही वह यह पूछने के लिए अपना मुँह खोलता है वैसे ही ज़मीन पर गिर जाता है
audio/chunk_01087.wav|वह इतनी जोर से गिरता है कि वहीं उसकी मौत हो जाती है
audio/chunk_01088.wav|इस कहानी से हमें यह शिक्षा मिलती है कि मित्रों के सुझाव पर हमेशा ध्यान देना चाहिए।
audio/chunk_01089.wav|बाराहसिंगा और उसकी सींग।
audio/chunk_01090.wav|एक बार एक घने से जंगल में एक बाराह सिंहा रहता था
audio/chunk_01091.wav|एक दिन वह पानी पीने के लिए पास के तालाब में गया
audio/chunk_01092.wav|वहीं तालाब में उसे अपनी परछाई दिखाई दी।
audio/chunk_01093.wav|परछाई देख वह सोचने लगा कि उसके पैर कितने दुबले पतले से गंदे दिख रहे हैं जबकि उसकी सींगे कितनी सुंदर दिखती हैं
audio/chunk_01094.wav|वह यह सोच ही रहा था कि उसे शेर की दहाड़ सुनाई दी
audio/chunk_01095.wav|वह बड़ी तेज़ी से भागा
audio/chunk_01096.wav|वह भागकर शेर की पहुँच से काफ़ी दूर चला गया
audio/chunk_01097.wav|लेकिन तभी अचानक उसकी सींग पेड़ की डाली में फँस गई
audio/chunk_01098.wav|उसने अपनी सींगों को निकालने की बहुत कोशिश की लेकिन वह उन्हें निकाल नहीं पाया
audio/chunk_01099.wav|अब वह सोचने लगा कि मेरी पतली गंदी दिखने वाली टांगों ने तो मेरा इतना साथ दिया
audio/chunk_01100.wav|जबकि यह सुंदर सींग मेरे कोई काम नहीं आई
audio/chunk_01101.wav|बारह सिंहा अपने सुंदर सींगों के कारण वहीं फँसा रहा
audio/chunk_01102.wav|और शेर वहाँ आया, उस पर झपटा और उसे मारकर खा लिया। इस कहानी से हमें यह शिक्षा मिलती है कि ज़रूरी नहीं कि सुंदर दिखने वाली चीज़ उपयोगी भी हो।
audio/chunk_01103.wav|एक गाँव में एक बहुत बड़ा सांड रहता था
audio/chunk_01104.wav|एक दिन वह पानी पीने के लिए तालाब के पास पहुँचा
audio/chunk_01105.wav|वहीं पर एक छोटा सा चूहा भी होता है
audio/chunk_01106.wav|सांड का पैर चूहे की पूँछ पर पड़ जाता है
audio/chunk_01107.wav|चूहे को बहुत दर्द होता है
audio/chunk_01108.wav|वह सांड से बदला लेने के लिए उसकी पीठ पर कूदकर पहुँच जाता है और अपने दांतों से पीठ पर काटने लगता है
audio/chunk_01109.wav|काफ़ी देर तक वह ऐसा करता है लेकिन सांड को कोई फ़र्क नहीं पड़ता
audio/chunk_01110.wav|यह देखकर चूहा गुस्से में नीचे उतर आता है और सांड का रास्ता रोककर खड़ा हो जाता है
audio/chunk_01111.wav|सांड से चूहा कहता है कि उसने उसकी पूँछ को नष्ट कर दिया है
audio/chunk_01112.wav|चूहा उससे कहता है मैंने तुम्हारी पीठ पर इतना काटा लेकिन तुम्हें कोई फर्क नहीं पड़ा
audio/chunk_01113.wav|सांड कहता है कि उसे तो पता ही नहीं चला कि कब उसने चूहे की पूँछ पर पाँव रखा और कब चूहे ने उसकी पीठ को काटा
audio/chunk_01114.wav|चूहा समझ जाता है कि इतने बड़े जानवर से बहस करना बेवकूफ़ी है
audio/chunk_01115.wav|वह दर्द से कराहता हुआ अपने घर चला आता है
audio/chunk_01116.wav|इस कहानी से हमें यह शिक्षा मिलती है कि मूर्ख लोगों के साथ बहस करने से कुछ हासिल नहीं होता
audio/chunk_01117.wav|कौए और उल्लू की दुश्मनी
audio/chunk_01118.wav|बहुत समय पहले की बात है
audio/chunk_01119.wav|जंगल के सभी पक्षी गरुड़ को हटाकर नए पक्षी को राजा बनाना चाहते थे
audio/chunk_01120.wav|काफ़ी देर तक चर्चा हुई और फिर यह निष्कर्ष निकला कि उल्लू को उनका राजा बनाया जाए
audio/chunk_01121.wav|अगले दिन राज्याभिषेक की तैयारियाँ होने लगीं
audio/chunk_01122.wav|कुछ देर बाद कौवों ने इस बात पर आपत्ति जताई और बोले उल्लू तो दिखने में घिनौना है
audio/chunk_01124.wav|वह राजा बनने के योग्य नहीं है
audio/chunk_01125.wav|इससे अच्छा तो मोर या हंस को राजा बनाया जाए
audio/chunk_01126.wav|सभी पक्षी दोबारा सोचने पर मजबूर हो जाते हैं
audio/chunk_01127.wav|वहीं उल्लू इसी सोच में लगा रहता है कि राज्याभिषेक में इतनी देर क्यों हो रही है
audio/chunk_01128.wav|तभी उसका सेवक उसे आकर बताता है कि कौवों ने सभी पक्षियों को उनके खिलाफ भड़का दिया है
audio/chunk_01129.wav|उल्लू को बहुत गुस्सा आता है और फिर वह कौवों के पास जाकर उससे कहता है
audio/chunk_01130.wav|आज से हम एक दूसरे के दुश्मन हुए
audio/chunk_01131.wav|हमसे सावधान रहना
audio/chunk_01132.wav|कौवों को अपनी मूर्खता का एहसास होता है लेकिन तब तक बहुत देर हो चुकी होती है
audio/chunk_01133.wav|कौवों को अपनी मूर्खता का एहसास होता है लेकिन तब तक बहुत देर हो चुकी होती है
audio/chunk_01134.wav|इस कहानी से हमें यह शिक्षा मिलती है कि कुछ भी कहने या करने से पहले अच्छी तरह विचार करना चाहिए
audio/chunk_01136.wav|जंगल के बीच में एक बड़ा सा पीपल का पेड़ था
audio/chunk_01137.wav|उस पर चिड़िया का 1 जोड़ा अपने 2 बच्चों के साथ घोंसले में रहता था
audio/chunk_01138.wav|एक बार वे अपने बच्चों को घोंसले में छोड़कर दाना चुगने गए और काफ़ी देर तक नहीं आए
audio/chunk_01139.wav|वहीं एक हाथी पेड़ के नीचे आया और उसने अपनी भूख मिटाने के लिए पेड़ की एक डाली तोड़ ली
audio/chunk_01140.wav|डाली टूटते ही चिड़िया का घोंसला बिखर गया और बच्चे मर गए
audio/chunk_01141.wav|जब उसके माता पिता ने यह देखा तो वह बहुत रोने लगे
audio/chunk_01142.wav|तभी वहाँ एक कटफोड़वा आया और सारी बात जानकर उन्हें एक मधुमक्खी के पास ले गया
audio/chunk_01143.wav|मधुमक्खी ने कहा हमें इस हाथी को सबक सिखाना चाहिए
audio/chunk_01144.wav|वह बोली कि मैं इस हाथी के कान के पास मधुर गीत गाऊँगी
audio/chunk_01145.wav|हाथी उस गीत में खो जाएगा और अपनी आँखें बंद कर लेगा
audio/chunk_01146.wav|तभी कटफोड़वा उसकी आँखें फोड़ देगा
audio/chunk_01147.wav|फिर वह बोली कि मैं उसे 1 पेड़ की पत्तियों का रस आँखों में डालने को कहूँगी
audio/chunk_01148.wav|जब हाथी पेड़ को ढूंढने निकलेगा तब रास्ते में पानी से भरे हुए गड्ढे में गिर जाएगा और हमारा बदला पूरा हो जाएगा
audio/chunk_01149.wav|सभी योजना के अनुसार अपना कार्य करते हैं और हाथी उस बड़े से गड्ढे में गिर जाता है
audio/chunk_01150.wav|इसीलिए कहते हैं कि मिलजुलकर काम करने से बड़ी से बड़ी समस्या का समाधान हो सकता है
audio/chunk_01151.wav|एक गाँव में 4 मित्र रहते थे
audio/chunk_01152.wav|3 मित्र काफ़ी ज्ञानी थे लेकिन उनमें व्यवहारिक ज्ञान नहीं था
audio/chunk_01153.wav|जबकि एक में किताबी ज्ञान से ज़्यादा व्यावहारिक ज्ञान था
audio/chunk_01154.wav|एक बार चारों पैसा कमाने के इरादे से दूसरे शहर जाने लगे
audio/chunk_01155.wav|रास्ते में 1 घना जंगल था
audio/chunk_01156.wav|जंगल में एक पेड़ के नीचे उन्हें हड्डियों का ढेर दिखाई दिया
audio/chunk_01157.wav|एक मित्र बोला लगता है कि ये शेर की हड्डियाँ हैं
audio/chunk_01158.wav|यही मौका है हमारे ज्ञान को परखने का
audio/chunk_01159.wav|यह कहकर पहला मित्र उन हड्डियों को जोड़कर उसे दोबारा शेर बनाने के लिए मंत्र जाप करने लगा। दूसरे मित्र ने उसमें चमड़ी, मांस व खून डालने के लिए मंत्र जाप शुरू कर दिया।
audio/chunk_01160.wav|फिर जैसे ही तीसरा मित्र उसमें जीवन डालने के लिए मंत्र बोलने लगा
audio/chunk_01161.wav|तभी चौथा मित्र बोला अरे यह क्या कर रहे हो यह खतरनाक साबित हो सकता है
audio/chunk_01162.wav|तीनों मित्र चौथे मित्र पर हँसने लगे कि उसे कोई ज्ञान नहीं है
audio/chunk_01163.wav|चौथा मित्र फट से पेड़ पर चढ़ गया
audio/chunk_01164.wav|मंत्र जाप खत्म होते ही हड्डियों का ढेर शेर में बदल गया
audio/chunk_01165.wav|शेर ज़ोर से दहाड़ा और फिर उसने उन तीनों मित्रों को मारकर खा लिया
audio/chunk_01166.wav|इस कहानी से हमें यह शिक्षा मिलती है कि व्यवहारिक ज्ञान के बिना कोई भी ज्ञान व्यर्थ है।
audio/chunk_01167.wav|सोमी लका 1 जुलाहा।
audio/chunk_01168.wav|बहुत समय पहले की बात है 1 गाँव में सोमीलका नाम का जुलाहा रहता था
audio/chunk_01169.wav|वह कपड़ों की इतनी अच्छी बुनाई करता था कि स्वयं राजा भी उसकी प्रशंसा किया करते थे
audio/chunk_01170.wav|लेकिन इसके बावजूद भी वह स्वयं को बाकी जुलाहों की अपेक्षा निर्धन समझता था एक बार वह यही सोचकर कि उसके पास धन नहीं है आत्महत्या करने लगा
audio/chunk_01171.wav|तभी उसे आकाश से भगवान की आवाज़ सुनाई दी
audio/chunk_01172.wav|भगवान बोले मैं तुम्हारी कड़ी मेहनत से बहुत प्रसन्न हूँ
audio/chunk_01174.wav|सोमीलका की धन की ज़िद को देख भगवान ने उससे कहा कि वह अपने गाँव जाए और वहाँ दो व्यापारियों से मिले
audio/chunk_01175.wav|एक व्यापारी को गुप्त धन और दूसरे को उपयोगी धन के रूप में जाना जाता है
audio/chunk_01176.wav|सोमी लका खुश होकर अपने गाँव जाता है और पहले गुप्त धन से मिलने पहुँचता है
audio/chunk_01177.wav|वह बहुत धनी होता है लेकिन वह सोमीलका के साथ अच्छे से पेश नहीं आता
audio/chunk_01178.wav|उसकी पत्नी भी टूटी हुई थाली में उसे खाना देती है और गिलास पटक कर चली जाती है
audio/chunk_01180.wav|वहाँ सभी उसका स्वागत करते हैं और स्वादिष्ट भोजन परोसते हैं
audio/chunk_01181.wav|रात में सोमेलका के विश्राम की अच्छी व्यवस्था भी करते हैं
audio/chunk_01182.wav|अगली सुबह राजा के सेवक उपयोगी धन के यहाँ और धन लेकर आते हैं
audio/chunk_01183.wav|यह सब देखकर सोमीलका सोचता है
audio/chunk_01184.wav|उपयोगी धन के पास गुप्त धन से कम धन था लेकिन फिर भी वह खुशी खुशी रह रहे थे
audio/chunk_01185.wav|सोमीलका की इच्छा पूरी हो जाती है भगवान उसे खूब सारा धन देते हैं और वह भी उपयोगी धन की तरह उसे सही जगह पर खर्च करके खुशी खुशी रहने लगता है
audio/chunk_01186.wav|इस कहानी से हमें यह शिक्षा मिलती है
audio/chunk_01187.wav|कि धन का प्रयोग उचित ढंग से करना चाहिए और ज़रूरत पड़ने पर उसका दान भी करना चाहिए
audio/chunk_01188.wav|एक बार वर्धमनका नाम का व्यापारी अपने दोनों बैल संजीविका और नंदका के साथ बैलगाड़ी पर मथुरा जा रहा था
audio/chunk_01189.wav|रास्ते में काफ़ी कीचड़ था
audio/chunk_01190.wav|वहीं गड्ढे में संजीविका का पैर फंस गया
audio/chunk_01191.wav|व्यापारी ने काफ़ी देर तक उसे निकालने की कोशिश की, फिर संजीविका को वहीं छोड़ वह आगे बढ़ गया। संजीविका ने स्वयं बहुत ज़ोर लगाकर अपने आप को वहाँ से निकाल लिया। अब वह जंगल में ही रहने लगा और खूब हरी हरी घास खाकर और स्वच्छ पानी पीकर स्वस्थ और बलवान हो गया।
audio/chunk_01192.wav|गया उसके चिंघाड़ने की आवाज़ बिजली की गड़गड़ाहट के समान खूब दूर तक सुनाई देती थी
audio/chunk_01193.wav|उसी जंगल में पिंगलका नाम का शेर अपने दो मंत्रियों के साथ रहता था
audio/chunk_01194.wav|दोनों सियार थे जिनका नाम दमनका और कर्तका था
audio/chunk_01195.wav|एक दिन शेर ने बैल की चिंघाड़ सुनी और वह डर गया
audio/chunk_01196.wav|उसका मंत्री दमन का बैल को शेर के पास लेकर आया
audio/chunk_01197.wav|बैल शेर से कहता है कि उसे भगवान शिव ने भेजा है
audio/chunk_01198.wav|यह सुनकर शेर बैल से मित्रता कर लेता है
audio/chunk_01199.wav|धीरे धीरे शेर भी धार्मिक हो जाता है और शिकार करना छोड़ देता है वह अपने राज्य की देखभाल भी नहीं करता
audio/chunk_01200.wav|यह देख दमनका दोनों को आपस में लड़वाने की योजना बनाता है
audio/chunk_01201.wav|वह शेर से कहता है कि बैल उसे मारकर जंगल का राजा बनना चाहता है
audio/chunk_01202.wav|और बैल से कहता है कि शेर उसे मारकर मांस को सभी जानवरों में बाँटने की योजना बना रहा है
audio/chunk_01203.wav|दमनका की बातों में आकर दोनों झगड़ने लगते हैं
audio/chunk_01204.wav|दोनों ही ताकतवर होते हैं लेकिन अंत में शेर अपने तीखे पंजों से वार कर बैल को मार देता है
audio/chunk_01205.wav|बाद में शेर को अपने मित्र की मौत का दुख होता है लेकिन दमनका कहता है कि वह बैल तो विश्वासघाती था
audio/chunk_01206.wav|शेर दमनका का विश्वास करते हुए उसे अपने राज्य का मुख्यमंत्री बना देते हैं
audio/chunk_01207.wav|इस कहानी से हमें यह शिक्षा मिलती है कि दुश्मन के साथ मित्रता नहीं करनी चाहिए
audio/chunk_01208.wav|दंतिला और गोरंभा।
audio/chunk_01209.wav|वर्धमाना नाम के शहर में दंतीला नाम का एक धनी व्यापारी रहता था
audio/chunk_01210.wav|उसकी दोस्ती राजा से भी थी और आम नागरिक से भी
audio/chunk_01211.wav|दंतिला की बेटी बहुत सुंदर थी
audio/chunk_01212.wav|उसने अपनी बेटी का विवाह करने की सोची और राजा दरबारी सभी जनता को आमंत्रित किया
audio/chunk_01213.wav|राजा के महल में गोरंभा नाम का सफाई कर्मचारी था
audio/chunk_01214.wav|वह भी शादी में आया और परिवार के सदस्यों के साथ वाली एक खाली कुर्सी पर बैठ गया
audio/chunk_01215.wav|जब दंतिला ने उसे वहाँ बैठा हुआ देखा तो उसे बहुत गुस्सा आया और उसने गोरंभा की गर्दन पकड़कर उसे धक्के मारकर बाहर निकाल दिया
audio/chunk_01216.wav|गोरंभा ने दंतिला से बदला लेने की ठानी
audio/chunk_01217.wav|जब वह राजा के कमरे की सफाई कर रहा था
audio/chunk_01218.wav|तो वह नींद का नाटक करते हुए बोला
audio/chunk_01219.wav|दंतिला रानी से प्रेम करता है।
audio/chunk_01220.wav|जब राजा ने यह सुना तो उसे बहुत गुस्सा आया
audio/chunk_01221.wav|और उसने दंतिला से सारे रिश्ते खत्म कर लिए
audio/chunk_01222.wav|दंतिला को समझ नहीं आया कि राजा उसके साथ ऐसा बर्ताव क्यों कर रहे हैं
audio/chunk_01223.wav|एक दिन जब गोरंभा दंतिला के सामने आया तो वह उसे देख हँसने लगा
audio/chunk_01224.wav|दंतिला समझ गया और उसने गोरंभा से माफ़ी मांगकर उसे कई उपहार भी दिए
audio/chunk_01225.wav|अगले दिन गोरंभा जब राजा के कमरे की सफ़ाई कर रहा था
audio/chunk_01226.wav|तब वह नींद का नाटक करते हुए बोला राजा बहुत गंदे हैं वे तो शौचालय में खीरा खाते हैं
audio/chunk_01227.wav|जब राजा ने यह सुना तो वह समझ गए कि गोरंभा नींद में कुछ भी बड़बड़ाता है
audio/chunk_01228.wav|उसका विश्वास नहीं किया जा सकता
audio/chunk_01229.wav|इस प्रकार राजा फिर से दंतिला को अपना मित्र बना लेते हैं
audio/chunk_01230.wav|इस कहानी से हमें यह शिक्षा मिलती है कि कोई भी छोटा या बड़ा नहीं होता
audio/chunk_01231.wav|इसलिए किसी का भी अपमान नहीं करना चाहिए
audio/chunk_01232.wav|इंद्र का तोता और मृत्यु
audio/chunk_01233.wav|स्वर्ग में सभी देवताओं की गोष्ठी चल रही थी।
audio/chunk_01234.wav|इंद्र देवता अपने सिंहासन पर बैठे थे
audio/chunk_01235.wav|उनका प्रिय तोता भी उनके साथ ही बैठा हुआ था
audio/chunk_01236.wav|इंद्र देवता को अपना तोता बहुत प्रिय था
audio/chunk_01237.wav|थोड़ी देर बाद वहाँ यमराज प्रकट हुए और उस तोते को देखकर मुस्कुराने लगे
audio/chunk_01238.wav|तोता उन्हें देखकर डर गया।
audio/chunk_01239.wav|इंद्र देवता यमराज से प्रार्थना करने लगे कि वह तोते की जान बख्श दे
audio/chunk_01240.wav|यमराज कहते हैं कि उनका इस पर कोई नियंत्रण नहीं है
audio/chunk_01241.wav|उन्हें भाग्य विधाता से बात करनी होगी
audio/chunk_01242.wav|इंद्र अब भाग्य विधाता से बात करते हैं लेकिन वह भी अपनी असमर्थता प्रकट करते हैं
audio/chunk_01243.wav|थोड़ी देर बाद तोते की मृत्यु हो जाती है।
audio/chunk_01244.wav|सभी देवता यह देखकर बहुत दुखी होते हैं
audio/chunk_01245.wav|इंद्र देवता स्वयं को दिलासा देते हुए समझ जाते हैं
audio/chunk_01246.wav|कि जिसका जन्म हुआ है उसकी मृत्यु अवश्य होगी
audio/chunk_01247.wav|फिर चाहे वह राजा हो या फकीर।
audio/chunk_01248.wav|इस सत्य को झुठलाया नहीं जा सकता।
audio/chunk_01249.wav|इस कहानी से हमें यह शिक्षा मिलती है कि जो भी इस दुनिया में जन्म लेता है उसकी मृत्यु अवश्य होती है
audio/chunk_01250.wav|मूर्ख और धोखेबाज ठग
audio/chunk_01251.wav|बहुत समय पहले की बात है
audio/chunk_01252.wav|एक गाँव में एक मूर्ख आदमी रहता था
audio/chunk_01253.wav|उसके पास 1 घोड़ा और 1 बकरी थी।
audio/chunk_01254.wav|उसने सोचा कि बकरी और घोड़े को बाजार में ले जाकर बेच देना चाहिए
audio/chunk_01255.wav|उसने एक धागा लिया और उसके एक सिरे में घंटी बांधकर उसे बकरी के गले में बांध दिया
audio/chunk_01256.wav|और दूसरा सिरा उसने घोड़े की पूँछ पर बांध दिया
audio/chunk_01257.wav|वह घोड़े पर बैठ गया और पीछे पीछे बकरी चलती गई
audio/chunk_01259.wav|उन्होंने उसका घोड़ा और बकरी चुराने की योजना बनाई
audio/chunk_01260.wav|एक ठग ने पीछे से बकरी के गले की घंटी खोल दी और उसे घोड़े की पूंछ में बांध दी
audio/chunk_01261.wav|मूर्ख को घंटी सुनाई देती गई और उसे लगा कि पीछे बकरी है
audio/chunk_01262.wav|तभी थोड़ी दूर चलने के बाद दूसरा ठग आया
audio/chunk_01263.wav|और उससे पूछने लगा कि पूँछ में घंटी क्यों बंधी है
audio/chunk_01264.wav|मूर्ख आदमी ने जब पीछे देखा कि बकरी तो है ही नहीं तो वह दुखी हो गया
audio/chunk_01265.wav|तभी एक तीसरा ठग आया और बोला कि उसने रास्ते में एक आदमी को बकरी ले जाते हुए देखा है
audio/chunk_01266.wav|वह बोला मुझे आप अपना घोड़ा दे दीजिए
audio/chunk_01267.wav|मैं इस पर बैठकर उस आदमी का पीछा करूँगा और बकरी ले आऊँगा
audio/chunk_01268.wav|मूर्ख आदमी खुश होकर अपना घोड़ा उस धोखेबाज ठग को दे देता है
audio/chunk_01269.wav|वह बहुत देर तक उनके वापस लौटने का इंतज़ार करता है लेकिन कोई नहीं आता और वह सड़क के बीच बैठकर मदद के लिए रोने लगता है
audio/chunk_01270.wav|इस कहानी से हमें यह शिक्षा मिलती है कि मूर्ख लोगों के साथ संपत्ति ज़्यादा दिन तक नहीं टिकती
audio/chunk_01271.wav|गरीब ब्राह्मण का सपना
audio/chunk_01272.wav|एक बार एक बहुत ही गरीब ब्राह्मण रहता था
audio/chunk_01273.wav|उसका ना ही कोई रिश्तेदार था और ना ही कोई मित्र।
audio/chunk_01274.wav|वह भिक्षा मांगकर अपना पेट भरता था
audio/chunk_01275.wav|वह भिक्षा में मिले खाने को एक मिट्टी के बर्तन में रखा करता था
audio/chunk_01276.wav|एक दिन वह सो रहा था और उसका मिट्टी का बर्तन उसके बिस्तर के पास था
audio/chunk_01277.wav|उसने स्वप्न में देखा कि वह बहुत धनी हो गया है
audio/chunk_01278.wav|उसने बहुत सारी गाय और भैंसें खरीद ली
audio/chunk_01279.wav|उनके बच्चे हुए और बहुत सारी गाय और भैंसे हो गईं
audio/chunk_01280.wav|दूध मक्खन और घी को बेचकर वह और भी धनी हो गया
audio/chunk_01281.wav|फिर उसने बड़ा सा घर खरीद लिया और शादी कर ली
audio/chunk_01282.wav|उसके बच्चे हुए और वो शैतानी करने लगे।
audio/chunk_01283.wav|ब्राह्मण और स्वप्न देखने लगा कि वह बच्चों के पीछे भाग रहा है और उन्हें छड़ी से मार रहा है। सपना देखते देखते वह अपना पांव हिलाने लगा और वह मिट्टी का बर्तन टूट गया जिसमें उसने अपना खाना रखा था।
audio/chunk_01284.wav|सारा खाना ज़मीन पर फैल गया यह सब दिन में स्वप्न देखने के कारण हुआ
audio/chunk_01285.wav|इस कहानी से हमें यह शिक्षा मिलती है कि किसी को भी ख्याली बुलाव नहीं बनाने चाहिए
audio/chunk_01286.wav|ब्रह्मदत्ता केकड़ा और सांप
audio/chunk_01287.wav|एक बार एक गाँव में ब्रह्मदत्ता नाम का व्यक्ति रहता था
audio/chunk_01288.wav|वह व्यापार के लिए शहर जाना चाहता था
audio/chunk_01289.wav|ब्रह्मदत्ता की माँ ने कहा बेटा तुम अकेले मत जाओ किसी को साथ लेकर जाओ
audio/chunk_01290.wav|अगर किसी मुसीबत में पड़ गए तो तुम्हें अपने साथी की मदद मिल जाएगी।
audio/chunk_01291.wav|ब्रह्मदत्ता बोला लेकिन माँ कौन चलेगा मेरे साथ
audio/chunk_01292.wav|और वैसे भी मैं जवान हूँ अपना ख्याल खुद रख सकता हूँ
audio/chunk_01293.wav|मैंने कपूर के डिब्बे में 1 केकड़ा रख दिया है
audio/chunk_01294.wav|वही तुम्हारा साथी है।
audio/chunk_01295.wav|ब्रह्मदत्ता अपनी माँ की भावनाओं की इज्जत करता था इसलिए वह केकड़े को अपने थैले में डालकर चल पड़ता है
audio/chunk_01296.wav|थोड़ी देर चलने के बाद वह बरगद के पेड़ के नीचे लेट जाता है
audio/chunk_01297.wav|उसी पेड़ पर एक साँप रहता था
audio/chunk_01298.wav|वह साँप नीचे आता है और थैले में कपूर के डिब्बे के पास जाता है
audio/chunk_01299.wav|तभी केकड़ा उस साँप की गर्दन पकड़कर उसे मार देता है
audio/chunk_01300.wav|जब ब्रह्मदत्ता सोकर उठता है तो देखता है कि केकड़े ने साँप को मार दिया है
audio/chunk_01301.wav|तब उसे अपनी माँ की बात याद आती है कि अकेले यात्रा नहीं करनी चाहिए
audio/chunk_01302.wav|किसी को साथ लेकर अवश्य चलना चाहिए
audio/chunk_01303.wav|इस कहानी से हमें यह शिक्षा मिलती है कि किसी अपरिचित स्थान पर साथी के साथ जाना चाहिए।
audio/chunk_01304.wav|चोर, राक्षस और ब्राह्मण।
audio/chunk_01305.wav|बहुत समय पहले की बात है 1 गाँव में 1 गरीब ब्राह्मण रहता था
audio/chunk_01306.wav|एक अमीर किसान ने उस गरीब ब्राह्मण को एक गाय भेंट की
audio/chunk_01307.wav|ब्राह्मण भिक्षा मांगता और उससे जो भी मिलता उसे गाय को खिलाकर स्वयं खाता
audio/chunk_01308.wav|इस तरह वह गाय मोटी और स्वस्थ हो गई
audio/chunk_01309.wav|एक चोर ने सोचा कि क्यों ना इस गाय को चुरा लिया जाए
audio/chunk_01310.wav|वह ब्राह्मण के घर की ओर चल पड़ा।
audio/chunk_01311.wav|रास्ते में उसे एक भीमकाय दानव मिला
audio/chunk_01312.wav|वह दानव बोला कि उसका नाम महाराक्षस है
audio/chunk_01313.wav|और वह आज ब्राह्मण को खाने जा रहा है।
audio/chunk_01314.wav|चोर उसे बता देता है कि वह गाय को चुराने जा रहा है
audio/chunk_01315.wav|दोनों साथ साथ ब्राह्मण के घर पहुँचते हैं
audio/chunk_01316.wav|चोर कहता है कि पहले वो गाय को चुराएगा
audio/chunk_01317.wav|लेकिन राक्षस कहता है कि वह पहले ब्राह्मण को खाएगा
audio/chunk_01318.wav|इसी बात पर दोनों बहस करने लगते हैं
audio/chunk_01319.wav|दोनों के झगड़े की आवाज़ से ब्राह्मण जग जाता है और सब कुछ समझ जाता है
audio/chunk_01320.wav|ब्राह्मण मंत्र का जाप करने लगता है
audio/chunk_01321.wav|मंत्र के जाप से राक्षस वहीं भस्म हो जाता है
audio/chunk_01322.wav|फिर वह ब्राह्मण 1 लाठी लेकर चोर की जमकर पिटाई करता है
audio/chunk_01323.wav|इस तरह वह ब्राह्मण स्वयं को राक्षस और चोर दोनों से बचा लेता है
audio/chunk_01324.wav|इस कहानी से हमें यह शिक्षा मिलती है कि 2 लोगों के बीच झगड़े से तीसरे को हमेशा फायदा होता है
audio/chunk_01325.wav|एक जंगल में सुनहरे रंग की एक बकरी रहती थी
audio/chunk_01326.wav|वह दिखने में खच्चर जितनी बड़ी थी और सांड जैसी ताकतवर
audio/chunk_01327.wav|उसके 2 नुकीले सींग भी थे
audio/chunk_01328.wav|उसके सुनहरे बाल सूर्य की रोशनी में जलती हुई अग्नि के समान लगते थे
audio/chunk_01329.wav|शेर और बाघ भी इस बकरी से डरते थे।
audio/chunk_01330.wav|एक बार शेर ने देखा कि यह बकरी तो किसान के बगीचे में फल सब्जियां और घास खा रही है
audio/chunk_01331.wav|किसान बकरी को देख लेता है और उसे छड़ी से खूब मारता है
audio/chunk_01332.wav|शेर सोचता है कि यह घास फूस खाने वाला जानवर मुझसे ज़्यादा ताकतवर नहीं हो सकता
audio/chunk_01333.wav|जैसे ही वह बकरी उस किसान के बगीचे से बाहर आती है
audio/chunk_01334.wav|तो वह शेर उस पर झपट पड़ता है और उसे मारकर खा लेता है
audio/chunk_01335.wav|इस कहानी से हमें यह शिक्षा मिलती है कि हमें अपनी विशेषता और खानपान की आदत को गुप्त रखना चाहिए
audio/chunk_01336.wav|एक गाँव के बाहर एक बड़ा सा पीपल का पेड़ था
audio/chunk_01338.wav|उसी पेड़ के नीचे एक बड़ा सा बिल था जिसमें एक काला साँप रहता था
audio/chunk_01339.wav|वह साँप कौए के अंडे और बच्चे सभी को खा लेता था
audio/chunk_01340.wav|कौवा बहुत दुखी होकर अपने मित्र लोमड़ी के पास पहुंचा।
audio/chunk_01341.wav|लोमड़ी ने कौवे से कहा कि जब महल में रानी स्नान करने जाए तब तुम उसके हीरे वाले आभूषण लाकर साँप के बिल में डाल देना
audio/chunk_01342.wav|जब सेवक उस बिल में आभूषण को देखेंगे तो वे उस साँप को मार देंगे
audio/chunk_01343.wav|कौआ यह योजना सुनकर खुश हो जाता है और अगले दिन रानी के आभूषण लेकर उड़ जाता है
audio/chunk_01344.wav|रानी के सेवक तलवार लिए कौवे का पीछा करते हैं
audio/chunk_01345.wav|कौआ बिल में आभूषण रख देता है
audio/chunk_01346.wav|सेवक साँप को देखकर डर जाते हैं और सोचते हैं कि इसे मारे बिना तो हम आभूषण ले नहीं पाएंगे
audio/chunk_01347.wav|इस प्रकार सेवक तलवार से साँप को मार देते हैं और आभूषण लेकर महल लौट जाते हैं
audio/chunk_01348.wav|कौआ लोमड़ी का धन्यवाद करता है और खुशी खुशी पीपल के पेड़ पर जीवन व्यतीत करता है
audio/chunk_01349.wav|इस कहानी से हमें यह शिक्षा मिलती है कि बुद्धिमानी ताकत से ज़्यादा महान होती है
audio/chunk_01350.wav|एक शहर में एक व्यापारी रहता था वह अधेड़ उम्र का था और उसकी पत्नी की मौत हो चुकी थी
audio/chunk_01351.wav|वह दोबारा शादी करना चाहता था लेकिन कोई भी लड़की उससे शादी नहीं करना चाहती थी
audio/chunk_01352.wav|फिर उस व्यापारी ने 1 गरीब को पैसे दिए और उसकी बेटी से विवाह कर लिया। व्यापारी की पत्नी कम उम्र की थी, इसलिए वह अपने पति से प्यार नहीं करती थी।
audio/chunk_01353.wav|एक दिन रात में उनके घर चोर आया
audio/chunk_01354.wav|चोर को देखकर व्यापारी की पत्नी डरकर अपने पति के गले लग गई
audio/chunk_01355.wav|व्यापारी ने चोर से कहा कि तुम्हारा बहुत बहुत धन्यवाद
audio/chunk_01356.wav|तुम्हारी वजह से मेरी पत्नी आज पहली बार मेरे गले लगी है
audio/chunk_01357.wav|तुम जो चाहो ले जा सकते हो।
audio/chunk_01358.wav|चोर हंसते हुए कहता है मुझे कुछ नहीं चाहिए लेकिन जब भी आप दोनों में झगड़ा या अनबन हो जाए तो मुझे बुला लेना
audio/chunk_01359.wav|मुझे देखकर आपकी पत्नी फिर आपके गले लग जाएगी
audio/chunk_01360.wav|इस तरह वह व्यापारी अपनी पत्नी के साथ खुशी खुशी रहने लगता है और उसकी पत्नी भी उसे प्यार करने लगती है
audio/chunk_01361.wav|इस कहानी से हमें यह शिक्षा मिलती है कि कई बार बुरे लोग भी हमारे काम आते हैं
audio/chunk_01362.wav|गाँव और शहर का चूहा
audio/chunk_01363.wav|एक गाँव में एक चूहा रहता था उसका एक मित्र शहर में रहता था
audio/chunk_01364.wav|गाँव के चूहे ने शहर के चूहे को आमंत्रित किया और उसका खूब सत्कार किया
audio/chunk_01365.wav|लेकिन फिर भी शहर के चूहे को गाँव के चूहे की ज़िंदगी पसंद नहीं आई
audio/chunk_01366.wav|वह बोला कि शहर में तो मैं ठाठ से रहता हूँ
audio/chunk_01367.wav|शहर का चूहा गाँव के चूहे को शहर आने का निमंत्रण देता है
audio/chunk_01368.wav|गाँव का चूहा शहर पहुँचता है और देखता है कि उसका मित्र तो एक बड़े से हॉल में रहता है जहाँ शादी जैसे अन्य उत्सवों का आयोजन होता है।
audio/chunk_01369.wav|शहर का चूहा कहता है देखा मित्र मैं यहाँ अच्छे अच्छे पकवान खाता हूँ
audio/chunk_01370.wav|और जगह भी कितनी बड़ी है
audio/chunk_01371.wav|तभी उन्हें कुछ कुत्तों के भौंकने की आवाज़ आती है
audio/chunk_01372.wav|और उस hall में कुछ नर्तकी बड़े बड़े कुत्ते लेकर आती है
audio/chunk_01373.wav|दोनों चूहे डर के मारे कोने में छिप जाते हैं
audio/chunk_01374.wav|कुछ देर बाद जब नर्तकी कुत्तों को लेकर चली जाती हैं तब दोनों चूहे डरते डरते बाहर आते हैं
audio/chunk_01375.wav|गाँव का चूहा कहता है इससे अच्छा तो मेरा गाँव है
audio/chunk_01376.wav|कम से कम मैं वहाँ बिना डर के कहीं भी घूम सकता हूँ।
audio/chunk_01377.wav|वह अपने मित्र का धन्यवाद कर वापस गाँव लौट जाता है
audio/chunk_01378.wav|इस कहानी से हमें यह शिक्षा मिलती है कि एक बात हमेशा याद रखें कि हम अपनी जगह पर ही सुरक्षित होते हैं किसी और शहर में नहीं
audio/chunk_01379.wav|भेड़िया और सारस।
audio/chunk_01380.wav|एक बार एक घने जंगल में एक चालाक और लालची भेड़िया रहता था
audio/chunk_01381.wav|एक दिन वह रात में भोजन खा रहा था कि तभी उसके गले में हड्डी फँस गई
audio/chunk_01382.wav|उसने हड्डी को निकालने की बहुत कोशिश की लेकिन निकाल नहीं पाया
audio/chunk_01383.wav|भेड़िये को बहुत दर्द हो रहा था।
audio/chunk_01384.wav|तभी उसे ख्याल आया कि पास के तालाब किनारे एक सारस रहता है
audio/chunk_01385.wav|वह सारस के पास गया और बोला कृपया मेरे गले की हड्डी निकाल दो तुम जो मांगोगे मैं तुम्हें दूँगा
audio/chunk_01386.wav|सारस ने भेड़िये के मुँह में अपनी चोंच और सिर अंदर तक डाला और हड्डी बाहर निकाल दी
audio/chunk_01387.wav|सारस बोला अब मुझे मेरी fees दे दो
audio/chunk_01388.wav|भेड़िया बोला कैसी फीस तुमने अपना सिर मेरे मुँह में डाला और मैंने उसे सुरक्षित बाहर निकलने दिया
audio/chunk_01389.wav|तुम इसी में शुक्र मनाओ अब चले जाओ यहाँ से वरना मैं तुम्हें मारकर खा जाऊँगा
audio/chunk_01390.wav|इस कहानी से हमें यह शिक्षा मिलती है कि दुष्ट लोगों से हमेशा सावधान रहना चाहिए
audio/chunk_01391.wav|बहुत समय पहले की बात है
audio/chunk_01392.wav|एक घने जंगल में एक भेड़िया रहता था
audio/chunk_01394.wav|मेमना भी वहीं थोड़ी दूर पर पानी पी रहा था चालाक भेड़िया अपने मन में मेमने पर हमला करने की योजना बनाने लगा
audio/chunk_01395.wav|भेड़िया जोर से मेमने पर चिल्लाया कि वह पानी को गंदा कर रहा है
audio/chunk_01396.wav|मेमना बोला पानी की धारा तो तुम्हारी ओर से मेरी ओर बह रही है तो भला मैं इसे कैसे गंदा कर सकता हूँ
audio/chunk_01397.wav|भेड़िए ने फिर दूसरी चाल सोची वह बोला
audio/chunk_01398.wav|तुमने 1 साल पहले मुझे गाली देकर मेरा अपमान किया था
audio/chunk_01399.wav|अब मैं तुम्हें नहीं छोड़ूँगा
audio/chunk_01400.wav|मेमना काँपते हुए बोला एक साल पहले तो मेरा जन्म भी नहीं हुआ था
audio/chunk_01401.wav|भेड़िया जोर से चिल्लाया चुप हो जाओ मूर्ख अगर तुम नहीं थे तो पक्का तुम्हारे पिता ने मुझे गाली दी थी
audio/chunk_01402.wav|मेमना काँपते हुए बोला मैं अपने पिता की गलती की आपसे क्षमा मांगता हूँ
audio/chunk_01403.wav|भेड़िया बोला तुम पहले हो जो अपनी गलती मानकर बहस कर रहे हो
audio/chunk_01404.wav|अब मैं तुम्हें और तुम्हारे परिवार को अच्छा सबक सिखाऊँगा
audio/chunk_01405.wav|यह कहकर भेड़िया मेमने पर झपट पड़ा और उसके टुकड़े टुकड़े करके उसे खा लिया
audio/chunk_01406.wav|इस कहानी से हमें यह शिक्षा मिलती है कि दुष्ट व्यक्ति को अपना उल्लू सीधा करने के लिए कोई भी बहाना चाहिए
audio/chunk_01407.wav|2 मछली और 1 मेंढक
audio/chunk_01408.wav|एक तालाब में सता बुद्धि और सहरस बुद्धि नाम की 2 मछलियाँ रहती थीं
audio/chunk_01409.wav|वहीं एक बुद्धि नाम का एक मेंढक भी रहता था
audio/chunk_01410.wav|एक दिन वे तालाब के किनारे बातें कर रहे थे
audio/chunk_01411.wav|तभी वहाँ कुछ मछुआरे आए वे आपस में कह रहे थे वे आपस में कह रहे थे कि इस तालाब में काफ़ी मछलियाँ हैं कल हम यहाँ जाल लेकर आएँगे
audio/chunk_01412.wav|मेंढक दोनों मछलियों से कहता है हमें फौरन यह तालाब छोड़ देना चाहिए
audio/chunk_01413.wav|कल यहाँ ये मछुआरे आएंगे और हमें पकड़ लेंगे
audio/chunk_01414.wav|मछलियाँ हंसते हुए कहती हैं, तुम चिंता मत करो।
audio/chunk_01415.wav|वे कल नहीं आएंगे और अगर आए भी तो हम तैरकर दूर चले जाएंगे
audio/chunk_01416.wav|मेंढक अपने परिवार को लेकर दूसरे तालाब में चला जाता है
audio/chunk_01417.wav|लेकिन मछलियाँ वहीं रह जाती हैं
audio/chunk_01418.wav|अगले दिन मछुआरे आते हैं और बड़ा सा जाल लाते हैं
audio/chunk_01419.wav|जिसमें सारी मछलियाँ फँस जाती हैं
audio/chunk_01420.wav|मेंढक और उसकी पत्नी जब जाल में फंसे हुए अपने दोनों मित्रों को देखते हैं तो उन्हें बहुत दुख होता है
audio/chunk_01421.wav|इस कहानी से हमें यह शिक्षा मिलती है कि दोस्तों के सुझाव को अनसुना नहीं करना चाहिए
audio/chunk_01422.wav|एक बार एक बड़े से तालाब के पास एक हंस रहता था
audio/chunk_01423.wav|हंस वहाँ खुशी खुशी रहता था
audio/chunk_01424.wav|कुछ दिनों बाद वहाँ एक उल्लू आया
audio/chunk_01425.wav|हंस बोला कि यह जगह बहुत शांत है और गर्मियों के दिनों में इस तालाब का पानी सूख जाता है
audio/chunk_01426.wav|उल्लू बोला कोई बात नहीं मुझे शांत जगह पसंद है
audio/chunk_01427.wav|इस तरह हंस और उल्लू दोनों मित्र बन जाते हैं
audio/chunk_01428.wav|फिर गर्मियों के दिन आते हैं और तालाब सूख जाता है
audio/chunk_01429.wav|उल्लू हंस से कहता है कि वह अब बड़ी नदी के पास एक पेड़ है वहीं जाकर रहेगा
audio/chunk_01430.wav|हंस कहता है ठीक है मित्र मैं अब यहाँ पास में एक और तालाब है वहाँ जाऊँगा
audio/chunk_01431.wav|जब वह भी सूख जाएगा तब मैं तुम्हारे पास आऊँगा
audio/chunk_01432.wav|कुछ दिनों बाद जब दूसरा तालाब भी सूख जाता है तब वह हंस उल्लू के पास जाता है
audio/chunk_01433.wav|दोनों वहाँ आराम से रहने लगते हैं
audio/chunk_01434.wav|फिर एक दिन रात में कुछ यात्री वहाँ से गुज़र रहे होते हैं कि उल्लू अपनी बोली में होहल्ला करने लगता है
audio/chunk_01435.wav|यात्रियों को लगता है कि यह एक अशुभ संकेत है
audio/chunk_01436.wav|यही सोचकर एक यात्री उल्लू पर तीर छोड़ता है
audio/chunk_01437.wav|और उल्लू तो अंधेरे में तीर देख लेता है और वहाँ से भाग जाता है
audio/chunk_01438.wav|लेकिन वह तीर सीधा जाकर हंस को लग जाता है और हंस की वहीं मौत हो जाती है
audio/chunk_01439.wav|इस कहानी से हमें यह शिक्षा मिलती है कि दोस्ती उनसे ही करें जो स्वयं जैसे हों
audio/chunk_01440.wav|बहुत समय पहले की बात है एक जंगल में 4 गाय थी
audio/chunk_01441.wav|वे हमेशा साथ साथ रहा करती थी।
audio/chunk_01442.wav|इसी वजह से शेर उन पर हमला करने की हिम्मत कभी भी नहीं जुटा पाता था एक बार उन चारों गाय में झगड़ा हो गया और वे अलग अलग चरने के लिए जंगल में निकलीं
audio/chunk_01443.wav|शेर इसी मौके के इंतज़ार में था वह झाड़ी के पीछे छिप गया
audio/chunk_01444.wav|जैसे ही उसने गाय को अकेले देखा वह उस पर झपट पड़ा और उसे मारकर खा लिया
audio/chunk_01445.wav|इस तरह शेर ने चारों गाय को मार दिया
audio/chunk_01446.wav|जब तक चारों गाय साथ में मिलजुलकर रहती थीं सुरक्षित थीं
audio/chunk_01447.wav|इसीलिए कहते हैं कि एकता में ही शक्ति है
audio/chunk_01448.wav|बिल्ली के गले की घंटी
audio/chunk_01449.wav|एक पनसारी की दुकान पर बहुत सारे चूहे थे
audio/chunk_01450.wav|चूहे रोज़ गेहूँ दाल चावल बिस्किट और दुकान की सारी चीज़ें खाते थे
audio/chunk_01451.wav|इस तरह चूहे अनाज खा खाकर मोटे और तगड़े हो गए
audio/chunk_01452.wav|एक दिन दुकानदार ने सोचा कि इस तरह तो मेरी दुकान का बहुत नुकसान हो रहा है
audio/chunk_01453.wav|यह सोचकर वह 1 बिल्ली लेकर आया
audio/chunk_01454.wav|बिल्ली रोज़ चूहे खाने लगी
audio/chunk_01455.wav|चूहों ने अपनी एक गोष्ठी बुलाई और सोचने लगे कि इस बिल्ली से कैसे छुटकारा पाया जाए
audio/chunk_01456.wav|तभी एक चूहा बोला कि क्यों ना बिल्ली के गले में एक घंटी बांध दी जाए
audio/chunk_01457.wav|जब बिल्ली हमारे पास आएगी तब घंटी बजेगी और हमें पता चल जाएगा कि बिल्ली है और हम छिप जाएंगे
audio/chunk_01458.wav|सभी चूहे खुशी में नाचने
audio/chunk_01459.wav|बहुत समय पहले एक शहर में चित्रंगा नाम का कुत्ता रहता था
audio/chunk_01460.wav|एक बार वहाँ अकाल पड़ा और भोजन ना मिलने के कारण कई जानवर मरने लगे
audio/chunk_01461.wav|चित्रांगा भोजन और पानी की तलाश में पड़ोसी राज्य में चला गया
audio/chunk_01462.wav|वहाँ उसने देखा कि 1 महिला दरवाज़ा बंद किए बिना ही कहीं चली गई है
audio/chunk_01463.wav|चित्रांगा रसोई में गया और उसने पेट भरकर खूब खाना खाया
audio/chunk_01464.wav|इस तरह वह रोज़ वहाँ जमकर भोजन खाता
audio/chunk_01465.wav|लेकिन जैसे ही वह घर से बाहर निकलता तो गली के कुत्ते उसका पीछा करते और उसके पूरे शरीर को जगह जगह काट लेते
audio/chunk_01466.wav|चित्रांगा बहुत परेशान हो गया और उसने सोचा कि इससे अच्छा तो मैं अपने शहर ही लौट जाऊँ अकाल है तो क्या हुआ कम से कम शांति से तो रह सकूँगा
audio/chunk_01467.wav|चित्रांगा वापस अपने शहर लौट आया
audio/chunk_01468.wav|चित्रांगा के साथी और रिश्तेदार उससे पड़ोसी राज्य के बारे में पूछने लगे तब वह बोला वहाँ गृहिणी दरवाज़ा खुला ही छोड़ देती हैं
audio/chunk_01469.wav|इसलिए वहाँ भोजन आसानी से मिल जाता है
audio/chunk_01470.wav|लेकिन वहाँ अपने साथी और रिश्तेदार हमें काट काट कर मारने की कोशिश करते रहते हैं
audio/chunk_01471.wav|इस कहानी से हमें यह शिक्षा मिलती है कि हम अपने राष्ट्र में सबसे ज़्यादा सुरक्षित हैं
audio/chunk_01472.wav|एक चिड़िया अपने सुंदर से घोंसले में पेड़ पर रहा करती थी
audio/chunk_01473.wav|वह दिन में दाना चुगने जाया करती थी और शाम को वापस दाना लेकर घोसले में लौट आया करती थी
audio/chunk_01474.wav|एक बार बहुत ज़ोरों की बारिश हुई और चिड़िया को रात भर कहीं और ही रुकना पड़ा
audio/chunk_01475.wav|जब वह सुबह आई तो उसने देखा कि उसके घर में खरगोश घुसा हुआ है
audio/chunk_01476.wav|खरगोश बोला अब यह मेरा घर है तुम यहाँ से चली जाओ
audio/chunk_01477.wav|चिड़िया कहती है यह मेरा घर है और तुम कौन होते हो यह फैसला सुनाने वाले
audio/chunk_01478.wav|हमें किसी बुद्धिमान से इसका फैसला करवाना चाहिए कि यह घर अब किसका है।
audio/chunk_01479.wav|थोड़ी दूर पर 1 बिल्ली उनकी बातें सुन रही थी
audio/chunk_01480.wav|उसने सोचा कि क्यों ना इस मौके का फायदा उठाया जाए
audio/chunk_01481.wav|वह तुरंत जल में डुबकी लगाकर ज़ोर ज़ोर से मंत्र जाप करने लगी
audio/chunk_01482.wav|चिड़िया और खरगोश ने सोचा कि यह बिल्ली विद्वान और पुजारी लगती है
audio/chunk_01483.wav|दोनों अपनी समस्या लेकर बिल्ली के पास पहुँचे
audio/chunk_01484.wav|बिल्ली थोड़ी देर तक अच्छी बातें करती रही और सही मौका पाकर फट से दोनों पर झपट पड़ी
audio/chunk_01485.wav|उसने बड़े मजे से दोनों को स्वाद लेकर खा लिया।
audio/chunk_01486.wav|इस कहानी से हमें यह शिक्षा मिलती है कि छोटी सी बात पर झगड़ा करने से बड़ी मुसीबत आ सकती है
audio/chunk_01487.wav|एक तालाब के पास मंडविष्या नाम का भूरे रंग का साँप रहता था
audio/chunk_01489.wav|साँप बूढ़ा और कमजोर हो चुका था इसलिए वह अपना शिकार नहीं कर पाता था
audio/chunk_01490.wav|एक बार उसने मेंढकों को फँसाने की एक योजना बनाई
audio/chunk_01491.wav|वह तालाब के बाहर बहुत ही बीमार होने का नाटक करने लगा
audio/chunk_01492.wav|मेंढकों का राजा तालाब से बाहर आया और उसे साँप की स्थिति देखकर दया आने लगी। साँप बोला, मैंने गलती से एक पंडित के बेटे को काट लिया था जिस वजह से उसकी मौत हो गई।
audio/chunk_01493.wav|पंडित ने अब मुझे श्राप दे दिया है कि मैं अब मेंढकों की सेवा करूँ और मेंढक जो भी खाने में दें वही खाऊँ
audio/chunk_01494.wav|मेंढक का राजा और मंत्री यह सुनकर खुश हो जाते हैं कई मेंढक सांप की पीठ पर बैठकर पूरे तालाब की सैर करते हैं
audio/chunk_01495.wav|एक दो दिन साँप उन्हें अपनी पीठ पर बैठाकर पूरे तालाब की सैर करवाता है
audio/chunk_01496.wav|फिर अगले दिन साँप मेंढक के राजा से कहता है मैं अब और तैर नहीं सकता मुझे बहुत भूख लगी है
audio/chunk_01497.wav|मेंढक का राजा उसे कुछ मेंढक खाने की आज्ञा दे देता है
audio/chunk_01498.wav|धीरे धीरे सारे मेंढकों को खा जाता है
audio/chunk_01499.wav|अब बस 1 राजा मेंढक ही बचता है
audio/chunk_01500.wav|साँप कहता है मुझे बहुत भूख लगी है और तालाब में अब मेंढक भी नहीं बचे हैं
audio/chunk_01501.wav|इसलिए मुझे माफ़ कर देना मैं अब तुम्हें खाऊँगा
audio/chunk_01502.wav|यह कहकर साँप धीरे धीरे राजा मेंढक को भी खा जाता है
audio/chunk_01503.wav|इस कहानी से हमें यह शिक्षा मिलती है कि दुश्मन पर कभी भी विश्वास नहीं करना चाहिए
audio/chunk_01504.wav|बिल्ली चूहा और शिकारी
audio/chunk_01505.wav|एक बार एक बड़े से बरगद के पेड़ पर एक उल्लू रहता था
audio/chunk_01506.wav|उसी पेड़ पर 1 चूहा बिल्ली और नेवला भी रहता था
audio/chunk_01507.wav|उल्लू को बिल्ली से डर लगता था और चूहे को बिल्ली नेवले और उल्लू से डर लगता था
audio/chunk_01508.wav|सभी को एक दूसरे से डर लगता था
audio/chunk_01509.wav|फिर भी सभी 1 ही पेड़ पर रहते थे
audio/chunk_01510.wav|एक बार एक शिकारी आया और उसने वहाँ एक जाल बिछाया
audio/chunk_01511.wav|बिल्ली बाहर आई और जाल में फँस गई
audio/chunk_01512.wav|यह देखकर चूहा खुशी से जाल के चारों तरफ नाचने लगा
audio/chunk_01513.wav|तभी उल्लू और नेवला चूहे के बिल के पास आ गए और चूहे को देखने लगे
audio/chunk_01514.wav|चूहा डर गया और सोचने लगा कि यदि मैं बिल की तरफ़ गया तो ये मुझे खा जाएँगे
audio/chunk_01515.wav|इससे अच्छा है कि मैं भी जाल में ही फंस जाऊँ
audio/chunk_01516.wav|यही सोचकर चूहा जाल में फंस गया
audio/chunk_01517.wav|और बिल्ली से बोला तुम मुझे मत मारो मैं इस जाल को कुतर दूँगा और फिर हम दोनों बच जाएँगे
audio/chunk_01518.wav|इस तरह चूहा जाल को कुतर देता है और दोनों बच जाते हैं
audio/chunk_01519.wav|अगले दिन बिल्ली चूहे से मिलने आती है लेकिन चूहा मिलने से मना कर देता है और कहता है
audio/chunk_01520.wav|दुश्मन कभी दोस्त नहीं बन सकते दोस्ती जैसी दूसरी चीज़ें अस्थायी हैं
audio/chunk_01521.wav|इस कहानी से हमें यह शिक्षा मिलती है कि दुश्मन से दोस्ती अस्थायी ही होनी चाहिए
audio/chunk_01522.wav|बहुत समय पहले की बात है एक गाँव में मित्रा शर्मा नाम का एक ब्राह्मण रहता था
audio/chunk_01523.wav|एक बार उसके पिता ने उससे कहा कि वह शहर जाकर पशु मेले से एक स्वस्थ बकरी लेकर आए ताकि वह प्राचीन हिंदू संस्कार के अनुसार उसकी बलि चढ़ा सके।
audio/chunk_01524.wav|मित्रा शर्मा पशु मेले में गया और उसने एक अच्छी सी बकरी खरीद ली और उसे कंधे पर लटकाकर आगे निकल पड़ा
audio/chunk_01525.wav|वहीं 3 ठग खड़े थे और उनकी नज़र मित्रा शर्मा पर पड़ी उन्होंने सोचा कि यदि यह बकरी मिल जाए तो हमारे आज के भोजन का इंतज़ाम हो जाए
audio/chunk_01526.wav|तीनों ठग ने आपस में एक योजना बनाई और तीनों थोड़ी थोड़ी दूर पर रास्ते में छिप गए
audio/chunk_01527.wav|जब मित्रा शर्मा एक एकांत रास्ते से गुज़र रहा था
audio/chunk_01528.wav|तब पहला ठग आया और बोला
audio/chunk_01529.wav|कि ये क्या तुम तो कुत्ते को लटकाए हुए हो?
audio/chunk_01530.wav|मित्रा शर्मा बोला तुम्हें दिखाई नहीं देता यह बकरी है कुत्ता नहीं
audio/chunk_01531.wav|थोड़ी दूर चलने के बाद दूसरा ठग आया और बोला
audio/chunk_01532.wav|तुम तो मरे हुए बछड़े को कंधे पर लटकाए हुए हो
audio/chunk_01533.wav|थोड़ी देर बाद तीसरा ठग आया और बोला, अरे भाई ये क्या? तुम तो गधे को कंधों पर लटकाए हुए हो।
audio/chunk_01534.wav|तीनों ठग की बातें सुनकर मित्रा शर्मा सोचने लगा कि कहीं मेरे कंधों पर कोई भूत तो नहीं है
audio/chunk_01535.wav|यह पक्का भूत ही है तभी तो बार बार अपना भेष बदल रहा है
audio/chunk_01536.wav|यह सोचकर मित्रा शर्मा डर जाता है और बकरी को वहीं छोड़कर भाग जाता है
audio/chunk_01537.wav|तीनों ठग बकरी को ले लेते हैं और खुशी खुशी उसे
audio/chunk_01538.wav|और खुशी खुशी उसे पकाकर अपना पेट भरते हैं
audio/chunk_01539.wav|एक गाँव में हरिदत्ता नाम का गरीब ब्राह्मण रहता था
audio/chunk_01540.wav|उसका 1 छोटा सा खेत था।
audio/chunk_01541.wav|कड़ी मेहनत के बावजूद भी उसकी फसल अच्छी नहीं होती थी
audio/chunk_01542.wav|एक दिन वह थक कर बरगद के पेड़ के नीचे सो गया
audio/chunk_01543.wav|जब उसकी नींद खुली तो उसने वहाँ नाग देवता कोबरा को देखा। वह डर गया और जल्दी से एक कटोरे में दूध लाया और नाग देवता से अपनी स्मृति की प्रार्थना करने लगा।
audio/chunk_01544.wav|नाग देवता बोले मैं तुम्हारी सारी इच्छाएँ पूरी करूँगा
audio/chunk_01545.wav|बस तुम रोज़ 1 कटोरा दूध मुझे देना।
audio/chunk_01546.wav|जैसे वह नाग वापस अपने बिल में गया, ब्राह्मण ने देखा कि वहाँ एक सोने का सिक्का पड़ा है।
audio/chunk_01547.wav|इस तरह वह ब्राह्मण रोज़ दूध लेकर आता और रोज़ उसे सोने के सिक्के मिलते
audio/chunk_01548.wav|इस तरह वह किसान अमीर बन गया
audio/chunk_01549.wav|एक बार वह शहर के बाहर फलों और सब्जियों के बीज लेने गया
audio/chunk_01550.wav|उसने अपने बेटे को साँप को दूध पिलाने की ज़िम्मेदारी सौंपी
audio/chunk_01551.wav|जब बेटे ने देखा कि साँप तो दूध पीने के बाद सोने का सिक्का देता है तब उसने सोचा कि इसके पेट में कितने सारे सिक्के होंगे
audio/chunk_01552.wav|यह सोचकर वह अगले दिन कुल्हाड़ी लेकर आया और उसने उस साँप को मार दिया
audio/chunk_01553.wav|जब उसने उसके पेट को काट कर देखा तो वहाँ 1 भी सिक्का नहीं था
audio/chunk_01554.wav|कुछ दिनों बाद जब ब्राह्मण लौटा तो वह नाग देवता को मरा हुआ देखकर अपने बेटे पर बहुत गुस्सा हुआ
audio/chunk_01555.wav|वह बोला अब हमें कभी भी सोने का सिक्का नहीं मिलेगा
audio/chunk_01556.wav|अच्छा होगा कि तुम मेरी नज़रों से दूर हो जाओ।
audio/chunk_01557.wav|इस कहानी से हमें यह शिक्षा मिलती है कि बिना सोचे विचारे काम करने से कुछ भी हासिल नहीं होता।
audio/chunk_01558.wav|ब्राह्मण और हीरे एक बार एक चालाक ब्राह्मण गाँव में रहता था
audio/chunk_01559.wav|वह दिन में पूजा करता था और रात में यात्रियों को अपनी मीठी बातों से बहला फुसलाकर उनका धन लूट लिया करता था
audio/chunk_01560.wav|एक बार दूसरे शहर से कुछ व्यापारी आए
audio/chunk_01561.wav|उन्होंने अपना सब कुछ बेचकर छह बड़े हीरे खरीदे और उन्हें चोरों से बचाने के लिए उसे निगल गए
audio/chunk_01562.wav|ब्राह्मण को इस बात का पता चल गया और वह व्यापारियों के पास पहुंचा और उन्हें धर्म की बातों से प्रभावित करने लगा। व्यापारियों को ब्राह्मण पर विश्वास हो गया।
audio/chunk_01563.wav|व्यापारी और ब्राह्मण दूसरे शहर जाने लगे
audio/chunk_01564.wav|बीच में जंगल आया और कौवे उन्हें देखकर ज़ोर ज़ोर से काऊँ काऊँ करने लगे
audio/chunk_01565.wav|कौवों की आवाज़ सुनकर आदिवासी वहाँ आ गए और उन्हें पता चल गया कि इनके पास पक्का धन है ब्राह्मण ने सोचा कि यदि इन आदिवासियों को एक भी व्यापारी के पेट में से हीरा मिल गया तो वह पक्का हीरे के लिए मुझे भी मार देंगे
audio/chunk_01566.wav|उसे लगा कि किसी भी स्थिति में मरना तो पक्का ही है
audio/chunk_01567.wav|ब्राह्मण आदिवासियों से बोला कि पहले आप मुझे मार दें
audio/chunk_01568.wav|यदि मेरे पेट में हीरा मिले तो सबको मार देना
audio/chunk_01569.wav|यदि नहीं मिले तो समझ जाना कि हीरा किसी के भी पेट में नहीं है
audio/chunk_01570.wav|आदिवासी ब्राह्मण को मार देते हैं और हीरा नहीं मिलने के कारण बाकी व्यापारियों को भी छोड़ देते हैं
audio/chunk_01571.wav|इस कहानी से हमें यह शिक्षा मिलती है कि दूसरों के लिए स्वयं की कुर्बानी देना महान कर्म है
audio/chunk_01572.wav|बहुत समय पहले एक बड़े से बरगद के पेड़ पर एक अजीब सा पक्षी रहता था
audio/chunk_01573.wav|एक दिन उस पक्षी ने नदी के किनारे सेब का फल देखा
audio/chunk_01574.wav|उसने अपने जीवन में ऐसा फल पहले कभी नहीं देखा था
audio/chunk_01575.wav|जैसे ही वह पक्षी सेब को खाने लगा तभी दूसरा सिर बोला कि मैं भी यह फल खाना चाहता हूँ
audio/chunk_01576.wav|1st सिर बोला कि तू यह फल खाकर क्या करेगा?
audio/chunk_01577.wav|तू खाए या मैं खाऊँ बात तो एक ही है हमारा पेट तो एक ही है ना
audio/chunk_01578.wav|यह कहकर पहला सिर वह सेब खा लेता है
audio/chunk_01579.wav|दूसरा सिर एक ज़हरीला फल देखता है और पहले सिर से बदला लेने के लिए उसे खाने लगता है
audio/chunk_01580.wav|पहला सिर कहता है कि यह तुम क्या कर रहे हो इसे मत खाओ
audio/chunk_01581.wav|दूसरा सिर उसकी बात नहीं मानता और वह ज़हरीला फल खा लेता है
audio/chunk_01582.wav|फल खाते ही दोनों की मौत हो जाती है
audio/chunk_01583.wav|इस कहानी से हमें यह शिक्षा मिलती है कि परिवार के सदस्यों को आपस में कभी भी झगड़ना नहीं चाहिए
audio/chunk_01584.wav|चमगादड़ एक बार जानवरों और पक्षियों के बीच युद्ध छिड़ जाता है पक्षी जानवरों को चोंच मार मार कर उड़ जाया करते थे
audio/chunk_01585.wav|जिससे कि जानवर बड़े ही परेशान रहते थे
audio/chunk_01586.wav|वहीं चमगादड़ भी रहा करते थे लेकिन वे किसी का साथ नहीं देते थे
audio/chunk_01587.wav|एक बार चमगादड़ों ने सोचा कि हम तो पक्षी भी हैं और जानवर भी
audio/chunk_01588.wav|इसलिए हमें उन्हीं का साथ देना चाहिए जो जीतेंगे
audio/chunk_01589.wav|फिर से पक्षियों और जानवरों में लड़ाई होती है और पक्षी जीत जाते हैं
audio/chunk_01590.wav|चमगादड़ पक्षियों के साथ हो जाते हैं
audio/chunk_01591.wav|अगली बार फिर युद्ध होता है और इस बार जानवर जीत जाते हैं
audio/chunk_01592.wav|अब चमगादड़ जानवरों के साथ हो जाते हैं। लगातार युद्ध से तंग आकर पक्षी और जानवर आपस में समझौता कर लेते हैं कि अब से वे युद्ध नहीं करेंगे और मिलजुलकर रहेंगे।
audio/chunk_01593.wav|चमगादड़ आते हैं और कहते हैं कि हम भी साथ में मिलजुलकर रहेंगे
audio/chunk_01594.wav|पक्षी और जानवर समझ जाते हैं कि ये चमगादड़ किसी के भी सगे नहीं हैं और वे चमगादड़ों को भगा देते हैं
audio/chunk_01595.wav|चमगादड़ों को शर्मिंदगी महसूस होती है और वे छिप जाते हैं और तभी बाहर निकलते हैं जब पक्षी या जानवर बाहर नहीं होते
audio/chunk_01596.wav|इस कहानी से हमें यह शिक्षा मिलती है कि चापलूसी करने वाले मित्रों से हमेशा दूर रहना चाहिए।
audio/chunk_01597.wav|भालू और गोलू मोलू
audio/chunk_01598.wav|गोलू और मोलू बहुत ही घनिष्ठ मित्र थे
audio/chunk_01599.wav|वे हमेशा साथ साथ रहा करते थे।
audio/chunk_01600.wav|गोलू पतला था और मोलू मोटा था
audio/chunk_01601.wav|एक बार उनके किसी मित्र ने उन्हें अपनी बहन की शादी में आने का निमंत्रण भेजा
audio/chunk_01603.wav|दोनों मित्र चल पड़े और जंगल में उन्हें एक भालू दिखाई दिया
audio/chunk_01604.wav|भालू को देखते ही गोलू फट से पेड़ पर चढ़कर छिप गया
audio/chunk_01605.wav|मोलू मोटा था इसलिए वह पेड़ पर चढ़ नहीं पाया
audio/chunk_01606.wav|तभी उसने अपने दिमाग का इस्तेमाल किया और वह सांस रोककर लेट गया
audio/chunk_01607.wav|भालू मोलू के पास आया और उसे सूंघने लगा
audio/chunk_01608.wav|भालू को लगा कि मोलू मर चुका है
audio/chunk_01609.wav|चूँकि भालू मृत इंसान को नहीं खाते इसलिए वह मोलू को सूंघकर वापस चला गया
audio/chunk_01610.wav|गोलू पेड़ से उतरकर बोला तुम ठीक हो ना मोलू उस भालू ने तुमसे क्या कहा
audio/chunk_01611.wav|मोलू बोला कि तुम मेरे मित्र कहलाने के लायक नहीं हो
audio/chunk_01612.wav|भालू ने भी मुझसे यही कहा
audio/chunk_01613.wav|गोलू बहुत शर्मिंदा होता है लेकिन मोलू उससे अपनी मित्रता तोड़ देता है इस कहानी से हमें यह शिक्षा मिलती है कि मुसीबत में काम आने वाला मित्र ही वास्तव में सच्चा मित्र है
audio/chunk_01614.wav|राजा नंदा और वरा रुचि
audio/chunk_01615.wav|एक बार नंदा नाम के राजा हुआ करते थे
audio/chunk_01616.wav|वे बड़े ही बहादुर थे।
audio/chunk_01617.wav|पड़ोसी राज्यों के राजा भी उनका बहुत सम्मान करते थे
audio/chunk_01618.wav|राजा का एक मंत्री था वरारुचि
audio/chunk_01619.wav|उसे राजनीति और संस्कृत का बहुत ज्ञान था
audio/chunk_01620.wav|1 बार उसकी पत्नी उससे गुस्सा हो गई और बोली कि यदि तुम अपना सिर मुंडवा कर मेरे पैरों पर गिर कर क्षमा मांगोगे तभी मैं तुमसे बात करूंगी।
audio/chunk_01621.wav|वरा रुचि अपनी पत्नी से बहुत प्यार करता था।
audio/chunk_01622.wav|इसलिए उसने वैसा ही किया
audio/chunk_01623.wav|1 दिन राजा की पत्नी भी राजा से गुस्सा हो गई और वह बोली कि मैं चाहती हूँ कि तुम घोड़ा बनो, मैं तुम्हारे मुंह में लगाम भी डालूँगी और तुम्हें घोड़े की तरह हिनहिनाना भी पड़ेगा।
audio/chunk_01625.wav|इसलिए उन्होंने भी वैसा ही किया
audio/chunk_01626.wav|जैसा उसकी पत्नी चाहती थी राजा भी अपनी पत्नी से बहुत प्यार करता था इसलिए उन्होंने भी वैसा ही किया जैसे उनकी पत्नी चाहती थी
audio/chunk_01627.wav|अगले दिन जब दरबार में वराह रुचि आया, तो राजा उसे देखकर हंसने लगे और बोले, अरे, ये अचानक तुमने अपना सिर क्यों मुंडवा लिया? क्या कारण है?
audio/chunk_01628.wav|वरा रुचि हसते हुए बोला महाराज वही कारण है जिस वजह से आप कल हिनहिना रहे थे
audio/chunk_01629.wav|राजा यह सुनकर कुछ बोले बिना हंसने लगते हैं।
audio/chunk_01630.wav|इस कहानी से हमें यह शिक्षा मिलती है कि हम जिसे चाहते हैं उसके लिए कुछ भी कर सकते हैं
audio/chunk_01631.wav|दुष्ट औरत और भेड़िया
audio/chunk_01632.wav|एक गाँव में एक बढ़ई रहता था वह बहुत ही शांत और अच्छे स्वभाव का था लेकिन उसकी पत्नी बहुत ही दुष्ट थी
audio/chunk_01633.wav|और उसका चरित्र भी खराब था।
audio/chunk_01634.wav|वह उम्र में बड़े होने के कारण अपने पति से बिल्कुल भी प्यार नहीं करती थी
audio/chunk_01635.wav|एक बार एक चोर ने उस औरत से झूठे प्यार का नाटक किया और उससे कहा कि तुम सारा धन लेकर आ जाओ हम इस शहर को छोड़कर कहीं बाहर चले जाएँगे
audio/chunk_01636.wav|वह औरत सारा धन और महंगे कपड़े पहनकर उस चोर के साथ चल देती है
audio/chunk_01637.wav|बीच में 1 नदी आती है, तो वह चोर कहता है कि मैं पहले तैर कर यह सारा धन और तुम्हारे महंगे कपड़े उस पार छोड़ देता हूँ, फिर आकर तुम्हें ले जाऊँगा। वह औरत अपना सारा धन और अपने महंगे कपड़े उस चोर को दे देती है।
audio/chunk_01638.wav|चोर सब लेकर चला जाता है और वापस नहीं आता
audio/chunk_01639.wav|अब औरत बिना कपड़ों के ही वहीं बैठकर उसका इंतजार करती है
audio/chunk_01640.wav|तभी उसे 1 भेड़िया दिखाई देता है
audio/chunk_01641.wav|उसके मुँह में मांस का 1 टुकड़ा होता है
audio/chunk_01642.wav|भेड़िये की नज़र नदी के किनारे कुछ मछलियों पर पड़ती है
audio/chunk_01643.wav|वह मांस का टुकड़ा वहीं छोड़कर मछलियों को खाने के लिए नदी के पास जाता है
audio/chunk_01644.wav|लेकिन तब तक मछलियाँ वापस नदी के अंदर चली जाती हैं और उसका मांस का टुकड़ा भी कुत्ते ले जाते हैं। यह देखकर औरत भेड़िये से कहती है कि अब ना तो तुम्हारे पास मांस का टुकड़ा है और ना ही मछली, अब तुम्हारा क्या होगा?
audio/chunk_01645.wav|यह सुनकर भेड़िया कहता है कि तुम मुझ पर क्या हंस रही हो तुम्हारे पास ना तो पति है ना प्रेमी ना धन और ना ही वस्त्र तुम्हारा कोई ठिकाना नहीं है तुम्हारी स्थिति तो मुझसे भी दयनीय है
audio/chunk_01646.wav|यह कहकर भेड़िया हँसते हुए उस औरत को वहीं छोड़कर चला जाता है
audio/chunk_01647.wav|इस कहानी से हमें यह शिक्षा मिलती है कि बुरे कर्मों का फल बुरा ही होता है
audio/chunk_01648.wav|राजा चंद्रा और बंदरों का मुखिया
audio/chunk_01649.wav|चंद्रा नाम के राजा के महल के चारों तरफ़ एक सुंदर बगीचा था
audio/chunk_01650.wav|वहाँ कई पक्षी और बंदर रहते थे
audio/chunk_01651.wav|राजा के पास 1 बकरी भी थी जिसके साथ उसके बेटे खेला करते थे।
audio/chunk_01652.wav|बकरी के शरीर पर लंबे लंबे ऊन जैसे बाल थे
audio/chunk_01653.wav|क्योंकि बकरी राजा को प्रिय थी इसलिए वह कहीं भी घुमा करती थी और कोई उसे मना नहीं कर पाता था
audio/chunk_01654.wav|वह अक्सर शाही रसोई में भी जाया करती थी
audio/chunk_01655.wav|और रसोइए गुस्से में उसे गरम सलाखों से कभी कभी मार भी दिया करते थे
audio/chunk_01656.wav|बंदर के मुखिया ने 1 दिन रसोइयों को ऐसा करते हुए देखा और फिर उसने सोचा कि ऐसे तो कभी ना कभी इस बकरी को आग लग सकती है
audio/chunk_01657.wav|फिर वह उस आग को बुझाने के लिए अस्तबल के घास पर लेटेगी इससे पूरे अस्तबल में आग लग जाएगी और फिर घोड़ों को भी आग लग जाएगी
audio/chunk_01658.wav|और यदि ऐसा हुआ तो राजा बंदरों के मांस से घोड़ों को ठीक करेंगे
audio/chunk_01659.wav|यह सोचकर वह डर गया और उसने सभी बंदरों से महल छोड़कर दूर चलने को कहा
audio/chunk_01660.wav|लेकिन किसी ने उसकी बात नहीं मानी
audio/chunk_01661.wav|बंदर का मुखिया महल छोड़कर चला गया।
audio/chunk_01662.wav|कुछ दिनों बाद जैसा बंदर के मुखिया ने सोचा था वैसा ही हुआ और सभी बंदरों को उनके मांस के लिए मार दिया गया
audio/chunk_01663.wav|जब बंदर के मुखिया को यह पता चला
audio/chunk_01664.wav|तो उसने राजा से बदला लेने की ठानी
audio/chunk_01665.wav|वह एक दिन तालाब में पानी पीने गया तो उसने देखा कि वहाँ तालाब की ओर जाने वाले पैर के निशान हैं लेकिन लौटने के नहीं
audio/chunk_01666.wav|बंदर यह सोच ही रहा था कि उस तालाब में से एक काला राक्षस निकला और बोला
audio/chunk_01667.wav|बंदर तुम पहले हो जो इस तालाब में नहीं घुसे इसलिए तुम जो चाहो वह मांग सकते हो
audio/chunk_01668.wav|बंदर ने राक्षस के गले का चमचमाता सुंदर हार मांग लिया
audio/chunk_01669.wav|बंदर वह हार लेकर राजा के पास गया और बोला
audio/chunk_01670.wav|तालाब में जो नहाकर डुबकी लगाएगा उसे ऐसे ही आभूषण मिलेंगे
audio/chunk_01671.wav|राजा अपने परिवार और कई सेवकों को लेकर तालाब में जाता है
audio/chunk_01672.wav|बंदर राजा से कहता है कि आप अंत में जाना क्योंकि आप राजा हो
audio/chunk_01673.wav|और आपको कुछ खास आभूषण मिलेंगे
audio/chunk_01674.wav|कई देर हो जाती है और राजा के सेवक बाहर नहीं आते
audio/chunk_01675.wav|यह देखकर बंदर कहता है कि तालाब के राक्षस ने उन्हें मार दिया है
audio/chunk_01676.wav|जैसे आपने मेरे साथी बंदरों को मारा था
audio/chunk_01677.wav|मैंने आपको इसलिए नहीं मरवाया क्योंकि आप मेरे मालिक हैं
audio/chunk_01678.wav|अब मेरा बदला पूरा हुआ
audio/chunk_01679.wav|और वैसे भी यह कहा जाता है कि दुष्टों के साथ दुष्टता करना कोई पाप या अपराध नहीं होता
audio/chunk_01680.wav|राजा यह सुनकर बहुत दुखी हो जाते हैं और दुखी मन से वापस महल लौट जाते हैं
audio/chunk_01681.wav|एक बार हवा और सूरज में बहस छिड़ जाती है कि दोनों में से ताकतवर कौन है
audio/chunk_01682.wav|फिर दोनों इस निष्कर्ष पर पहुँचते हैं कि उन्हें अपनी ताकत का किसी पर प्रयोग कर साबित करना होगा।
audio/chunk_01683.wav|तभी उन्हें नीचे एक यात्री जाता हुआ दिखाई देता है जिसने एक jacket पहना होता है
audio/chunk_01684.wav|सूरज हवा से कहता है कि हम दोनों इस आदमी पर अपनी ताक़त आज़माएँगे और जो भी इसके jacket को निकलवाने में कामयाब होगा वही ताक़तवर है
audio/chunk_01685.wav|सूरज छिप जाता है और हवा अपना पूरा ज़ोर लगा देती है
audio/chunk_01686.wav|लेकिन जैसे जैसे हवा तेज़ चलती है वैसे वैसे वह अपने jacket को और कस लेता है
audio/chunk_01687.wav|हवा थक जाती है और फिर सूरज की बारी आती है
audio/chunk_01688.wav|सूरज बहुत तेज़ चमकता है और खूब गर्मी करता है
audio/chunk_01689.wav|धीरे धीरे गर्मी बढ़ती जाती है
audio/chunk_01690.wav|यात्री को बहुत गर्मी लगती है और वह अपना jacket उतार देता है
audio/chunk_01691.wav|फिर वह एक छायादार पेड़ के नीचे बैठ जाता है और स्वयं को पंखा करने लगता है
audio/chunk_01692.wav|इस प्रकार सूरज यह साबित कर देता है कि वह हवा से ताकतवर है इस कहानी से हमें यह शिक्षा मिलती है कि बल की बजाय समझाने बुझाने से कार्य आसानी से सिद्ध हो जाते हैं
audio/chunk_01693.wav|एक घने जंगल में 2 बड़े से बरगद के पेड़ थे
audio/chunk_01694.wav|दोनों पेड़ पास-पास थे।
audio/chunk_01695.wav|इसलिए 1 ही लगते थे।
audio/chunk_01697.wav|उसी पेड़ में एक बिल था जिसमें एक काला साँप रहता था
audio/chunk_01698.wav|वह साप रोज़ बाहर आता था और सारस के बच्चों को खा जाता था
audio/chunk_01699.wav|सारस उस सांप से बहुत दुखी थे।
audio/chunk_01700.wav|एक बार सारस नदी के किनारे ज़ोर ज़ोर से रो रहा था
audio/chunk_01701.wav|तभी वहाँ 1 केकड़ा आया और उसने उनसे रोने का कारण पूछा
audio/chunk_01702.wav|सारस ने बताया कि पेड़ पर 1 सांप है जो उनके बच्चे को खा जाता है। केकड़े ने मन में सोचा कि यह सारस भी तो हम केकड़ों और हमारे बच्चों को खा जाते हैं।
audio/chunk_01703.wav|यही सही मौका है इन्हें सबक सिखाने का केकड़ा बोला कि यहीं पास में एक नेवला रहता है उसके घर से साँप के बिल तक मछली के टुकड़े डाल दो
audio/chunk_01704.wav|आगे तो तुम जानते ही हो कि क्या होगा
audio/chunk_01705.wav|सारस खुश हो जाते हैं और वैसा ही करते हैं
audio/chunk_01706.wav|नेवला मछली के टुकड़े खाते खाते साँप तक पहुँच जाता है फिर वह साँप को भी मारकर खा लेता है और धीरे धीरे वह सारस के सभी बच्चों को भी खा लेता है खूब सारे सारस के बच्चे खाकर नेवला बहुत मोटा और आलसी हो जाता है वह एक दिन पेड़ पर लेटा होता है कि तभी फिसल जाता है
audio/chunk_01707.wav|जाता है और वहीं गिरकर उसकी मौत हो जाती है
audio/chunk_01708.wav|इस कहानी से हमें यह शिक्षा मिलती है कि दुश्मनों के सुझाव पर जल्दबाज़ी में भरोसा नहीं करना चाहिए।
