audio/chunk_00001.wav|हरितवन नावाचे 1 सुंदर असे जंगल होते.
audio/chunk_00002.wav|या जंगलात सगळ्या प्राण्या पक्षाबरोबर
audio/chunk_00003.wav|बबलू हत्ती दादा आणि भोली गाढव दादा राहत होते.
audio/chunk_00004.wav|बबलू हत्ती दादा खूप ताकतवान, अवाढव्य शरीराचे
audio/chunk_00005.wav|आणि अवाटव्य शरीराचे होते.
audio/chunk_00006.wav|खूप ताकदवान म्हणून ते जंगलात सगळे प्रसिद्ध होते.
audio/chunk_00007.wav|शांत समजूतदार स्वभावाचे तेजस्वी डोळ्याचे आणि हुशार बुद्धीचे होते.
audio/chunk_00008.wav|एकदा काय झालं जंगलातल्या कुणात
audio/chunk_00009.wav|बबलू हत्ती दादा गवत खात होते.
audio/chunk_00010.wav|तेवढ्यात काय झालं? तेवढ्यात अचानक त्यांच्या पायाला दोरखंड बांधला गेला आणि त्यांना ओढत नेऊन
audio/chunk_00011.wav|एका खुंट्याला बांधलं गेलं. त्यातून त्यांनी सुटण्यासाठी खूप धडपड केली.
audio/chunk_00012.wav|ते घाबरले, अरे देवा हे काय झालं? मी कसा अडकलो ह्यात? माझे मलाच कळेना, काय करू मी? आता यातून माझी सुटका नाही होणार.
audio/chunk_00013.wav|मी आता आयुष्यभर या दोरखंडालाच अडकून पडणार.
audio/chunk_00014.wav|असे म्हणून ते घाबरून सुटण्यासाठी प्रयत्न करू लागले.
audio/chunk_00015.wav|तेव्हा गोडी गाढव दादा जंगलातनं निघाले होते.
audio/chunk_00016.wav|त्यांनी पहिले बबलू हत्ती दादांना
audio/chunk_00017.wav|आणि ते काय मनात म्हणाले, अरे एवढी ताकदवान बबलू हत्ती दादा आणि ते दोरखंडाला अडकले कसे आहेत?
audio/chunk_00018.wav|चला त्यांना जाऊन विचारूया.
audio/chunk_00019.wav|असे म्हणून ते Babru Hatti Dada-जवळ आले.
audio/chunk_00020.wav|अरे Bablu हत्ती दादा, एवढे तुम्ही ताकद मान.
audio/chunk_00021.wav|या दोरखंडाने कसे बांधले गेले हात? तेव्हा Bablu Hatti Dada म्हणाले,
audio/chunk_00022.wav|काय सांगू बोली गाढव दादा, अहो सकाळी मी कुरणात गवत खात होतो आणि अचानक 1 शिकारी आला. त्याने माझ्या पायाला जोरखंड बांधले मला समजायच्या आत आणि मला ओढत आणलं आणि जमिनीत 1 खुंटा रोवला आणि त्याला बांधलं.
audio/chunk_00023.wav|मी सुटण्यासाठी खूप प्रयत्न केले, पण सगळे माझे प्रयत्न अयशस्वी ठरले.
audio/chunk_00024.wav|मला तर वाटतंय मी आयुष्यभर या खुंट्याला बांधून राहणार.
audio/chunk_00025.wav|तेव्हा गोली गाढो दादा म्हणाले, अरे Bablu हत्ती दादा, असे काय बोलता तुम्ही? शांत व्हा तुम्ही.
audio/chunk_00026.wav|तुमचे सगळे विचार तुम्ही त्या खुंट्याबरोबर आणि दोरीबरोबर बांधून टाकले आहात.
audio/chunk_00027.wav|अहो, जरा तुमच्या ताकतीचा विचार करा.
audio/chunk_00028.wav|तुमचा आत्मविश्वास जागवा.
audio/chunk_00029.wav|कुठे गेला तुमचा आत्मविश्वास?
audio/chunk_00030.wav|गोली गाढव दादा विचार विचाराने समजदार होते त्यांच्या बोलण्यात सत्यता होती म्हणून ते असे बोलले.
audio/chunk_00031.wav|तुमच्या ताकतीचा विचार करा, तुमची ताकद आठवा.
audio/chunk_00032.wav|मग Bablu हत्ती दादा म्हणाले.
audio/chunk_00033.wav|अहो गोली काढव दादा, मी खूप ताकतवान बलाढ्य आहे.
audio/chunk_00034.wav|माझी ताकद इथे कमी पडेल, अपुरी पडेल.
audio/chunk_00035.wav|मला नाही वाटत मी सुटू येईल.
audio/chunk_00036.wav|अहो असे बोलू नका.
audio/chunk_00037.wav|बबलू हत्ती दादा, तुम्ही जर मनात आणलं तर 1 क्षणात तुम्ही तुमची सुटका करून घ्याल.
audio/chunk_00038.wav|गोली गाडू दादा खरंच मी सुटेन का हो?
audio/chunk_00039.wav|अरे मी काय सांगतो Bablu Hatti दादा तुम्ही नक्कीच सुटणार.
audio/chunk_00040.wav|फक्त तुमची ताकद आठवा.
audio/chunk_00041.wav|तुमचा आत्मविश्वास जागवा.
audio/chunk_00042.wav|एका क्षणात तुमची सुटका होईल.
audio/chunk_00043.wav|असे म्हटल्यावर Bablu हत्ती दादांना
audio/chunk_00044.wav|ताकत आली, विचार आले!
audio/chunk_00045.wav|आणि त्यांनी असा जी झटका दोरीला दिला आपल्या ताकतीनिशी
audio/chunk_00046.wav|त्याबरोबर त्यांच्या पायाची दोरखंड
audio/chunk_00047.wav|तुटला आणि खुंट्यासकर तो दोरकण लांब झाडाखाली जाऊन पडला.
audio/chunk_00048.wav|त्याबरोबर बोली गाढव दादा म्हणाले शाब्बास बबलू हत्ती दादा!
audio/chunk_00049.wav|तुमचा आत्मविश्वास, प्रबळ इच्छाशक्ती
audio/chunk_00050.wav|घालवली ती माझ्या आतनं होईल का नाही होईल का नाही असे वाटत होते पण तसे करायचे नाही हिमतीने वागायचे.
audio/chunk_00051.wav|मग Bablu Hatti Dada म्हणाले,
audio/chunk_00052.wav|बरोबर आहे गोली गाढव दादा.
audio/chunk_00053.wav|तुम्ही म्हणताय तेच झालं माझं तेच मी म्हणत होतो.
audio/chunk_00054.wav|संभव गोष्टी मी असंभव करून बसलो होतो, शक्य होणाऱ्या गोष्टी
audio/chunk_00055.wav|मी माझी हिम्मत हरलो होतो, त्यामुळे मला त्या अशक्य वाटत होत्या.
audio/chunk_00056.wav|पण आता माझ्यात हिम्मत आली.
audio/chunk_00057.wav|मी आता कितीही मोठे संकट आले
audio/chunk_00058.wav|तरी माझा आत्मविश्वास मी ढळून देणार नाही, हरून देणार नाही.
audio/chunk_00059.wav|तर मी हिमतीने पुढे जाऊन त्या संकटाचे नामोहराम करणार.
audio/chunk_00060.wav|असे म्हटल्यावर Goli गाढव दादा म्हणाले बरोबर आहे बबलू हत्ती दादा.
audio/chunk_00061.wav|असे म्हणल्यावर Bablu Hatti Dada काय म्हणाले?
audio/chunk_00062.wav|गोळी गाढव दादा तुमचे खूप खूप आभार.
audio/chunk_00063.wav|अरे Babli Hatti दादा, त्यात आभार कसले मानायचे?
audio/chunk_00064.wav|तुम्ही माझे आजपासून मित्र आणि मित्राला संकटात मदत करणे हे माझे कर्तव्य आहे. फक्त हिम्मत हारून देऊ नका तुम्ही, कितीही संकटे आले, लाखोने संकट आले.
audio/chunk_00065.wav|मग बबलू हत्ती दादा म्हणाले बरोबर आहे तुमचं आजपासून मी हिमतीने वागणार.
audio/chunk_00066.wav|असे म्हणून दोघे मित्र जंगलातनं बोलत बोलत पुढे निघून गेले.
audio/chunk_00067.wav|आनंदाने म्हणून
audio/chunk_00068.wav|आपली हिम्मत कधी हरवायची नसते.
audio/chunk_00069.wav|कायम हिमतीने वागावे म्हणजे कितीही मोठे संकट आले तर ते आपल्याला हरण करता येते.
audio/chunk_00071.wav|नंदनवन नावाचे 1 सुंदर असे जंगल होते.
audio/chunk_00072.wav|या जंगलात फळांची खूप भरपूर झाडे होती.
audio/chunk_00073.wav|हिरवेगार गवत, सुंदर पाण्याचे सरोवर आणि प्राणी पक्षी भरपूर होते. सगळ्या प्राण्यात 1 छोटीशी सुंदर अशी गुबगुबीत
audio/chunk_00074.wav|पाणीदार डोळ्यांची, झुपकेदार शेपटीची आणि सुंदर रंगाची
audio/chunk_00075.wav|छोटीशी खारुताई होती.
audio/chunk_00076.wav|खूप सुंदर होती, बुद्धीने खूप चतुर आणि हुशार होती.
audio/chunk_00077.wav|ती जमलात या झाडावरून त्या झाडावर उड्या मारायची.
audio/chunk_00078.wav|झाडावरून सरसर खाली उतरायची, सरसर वर चढायची. जंगलातली फळे, अक्रोड, बदाम सगळं गोळा करून आपल्या ढोलीत चाटून ठेवायची. छोट्या छोट्या प्राण्या पक्षाबरोबर खेळायची. जंगलातले सगळे प्राणी पक्षी तिच्यावर खूप प्रेम करायचे.
audio/chunk_00079.wav|आणि खारुताई सगळ्यांना मदत करायची.
audio/chunk_00080.wav|एकदा काय झालं उन्हाळा आला जंगलात दुष्काळ पडला.
audio/chunk_00081.wav|जंगलातले सरोवरातले पाणी आटून गेले.
audio/chunk_00082.wav|फळे सुकून गेली, गवत वाळून गेले, त्यामुळे सगळे प्राणी पक्षी चिंताग्रस्त झाले आणि सगळेजण एके दिवशी एकत्र जमले.
audio/chunk_00083.wav|आणि पाण्यासाठी काय करावं?
audio/chunk_00084.wav|याचा विचार करू लागले. Bablu Hatti Dada म्हणाले, अरे!
audio/chunk_00085.wav|सुकलेली फळे गवत खाऊन आपण कसेतरी जगू.
audio/chunk_00086.wav|पण पाण्याचं काय करायचं? 2 दिवस पाणी पुरेल एवढे सरोवरात पाणी शिल्लक आहे. आता काय करायचं?
audio/chunk_00087.wav|भरारी बगळे दादा तिथे आले.
audio/chunk_00088.wav|भरारी बगळे दादा उंच उंच आकाशात विहार करत वर जायचे. त्यांना जंगलातली सगळी माहिती होती, कुठे गोडफडांचे झाड आहे, कुठे सुंदर पाण्याचे सरोवर आहे.
audio/chunk_00089.wav|ही सगळी माहिती होती ते तिथे आले.
audio/chunk_00090.wav|अरे मित्रांनो काय झालं? तुम्ही असे चिंताग्रस्त का दिसता आहात?
audio/chunk_00091.wav|तेव्हा Babla Hatti Dada म्हणाले, काय सांगू Bagale Dada?
audio/chunk_00092.wav|अहो आता दुष्काळ पडला आहे, फळे, गवर सगळं सुकून गेले आणि सरोवरही आटून गेले आहे, आम्हाला पाण्याचं काय करावं कळेना झाले.
audio/chunk_00093.wav|तेव्हा Bharari Bagale दादा म्हणाले,
audio/chunk_00094.wav|अहो Bablu हत्ती दादा तुम्ही चिंता करू नका मला 1 सरोवर माहिती आहे पण ते आपल्या जंगलापासून खूप लांब आहे.
audio/chunk_00095.wav|आणि तिथे जाण्यासाठी रस्ता मात्र खूप अडचणीचा कठीण आहे.
audio/chunk_00096.wav|चंचला खारुताई म्हणाल्या, हो, मला माहिती आहे ते सर्व, मी गेले होते.
audio/chunk_00097.wav|खूप सुंदर सरोवर आहे, पाणी गोड आणि थंड आहे.
audio/chunk_00098.wav|पण त्या कधीही त्या सरोवराजवळ गेलेले नव्हत्या आणि त्यांनी ते पाहिलेले नव्हते.
audio/chunk_00099.wav|त्यांनी काय केलं तसं बोलून सगळ्या प्राण्यांना प्रवाहित केलं.
audio/chunk_00100.wav|पण त्या कधीही त्या सरोवराकडे गेलेल्या नव्हत्या.
audio/chunk_00101.wav|मग Chanchala खाऊ तर असं बोलल्यावर सगळे प्राणी पक्षी म्हणाले, हो Chanchala ताई म्हणतात मग आपण जाऊया. सगळ्यांनी ठरवलं 2nd दिवशी सकाळी सगळी force निघाली. Baglu हत्ती दादा, नटकट माकड दादा, सुंदरी हरणी ताई, डब्बू अस्वल मामा.
audio/chunk_00102.wav|चला की लांडगीन ताई, गोबू, गुट्टू, ससेबाऊ, चुनचुन खारु ताई, सगळ्यांची फऊस
audio/chunk_00103.wav|त्या सरोवराकडे निघाली.
audio/chunk_00104.wav|मजल दर मजल करत करत करत दुपारी ही एका
audio/chunk_00105.wav|वरून ऊन तापत होतं, कडक उन्हाचा तडका, सगळे ताणीने भुकेने व्याकुळ झाले होते.
audio/chunk_00106.wav|मग सगळ्यांनी ठरवलं 1 झाडाखाली विश्रांती घ्यायची.
audio/chunk_00107.wav|सगळे बसले विश्रांतीला, पण प्राणी विचारत होते, अरे आले का सरोवर? कधी येणार? अजून किती लांब आहे?
audio/chunk_00108.wav|पण ते सरोवर किती लांब आहे?
audio/chunk_00109.wav|हे Chanchala-ला कुठे माहिती होतं?
audio/chunk_00110.wav|चंचला खारुताई घाबरल्या. अरे प्राणी आपल्याला विचारतील सरोवर आलं का नाही, पण मला सरोवरच माहिती नाही आणि मी काय सांगणार? त्यामुळे त्या चिडीची
audio/chunk_00111.wav|गप्प होत्या, काही बोलत नव्हत्या.
audio/chunk_00112.wav|तेवढ्यात भरारी बगळे दादा म्हणाले,
audio/chunk_00113.wav|अगं Chanchala बाळा कुठे आहे सरोवर आले का नाही सांग बरं आम्हाला?
audio/chunk_00114.wav|मग चंचलाला दरदरून घाम फुटला.
audio/chunk_00115.wav|थरथर कापायला लागल्या आणि रडायला लागल्या.
audio/chunk_00116.wav|मला नाही माहीत कुठे आहे सरोवर, मी नाही पाहिले, मी खोटे बोलले, मला माफ करा, मी चूक केली.
audio/chunk_00117.wav|तेव्हा Bagale Dada म्हणाले,
audio/chunk_00118.wav|तू खोटं बोलून मोठी चूक केलीस.
audio/chunk_00119.wav|अगं, कसं आहे? स्वतः जर खोटं बोललो का नाही, तर स्वतः स्वतःचं नुकसान होतं आणि दुसऱ्यांचही नुकसान होतं. याचा तू विचार केला नाहीस.
audio/chunk_00120.wav|तुझ्यावर आम्ही सगळ्यांनी विश्वास ठेवला, पण तू आमचा विश्वासघात घेतलास, केलास.
audio/chunk_00121.wav|तू चुकीशी चुकीचं केलंस.
audio/chunk_00122.wav|असं का केलंस सांग बरं?
audio/chunk_00123.wav|चंचला खारुताईला आणखीनच रडू फुटलं.
audio/chunk_00124.wav|तिला काय बोलावे कळेना.
audio/chunk_00125.wav|तेवढ्यात Bablu Hatti Dada आले ते काय म्हणाले, अरे Bagale Dada कशाला तिला बोलताय?
audio/chunk_00126.wav|आता झाल्या गोष्टी झाल्या.
audio/chunk_00127.wav|चूक काही भरून येणार आहे का?
audio/chunk_00128.wav|हे बघ Chanchala असे खोटे कधी बोलू नये.
audio/chunk_00129.wav|खोटे बोलण्याने आपल्याबरोबर दुसऱ्याचेही नुकसान होते.
audio/chunk_00130.wav|त्यासाठी नेहमी खरे बोलावे, खरे बोलण्यात खूप ताकद असते.
audio/chunk_00131.wav|मग चंचला म्हणाली, नाही मी आता हत्ती दादा खोटे कधीही बोलणार नाही.
audio/chunk_00132.wav|मग Bablu Hatti Dada म्हणाले, आज रात्री आता आपण इथे मुक्काम करूया.
audio/chunk_00133.wav|ही सगळी S-पर्यंत संध्याकाळ होत आली होती, त्यामुळे तिथे रात्री त्यांनी एका झाडाखाली मुक्काम केला.
audio/chunk_00134.wav|Bablu Aarti Dadani, Sundari Arani Tai,
audio/chunk_00135.wav|यांनी काटक्या गोळ्या करून लाकडे गोळा करून आणली आणि नटकट माकड दादानी गोबी ससे भाऊनी गारकोटीचा जाळ करून शेकोटी केली सगळ्या प्राणी.
audio/chunk_00136.wav|प्राण्यांनी शेकोटी बसी बसून
audio/chunk_00137.wav|रात्रभर छान गप्पा मारल्या आणि सकाळी उठल्यावर परत ते प्रवासाला निघाले.
audio/chunk_00138.wav|भरत चालत चालत चालत निघाले दुपार झाली.
audio/chunk_00139.wav|कधी सरोवर येणार त्यांना झालो होतो सगळे प्राणी पक्षी भुकेने ताणेने हैराण झाले होते.
audio/chunk_00140.wav|तेवढ्यात ते सरोवर आलं.
audio/chunk_00141.wav|सगळे प्राणी पक्षी खुश झाले.
audio/chunk_00142.wav|आनंदाने सगळे सरोवरात पळाले.
audio/chunk_00143.wav|सगळ्यांनी बुड्या मारल्या, पोटभर पाणी पेले.
audio/chunk_00144.wav|खूप मजा धमाल केली. Bablu हत्ती दादांनी सोंडेने पाणी उडवले, पोटभर सगळे प्राणी पाणी प्यायले.
audio/chunk_00145.wav|Chanchala Kharutai नाराज होत्या, दुःखी होत्या.
audio/chunk_00146.wav|आपलं छोटंसं खोटं बोलणं झालं.
audio/chunk_00147.wav|पण प्राण्यांचं किती नुकसान झालं?
audio/chunk_00148.wav|किती संकट त्यांच्यावर आलं आपल्या एवढ्याशा खोट्या बोलण्याने?
audio/chunk_00149.wav|मग त्याही पाणी प्यायल्या पण निराशेने बसल्या होत्या.
audio/chunk_00150.wav|मग त्या थोड्या वेळाने Bablu Hatti Dada-जवळ गेल्या आणि म्हणाल्या, Bablu Hatti Dada!
audio/chunk_00151.wav|मला माफ करा, मी खोटे बोलले, मी चुकीचे वागले, Bablu Hatti Dada म्हणाले, अगं राहू दे ना Chanchala.
audio/chunk_00152.wav|म्हणूनच तुला सांगतोय मी खोटे कधी बोलायचे नाही नेहमी खरे बोलावे खरे बोलण्यात खूप मोठी ताकद असते
audio/chunk_00153.wav|खोटे बोलण्याने आपल्याबरोबर दुसऱ्याचेही नुकसान हानी होते, म्हणून नेहमी खरे बोलावे.
audio/chunk_00154.wav|हो मी आता इथून पुढे नेहमी
audio/chunk_00155.wav|खरे बोलेल अशी Chanchala म्हणाली.
audio/chunk_00156.wav|मग सगळे प्राणी पक्षी तिच्यावर बोलू लागले आणि
audio/chunk_00157.wav|सगळ्यांनी पाणी पिऊन परत आपल्या जंगलाकडे गेले. थोड्याच दिवसात जंगलात भरपूर पाऊस पडला.
audio/chunk_00158.wav|पाणी, फळे, फुले सगळं काही परत पहरलं आणि प्राणी सगळे आनंदाने राहू लागले.
audio/chunk_00160.wav|छोटे उंदीर मामा, लखन माकड दादा आणि सुंदरी मांजरी ताई एकमेकांचे घनिष्ठ मित्र होते.
audio/chunk_00161.wav|ते इतके जिवलग मित्र होते.
audio/chunk_00162.wav|अतिशय त्यांच्यात मैत्री होती. 3 जंगलातनं फिरायचे एकत्र.
audio/chunk_00163.wav|अन्न आणण्यासाठी एकत्र जायचे.
audio/chunk_00164.wav|सरोवरात पाणी पिण्यासाठी एकत्र जायचे इतके ते घनिष्ठ मित्र होते मग ते
audio/chunk_00165.wav|जंगलातनं एकदा फिरता फिरता 3 मित्रांनी काय ठरवलं की आपण छानपैकी
audio/chunk_00166.wav|मग ती का नाही कल्पना पसंत पडली.
audio/chunk_00167.wav|मग तिघांनी खीर करायची ठरवली.
audio/chunk_00168.wav|मग छोटे उंदीर मामा काय म्हणाले, मी रवानी साखर आणतो.
audio/chunk_00169.wav|Lokhand Makad Dada म्हणाले, मी पातेल आणतो. Sundari Manjari Tai म्हणाल्या, मी दूध आणते. झालं. ठरल्याप्रमाणे तिघांनी साहित्य आणलं.
audio/chunk_00170.wav|मग जंगलातल्या 1 झाडाखाली सुंदरी मांजरी ताईंनी दगडाची चूल केली.
audio/chunk_00171.wav|Lokhan Makad Dada, छोटे उंदीर मामा यांनी पाला पाचोळ्या, काटक्या, गोळा भरून Sundara Manjari Tai-ला आणून दिल्या. त्यांनी चूल पेटवली, विस्तव तयार केला आणि पातेले ठेवून Sundara Manjari Tai-नी छान पैकी खीर तयार केली.
audio/chunk_00172.wav|काय सुवास तो किरीचा, किती छान सुवास येत होता.
audio/chunk_00173.wav|तिघे अगदी त्या खिरीच्या सुवासाने मन हरवून गेले.
audio/chunk_00174.wav|छोटे उंदीर मामा, लखन माकड दादा यांना झाले खीर आपण कधी खातोय. सुंदरी मांजरी ताईंनाही खीर हलवताना तो सुवास
audio/chunk_00175.wav|त्यांनाही झाले खीर एकदा कधी होते तयार आणि आपण कधी एकदा खातोय मग खीर तयार झाल्या सुंदरा मांजरीन ताईंने
audio/chunk_00177.wav|आणि तिघेही गार होण्याची वाट पाहू लागले. त्यांना तिघांनाही झालं कधी एकदा अशी खीर गार होते. किती छान सुवास आहे कधी खाईन झालंय. असं तिघांनाही होऊन गेलं.
audio/chunk_00178.wav|ह्या गडबडीत काय झालं Lakhan Makad Dada काय म्हणाले अरे आपण आज खीर करायच्या गडबडीत
audio/chunk_00179.wav|आपण आज आंघोळ केलीच नाही. आपली खीर पण गार होणार आहे. तोपर्यंत आपण जंगलातल्या या आपल्या सरोवरात जाऊन आंघोळ करून येऊ. छोटे उंदीर मामा म्हणाले, "ठीक आहे, ही छान कल्पना आहे. आपण आंघोळ करून येईपर्यंत खीर गार होईल."
audio/chunk_00180.wav|तिघांनाही पटले आणि तिघेही आंघोळीला गेले.
audio/chunk_00181.wav|सुंदरी मांजरीन ताईंच्या नाकात खिरीचा सुवास इतका बसला होता, त्यांना कधी एकदाशी खीर खाते झालं होतं.
audio/chunk_00182.wav|मग त्यांनी गडबडीनं आंघोळ केली. मग त्या पटकन त्या जंगलातल्या
audio/chunk_00183.wav|झाडाजवळ आल्या, खिरीजवळ येऊन बसल्या.
audio/chunk_00184.wav|त्यांना काय वाटलं जराशी आपण खीर खाऊन बघावी.
audio/chunk_00185.wav|किती छान झाल्या की सुवास तर किती छान होता.
audio/chunk_00186.wav|खाल्ल्यावर तर किती छान वाटेल, नाही.
audio/chunk_00187.wav|अगदी छो थोडीशी मी खीर खाते.
audio/chunk_00188.wav|असे म्हणून त्यांनी पळीने एका भांड्यात खीर ओतून घेतली.
audio/chunk_00189.wav|थोडीशी तोंडात गेल्याबरोबर त्या इतक्या
audio/chunk_00190.wav|त्यांना छान वाटलं.
audio/chunk_00191.wav|आहाहाहा हो किती छान खीर आहे ही!
audio/chunk_00192.wav|तिचा सुवास तरी इतका छान आहे, सांगताच येणार नाही.
audio/chunk_00193.wav|म्हणून त्यांनी पळीने परत आणखी जरा घेतली.
audio/chunk_00194.wav|मन तृप्त होतंय, खूप छान खीर आहे. मला अशीच खीर आवडते. मी आता आणखी घेणार. असं म्हणून Sundara Manjari ताईंनी आणखी खीर घेतली.
audio/chunk_00195.wav|परत थोडी, परत थोडी, परत थोडी, असे करत करत त्यांनी सगळं खिरीचं पातेलं संपवून टाकलं. त्यांना भानच राहिलं नाही. इतकी चविष्ट खीर झाली होती.
audio/chunk_00196.wav|आणि सगळ्यांच्या आवडीची होती.
audio/chunk_00197.wav|त्यामुळे पातेले रिकामे झाले.
audio/chunk_00198.wav|मग हळूच पातेल्यावर झाकण ठेवलं आणि जवळच्या झाडाखाली सुंदरा मांजरी ताई जाऊन झोपल्या.
audio/chunk_00199.wav|छोटे उंदीर मामा आणि डोकण माकड दादा आले.
audio/chunk_00200.wav|त्यांनाही खीर कधी खाईन झालं होतं?
audio/chunk_00201.wav|मग Lakhan Makad दादांनी
audio/chunk_00202.wav|पातेल्याचे झाकण उघडले, बघत्यात तर खीर नाही, अरे!
audio/chunk_00203.wav|खीर काय झाली? खीर कोणी खाल्ली?
audio/chunk_00204.wav|मग छोटे उंदीर मामा म्हणाले, अरे Lakhan दादा काय झालं? खीर कोणी खाल्ली? Lakhan दादा म्हणाले मी नाही खाल्ली. छोटे उंदीर मामा म्हणाले मी ही नाही खाल्ली.
audio/chunk_00205.wav|तेवढ्या सुंदरा मांजरीन ताई जाग्या झाल्या.
audio/chunk_00206.wav|ती दोघी बोलत होती त्यांनी ऐकलं त्या पटकन उठल्या.
audio/chunk_00207.wav|लखन दादा काय झाले रे छोटे उंदीर मामा काय झाले असे का ओरडता?
audio/chunk_00208.wav|अगं काही नाही सुंदरी मांजरी ताई, खीर नाही पातेल्यात. अरे देवा खीर कोणी खाल्ली? मलाही माहिती नाही. मी झोपले होते, आत्ताच उठले.
audio/chunk_00209.wav|अरे रे रे आता काय करायचं बरं?
audio/chunk_00210.wav|त्यांना Sundara Manjari-ना घाम फुटला होता.
audio/chunk_00211.wav|कारण त्यांनीच खीर खाल्ली होती.
audio/chunk_00212.wav|पण खोटं त्यांना बोलता येत नव्हतं तरी त्या म्हणाल्या मी नाही खीर खाल्ली.
audio/chunk_00213.wav|मग Lakhan Makad दादांना 1 युक्ती सुचली, ते काय म्हणाले? हे बघा, कोणी खीर खाल्ली असेल ते आता चोरी आपल्याला लगेच कळेल. आपण आता ह्या जंगलातल्या सरोवरात जावया.
audio/chunk_00214.wav|आणि सरोवरात मी 1 घागर आणतो. ती सरोवरात पालथी घालायची. प्रत्येकानं त्या घागरीवर उभा राहायचं आणि आपला आवाज काढून घागरीला सांगायचं.
audio/chunk_00215.wav|आणि ज्याची घागर उडेल त्याने खीर खाल्ली असं समजायचं, कळलं का?
audio/chunk_00216.wav|पण सुंजरी मांजरी ताई घाबरत होत्या, त्या सरोवराकडे जायला तयार नव्हत्या, तरी पण आपल्यावर संशय येईल म्हणून त्या तयार झाल्या.
audio/chunk_00217.wav|मग तिघेही सरोवराच्या काठावर गेले.
audio/chunk_00218.wav|लखन माकड दादाने घागर आणली.
audio/chunk_00219.wav|आणि ते पहिल्यांदा सरोवरात गेले घागर पालथी घातली ते काय म्हणाले?
audio/chunk_00220.wav|हुफूप करी वरचे डोंगरी मी खीर खाल्ली तर बुड घागरी
audio/chunk_00221.wav|नाही. म्हणजे त्यांनी खीर खाल्लेली नाही.
audio/chunk_00222.wav|मग Lakhan माकड दादा काठावर येऊन बसले.
audio/chunk_00223.wav|मग छोटे उंदीर मामा गेले.
audio/chunk_00224.wav|ते घागर पालथी घालून घागरी उभा राहिले.
audio/chunk_00225.wav|ची ची करी वरचे डोंगरी मी खीर खाल्ली तर बुड घागरी
audio/chunk_00226.wav|नाही. मग छोटे उंदीर मामा काठावर येऊन बसले.
audio/chunk_00227.wav|आता पाळी आली सुंदरी मांजरीन ताईची.
audio/chunk_00228.wav|त्या खूप घाबरल्या होत्या.
audio/chunk_00229.wav|त्यांचे हात पाय लटपटत होते.
audio/chunk_00230.wav|मग Lakhan Makad Dada म्हणाले, सुंदरी मांजरी ताई.
audio/chunk_00231.wav|जावा तुम्ही तुमची पाळी आहे.
audio/chunk_00232.wav|सुंदरी मांजरी ताई हात पाय थरथरत घाबरत घाबरत
audio/chunk_00233.wav|घागरी जवळ गेल्या, पण घागरीवर चढायचे धाडस काही होईना, त्यांचे पाय लटपटू लागले.
audio/chunk_00234.wav|तरी त्या कशा तर भागरीवर गेल्या.
audio/chunk_00235.wav|आणि त्यांचे पाय लटपटत होते त्यामुळे घागर कलंडली.
audio/chunk_00236.wav|लटपटट लटपटट असतानाच त्या बोलल्या.
audio/chunk_00237.wav|म्याव म्याव करी वरचे डोंगरी मी खीर खाल्ली तर बुडघागरी
audio/chunk_00238.wav|आणि त्या म्हणण्याप्रमाणे घागर बुडली, घागर पालथी झाली.
audio/chunk_00239.wav|मग Sundari Manjari ताई वाहत निघाल्या.
audio/chunk_00240.wav|मग सुंदरी मांजरी ताई म्हणाल्या, अरे लखन माकड दादा, छोटे उंदीर मामा, मी खोटे बोलले, मी चुकले, खीर मीच खाल्ली, मला वाचवा, मला वाचवा!
audio/chunk_00241.wav|पण दोघांनाही ते लक्ष दिले नाही तरी शेवटी Lakhan Makad Dada आणि छोटे उंदीर मामा गेले आणि Sundari Manjari Tai-ना तलावातनं वर काढलं आणि त्याला तिला वाचवलं मग Sundari Manjari Tai म्हणाली Lakhan Makad Dada छोटे उंदीर मामा मला
audio/chunk_00242.wav|माफ करा, मी खोटे बोलले. मीच खीर खाल्ली, कारण खीर इतकी छान होती, मला खूप आवडली, म्हणून मी चोरून खीर खाल्ली, मला माफ करा. मग Lakhan Makad Dada छोटे उंदीर मामा म्हणाले, Sundari Tai.
audio/chunk_00243.wav|तुला आवडली होती मग तू खोटं बोलायचं नाहीस मी खीर खाल्ली म्हणून सांगायचं
audio/chunk_00244.wav|असं खोटं कधी बोलायचं नाही, नाही तर शिक्षा होते, कळलं का?
audio/chunk_00245.wav|मग सुंदरी मांजरीन ताई म्हणाली हो मी चुकले मी आता कधी खोटं बोलणार नाही.
audio/chunk_00246.wav|असे म्हणून 3 मित्र परत जंगलात निघून गेले.
audio/chunk_00248.wav|सुंदरबनच्या जंगलात अनेक पक्षी प्राणी राहत होते. सगळे कसे आनंदात एकत्रितपणे राहत होते.
audio/chunk_00249.wav|या जंगलात पक्षामध्ये
audio/chunk_00250.wav|ए काळे कावळे जा का?
audio/chunk_00251.wav|सगळे जंगलचे प्राणी त्यांना
audio/chunk_00252.wav|हे काळोजी स्वतःला अतिशय हुशार समजायचे.
audio/chunk_00253.wav|माझ्यासारखा हुशार कोणीच नाही.
audio/chunk_00254.wav|आणि गोड गोड बोलून खोट्या नाट्या गोष्टी सांगून बाता मारून
audio/chunk_00255.wav|प्राण्यांना, पक्षांना फसवायचे, खोटं बोलण्याची त्यांना अतिशय सवय होती.
audio/chunk_00256.wav|मग एकदा काय झालं सगळे पक्षी एका मोठ्या झाडावर सगळे एकत्रितपणे बसले होते.
audio/chunk_00257.wav|सगळ्यांच्या गप्पा गोष्टी चालल्या होत्या.
audio/chunk_00258.wav|तिथे काळोजी गेले आणि काय म्हणाले, अरे मित्रांनो ऐका मी काय सांगतो आहे.
audio/chunk_00259.wav|सगळे पक्षी म्हणाले काय झालं काळोजी काय सांगणार आहे ऐका आपल्या जंगलातल्या सरोवरात कोणीही जायचं नाही.
audio/chunk_00260.wav|कारण सरोवरात मी माझ्या डोळ्याने पाहिलंय, 1 मोठी मगर आली आहे आपल्या सरोवरात, त्यामुळे पाणी प्यायला, आंघोळ करायला कोणीही सरोवरात जाऊ नका.
audio/chunk_00261.wav|हे सांगितल्यावर सगळे पक्षी घाबरले.
audio/chunk_00262.wav|अरे आता आपण पाणी कसं प्यायचं?
audio/chunk_00263.wav|उन्हामुळे तहान लागत होती, मग पक्ष्यांनी काय केलं? जंगलातली फळे खाऊन आपला दिवस कसातरी पार पाडला, तहान शमवली.
audio/chunk_00264.wav|पण पाणीच प्यायला जायचं नाही, आता काय करायचं? सगळे पक्षी एका झाडावर तापीवर बसले होते.
audio/chunk_00265.wav|Vithu ससेभाऊ सरोवराजवळ पाणी प्यायला आले.
audio/chunk_00266.wav|त्यांनी सरोवराजवळ येऊन भरपूर पोटभर पाणी पिलं. परत ते आपल्या गुहेकडे निघून गेले.
audio/chunk_00267.wav|हे सगळं Gangaram Popat काकांनी पाहिलं.
audio/chunk_00268.wav|मग त्यांनी पक्षांना सांगितलं, अरे मित्रांनो, काळोजीने आपल्याला फसवला आहे. आता मी पाहिलं आपल्या जंगलातले पिटूससे भाऊ.
audio/chunk_00269.wav|आत्ताच पाणी पिऊन गेलेत.
audio/chunk_00270.wav|काळोजींनी नक्कीच आपल्याला फसवला आहे.
audio/chunk_00271.wav|मग त्यांनी बोलवून घेतलं काळोजीला.
audio/chunk_00272.wav|अरे काळोजी तू फसवलंस ना आम्हाला मगर वगैरे काही नाही ना
audio/chunk_00273.wav|अहो Gangaram Popat Kaka, मला गंमत वाटते व पक्ष्यांची, प्राण्यांची मजा करायला. मी मजेने केलं, गमतीने केलं, त्यात काय एवढं serious घेता तुम्ही? असे म्हणून आणि स्वतःच Kawale Kaka हसायला लागले.
audio/chunk_00274.wav|हे पाहिल्यावर Gangaram पोपट काकांना राग आला.
audio/chunk_00275.wav|आणि Lucy कबूतर काकाही तिथे होते त्यांनाही राग आला. ते काय म्हणाले काय नाही आता काळोजीला चांगलाच धडा शिकवायला पाहिजे.
audio/chunk_00276.wav|मग थोड्या वेळानं सगळे बसले असताना Lucy कबुतर काका काय म्हणाले?
audio/chunk_00277.wav|हे पहा मित्रांनो, आपल्या जंगलातल्या झाडावर
audio/chunk_00278.wav|मधमाशा ताई आले आहे, त्यामुळे झाडाकडे कोणीही जाऊ नका.
audio/chunk_00279.wav|तेवढ्यात काळोजी काय म्हणाले?
audio/chunk_00280.wav|अरे Lucy कबूतर काका
audio/chunk_00281.wav|खरंच मधमाशा आले आहेत का हो झाडावर?
audio/chunk_00282.wav|का माझ्यासारखंच खोटं बोलताय तुम्ही?
audio/chunk_00283.wav|मग Lucy कबूतर काका म्हणाले नाही खरं आहे हे.
audio/chunk_00284.wav|आणि काळोजी तुमचा विश्वास नसेल तर झाडावर जाऊन बघून या तुम्ही मग तुमचा विश्वास पटेल.
audio/chunk_00285.wav|हे म्हटल्यावर काळोजींना घाई झाली होती.
audio/chunk_00286.wav|कबुतर काकांनी खोटं सांगितलंय का खरं हे पाहण्यासाठी ते वेगात निघाले.
audio/chunk_00288.wav|मधमाशींचं पोळं तिथं होतं, त्याच्यावर माशा बसल्या होत्या, मध खात होत्या आणि नेमकं त्या पोळ्याला
audio/chunk_00289.wav|त्या बरोबर त्या पोळ्यातनं माशा उठल्या आणि कावळे काकांना चाऊ लागल्या. कावळे काका घाबरून पडाले, माशा समोर होत्या त्यामुळे डोळे उघडेही ठेवता येईना, त्यांना काही बघताही येईना.
audio/chunk_00290.wav|मग अशा ह्याच्यात ते धावत होते, परत एका झाडाला थडकले आणि खाली पडले ते नेमके दलदलीत पडले.
audio/chunk_00291.wav|नंतर Gangaram पोपट काका सगळे पक्षी
audio/chunk_00292.wav|हा सगळा प्रकार पाहत होते, कावळे काका दलदलीत पडले होते. मग Gangaram पोपट काकांनी नटकट माकड दादाला सांगितलं, माकड दादा वेलीचा दोर करून कावळे काकांना त्या दलदलीतून बाहेर काढा.
audio/chunk_00293.wav|मग नटकट माकड दादांनी वेलीचा दोर केला.
audio/chunk_00294.wav|आणि कावळे काकांच्या
audio/chunk_00295.wav|अंगावर फेकला, कावळे काकांनी तो दोर आपल्या कमरेला बांधला आणि हळू हळू नटकट माकड दादांनी कावळे काकांना सरोवराच्या काठावर आणलं. परत कावळे काका त्याच सरोवरात जाऊन आंघोळ करून आले.
audio/chunk_00296.wav|आणि म्हणाले Lucy कबुतर काका, Gangaram पोपट काका आणि सगळ्या माझ्या मित्रांनो मला माफ करा.
audio/chunk_00297.wav|मी खोटं बोलण्याचा परिणाम आज भोगला आहे.
audio/chunk_00298.wav|मी तुम्हा सगळ्यांना फसवलं आणि रोज खोटं बोलून तुम्हाला
audio/chunk_00299.wav|मोठमोठ्या बढाया मारतो तेही माझं खोटं आहे, मला माफ करा.
audio/chunk_00300.wav|माझ्या चुकीमुळं मी अशी आज शिक्षा भोगली, मला मधमाशाही चावल्या, मी दलदलीत पडलो, तुमच्याबरोबर मी खोटं बोललो म्हणून मला ही शिक्षा मिळाली.
audio/chunk_00301.wav|मग Lucy कबुतर काका म्हणाले, ठीक आहे.
audio/chunk_00302.wav|काळोजी, तुम्हाला तुमची चूक कळली यातच?
audio/chunk_00303.wav|तुम्हाला शिक्षा झाली, शिक्षा मिळाली.
audio/chunk_00304.wav|त्यामुळे आता इथून पुढे नीट वागा.
audio/chunk_00305.wav|असं कोणालाही फसवू नका.
audio/chunk_00306.wav|लुसी कबुतर काका यापुढे मी कोणालाही त्रास देणार नाही, मोठ्या बढाया मारणार नाही आणि कोणालाही फसवणार नाही.
audio/chunk_00307.wav|म्हणजे मला शिक्षाही होणार नाही असे म्हणून सगळे पक्षी परत हसायला लागले.
audio/chunk_00308.wav|आणि परत फळं खाण्यात गर्क झाले.
audio/chunk_00310.wav|उत्तर कोरियाच्या प्रदेशात
audio/chunk_00311.wav|हरितवर नावाचे 1 सुंदर असे जंगल होते.
audio/chunk_00312.wav|नावाप्रमाणे हे जंगल अतिशय हिरवळीने मोठमोठ्या झाडांनी, फळांनी, फुलांनी, गवताने बहरलेले असे सुंदर जंगल होतं.
audio/chunk_00313.wav|या जंगलात अनेक प्रकारचे प्राणी, पक्षी आनंदाने राहत होते.
audio/chunk_00314.wav|जंगलाच्या मध्यभागी निळ्या पाण्याचे 1 सुंदर असे सरोवर होते.
audio/chunk_00315.wav|या सरोवरात मासे, बदक, हंस
audio/chunk_00316.wav|बेडूक दादा, कासव दादा असे जलचर प्राणी राहत होते आणि जंगलात इतर प्राणी राहत होते.
audio/chunk_00317.wav|या सरोवरापासून थोड्या अंतरावर एका छोट्या अशा गुहेत
audio/chunk_00318.wav|छोटे Golu Hadan दादा राहत होते.
audio/chunk_00319.wav|बोलू Haran Dada अतिशय हुशार आणि चतुर होते.
audio/chunk_00320.wav|त्यामुळे ते जंगलात खूप प्रसिद्ध होते.
audio/chunk_00321.wav|आणि याबरोबरच ते इतरांना
audio/chunk_00322.wav|एकदा काय झालं, Bholu Harin दादा जंगलातल्या सरोवरात दुपारच्या वेळी पाणी प्यायला निघाले.
audio/chunk_00323.wav|ते सरोवरात गेले, पाणी प्यायले.
audio/chunk_00324.wav|आणि परत गुहेकडे जायला निघणार एवढ्यात त्यांच्या कानावर आवाज आला, अरे कोणी आहे का? कोणीतरी मला वाचवा!
audio/chunk_00325.wav|जवळच्या झाडीत 1 प्राणी त्यांना दिसला.
audio/chunk_00326.wav|अर्धे अंग बाहेर आले होते आणि अर्धे झाडीत अडकले होते आणि तो प्राणी बोलत होता, मला वाचवा वाचवा करत होता.
audio/chunk_00327.wav|इतर सगळे प्राणी पाहत होते पण त्याला कोणी वाचवायला जात नव्हतं.
audio/chunk_00328.wav|मग बोलू हरण दादांनी ठरवलं, अरे या प्राण्याला आपण वाचवलं पाहिजे, म्हणून ते त्याला वाचवाय निघाले.
audio/chunk_00329.wav|भोलू हरण दादा जसजसे जवळ यायला लागले
audio/chunk_00330.wav|मी तुम्हाला ओळखतो, तुम्ही सरोवरात रोज पाणी प्यायला येता आणि सगळ्यांना तुम्ही मदत करता, खूप छान स्वभाव आहे तुमचा.
audio/chunk_00331.wav|पण तुम्ही मला वाचवायला आला.
audio/chunk_00332.wav|पण माझ्या अंगाला काटे आहेत, माझे नाव आहे काटेरी.
audio/chunk_00333.wav|आणि तुम्ही मला वाचवताना ही काटे तुमच्या
audio/chunk_00334.wav|चेहऱ्याला अंगाला लागतील
audio/chunk_00335.wav|मग बोलू Haran दादा काय म्हणाले?
audio/chunk_00336.wav|तुम्ही संकटात सापडलाय, तुम्हाला वाचवणे हे माझे कर्तव्य आहे.
audio/chunk_00337.wav|आणि संकटात पडलेल्यांना वाचवताना आपल्याला थोडेसे दुःख होणार आणि ते सहन केले पाहिजे. असे म्हणून Bolo Harun Dada पुढे गेले आणि आपल्या शिंगाने Salinder Dada-चे अर्धे झाडीत अडकलेले अंग बाहेर काढले.
audio/chunk_00338.wav|त्यांना थोडीशी चेहऱ्याला जखम झाली, काटे लागले.
audio/chunk_00339.wav|कपाळाला लागले, चेहऱ्याला लागले, रक्त आले पण त्यांनी बोलू हरण दादांनी त्याकडे लक्ष दिले नाही.
audio/chunk_00340.wav|काटेरीस आळिंदर दादा काय म्हणाले?
audio/chunk_00341.wav|Harin दादा तुमचे खूप खूप उपकार अहो तुम्ही मला संकटातून बाहेर काढलं.
audio/chunk_00342.wav|मी ही तुमच्यासारखा सरोवराकडे पाणी प्यायला यायला लागलो.
audio/chunk_00343.wav|मला काय वाटलं, छोट्या रस्त्याने जावे म्हणून मी छोट्या रस्त्याने येत होतो, त्यावेळी या झाडीत अडकलो, पण तुम्ही माझा जीव वाचवला, खूप खूप तुमचे उपकार झाले, मी जरी छोटा असलो तरी या उपकाराची फेड मी कधी ना कधी करेन.
audio/chunk_00344.wav|तेव्हा बोलू Harin दादा काय म्हणाले?
audio/chunk_00345.wav|अरे Salinder दादा, आता आपण मित्र झालो, मैत्रीत उपकाराची भाषा नसते, त्यामुळे तुम्ही तसे म्हणू नका, ते माझे कर्तव्य होते आणि ते मी केलेत. असे म्हणून दोघांची त्या वेळेपासून खूप घनदाट मैत्री झाली.
audio/chunk_00346.wav|एकदा काय झालं, Salinder दादा जंगलात फळे शोधत होते एका झाडीत.
audio/chunk_00347.wav|तिथून जवळच अंतरावर, बोलू Harin दादा गवत खात होते. ते गवत खात खात पुढे गेले आणि त्या जंगलात 1 शिकारी आला होता आणि त्याने जंगलात जाळे पसरले होते आणि गवत खात असताना चालत चालत Harin दादांचा पाय चुकून त्या जाळ्यात अडकला.
audio/chunk_00348.wav|पाय अडकल्याबरोबर त्यांनी काढण्याचा खूप प्रयत्न केला, पण त्यांचा पाय निघेना आणि ते जास्तच अडकत गेले आणि त्यांचं सगळं शरीर त्या जाळ्यात अडकलं. अरे हे काय झालं? मी असा कसा अडकलो जाळ्यात? असे बोलू Harin Dada स्वतःशी आणि
audio/chunk_00349.wav|बोलून बोलायला लागले, काय करू मी? मी आता जाळ्यात अडकलो, काय करू? कसा बाहेर येऊ?
audio/chunk_00350.wav|तेवढ्यात जवळच्या झाडीत असलेले फळे शोधण्यासाठी साळींदर दादा आले होते.
audio/chunk_00351.wav|त्यांनी Harin दादांचा आवाज ऐकला आणि ते पळत पळत आले आणि आपल्या Tejda
audio/chunk_00352.wav|आणि दणकट दातांनी जाळे कुरतडले.
audio/chunk_00353.wav|त्याबरोबर Bolu Harin दादांची सुटका झाली.
audio/chunk_00354.wav|आणि तेवढ्यात तिथे शिकारी आली.
audio/chunk_00356.wav|आणि शाळींदर पण 1 वेळात जाऊन लपले.
audio/chunk_00358.wav|त्या जाळ्यात शिकार 1-ही नाही आणि जाळ्याच्या दोऱ्या तुटलेल्या.
audio/chunk_00359.wav|निराश झाला आणि तुटलेल्या दोऱ्या घेऊन शिकारी रागाने निघून गेला.
audio/chunk_00360.wav|थोड्या दिवसांनी काय झालं? जंगलात एके दिवशी सरोवराच्या पलीकडे
audio/chunk_00362.wav|आणि त्या आगीत हे जंगलातला पिटू नावाचा छोटासा ससा अडकला होता.
audio/chunk_00363.wav|आणि तो मदतीसाठी ओरडत होता.
audio/chunk_00364.wav|हे Salinder दादानी आणि Bolu दादानी पाहिलं. मग Bolu दादा काय म्हणाले? अरे Salinder दादा, सशाला आपल्याला वाचवाय पाहिजे, तो छोटा आहे.
audio/chunk_00365.wav|मग साळींदर दादा काय म्हणाले? हो बरोबर आहे बोलू दादा तुमचं, पण त्या आगीत कसे जाणार तुम्ही? ते काही नाही.
audio/chunk_00366.wav|आगीत माझ्या जीवाची मला परवा नाही त्या पिटूस असे भाऊला वाचवलं पाहिजे असे म्हणून बोलू हरण दादा पळत पळत गेले.
audio/chunk_00367.wav|धुराच्या लोटातून ससे बाहुला अलगत तोंडात धरले आणि ते परत निवाऱ्याच्या ठिकाणी घेऊन आले.
audio/chunk_00368.wav|मग बोलू Harun दादांचे पुढचे दोन्ही पायी खाली
audio/chunk_00369.wav|तळव्याजवळ भाजले होते आणि ससेबावलाही थोडे थोडे चेहऱ्याला भाजले होतं. मग साळींदर दादांनी काय केलं? जंगलातली जडीबुटी आणली, बोलो हरून दादांच्या पायाला लावली आणि ससेबावच्या चेहऱ्याला लावली. सरोवरातले पाणी आणून दोघांना पाजले, फळे आणून खायला दिली.
audio/chunk_00370.wav|मग ते 3 जण आपल्या घरी निघून गेले.
audio/chunk_00371.wav|मग दुसऱ्या दिवशी काय झालं? जंगलातले म्हातारे Bablu Hatti Dada, त्यांनी सगळ्या प्राण्यांना बोलवून घेतलं आणि सांगितलं, हे पहा जंगलवास्यानो आपल्या जंगलातले...
audio/chunk_00372.wav|काटेरी साळींदर दादा आणि बोलू हरीण दादा हे जंगलात सगळ्या प्राण्यांना संकटात मदत करतात.
audio/chunk_00374.wav|असे म्हणल्यावर सगळ्या प्राण्या पक्षांनी टाळ्या वाजवल्या, मग बोलू हारून दादा काय म्हणाले? बरोबर आहे तुमचं Bablu Hatti दादा, पण कसं आहे? संकटात पडलेल्यांना आपण वाचवणं हे आपलं कर्तव्य आहे आणि अशा वेळेला आपण स्वार्थी बुद्धी ठेवायची नाही आणि स्वतः
audio/chunk_00375.wav|स्वतःच्या जीवाची परवा न करता आपल्या जवळच्यांना, जंगलातल्यांना सगळ्यांना वाचवणं हे आपलं पहिलं कर्तव्य आहे.
audio/chunk_00376.wav|असे म्हटल्यावर सगळ्या प्राण्यांनी परत टाळ्या वाजवल्या आणि सगळे आनंदाने आपल्या घरी निघून गेले.
audio/chunk_00379.wav|जंगलचे राजे Shersingh राजे.
audio/chunk_00380.wav|या जंगलात Appu Hatti Dada, Sundari Harani Tai, Natkat Makad Dada, Dabbu Asol Mama, Ladoba Kolloba, Chalaki Landgin Tai, Gobi Sase Bhau, हे सगळे प्राणी आणि सुंदर सुंदर असे पक्षी राहत होते.
audio/chunk_00381.wav|या जंगला सुंदर असे 1 सरोवर होते. सगळे जंगलातले प्राणी त्या सरोवरात पाणी प्यायला जायचे. एकदा काय झाले, Appu हत्ती दादा फळे खाऊन आले आणि ते पाणी पिण्यासाठी सरोवराकडे गेले.
audio/chunk_00382.wav|पण ते पाणी पिणार एवढ्यात त्यांनी पाहिलं.
audio/chunk_00383.wav|अरे प्रवाहाच्या वरच्या बाजूला जंगलातले लाडोबा कोल्लोबा आणि चलाखी लांडगी ताई आंघोळ करत होते चक्क आंघोळ
audio/chunk_00384.wav|हे पाहिल्यावर Appu हत्ती दातांना राग आला.
audio/chunk_00385.wav|अगं चला की ताई, लाडोबा कोल्लोबा, हे काय? प्रवाहाच्या वरच्या बाजूला आंघोळ करताय काय?
audio/chunk_00386.wav|अरे, पक्षांनी, प्राण्यांनी पाणी कसे प्यायचे? तुमचे सगळे पाणी आंघोळ केलेले इकडे येते. तेव्हा चालाकी लांडगीन ताई Ladoba Kulloba काय म्हणाले, अरे Appu Hatti Dada, आम्ही आंघोळ केलेले पाणी...
audio/chunk_00387.wav|तुझ्याकडे येतच नाही ते बरोबर मधून वाहत जाते प्रवाहाबरोबर तुझ्याकडे कसे येईल बरे?
audio/chunk_00388.wav|तसे बोलल्यावर Appu हत्ती दादांना राग आला.
audio/chunk_00389.wav|अगं चला की ताई, लाडोबा!
audio/chunk_00390.wav|आता काही नाही, तुम्ही खालच्या बाजूला आंघोळ करायची, वरच्या बाजूला नाही करायची. असे म्हणून त्यांनी चलापी लांडगीन ताईला आणि लाडोबा कोल्लोबाला सोंडेने उचलले आणि
audio/chunk_00391.wav|आणि जंगलात नेऊन फेकून दिले. त्यांना खूप राग आला होता आणि मग त्या वेळेपासून
audio/chunk_00392.wav|आप्पू हत्ती दादा काय करायला लागले? सरोवराच्या काठावर राखण करायला बसायला लागले. कोणत्याही प्राण्याला, पक्षाला सरोवरात पाणी प्यायला येऊनच द्यायचे नाहीत.
audio/chunk_00393.wav|त्यामुळे जंगलातले सगळे प्राणी पक्षी घाबरले.
audio/chunk_00394.wav|तानेने त्यांचा जीव व्याकुळ झाला, पण ते कसे बसे पाणी प्यायला गेले की आप्पो हत्ती दादा रागाने त्यांच्या अंगावर यायचे.
audio/chunk_00395.wav|मग प्राणी काय म्हणायचे? अरे Appu Hatti Dada, चला की लांडगीन ताई आणि Ladoba Kolloba यांना आता महाराजांनी ताकीद केली आहे, तेव्हा ते आता आंघोळ करणार नाही, त्यामुळे इतर प्राण्यांना, पक्षांना पाणी पिऊ दे.
audio/chunk_00396.wav|Appu Hatti Dada म्हणाले, आता कोणीही इथे यायचं नाही या सरोवरात, हे सरोवर माझे आहे.
audio/chunk_00397.wav|तेव्हा सगळे प्राणी घाबरले, अगदी Shersingh महाराज येऊन त्यांनी सांगितलं.
audio/chunk_00398.wav|त्यांचे आपोआप ती दादा ऐकणार. आता काय करायचं?
audio/chunk_00399.wav|त्यांच्याशी लढाई सुद्धा करता येणार नव्हती. ते खूप ताकतवर.
audio/chunk_00401.wav|आप्पू हत्ती दादा ऐकत नाही, आता सगळे प्राणी आपण एकत्र होऊन जावया.
audio/chunk_00402.wav|आणि त्यांना समजावून सांगूया सगळ्यांची एकी झाली की नक्कीच ते ऐकतील.
audio/chunk_00403.wav|मग Shersingh Maharaj आणि सगळे प्राणी गेले.
audio/chunk_00405.wav|आणि Appu हत्ती दादा येऊ दे ना काय करावे याला?
audio/chunk_00406.wav|तुझ्यामुळेच ही आपत्ती ओढवली, आता तूच उपाय सुचव.
audio/chunk_00407.wav|असे म्हटल्यावर त्याला ती लांडगीण ताई काय म्हणाली?
audio/chunk_00408.wav|महाराज 1 उपाय आहे.
audio/chunk_00410.wav|मग महाराजांनी तो उपाय Mithu Chiman Tai-ला सांगितला. Mithu Chiman Tai Appu Hatti Dada-ंच्याकडे गेली आणि म्हणाली, Appu Hatti Dada, अहो पलीकडे आपल्या जंगलाच्या शेवटच्या टोकाला 1 सुंदर सरोवर आहे.
audio/chunk_00411.wav|आणि त्या सरोवरात पाणी भरपूर आहे आणि पाणी थंड आणि खूप गोड आहे.
audio/chunk_00412.wav|इथे या सरोवरापेक्षा तुम्ही त्या सरोवरात जावा, तुम्हाला खूप बरे वाटेल आणि तिथे कोणतेही प्राणी, पक्षी कोणीही येत नाही.
audio/chunk_00413.wav|त्यामुळे तुम्ही तिथे निवांत पाणी पिऊ शकता, राहूही शकता.
audio/chunk_00414.wav|हे ऐकल्यावर Appu Hatti Dada म्हणाले, ठीक आहे.
audio/chunk_00415.wav|इथे सगळे प्राणी येतात, त्रास देतात.
audio/chunk_00416.wav|अस्वच्छता राहते, त्यामुळे मी जाणार त्या सरोवरात. असे म्हणून Appu Hatti Dada जंगलाच्या 2nd टोकाला सरोवरात गेले. पाहिले तर सरोवर भरपूर पाणी होते आणि स्वच्छ होते सरोवर. थंड पाणी Appu Hatti Dada-नी मनसोक्त पाणी पिले.
audio/chunk_00417.wav|आणि शांत सरोवराच्या काठावर बसून राहिले आणि थोड्याच दिवसांनी त्यांनी सरोवराच्या काठावर आपली गुहा केली आणि आनंदाने ते तिथे राहू लागले. इकडे काय झाले?
audio/chunk_00418.wav|इकडे सगळे प्राणी ही आनंदित झाले कारण Appu हत्ती दादा निघून गेले.
audio/chunk_00419.wav|मग Shersingh Maharaj म्हणाले,
audio/chunk_00420.wav|तुझी चालाखी हुशारी खूप आहे हां, तू जेवढी धूर्त आहेस.
audio/chunk_00421.wav|तेवढी हुशारी आहेस! Sher Singh Maharaj म्हणाले,
audio/chunk_00422.wav|तुझ्यामुळे Appu Hatti दादांचे संकट गेले.
audio/chunk_00423.wav|तेव्हा सगळे प्राणी म्हणाले, बरोबर आहे महाराज.
audio/chunk_00424.wav|मग चला फिरा आणि ताई काय म्हणाली?
audio/chunk_00425.wav|महाराज काय सांगायचं तुम्हाला अहो आपल्याला Appu Hatti दादांच्या बरोबर लढण्याची ताकद नव्हती.
audio/chunk_00426.wav|आपण बुद्धीच्या चतुराईने हुशारीने
audio/chunk_00427.wav|अक्कल लढू लढवायची
audio/chunk_00428.wav|आणि संकटातून मुक्त व्हायचं.
audio/chunk_00429.wav|असे म्हटल्यावर सगळ्या प्राण्यांनी टाळ्या वाजवल्या आणि परत सगळे प्राणी आनंदाने त्या सरोवरातले
audio/chunk_00430.wav|पाणी पिऊ लागले म्हणून शक्तीपेक्षा युक्ती श्रेष्ठ.
audio/chunk_00432.wav|अप्रितीच्या घंदात जंगलात
audio/chunk_00434.wav|आणि शिकार करण्या तरबेच होती.
audio/chunk_00435.wav|तिला 4 बछडे होते.
audio/chunk_00436.wav|Viru, Viru, Tillu आणि Billu.
audio/chunk_00437.wav|मग एकदा ह्या बच्चड्यांना घेऊन जंगलातनं वाघीणाशी निघाली होती, तर काय झालं? समोरून एक एक मोठा सिंह आला. सिंह बघितल्यावर वाघीण घाबरली.
audio/chunk_00438.wav|आणि आपल्या बछाड्यांना घेऊन पळत सुटली.
audio/chunk_00439.wav|वाघीण पुढे आणि बचडे मागे.
audio/chunk_00440.wav|मग काय झालं? 3 बचडे भागिनीच्या पाठोपाठ गेले, पण छोटा बिल्लू
audio/chunk_00441.wav|त्याला पळता येईना कारण तो छोटा होता, तो घाबरला.
audio/chunk_00442.wav|मग आई आणि भावंडे गेलेला बघून तो रडायला लागला.
audio/chunk_00443.wav|मग तो एका झाडाच्या आडोशाला लपून बसला.
audio/chunk_00444.wav|थोड्या वेळाने तो सिंह निघून गेला.
audio/chunk_00445.wav|पण Billu-ला काय माहिती? सिंह म्हणजे काय असते, तो कसा असतो, तो प्राणी भयंकर आहे का, आपल्याला खाईल का, काहीच कळत नव्हते. कारण Billu अगदी छोटा होता, त्याला काही समजत नव्हतं.
audio/chunk_00446.wav|मग थोड्या वेळाने Billu बाहेर आला.
audio/chunk_00447.wav|आणि आपल्या आईला आणि भावंडांना शोधू लागला.
audio/chunk_00448.wav|पण त्याला ती कुठेच दिसली नाही.
audio/chunk_00449.wav|आणि आपल्या आईला आणि भावंडांना शोधत शोधत निघाला.
audio/chunk_00450.wav|तो समोरून 1 लांडगा आला.
audio/chunk_00451.wav|आणि Billu-ला पाहिल्यावर
audio/chunk_00452.wav|अलगत लांडग्याने काय केलं? लांडगा बिल्लू जवळ आला आणि अलगत त्याच्या पायाचा चावा घेतला. त्यामुळे बिल्लू लागला ओरडायला.
audio/chunk_00453.wav|हे बघितलं एका राणगेंड्याने आणि एवढ्याशा छोट्याशा पिल्ल्याला हा लांडगा खाणार, त्याची शिकार करणार हे समजून तो राणगेंडा आला आणि त्याने...
audio/chunk_00455.wav|मग रानगेंड्याने काय केलं? बिल्लूच्या पायाला जखमेला
audio/chunk_00456.wav|औषधी वनस्पती लावली आणि एका झाडाच्या ढोलीत नेऊन त्याला अलगद झोपवले आणि रानगेंडा निघून गेला.
audio/chunk_00457.wav|मग दुसऱ्या दिवशी सकाळी Billu उठला.
audio/chunk_00458.wav|पाहतो तर अरे आपण कुठं आहे?
audio/chunk_00459.wav|एका झाडाच्या ढोलीत, ढोली म्हणजे काय हेही तिला कळत नव्हतं. तो बाहेर आला तोपर्यंत छान उजाडलं होतं, दिवस उगवला होता.
audio/chunk_00460.wav|आणि मग परत Billu-ला आपल्या आईची भावंडांची आठवण आली, तो रडायला लागला. 1 पूर्ण दिवस उलटून गेला होता, त्याला आई आपली भावंडे भेटलेली नव्हती.
audio/chunk_00461.wav|त्या पायाला जखम झाली होती.
audio/chunk_00462.wav|त्यामुळे तो खूप रडत होता.
audio/chunk_00463.wav|चालत चालत आपल्या आई भावंडांना शोधायला लागला. पूर्ण दिवस गेल्यावर संध्याकाळच्या वेळेला
audio/chunk_00464.wav|खूप लांबवर त्याला आई आणि त्याची भावंडे दिसली.
audio/chunk_00465.wav|मग Billu-ला खूप आनंद झाला. आई दादा दादा करत तो हाका मारू लागला. पण त्यांना ती हाक ऐकू जात नव्हती. मग शेवटी Durga वाघीण एका झाडीत गेली आणि आपल्या पिल्ल्यांना घेऊन तिथे जाऊन झोपली. मग त्या झाडाच्या दिशेने
audio/chunk_00466.wav|शिस्तीत शिस्तीत चालत गेला कारण
audio/chunk_00467.wav|त्याच्या अंगात ताकद नव्हती, 2 दिवस पोटात अन्न नव्हतं आणि पायाला छोटीशी जखम होती.
audio/chunk_00468.wav|त्यामुळे तो लंगडत चालला होता. लंगडत लंगडत हळू हळू तो आपली आईन भावंडी आहे तिथे जाऊन पोहोचला.
audio/chunk_00469.wav|आई आपल्या बाळांना दूध पाजत होती, मग Billu तिथे गेला आणि आईच्या खुशीत जाणार तोपर्यंत आई उठली आणि दुसरीकडे जाऊन झोपली.
audio/chunk_00470.wav|बिल्लूला खूप वाईट वाटले.
audio/chunk_00471.wav|आई दुसरीकडे गेल्यावर त्या भावंड्यांच्या बरोबर Billu-ही परत त्या ठिकाणी गेला पण परत Billu-ला बघितल्यावर आई दुसरीकडे गेली.
audio/chunk_00472.wav|बिल्लूला खूप दुःख झाले, त्याला वाईट वाटलं, रडायला लागला तो.
audio/chunk_00474.wav|कसा आहे प्राणी कसे असतात आपला एखादा छोटा प्राणी किंवा कोणताही प्राणी आजारी असला
audio/chunk_00475.wav|तर त्याला जवळ करत नाही तसंच या भागिनीने केलं.
audio/chunk_00476.wav|Billu बिचारा खूप रडायला लागला.
audio/chunk_00477.wav|मग पुढं वेळानी
audio/chunk_00478.wav|दुर्गाने 1 शिकार करून आणली, छोट्याच्या हरणाची आणि तिने आप्पन खाल्ली आणि झोपी गेली, मग थोड्या वेळाने उठली.
audio/chunk_00479.wav|आणि ती 3 बच्चन घेऊन जंगलातल्या नदीकडे पाणी प्यायला निघाली.
audio/chunk_00480.wav|मग हे सगळं Billu बिचारा लांब उभा राहून बघत होता. त्याला आईला आपल्या भावंडांना बघून खूप रडू येत होतं, पण करणार काय? आई त्याला जवळ घेत नव्हती, भावंडेही बोलत नव्हती.
audio/chunk_00481.wav|त्यामुळे लांबून सगळं बघत होता.
audio/chunk_00482.wav|दुर्गा आणि 3 बचडे पाणी प्यायला निघालेले बघून त्यांच्या पाठोपाठ
audio/chunk_00483.wav|दुर्गा नदीजवळ आपल्या बच्चड्यांना घेऊन गेली आणि एके ठिकाणी पाणी पिऊ लागली.
audio/chunk_00484.wav|म्हटल्यावर Billu-लाही वाटले आपल्या आईच्या आणि भावांच्या पाठोपाठ जायचं आणि जरा लांब वर जाऊन आपणही पाणी प्यायचं. म्हणून तोही खाली यायला लागला. Durga-ने काय केले? परत आपल्या 3 बचड्यांना घेतलं आणि ती लांब जाऊन पाणी पिऊ लागली.
audio/chunk_00485.wav|हे बघितल्यावर Billu-ला खूप दुःख झाले.
audio/chunk_00486.wav|तो म्हणाला आई आपली आपल्याला पाण्याजवळ सुद्धा जवळ करत नाही, म्हणून त्याला खूप रड आलं. मग त्याने काय केलं, जाऊ दे आपण दुसऱ्या बाजूने जाऊन पाणी पिऊ. म्हणून जिथे अडचण होती, दगडे, झाडे, झुडपे उगवली त्या बाजूनं
audio/chunk_00487.wav|बिल्लू हळू हळू कारण त्याचा पाय दुखत होता पोटात अन्न नव्हतं हळू हळू पाणी प्यायला उतरायला लागला
audio/chunk_00488.wav|तेवढ्यात काय झालं त्या नदीत 1 भली मोठी
audio/chunk_00489.wav|आणि तिने Billu-ला पाहिलं.
audio/chunk_00490.wav|मगरीला काय वाटलं? अरे वा! छानसं पिल्लू आहे आपल्याला. एका घासात पटकवू आपण. असं म्हणून ती मगर हळू हळू बिल्लूकडे यायला लागली.
audio/chunk_00491.wav|Billu-ने हळू हळू उतरत होता, नदीजवळ यायला लागला होता. त्याने पाण्यात पाहिलं, कसलातरी प्राणी आपल्याकडे येतो आहे. असं म्हटल्यावर Billu घाबरला आणि त्याच्या तोंडातून आई असं आलं. असं आल्यावर त्याच्या आवाजाने
audio/chunk_00492.wav|काय झालं इकडं आई म्हटल्यावर आईच्या अंतकरणाला ती मुलाने
audio/chunk_00493.wav|मारलेली हाक समजली. इकडे Durga वाघीण तिने बघितलं आपला बिल्लू पाणी प्यायला उतरतोय आणि 1 मगर येत्या म्हटल्यावर तिने काय केलं? जिथं होती तिथनं उडी त्या आपल्या बिल्लूजवळ घेतली आणि अलगत आपल्या आपल्या तोंडात
audio/chunk_00494.wav|आपल्या बिल्लूला धरला आणि नदीच्या
audio/chunk_00495.wav|पूर्ण अशी वर काठावर आली.
audio/chunk_00496.wav|आणि आपल्या पिल्ल्याला संरक्षण दिलं. मग ही वाघिणीची झेप पाहून ती मगर पाण्यात
audio/chunk_00498.wav|मग आई काय म्हणाली, अरे बाळा बिल्लू, तू कसाही असलास तरी माझा मुलगा आहेस, तूच आजारी असो, काही असो.
audio/chunk_00499.wav|मी थोडा वेळ रागवेन आई कशी असते थोडा वेळ रागवते
audio/chunk_00500.wav|ओरडते पण आईची माया कुठे जात नाही. तू मारलेली हाक माझ्या काळजाला ऐकू आली म्हणून मी एवढी झेप घेऊन तुला वाचवलं. असं म्हणून तिने Billu-ला आपल्या जवळ घेतलं आणि 4 बचड्यांनी घेऊन ती जंगलात निघून गेली.
audio/chunk_00501.wav|आई रागवली, काही बोलली तरी आई ही आईच असते.
audio/chunk_00503.wav|Chiprani वृक्षाचे
audio/chunk_00504.wav|एक घनजाट जंगल होते.
audio/chunk_00505.wav|उंच उंच झाडे होती.
audio/chunk_00506.wav|फळांची झाडे, फुलांची झाडे, हिरवेगार गवर, नद्या, सरोवरी.
audio/chunk_00507.wav|भरपूर या जंगलात होतं आणि हे जंगल संपन्न असं होतं.
audio/chunk_00508.wav|जंगलात प्राणी पक्षी भरपूर होते.
audio/chunk_00509.wav|सगळे प्राणी पक्षी आनंदाने एकत्रित
audio/chunk_00510.wav|शांती सुखासमाधानाने राहत होती.
audio/chunk_00511.wav|पण या प्राण्यांच्या सुखाला एक दिवशी दृष्ट लागली, कारण या जंगलात Sibba नावाचे 1 सिंहराजे आले. हे सिंहराजे अतिशय ताकतवान पण भयंकर दुष्ट होते.
audio/chunk_00512.wav|रागीट आणि घमंडी होते.
audio/chunk_00513.wav|जंगलात सगळ्या प्राण्यांना बोलवलं आणि म्हणाले, हे जंगलवासियांनो आजपासून मी या जंगलचा तुमचा राजा आहे.
audio/chunk_00514.wav|मी जे सांगेल तेच करायचं, तेच ऐकायचं, जे कोणी ऐकणार नाही ते माझे भोजन होतील, कळलं का?
audio/chunk_00515.wav|सगळे प्राणी पक्षी घाबरले होते.
audio/chunk_00516.wav|Sundari हग्नी ताई, कोबी ससे भाऊंना हळूच म्हणाल्या, अरे ससे भाऊ, हे सिंहराजे म्हणतात, मी सांगेल तेच करायचं आणि तेच ऐकायचं, नाही ऐकले तर ते आपल्याला खाऊन टाकतील. मग ससे भाऊ काय म्हणाले, होय ग सुंदरी ताई, मला पण भीती वाटते, आता या जंगलात राहण्यात काही अर्थ आहे.
audio/chunk_00519.wav|एके दिवशी काय झाले? जंगला शेजारी 1 गाव होते आणि त्या गावातनं 1 सागर नावाचा बैल या जंगलात आला.
audio/chunk_00520.wav|सागर अतिशय समजदार, शांत, साधा सरळ बैल होता.
audio/chunk_00521.wav|जंगलाशेजारी असलेल्या गावात एका मालकाच्या शेतात तो काम करायचा.
audio/chunk_00522.wav|भरपूर त्यांनी कष्ट केले होते.
audio/chunk_00523.wav|पण आता राहिलेले जीवन आपण शांततेने जगायचे म्हणून Sagar या जंगलात आला होता.
audio/chunk_00524.wav|आणि तो जंगलाताऱ्यावर जंगलातल्या नदीचे पाणी प्यायला आणि आपल्याला आता इथे राहिला पाहिजे. शांततेचे ठिकाण कोणते आहे हे तो शोधत होता.
audio/chunk_00525.wav|तेवढ्यात काय झालं? या शिब्बा सिंहराजांना सागर आलेली बातमी कळली. ते रावाने लालेलाल झाले.
audio/chunk_00526.wav|आणि पळत पळत धावत धावत आले आणि Sagar जवळ येऊन म्हणाले, अरे कोण रे तू? इथे कशाला आला आहेस?
audio/chunk_00527.wav|महाराज मी जवळच्याच गावातला राहणारा
audio/chunk_00528.wav|आहे आणि मी शांतीने राहण्यासाठी जंगलात आलो आहे. अरे तू कोणासमोर बोलतो आहेस? मी जंगलचा राजा आहे.
audio/chunk_00529.wav|मग Sagar म्हणाला, राजा जो असतो,
audio/chunk_00530.wav|जो प्रजेची जंगलाची काळजी घेतो तो राजा असतो.
audio/chunk_00531.wav|जो हुकुमशाही बळजबरी करतो तो राजा नसतो.
audio/chunk_00533.wav|काय बोलतो आहेस तुला कळतंय का असे म्हणून गुरगुरून सिंहराजेस
audio/chunk_00534.wav|सागरच्या अंगावर धावायला लागले. थांब, तुला आता खाऊनच टाकतो.
audio/chunk_00536.wav|सिंहराजे मला खा माझी काही हरकत नाही.
audio/chunk_00537.wav|तर शेतात जे पीक उगवते त्यात कष्ट कोण करणार?
audio/chunk_00538.wav|आणि मी जर कष्ट नाही केले तर तुम्हाला अन्न धान्य कसे मिळणार?
audio/chunk_00539.wav|तुम्ही उपाशी रहाल. अहो मी शेतात औत ओढतो, नांगरतो, कोळपतो, विहिरीतलं मोठेने पाणी ओढून शेतातल्या पिकाला पासतो, त्यामुळे धान्य उगवते आणि त्यातलं आलेले धान्य तुम्हाला खायला मिळतं.
audio/chunk_00540.wav|मी जर तुम्ही जर मला खाल्लं तर ते धान्य कोण कसे उगवेल कोण कष्ट करणार शेतात?
audio/chunk_00541.wav|थोडा वेळ विचार केला शांततेने Sibba Singh राजाने.
audio/chunk_00542.wav|ते मनाशीच म्हणाले Siddharaj-चे.
audio/chunk_00543.wav|सागर कोणी मामूली बहीण नाही.
audio/chunk_00544.wav|तो खूप समजदार आणि उपयोगी बैल आहे.
audio/chunk_00545.wav|मग Sagar जवळ येऊन म्हणाले,
audio/chunk_00546.wav|आणि प्रजेची काळजी घेणे हे फार मोठे काम आहे.
audio/chunk_00547.wav|सन्मानाने वागवले पाहिजे, भीतीने नाही, हे मला पटले आहे.
audio/chunk_00548.wav|माफ कर मला, माझ्यात आता बदल झाला. चल आपण सगळ्या प्राण्यांना जाऊन सांगूया. मग Sagar-ला घेऊन Simha Simha Raje जंगलात गेले, सगळ्या प्राण्यांना बोलवलं आणि Simha Raje म्हणाले, हे पहा जंगलवासियांनो, आज माझे या Sagar बैलाने डोळे उघडले.
audio/chunk_00550.wav|मी आता बदललो आहे, आपण सगळे एकत्रित आनंदाने राहूया आणि सगळ्या प्राण्यांच्या मदतीने, सागरच्या मदतीने, सिंहराजांनी जंगलात फळांची झाडे लावली, शेतीची...
audio/chunk_00551.wav|पिके घेतली, गाजरे, टोमॅटो.
audio/chunk_00552.wav|अशी फळे, अन्न, धान्य यांची शेती केली सगळ्यांच्या मदतीने आणि जंगल सुजलाम सुफलाम केले. सगळे ते जंगल अतिशय सुजलाम सुफलाम आहे, सगळे प्राणी पक्षी म्हणू लागले आणि सगळे या जंगलाला
audio/chunk_00553.wav|अतिशय छान जंगल म्हणून ओळखू लागले.
audio/chunk_00554.wav|अशा रीतीने Sagar-ने
audio/chunk_00555.wav|शिबा सिंह राजाची घमान जिरवली आणि त्यांच्यात परिवर्तन केले.
audio/chunk_00557.wav|दंडकारण्य 1 सुंदर निसर्गरम्य जंगल होतं.
audio/chunk_00558.wav|या जंगलात मध्यभागी निळ्या पाण्याचे सुंदर असे विशालकाय
audio/chunk_00559.wav|एक Jitu नावाचे बेडूक दादा राहत होते.
audio/chunk_00560.wav|हे बेडूक दादा अतिशय शांत
audio/chunk_00561.wav|स्वभावाचे बुद्धिमान आणि समजदार होते.
audio/chunk_00562.wav|सरोवराच्या काठावर अनेक उंच उंच झाडे होती.
audio/chunk_00563.wav|आणि एका उंच झाडावर
audio/chunk_00564.wav|Gampu Makad Dada राहत होते.
audio/chunk_00565.wav|हे गंपू माकड दादा अतिशय नटकट होते.
audio/chunk_00566.wav|त्यांना जंगलातल्या प्राण्यांच्या, पक्षांच्या खोड्या काढण्यात
audio/chunk_00567.wav|खूप गंमत वाटायची, मजा यायची.
audio/chunk_00568.wav|आणि ते प्राण्या पक्षांची खूप गंमत करायचे.
audio/chunk_00569.wav|स्वतः ते उंच उड्या घ्यायचे.
audio/chunk_00570.wav|या झाडावरून त्या झाडावर उंच उड्या मारत फिरायची.
audio/chunk_00572.wav|सुंदरी हरणीताई गवत खात असल्या की तिचे शिंगे ओढायचे आणि तिच्या पाठीवर बसायचे.
audio/chunk_00573.wav|गोबी ससे भाऊंची गाजरे पळवून आणायचे.
audio/chunk_00574.wav|आणि Rani Mungi-ने ताईला
audio/chunk_00575.wav|तर तळ हातावर घ्यायचे आणि फुंकर मारून हवेत उंच उडवायचे.
audio/chunk_00577.wav|हे गंपू माकड दादा सगळ्यांच्या खोड्या करायच्या.
audio/chunk_00578.wav|जंगलातले प्राणी पक्षी त्यांना काही म्हणायचे नाही.
audio/chunk_00579.wav|कारण Gampu Makad Dada खूप नटकट आणि बालिश होते.
audio/chunk_00580.wav|फोड्या काढण्यात गमती करण्यात त्यांना खूप मजा यायची.
audio/chunk_00581.wav|पण ते सरोवराच्या काठावर आले.
audio/chunk_00583.wav|भावे तेव्हा शांत बसलेले असायचे.
audio/chunk_00584.wav|मग एकदा कंपूने काय केले?
audio/chunk_00585.wav|आपण Jitu Beduk दादांना विचारायचंच.
audio/chunk_00586.wav|म्हणून गंपू काय म्हणाला?
audio/chunk_00587.wav|जे तू बेडूक दादा तुम्ही पाहावे तेव्हा शांत का हो बसलेले असता?
audio/chunk_00588.wav|आमच्यासारखे उड्या मारत नाहीत पाण्यात तुम्ही.
audio/chunk_00589.wav|झाडावर चढत नाही, कोणत्या पक्ष्याची प्राण्याशी बोलत नाहीत.
audio/chunk_00590.wav|भावे तेव्हा गोप आणि शांत बसून असता असे का हो सांगा बरं मला
audio/chunk_00591.wav|तेव्हा Chitu बेडूक दादा काय म्हणाले?
audio/chunk_00592.wav|अरे गंपू, मी डोळ्याने सगळं काही पाहतो.
audio/chunk_00593.wav|कानाने ऐकतो, मला सगळं समजतं आणि मी सगळ्याचा विचार करतो आणि योग्य वेळ आली की माझ्या बुद्धीचा विचार घेऊन योग्य तो निर्णय मी देतो.
audio/chunk_00594.wav|हे ऐकल्यावर, Gampu काय म्हणाला? खोटं! Jitu, Veduk Dada, हे सगळं खोटं आहे. अहो, आपल्या शरीराची ताकद ही सर्वात मोठी आहे, बुद्धी नाही.
audio/chunk_00595.wav|Jitu Beduk Dada काय बोलणार ते शांत बसले.
audio/chunk_00596.wav|आणि हसत हसत परत फोड्या काढायला जंगलातनं फिरू लागला.
audio/chunk_00597.wav|एकदा काय झालं? एकदा
audio/chunk_00598.wav|जंगलात अचानक वारा सुटला!
audio/chunk_00599.wav|आकाशात विजा चमकू लागल्या.
audio/chunk_00600.wav|विजांचा गडगडाटासह जंगलात पाऊस कोसळायला लागला.
audio/chunk_00601.wav|भरपूर पाऊस पडायला लागला.
audio/chunk_00602.wav|जंगलातल्या प्राण्यांची, पक्षांची...
audio/chunk_00603.wav|सगळी घरे पाण्याने वाहून गेली, सगळे प्राणी, पक्षी सैरावैरा पळू लागले, जीव वाचू लागले.
audio/chunk_00604.wav|पण गंपू माकड दादा एका उंच झाडावर बसले होते.
audio/chunk_00605.wav|आणि ते सगळं जंगलातलं पाहत होते.
audio/chunk_00606.wav|ते काय म्हणाले, अरे मी तर आता उंच झाडावर बसलेलो आहे.
audio/chunk_00607.wav|पाऊस माझे काही बिघडणार नाही.
audio/chunk_00608.wav|मला पावसापासून धोका नाही.
audio/chunk_00610.wav|विजांचा कडकडाट झाला.
audio/chunk_00611.wav|आणि अचानक गंपू माकड दादा ज्या झाडावर बसले होते
audio/chunk_00612.wav|त्या झाडावरी वीज पडली.
audio/chunk_00613.wav|आणि अर्धे झाड विजेमुळे मोडून गेले आणि गंपू माकड दादा झाडाखालच्या चिखलात पडले.
audio/chunk_00614.wav|पावसामुळे जमीन भुसभुशीत झाली होती.
audio/chunk_00615.wav|आणि पडल्याबरोबर गंफू माकड दादा
audio/chunk_00616.wav|त्या झाडाखाली दलदलीत रुतले.
audio/chunk_00617.wav|गळ्यापर्यंत खाली गेले, ते घाबरले आणि ओरडायला लागले, अरे कोणी आहे का? मला वाचवा, मला वाचवा!
audio/chunk_00618.wav|म्हणजे ते प्राणी आपापला जीव वाचवण्यात
audio/chunk_00619.wav|इकडून तिकडं पळत होते.
audio/chunk_00620.wav|पण Jitu Beduk दादा शांतपणे पाहत होते.
audio/chunk_00621.wav|तिथे आल्यावर Gampu Makad Dada काय म्हणाले, अरे Jitu
audio/chunk_00622.wav|दादा मला वाचवा, मला बाहेर काढा यातून.
audio/chunk_00623.wav|अरे गंपू, मी तुला वाचवणारच आहे.
audio/chunk_00624.wav|पण मी एकटा नाही रे वाचवू शकत.
audio/chunk_00625.wav|माझ्या बुद्धीचा उपयोग करून काही सुचते आहे का मला पाहतो?
audio/chunk_00626.wav|असे म्हणून Jitu Beduk Dada थोडा वेळ शांत बसले.
audio/chunk_00627.wav|ज्या मातीत खाली रुतत गेला आहेस
audio/chunk_00628.wav|त्या मातीत शरीराकडून
audio/chunk_00629.wav|जिथून माती जरा थोडी आहे.
audio/chunk_00630.wav|त्या बाजूने शरीर हलव आणि वरती यायला सुरुवात कर.
audio/chunk_00631.wav|Jitu Beduk दादांनी सांगितल्याप्रमाणे आपल्या शरीराची हालचाल
audio/chunk_00632.wav|गंपू माकड दादांनी केली.
audio/chunk_00633.wav|गोल गोल गोल गोल फिरत फिरत
audio/chunk_00634.wav|त्याबरोबर Jitu बेडूक दादांना आनंद झाला.
audio/chunk_00635.wav|हो, गंफू माकड दादा खूप दम दमले होते, थकले होते.
audio/chunk_00636.wav|Jitu Beduk Dada मला माफ करा मी चुकलो.
audio/chunk_00637.wav|पण थकल्यामुळे Jitu Beduk दादांनी सरोवरातले पाणी आणले.
audio/chunk_00638.wav|गंपू माकड दादांना पाणी पाजले.
audio/chunk_00639.wav|बोल गंपू आता तुला काय बोलायचं ते बोल
audio/chunk_00640.wav|तेव्हा गंपू माकड दादा म्हणाले
audio/chunk_00641.wav|मला माफ करा, मी चुकलो.
audio/chunk_00642.wav|नुसती ताकद उपयोगाची नसते.
audio/chunk_00643.wav|बुद्धीचाही उपयोग करायला लागतो हे मला आज कळलं Jitu Beduk Dada मी चुकलो मला माफ करा.
audio/chunk_00644.wav|मग Chitu Beluk Dada म्हणाले.
audio/chunk_00645.wav|बरोबर आहे तुझं, आता तुला कळलं ना गंपू?
audio/chunk_00647.wav|हो, मी तुमच्या सल्ल्याप्रमाणे नक्कीच वागेन. मी आता माझा नटकटपणा सोडून देणार.
audio/chunk_00648.wav|तुम्ही म्हणताय त्याप्रमाणे
audio/chunk_00649.wav|बुद्धीचाही वापर करणार.
audio/chunk_00650.wav|मग Jitu म्हणे दादा म्हणाले शाब्बास गंपू!
audio/chunk_00651.wav|आपली जशी ताकद आपल्याला पाहिजे
audio/chunk_00652.wav|बुद्धी, समजदारपणा
audio/chunk_00653.wav|आणि धैर्य यांची जोड पाहिजे म्हणजे आपण संकटातून बाहेर पडतो.
audio/chunk_00654.wav|दोघे आनंदाने जंगलाकडे परत निघून गेले.
audio/chunk_00657.wav|Krursinh Singh Raje अतिशय ताकदवान.
audio/chunk_00658.wav|सगळ्या जंगलावर ते हुकुमत गाजवायचे.
audio/chunk_00659.wav|सगळ्या जंगलच्या प्राण्यांना भीती दाखवायचे.
audio/chunk_00660.wav|जंगलात खूप प्राणी पक्षी होते.
audio/chunk_00661.wav|सिंहराजे काय म्हणायचे?
audio/chunk_00662.wav|मी खूप ताकदवान आहे आणि तुम्ही सगळे माझ्या समोर क्षुल्लक आहात.
audio/chunk_00664.wav|त्यांना खूप भीती वाटायची.
audio/chunk_00665.wav|एकदा काय झालं, सिंहराजांनी
audio/chunk_00666.wav|सगळ्या प्राण्यांना बोलवलं आणि सभा घेतली.
audio/chunk_00667.wav|सभेत सिंहराजे काय म्हणाले?
audio/chunk_00668.wav|हे पहा जंगलवासियांनो!
audio/chunk_00669.wav|मी या जंगलचा खरा राजा आहे.
audio/chunk_00670.wav|तेव्हा मी सांगेल तेच करायचं आणि तेच ऐकायचं.
audio/chunk_00671.wav|जो कोणी माझं ऐकणार नाही
audio/chunk_00672.wav|ज्याला मी शिकार करून खाऊन टाकणार.
audio/chunk_00673.wav|मी खूप ताकदवान आहे.
audio/chunk_00674.wav|सभेत सगळे प्राणी जमले होते.
audio/chunk_00675.wav|महाराजांचे हे भाषण ऐकून सगळे प्राणी घाबरले.
audio/chunk_00676.wav|पण जंगलातल्या सरोवरातले
audio/chunk_00677.wav|आणि खूप बुद्धिमान होते.
audio/chunk_00678.wav|त्यांनी शांतपणे सगळं ऐकून घेतलं.
audio/chunk_00679.wav|मान्य आहे आम्हाला तुम्ही राजा आहात, ताकदवान आहात.
audio/chunk_00680.wav|करुणा, दयाळूपणा
audio/chunk_00681.wav|आणि समजूतदारपणा, ताकती बरोबर राजाजवळ हे ही गुण असावे लागतात.
audio/chunk_00682.wav|तुम्ही जर तयार असाल
audio/chunk_00683.wav|तर तुमची माझी 1 शर्यत लावूया आपण.
audio/chunk_00686.wav|हे ऐकल्यावर Kulsing Singhraje
audio/chunk_00687.wav|चौताळले, रागाला आले!
audio/chunk_00688.wav|त्यांनी मोठ्यांदा कर्जना केली.
audio/chunk_00689.wav|आपण कमजोर आहोत, आव्हान स्वीकारत नाही.
audio/chunk_00690.wav|हे वाटू नये म्हणून ते काय म्हणाले, ठीक आहे, आहे मी तयार शर्यतीला.
audio/chunk_00691.wav|आणि सिंह महाराज जंगलच्या प्राण्यांची सेवा करू लागले.
audio/chunk_00693.wav|जंगलात वाटेत आलेली झाडे काढायचे.
audio/chunk_00694.wav|छान पैकी रस्ता त्यांनी तयार केला.
audio/chunk_00695.wav|लाकडाचे उंडके कडेने लावले.
audio/chunk_00696.wav|छोटे जे प्राणी होते त्यांना शिकार आणून द्यायचे.
audio/chunk_00698.wav|अगदी हुकुमशाही पद्धतीने
audio/chunk_00699.wav|भीती दाखवून दरडावून हे काम करणे पाहिजे.
audio/chunk_00700.wav|पण कासव दादा ही काम करत होते, सेवा करत होते.
audio/chunk_00701.wav|ते काय करायचे? वृद्ध प्राण्यांना पाणी आणून द्यायचे.
audio/chunk_00702.wav|वयस्कर प्राण्यांची सेवा म्हणजे त्यांना फळे आणून द्यायचे.
audio/chunk_00703.wav|त्यांना औषधोपचार करायचे.
audio/chunk_00704.wav|मग हे सगळे करताना ते अगदी गोड बोलून प्रेमाने मायेने करायचे.
audio/chunk_00705.wav|छोटे छोटे प्राण्यांना ज्ञानाच्या गोष्टी सांगायच्या हे सगळे अगदी आपुलतीने निर्मळ स्वभावाने करत म्हणजे आजारी प्राणी होते.
audio/chunk_00706.wav|त्यांचे अर्धे आजारीपण त्यांच्या बोलण्याने निघून जायचे.
audio/chunk_00707.wav|खूप छान सेवा करायची का सो दादा.
audio/chunk_00708.wav|असे करत करत 8 दिवस होऊन गेले.
audio/chunk_00710.wav|परत Tulsing महाराजांनी सभा घेतली, सगळे प्राणी आले.
audio/chunk_00711.wav|आणि त्यांनी विचारले, हे जंगलवासियांनो, तुम्ही कोणाला राजा निवडला आहे?
audio/chunk_00712.wav|तेव्हा सगळे प्राणी पक्षी काय म्हणाले?
audio/chunk_00713.wav|आमचे राजा ज्ञानी कासव दादा आहे.
audio/chunk_00714.wav|Kolsing Maharaj घाबरले, अरे काय हे?
audio/chunk_00715.wav|मग त्यांना आपली चूक कळली, ते ज्ञानी कासव दादांच्याकडे आले.
audio/chunk_00716.wav|आणि म्हणाले, ज्ञानी कासो दादा माफ करा.
audio/chunk_00717.wav|माझी हुकुमशाही, स्वार्थी बुद्धी,
audio/chunk_00718.wav|मी कधी प्रेमाने मायेने कोणत्याही प्राणीशी बोललो नाही.
audio/chunk_00719.wav|कायम हुकुमत गाजवत आलो.
audio/chunk_00720.wav|त्यामुळे मी राजा होण्यास लायक नाही.
audio/chunk_00721.wav|तुम्ही या जंगलचे राजे व्हा.
audio/chunk_00722.wav|ज्ञानी कासव दादा गालात हसले.
audio/chunk_00723.wav|सिंहराजे तुम्हाला तुमची चूक कळली यात सगळं आलं.
audio/chunk_00724.wav|कसं आहे? मी 1 छोटासा प्राणी आहे.
audio/chunk_00725.wav|शूरवीर ताकतवान सिंह राजा आहात.
audio/chunk_00728.wav|फक्त तुम्ही तुमची हुकुमशाही, ताकतीचा गर्व जो आहे तो काढून टाका.
audio/chunk_00729.wav|आणि दयाळूपणा, मायाळूपणा प्रजेसाठी ठेवा.
audio/chunk_00730.wav|Ghorsing Maharaj म्हणाले, ठीक आहे Maharaj. Kasav Dada, मला आता माझी चूक कळल्या. मी इथून पुढे प्रजेची छान काळजी घेईन, मायेने, दयाळूपणाने.
audio/chunk_00732.wav|त्यांना काय हवे काय नको हे सगळं पाहीन.
audio/chunk_00733.wav|आणि आपले जंगल समृद्ध करीन.
audio/chunk_00734.wav|ज्ञानी कासव दादा म्हणाले,
audio/chunk_00735.wav|आणि सांगितल्याप्रमाणे Krursing Maharaj बदलले.
audio/chunk_00736.wav|आणि ते प्रजेशी चांगले बोलू लागले, वागू लागले आणि चांगला कारभार करू लागले. मग ज्ञाने कासव दादा काय म्हणाले?
audio/chunk_00737.wav|राजाजवळ नुसती ताकद असून चालत नाही.
audio/chunk_00738.wav|तर त्याच्या जोडीला
audio/chunk_00739.wav|दयाळूपणा आणि समजूतदारपणा राजासाठी योग्य असतो.
audio/chunk_00740.wav|असे म्हणून दोघे हसत हसत जंगलात निघून गेले.
audio/chunk_00742.wav|एक सुंदर अशा Champarni-तही राहत होत्या.
audio/chunk_00743.wav|आणि गवत खात खात
audio/chunk_00744.wav|त्या जंगलाच्या बाहेर आल्या आणि तशाच त्या दुसऱ्या जंगलात गेल्या.
audio/chunk_00745.wav|खाण्याच्या नादात त्यांच्या लक्षात आले नाही.
audio/chunk_00746.wav|मग त्या दुसऱ्या जंगलात गेल्यावर मग त्यांच्या लक्षात आलं, अरे आपण गवत खात खात कधी दुसऱ्या जंगलात पोहोचलो कळलंच नाही आपल्याला.
audio/chunk_00747.wav|आता नको इथं थांबायला, आपल्या जंगलात गेलं पाहिजे, असे म्हणून त्या आपल्या जंगलात जायला निघाल्या.
audio/chunk_00748.wav|पण त्यांना काही केल्या
audio/chunk_00749.wav|त्यांच्या जंगलात जायला वाट सापडेना.
audio/chunk_00750.wav|त्यांनी बराच प्रयत्न केला पण त्यांना वाट सापडेना, त्या घाबरल्या.
audio/chunk_00751.wav|मी आता माझ्या जंगलात कशी जाऊ?
audio/chunk_00752.wav|मला एखादा मित्र सुद्धा नाही.
audio/chunk_00753.wav|आमच्या जंगलातला एखादा मित्र असता तर त्याने मला आमच्या जंगलात पोच केलं असतं.
audio/chunk_00754.wav|मग त्या विचार करत 1 झाडाखाली थांबल्या.
audio/chunk_00755.wav|आता आपल्या जंगलात कसे जायचे, काय करायचे हाच विचार त्यांच्या डोक्यात चालू होता.
audio/chunk_00756.wav|Gobi नावाचे ससेभाऊ तिथे आले.
audio/chunk_00757.wav|आणि त्यांनी हरणीला पाहिलं आणि ते म्हणाले
audio/chunk_00758.wav|अगं हरणी ताई, तू आमच्या जंगलातली दिसत नाहीस, तू कुठून आलीस?
audio/chunk_00759.wav|मग हरणीने सगळे घडलेले सांगितले, अरे मी दुसऱ्या जंगलातली आहे.
audio/chunk_00760.wav|वाट चुकून या जंगलात आली आहे. माझ्या जंगलात जायला मला वाट सापडत नाही. काय करू मी? मला मित्रही नाहीत.
audio/chunk_00761.wav|त्यामुळे मी खूप घाबरलेली आहे.
audio/chunk_00762.wav|गोबी ससे भाऊ काय म्हणाले? अगं हरणी ताई घाबरू नको.
audio/chunk_00763.wav|मी या जंगलातलाच आहे, माझे नाव Gobi आहे, पण मी जंगलाच्या बाहेर 1 मोठं झाड आहे.
audio/chunk_00764.wav|आणि त्या झाडाच्या तळाशी 1 सुंदर अशी ढोली आहे, त्या ढोलीत माझं घर आहे, तिथे मी राहतो.
audio/chunk_00765.wav|अरे पण ससेभाऊ माझ्या जंगलात जायला मला वाट दाखवशील का? हो दाखवतो तुला वाट.
audio/chunk_00766.wav|मला आमच्या जंगलची सगळी माहिती आहे.
audio/chunk_00767.wav|पण 1 माझं काम करायचं काय रे शेशे भाऊ काय काम करायचं तुझं?
audio/chunk_00768.wav|तू माझ्याशी मैत्री करायची मलाही कोण मित्र नाही.
audio/chunk_00769.wav|माझ्या जंगलची वाट दाखव.
audio/chunk_00770.wav|ठीक आहे, दाखवतो तुला वाट, तोपर्यंत तुला आमचं हे जंगल फिरवून आणतो. असे म्हणून ससेभाऊंनी Champa हरणे ताईला सगळे जंगल फिरवून दाखवले. खूप सुंदर जंगल होते ते.
audio/chunk_00771.wav|हिरवीगार झाडे, गवर,
audio/chunk_00772.wav|फळांची झाडे भरपूर संपन्न असं जंगल होतं ते.
audio/chunk_00773.wav|मग शेवटी ससेभाऊनी हरणीला सांगितले, अगं ते सुंदर सरोवर मोठं आहे.
audio/chunk_00774.wav|त्याच्या कडेने सगळी फळांची झाडे आहे, गवताची कुरणेही आहेत. तिथे जाऊन तू फळे आणि गवत पोटभर खा, सरोवराचे पाणी पे, विश्रांती घे, मग तुला मी जंगलात सोडतो तुझ्या. ठीक आहे, तोपर्यंत...
audio/chunk_00775.wav|मी सरोवरात जाते.
audio/chunk_00776.wav|कडेच गवत खाते, फळे खाते, पाणी पिते, तोपर्यंत तू
audio/chunk_00777.wav|या झाडाखाली विश्रांती घे, मग मला सोड.
audio/chunk_00778.wav|मग Harani Tai सरोवराच्या काठावर गेल्या.
audio/chunk_00779.wav|गवत खाऊ लागल्या, फळे खाल्ली, गवत खाल्लं.
audio/chunk_00780.wav|तर त्या सरोवराच्या काठाच्या वरच्या बाजूला
audio/chunk_00781.wav|जंगलचे राजे Krusing Maharaj होते, त्यांची गुहा होती. त्यांनी गुहेतनं हरणीला पाहिलं.
audio/chunk_00782.wav|आता भोजनाची सोय झाली असे ते मनाशी म्हणाले.
audio/chunk_00783.wav|आणि ते ससे भाऊंच्या जवळ आले.
audio/chunk_00784.wav|महाराज, ती हरणी आपल्या जंगलातली नाही.
audio/chunk_00785.wav|मला माहिती आहे हे आपल्या जंगलातली नाही.
audio/chunk_00786.wav|पण तू थोड्या वेळानं त्या हरणीला घेऊन माझ्या गुहेत ये. मी शिकार करून त्या हरणीला खाणार आहे.
audio/chunk_00787.wav|जर नाही हरणीला घेऊन आलास
audio/chunk_00788.wav|मग ससेभाऊ म्हणाले, ठीक आहे महाराज, मी हरणीला घेऊन येतो, पण तुम्ही मला खाऊ नका.
audio/chunk_00789.wav|तू जर हरणीला आणलीस तर तुला खाणार नाही लक्षात ठेव.
audio/chunk_00790.wav|अशी म्हणून Kroshing Maharaj निघून गेले.
audio/chunk_00791.wav|मग थोड्या वेळाने हरणी ताई गवत खाऊन आल्या.
audio/chunk_00792.wav|अरे ससे दादा चल ना आता मला वाट दाखव.
audio/chunk_00793.wav|Champatai, तुला 1 सांगतो.
audio/chunk_00794.wav|तू आता माझा मित्र झाली आहेस.
audio/chunk_00795.wav|तू माझ्या मित्राला भेटायला चल. अरे कोण आहे तुझा मित्र?
audio/chunk_00796.wav|अगो माझा मित्र म्हणजे या जंगलचे राजे Kroshing महाराज आहेत.
audio/chunk_00797.wav|अरे सिंहराजे तुझे मित्र!
audio/chunk_00798.wav|हो ग, आम्ही लहानपणापासून एकमेकांचे खूप जिवलग मित्र आहोत.
audio/chunk_00799.wav|आम्ही एकत्र खेळत होतो, खात होतो एकत्र, सगळं काही एकत्र होतो, पण आता मी मोठे झालो वेगळे झालो, त्यामुळे माझ्या मित्राला भेटायला चल.
audio/chunk_00800.wav|अरे ससेभाऊ, थोड्या वेळापूर्वी तू काय म्हणालास?
audio/chunk_00801.wav|मला कोणीच मित्र नाही, तू मित्र होशील का? आणि आता सांगतो आहेस.
audio/chunk_00802.wav|क्रूरसिंग महाराज मित्र आहेत म्हणून तू खोटं बोललास माझ्याशी. अगं नाही ग हरणी ताई त्याचं काय झालं माहिती आहे का?
audio/chunk_00803.wav|क्रूरसिंह महाराज आहेत हे कळल्यावर तू घाबरशील.
audio/chunk_00804.wav|म्हणून मी तुला खोटं खोटं सांगितलं मला मित्रच नाही.
audio/chunk_00808.wav|तेव्हा Champa Aran ताई मग काय म्हणाल्या?
audio/chunk_00809.wav|अरे Gopi, काय काम केलंस महाराजांचं तू? काय सांगितलं होतं महाराजांनी तुला?
audio/chunk_00811.wav|पण ती Champa-ने झेप चुकवली आणि पाठीमागने जाऊन Champa-ने आपली शिंगे Kroshi Maharaj-च्या पाठीत कुपसली.
audio/chunk_00812.wav|गुरुसिंह महाराज जखमी झाले, वेदनेने तडफडू लागले आणि ते तडफडत तडफडत आपल्या भुयेत निघून गेले.
audio/chunk_00813.wav|पडण्याच्या नादात होत्या, होते.
audio/chunk_00814.wav|Champa Haran Tai काय म्हणाल्या?
audio/chunk_00815.wav|अरे Gobi, पळतोस कुठे?
audio/chunk_00816.wav|थांब मी तुला काहीही करणार नाही.
audio/chunk_00817.wav|तू माझ्याशी मैत्री केलीस आणि माझ्या मैत्रीचा विश्वासघात केलास.
audio/chunk_00818.wav|हे काही बरोबर केले नाहीस. अरे खरे मित्र जे असतात जे संकटात मदत करतात.
audio/chunk_00819.wav|आणि जे संकटात ढकलतात ते खरे मित्र नसतात.
audio/chunk_00820.wav|आता तुम्हाला माझ्या जंगलची वाट दाखवू नको.
audio/chunk_00821.wav|माझी मी वाट शोधून जाईन.
audio/chunk_00822.wav|असे म्हणून हरणी ताई आपल्या जंगलाकडे निघून गेली.
audio/chunk_00824.wav|ते जंगल सर्वसंपन्न होते.
audio/chunk_00825.wav|या जंगलाच्या मध्यभागी
audio/chunk_00826.wav|निळ्या पाण्याचे सुंदर असे मोठे सरोवर होते.
audio/chunk_00827.wav|वेडूक दादांचा परिवार राहत होता.
audio/chunk_00828.wav|लहान मोठे भरपूर बेडूक होते.
audio/chunk_00829.wav|आणि आनंदित राहायचे.
audio/chunk_00830.wav|सरोवराच्या तळाशी जाऊन अन्न खायचे.
audio/chunk_00831.wav|इकडून तिकडून उड्या मारायचे, खूप खेळायचे सरोवरात.
audio/chunk_00832.wav|त्यात 1 वयस्कर बेडूक दादा होते ते खूप
audio/chunk_00833.wav|बुद्धिमान, हुशार आणि समजदार होते.
audio/chunk_00835.wav|दुसरे 1 मध्यम वयाचे वेदुक दादा होते.
audio/chunk_00836.wav|हे चंचल स्वभावाप्रमाणेच होते.
audio/chunk_00837.wav|कुठलाही निर्णय पटकन घ्यायचे.
audio/chunk_00838.wav|डोळे झाकून विश्वास ठेवायचे दुसऱ्यावर.
audio/chunk_00839.wav|खोटी लांडगीन ताई काय करायच्या? गोड बोलून दुसऱ्या प्राण्यांना चाळ्यात ओढायच्या आणि त्यांची शिकार करून खायच्या.
audio/chunk_00840.wav|पण आता त्या वयस्कर झाल्या होत्या.
audio/chunk_00841.wav|पहिलासारखी शिकार करणे त्यांना जमत नव्हते, डोळ्याने दिसत नव्हते.
audio/chunk_00842.wav|त्यामुळे मिळेल ते खाऊन त्या राहायच्या.
audio/chunk_00843.wav|एकदा त्यांना भूक लागली म्हणून त्या जंगलातनं फिरत फिरत सरोवराच्या काठावर आल्या.
audio/chunk_00844.wav|त्यांनी पाहिलं, अरे सरोवरात किती बेलूक आहेत!
audio/chunk_00845.wav|काही बेडूक तर ग्रुप करून बसले होते.
audio/chunk_00846.wav|खोटी लांडकी ताईच्या तोंडाला पाणी सुटले.
audio/chunk_00847.wav|ज्या काय म्हणाल्या, अरे ह्यातले थोडेफार बेडूक आपल्याला खायला मिळाले.
audio/chunk_00848.wav|तर आपल्याला शिकार करण्याची काहीच गरज नाही.
audio/chunk_00849.wav|आपण आता सरोवराच्या काठावरच राहायचं.
audio/chunk_00850.wav|त्या ढोलीत राहायचं असं त्यांनी ठरवलं आणि त्या सरोवराच्या काठावर शांत चित्ताने बसल्या.
audio/chunk_00851.wav|अगं खोटी ताई असा निराश चेहरा करून का बसली आहेस?
audio/chunk_00852.wav|खोटी लांडगीन ताई म्हणाल्या,
audio/chunk_00853.wav|काय सांगू तुला बुद्धी बेडूक दादा?
audio/chunk_00854.wav|मी खूप अशक्त झाले आहे, डोळ्याने दिसत नाही, शिकार करणे जमत नाही, मी आता ठरवले आहे.
audio/chunk_00855.wav|दुसऱ्याची सेवा करायची, चांगल्या उपदेशाच्या गोष्टी दुसऱ्यांना सांगायच्या आणि शांत जीवन जगायचं.
audio/chunk_00856.wav|चंचल बेडूक दादा तिथे आले, इतर बेडकेही आले.
audio/chunk_00857.wav|मग चंचल काय म्हणाला, अगं खोटी ताई सांग ना आम्हाला ज्ञानाच्या, उपदेशाच्या चांगल्या गोष्टी सांग.
audio/chunk_00858.wav|खोटी लांडगीण ताई त्यांना रोज उपदेशाच्या गोष्टी सांगू लागली.
audio/chunk_00859.wav|सेवा कशी करावी, धर्माने कसे वागावं, हे सगळं सांगायची.
audio/chunk_00860.wav|आणि सगळ्या बेडूक दादांना या गोष्टी तिच्या खूप आवडायच्या.
audio/chunk_00861.wav|ते खुश होऊन सगळे ऐकायचे.
audio/chunk_00862.wav|एकदा काय झालं खोटी लांडगीन ताई एकट्याच बसल्या होत्या.
audio/chunk_00863.wav|अगं खोटी ताई सांग ना आज गोष्ट.
audio/chunk_00865.wav|जंगलात संकट आले तर कसे वागायचे? खरा मित्र कसा ओळखायचा?
audio/chunk_00866.wav|या उपदेशाच्या गोष्टी सांगितल्या.
audio/chunk_00867.wav|परत एके दिवशी अशाच ते शांत बसले असताना
audio/chunk_00869.wav|तेव्हा खोटी लांडगी ताई म्हणाल्या,
audio/chunk_00870.wav|पण त्या अगोदर माझं 1 काम करणार का?
audio/chunk_00871.wav|माझ्याकडे 1 गुप्त गोष्ट आहे, ती कोणालाही माहिती नाही माझ्याशिवाय.
audio/chunk_00872.wav|तेव्हा Chanchal म्हणाला, अगं खोटी ताई सांग ना काय काम करायचं आहे मी पटकन करतो.
audio/chunk_00873.wav|मला तुझ्या पाठीवर घेऊन
audio/chunk_00874.wav|सरोवराच्या पलीकडच्या काठावर नेऊन ठेवायचं.
audio/chunk_00875.wav|मग चंचलच्या पाठीवर खोटी लांडगी ताई बसली.
audio/chunk_00876.wav|आणि पलीकडे गेल्यावर
audio/chunk_00878.wav|काठावर सोडलं तेवढ्यात
audio/chunk_00879.wav|खोटी लांडगीन ताईंने चंचलला तोंडात पकडले.
audio/chunk_00880.wav|तेवढ्या बुद्धी बेडूक दादा आणि इतर बरेच बेडूक दादा तिथे आले.
audio/chunk_00881.wav|आणि Chanchal-ला पकडलेले पाहून बुद्धी बेडूक दादा काय म्हणाले?
audio/chunk_00882.wav|तू सेवा करण्याच्या धर्माच्या गोष्टी करतेस.
audio/chunk_00883.wav|आणि Chanchal-ला पकडलंस हा कोणता धर्म तुझा?
audio/chunk_00884.wav|Buddhi Beduk Dada-ंच्यावर बोलण्यासाठी तोंड उघडले, तेवढ्यात Chanchal त्यांच्या तोंडातून पडला आणि पटकन तो Buddhi Beduk Dada-ंच्या जवळ जाऊन उभा राहिला. मग सगळ्या बेडकांना आणि Buddhi Beduk Dada सगळ्यांनाच
audio/chunk_00885.wav|खोटी लांडगीन ताईचा राग आला.
audio/chunk_00886.wav|मग त्यांनी काय केलं?
audio/chunk_00887.wav|जंगलात सरोवराच्या काठावर झाडाखाली जी फळे पडली होती, ती फळे घेतली सगळ्या बेडकांनी.
audio/chunk_00888.wav|खोटी लांडगी त्याला फेकून मारली.
audio/chunk_00889.wav|ही फळे खोटी लांडगीन ताईंच्या अंगाला लागली.
audio/chunk_00890.wav|मग त्या न थांबता तिथनं वेगात पळत निघून गेल्या.
audio/chunk_00891.wav|परत मागेही त्यांनी वळून पाहिलं नाही.
audio/chunk_00892.wav|मग हुत्ती बेडूक दादा म्हणाले,
audio/chunk_00893.wav|पाहिलं का बाळांनो? अरे चटकन कोणावरही डोळे झाकून विश्वास ठेवायचा नसतो.
audio/chunk_00894.wav|तर विचार करून मग विश्वास ठेवायचा, नाहीतर आपण संकटात पडतो. असे म्हणून सगळे बेडूक दादा म्हणाले, होय बुद्धी बेडूक दादा, आजपासून आम्ही तुमचे ऐकतो.
audio/chunk_00895.wav|मग सगळे बेडूक दादा पाण्यात गेले. त्या वेळेपासून सगळे बेडूक दादा
audio/chunk_00896.wav|कोणतेही परके प्राणी पक्षी आले.
audio/chunk_00897.wav|तो डोळे उघडून त्यांच्याकडे पाहायचे, विचार करायचे आणि मग त्यांच्यावर विश्वास ठेवायचे.
audio/chunk_00898.wav|म्हणून डोळे झाकून कोणावरही विश्वास ठेवू नये.
audio/chunk_00900.wav|सुंदरबनच्या जंगलात एका मोठ्या विशाल झाडावर
audio/chunk_00901.wav|साळू लाडूची म्हणताई राहत होत्या.
audio/chunk_00902.wav|दोघी अगदी जीवाभावाच्या मैत्रिणी होत्या.
audio/chunk_00903.wav|वाटे उठून जंगलात लांब पर्यंत जाऊन अन्न घेऊन यायच्या.
audio/chunk_00904.wav|नंतर अन्न खाऊन झाले की सरोवरात पाणी पिऊन यायच्या.
audio/chunk_00905.wav|आकाशात उंच उंच विहार करायच्या.
audio/chunk_00906.wav|खूप दोघींची छान मैत्री होती आणि त्यांच्या झाडासमोरच
audio/chunk_00907.wav|Rambha कवळींचा इच्छे करत होतं.
audio/chunk_00908.wav|पण Rambha Kawale ताई अतिशय स्वार्थी होत्या आणि चोर होत्या.
audio/chunk_00909.wav|त्या स्वतःचाच विचार नेहमी करायच्या.
audio/chunk_00910.wav|आणि सगळे पक्षी अन्न आणायला गेले की त्यांच्या घरट्यातले अन्न चोरून आणायच्या.
audio/chunk_00911.wav|त्या स्वतःसाठी अन्न आणायला जायच्याच नाहीत.
audio/chunk_00912.wav|एकदा तर त्यांनी Gangi Popit ताईच्या घरत्यातले अन्न चोरून आणले.
audio/chunk_00913.wav|गंगी ताई अन्न ठेवून
audio/chunk_00914.wav|सरोवरावर पाणी प्यायला गेली.
audio/chunk_00915.wav|तेवढ्यात Rambha Kavali-नी त्यांच्या घरट्यातले अन्न चोरून आणले.
audio/chunk_00916.wav|आणि Gangi-ने विचारल्यावर आपल्या कानावर हात ठेवले.
audio/chunk_00917.wav|Rambha Tai म्हणाली, Gangi Tai काय ग हे बोलतेस? मी तुला काय चोर वाटले का? नाही बाई मी, तुझ्या घरट्यातले अन्न नाही चोरले. असे म्हणून Rambha Kavali Tai-ने आपल्या कानावर हात ठेवले.
audio/chunk_00918.wav|गंगी पोपटताई काही बोलणार पण सगळ्या प्राण्यांना माहिती होतं.
audio/chunk_00919.wav|खरा चोर कोण आहे? तर Rambha Kavalin Tai.
audio/chunk_00920.wav|मग एकदा काय झालं? साळू आणि लाडू चिमनताई वाटे लवकर उठल्या होत्या.
audio/chunk_00921.wav|आणि त्या अन्न आणण्यासाठी
audio/chunk_00922.wav|दोघी बोलत बसल्या होत्या, गप्पा मारत होत्या.
audio/chunk_00923.wav|लाडू चिमुताई काय म्हणाली? अगं साळुताई, बघ किती सुंदर बनचं हे जंगल छान आहे.
audio/chunk_00924.wav|इथे फळांची, पाण्याची, अन्नाची कशाचीही कमतरता नाही.
audio/chunk_00925.wav|निसर्गाने बहरलेलं हे जंगल किती छान आहे.
audio/chunk_00926.wav|अगं आपण नशीब व्हावं ना हो.
audio/chunk_00927.wav|म्हणून आपल्याला हे जंगल मिळालं.
audio/chunk_00928.wav|असं दोघीच्या बोलत होत्या.
audio/chunk_00929.wav|त्यांचं हे सगळं बोलणं Rambha Kavadi-ताई ऐकत होत्या.
audio/chunk_00930.wav|मी काय करते ते बघा, वाटे जाऊन अन्न घेऊन येता काय?
audio/chunk_00931.wav|स्वतःपुरते अन्न आणता, स्वतःसाठी अन्न खाता.
audio/chunk_00932.wav|आता तुमची कशी गंमत करते बघा.
audio/chunk_00933.wav|असे म्हणून उडत उडत Rambha कावळीन ताई साळू लाडू जिथे होत्या तिथे गेल्या.
audio/chunk_00934.wav|त्यांना पाहून साळू लाडू काय म्हणाल्या?
audio/chunk_00935.wav|अगं Rambha ताई, तू आज अचानक इथे कशी आलीस आमच्याजवळ?
audio/chunk_00936.wav|Rambha Kawalin Tai म्हणाली, अगं नाही ग साळू लाडू.
audio/chunk_00937.wav|तुम्ही किती गो दोघी कष्ट करताय, लांब वर जाऊन अन्न घेऊन येताय, मला तुमचं खूप कौतुक वाटतंय.
audio/chunk_00938.wav|तू कसे काय आमचे कौतुक करू शकतेस? तू कोणत्या प्राण्यात, पक्षात, कोणातही मिसळत नाहीस.
audio/chunk_00939.wav|कोणाबरोबर बोलत नाहीस.
audio/chunk_00940.wav|कधी अन्न आणायला गेलेले आम्ही पाहत नाही.
audio/chunk_00941.wav|बघल तवा एकटी घरट्यात बसलेली असतीस.
audio/chunk_00942.wav|आणि तू कसे काय आमचे कौतुक करतेस?
audio/chunk_00943.wav|अगं नाही ग साळू लाडू, मला उलट तुमचा अभिमान वाटतोय.
audio/chunk_00944.wav|बरं ठीक आहे तू कशासाठी आली आहेस
audio/chunk_00945.wav|अगं साळू लाडू मी सांगते आपल्या जंगलाच्या बाहेर
audio/chunk_00946.wav|भरपूर धान्य असलेली शेती आहे.
audio/chunk_00947.wav|इथे तुम्हाला नेते तिथून तुम्ही दररोज अन्न घेऊन येत जा.
audio/chunk_00948.wav|ते ते शेत आहे हे कोणत्याही पक्षाला माहिती नाही.
audio/chunk_00949.wav|ठीक आहे साळू लाडू म्हणाल्या.
audio/chunk_00950.wav|वरंबा, साळू, लाडू सगळ्या त्या शेताकडे गेल्या.
audio/chunk_00951.wav|साळू लाडूने भरपूर लोंब्या तोडून खाल्ल्या.
audio/chunk_00952.wav|आणि थोड्या लोंब्या आपल्या चोचीत घरी नेण्यासाठी घेतल्या. तेव्हा Rambha Kavali ताई काय म्हणाली, हे बघ साळू लाडू!
audio/chunk_00953.wav|हे शेत कोणत्याही पक्षाला माहिती नाही.
audio/chunk_00954.wav|मी तुम्हाला दाखवले आहे म्हणून तुम्ही काय करायचं?
audio/chunk_00955.wav|रोज तुम्हाला अन्न आणाय आल्यावर अगोदर लोंब्या तोडून दोघींनी माझ्या घरी द्यायच्या नंतर तुम्हाला तुम्ही अन्न घेऊन यायचो.
audio/chunk_00956.wav|मग लाडू चिमूताई म्हणाली, अगं रंपाताई, हे कसं काय तू बोलू शकतेस ग? कष्ट करून आम्ही लोंब्या घेऊन येणार, अन तुला का बरं देऊ?
audio/chunk_00957.wav|Rambha ताई म्हणाली, हे बघ लाडू.
audio/chunk_00958.wav|हे शेत कोणालाही माहिती नाही, मी दाखवले तुम्हाला. त्यामुळे अगोदर अन्न माझ्या घरी द्यायचं, मग तुमच्या घरी.
audio/chunk_00959.wav|मग साळू शिमंत ताई काय म्हणाली, अगं लाडू गप्प बस ग, जाऊ दे आपण देऊ रंबा ताईला अन्न.
audio/chunk_00960.wav|उडत उडत आपल्या घरट्यात आले.
audio/chunk_00961.wav|दुसऱ्या दिवसापासून साळू लाडू दररोज Rambha Kawale ताईला लोंब्या आणून देऊ लागली.
audio/chunk_00962.wav|त्यांचे पंख दोघींचे दुखायला लागले.
audio/chunk_00963.wav|लाडू काय म्हणाली, साळुताई आज आपण जंगलातली फळे खाऊया.
audio/chunk_00964.wav|अन्न आणायला नको जायला.
audio/chunk_00965.wav|मग दोघींनी ठरवले फळे खायची.
audio/chunk_00966.wav|पुढं Rambha Kavali-ताई तिथे आल्या आणि म्हणाल्या,
audio/chunk_00967.wav|आज तुम्हाला अन्न आणायला गेला नाही, माझ्या घरट्यात मला लोंबे दिले आणि तुमच्यासाठी नाही आणलं.
audio/chunk_00968.wav|मग साळू काय म्हणाली, अगं अंबाताई, आता आमचे पंख दुखायला लागले, त्यामुळे आमच्यासाठी अन्न आणायला नाही जाणार आम्ही.
audio/chunk_00969.wav|आम्ही जंगलातीलच फळे खाणार आहोत.
audio/chunk_00970.wav|अगं तुम्हाला अन्न नाही.
audio/chunk_00971.wav|अगं माझं घरटं तर अन्नाने भरून गेलं आहे.
audio/chunk_00972.wav|बसा तुम्ही दोघे उपाशीच असं म्हणून हसत हसत Rambha Kavali ताई निघून गेली.
audio/chunk_00973.wav|यावर लाडूला राग आला.
audio/chunk_00974.wav|लाडू चिनू ताई म्हणाली बघितलंस साळुताई
audio/chunk_00975.wav|Rambha Kavali-न ताई कशी बोलून गेली?
audio/chunk_00977.wav|मग लाडू काय म्हणाली? हे बघ साळू,
audio/chunk_00978.wav|हिला चांगला धडा शिकवूया Rambha Kawale ताईला.
audio/chunk_00979.wav|असे म्हणून दुसऱ्या दिवशी त्याने 1 युक्ती केली आणि रंभाने साळुणीत
audio/chunk_00980.wav|त्या धोंदळ्याच्या शेताजवळ असलेल्या
audio/chunk_00981.wav|दुसऱ्या शेतातल्या लाल हिरव्या मिरच्या चोचीने तोडून आणल्या.
audio/chunk_00982.wav|आणि आपल्या घरट्या दोघींनीही एका पानावर ठेवल्या.
audio/chunk_00983.wav|आणि Rambha-ताईला अन्न द्यायला गेल्याच नाहीत.
audio/chunk_00984.wav|त्यामुळे Rambha Kavali ताई आली, अगं साळू लाडू, आज मला अन्न दिलं नाही तुम्ही?
audio/chunk_00985.wav|कसं झालं? साळू चिमंत ताई म्हणाली, अगं आम्हाला वेळ झाला, पण आणलं हे अन्न. असं म्हणून
audio/chunk_00986.wav|साळू लाडूने त्या पानावरच्या मिरच्या पुढे केल्या.
audio/chunk_00987.wav|रंभा तर कावळे ताईला भूक लागली होती, तिने पटपट मिरच्या खायला सुरुवात केली, त्याबरोबर तिच्या तोंडाचा फडका झाला.
audio/chunk_00988.wav|चोच भाजू लागली, अगं काय ग हे तिखट! साळू लाडू काय केलंस हे? असे म्हणत Rambha Kavali Tai पळत पळत सरोवरात गेली आणि चोचीने पाणी घेऊन घेऊन प्यायला लागली. किती पाणी पिलं तरी तिच्या तोंडाचे भडके थांबेना. दिवसभर सरोवराच्या घाटात
audio/chunk_00989.wav|त्यावर पाणी पीत बसत राहिली बसून राहिली
audio/chunk_00991.wav|लाडू म्हणाली बघितलंस साळुताई?
audio/chunk_00992.wav|Rambi-ला कशी शिक्षा मिळाली?
audio/chunk_00993.wav|मग Savi-ची म्हणताई काय म्हणाली?
audio/chunk_00994.wav|अगं आपण एखाद्यावर उपकार केले त्याची जाण न ठेवता
audio/chunk_00995.wav|आपल्याला जो त्रास देतो त्याला धडा हा शिकवलाच पाहिजे.
audio/chunk_00996.wav|असे म्हणून साळू लाडू अन्न आणण्यासाठी जंगलात निघून गेल्या.
audio/chunk_00997.wav|कधीही दुसऱ्याच्या उपकाराची
audio/chunk_00998.wav|जाण ठेवावी, त्याला त्रास देऊ नये.
audio/chunk_01000.wav|Nandanvan नावाचे 1 सुंदर असे जंगल होते.
audio/chunk_01001.wav|या जंगलात सगळे प्राणी पक्षी अगदी आनंदाने राहत होते.
audio/chunk_01002.wav|जंगलाच्या मध्यभागी निळ्या निळ्या पाण्याचे सुंदर सरोवर होते.
audio/chunk_01003.wav|सरोवराच्या काठावर 1 विशाल वडाचे झाड होते.
audio/chunk_01004.wav|सगळ्या पक्षांची घरटी होती.
audio/chunk_01005.wav|जंगलात अनेक प्राणी पक्षी आनंदाने आणि सुखासमाधानाने राहत होते.
audio/chunk_01006.wav|या जंगलात 3 जिवलक मित्र होते.
audio/chunk_01007.wav|1 गंगाराम पोपट काका, 1 कुट्टू ससे भाऊ आणि बुद्धी का सौ दादा.
audio/chunk_01008.wav|तीघे मित्र जंगलात एकत्र जायचे, एकत्र अन्न आणि फळे आणायचे आणि सरोवराच्या काठावर बसून एकत्र आनंदाने खायचे, गप्पा गोष्टी करायचे, खूप हास्य विनोद करायचे. मजेत दिवस चालले होते त्यांचे.
audio/chunk_01009.wav|एकदा ते 3 असेच गप्पा मारत बसले होते.
audio/chunk_01010.wav|त्या जंगलात राहणाऱ्या Sundari Manjari Tai वडाच्या झाडापासून थोड्याच अंतरावर येऊन उभा राहिल्या. Sundari Manjari Tai थोडे दिवस जंगलात राहायच्या, थोडे दिवस जंगला शेजारी असलेल्या एका छोट्याशा गावातल्या घरात राहायच्या.
audio/chunk_01011.wav|आता त्या जंगलात राहायला आल्या होत्या.
audio/chunk_01012.wav|त्यांनी 3 मित्रांना पाहिलं आणि त्या काय म्हणाले, अरे वा!
audio/chunk_01013.wav|छान गप्पा चालल्या तिघा मित्रांच्या.
audio/chunk_01014.wav|मग त्या मनात काय म्हणाल्या? अरे!
audio/chunk_01015.wav|मी जर तुम्हाला मूर्खात काढले
audio/chunk_01016.wav|तर तिघेही मित्र माझे 3 दिवसाचे भोजन उशीला
audio/chunk_01017.wav|असा विचार त्यांच्या मनात आला आणि त्यांना युक्ती सुचली. अरे काय बरं करावं असे म्हणत त्यांना ती युक्ती सुचली.
audio/chunk_01018.wav|वाऱ्याच्या वेगाने फळत गावातल्या घरात गेल्या.
audio/chunk_01019.wav|तिथल्या देवघरात गेल्या, तिथे 1 माळ होती.
audio/chunk_01020.wav|एक तिथं देवाचे वस्त्र होते, ती वस्त्राची घडी घेतली आणि परत वाऱ्याच्या वेगाने त्या जंगलात आल्या.
audio/chunk_01021.wav|वडाच्या झाडापासून थोड्याच अंतरावर 1 आंब्याचे झाड होते.
audio/chunk_01022.wav|त्या आंब्याच्या झाडाखाली त्या बसल्या.
audio/chunk_01023.wav|त्यांनी ती माळ गळ्यात घातली.
audio/chunk_01024.wav|ते वस्त्र आणलेले पाठीवर टाकलं आणि डोळे घट्ट मिटून घेतले.
audio/chunk_01025.wav|स्वतः कोण साधू तपस्विनी संत असल्यासारखं नाटक केलं.
audio/chunk_01026.wav|आणि डोळे घट्ट मिटून
audio/chunk_01027.wav|त्या देवाचे नाव घेऊ लागल्या, त्या काय जोरजोरात बोलू लागल्या, त्या काय म्हणाल्या?
audio/chunk_01028.wav|देवा देवा घडू दे तुझी सेवा मिळू दे सुंदर मेवा नाटक रंगू दे छान छान
audio/chunk_01029.wav|तिघांच्या भोजनाचे मिळू दे मला सुंदर सुंदर पान.
audio/chunk_01030.wav|म्हणायला लागल्या डोळे मिटायच्या उघडायच्या.
audio/chunk_01031.wav|डोळे मिटायच्या हळूच उघडून इकडे तिकडे पाहायच्या.
audio/chunk_01032.wav|त्यांना असं पाहिल्यावर Gangaram पोपट काका आणि Guttu सोसे भाऊ घाबरले.
audio/chunk_01033.wav|बुद्धी का असं होता दादा? घाबरली नाही ते भोळे होते.
audio/chunk_01034.wav|ते काय म्हणाले, अरे मित्रांनो घाबरू नका, Sundari Manjari ताई 1 संत तपस्विनी झाली आहे.
audio/chunk_01035.wav|त्यामुळे तिच्यापासून आपल्याला काही धोका नाही.
audio/chunk_01036.wav|तेव्हा त्या मित्रांचा संशय अधिकच बळावला.
audio/chunk_01037.wav|Gangaram Popat Kaka-ंचा आणि Guttu Sasebhau-ंचा
audio/chunk_01038.wav|मग थोड्या वेळाने सुंदरी मांजरी ताई काय म्हणाल्या?
audio/chunk_01039.wav|देवा, मी हिंसाचार सोडला आहे.
audio/chunk_01040.wav|मी आता कोणालाही त्रास देणार नाही.
audio/chunk_01041.wav|मी फक्त झाडाची पाने आणि फळे खाऊन जगणार आहे.
audio/chunk_01042.wav|आणि तुझे चिंतन करणार आहे.
audio/chunk_01043.wav|Guttu ससे भाऊ आणि Gangaram पोपट काका आणखीनच घाबरले.
audio/chunk_01044.wav|बुद्धी कासव दादा काय म्हणाले, अरे मित्रांनो किती सांगितलं ती संत झाली आहे घाबरू नका.
audio/chunk_01045.wav|तुमचा विश्वास बसत नाही का? नाही, दोघेही म्हणाले.
audio/chunk_01046.wav|बुद्धी कासव दादा सरोवराच्या काठावर गेले.
audio/chunk_01047.wav|आणि तिथल्या 1 झाडाची छोटीशी वाळकी फांदी काढली आणि तेच
audio/chunk_01048.wav|सुंदरी मांजरी ताईकडे घेऊन गेले.
audio/chunk_01049.wav|सुंदरी मांजरी ताईच्या पुढे जाऊन बुद्धी कासव दादा काय म्हणाले?
audio/chunk_01050.wav|हे संत तपस्विनी ताई
audio/chunk_01051.wav|तू हिंसाचार सोडला आहेस.
audio/chunk_01052.wav|तू ही वाळकी काठी मला खाऊन दाखव.
audio/chunk_01053.wav|असे म्हटल्यावर Sundari Manjari-ताई घाबरल्या.
audio/chunk_01054.wav|अरे देवा हे काय संकट आलं? आता काय करू मी?
audio/chunk_01055.wav|बरं स्वतःला सावरून म्हणाला.
audio/chunk_01056.wav|मी फक्त झाडाची पाने आणि फळे खाते.
audio/chunk_01057.wav|मी वाळकी काठी नाही खाणार.
audio/chunk_01058.wav|तेव्हा बुद्धी कासव दादा काय म्हणाले?
audio/chunk_01059.wav|संत लोक अशी असतात जे समोर येईल त्याचा स्वीकार करतात.
audio/chunk_01060.wav|पण तू ही वाळकील फांदी खात नाहीस.
audio/chunk_01061.wav|म्हटल्यावर तू शांत नाहीस.
audio/chunk_01062.wav|असे म्हटल्यावर Sundari Manjari ताई घाबरली.
audio/chunk_01063.wav|तिची बोबडी वळली, तिला बोलता येईना, आपले नाटक आता उघडकीला आले, तिने ओळखले.
audio/chunk_01064.wav|अरे तसे नाही काही, मी संतच आहे, मी संतच आहे. अशी म्हणत घाबरत घाबरत हळू हळू हळू मागे सरकत सारखं.
audio/chunk_01065.wav|सुंदरी मांजरीन ताईंने तिथनं काढता पाय घेतला आणि ती वाऱ्याच्या वेगाने पळत गावातल्या घरात गेली.
audio/chunk_01066.wav|मग बुद्धी कासव दादांनी
audio/chunk_01067.wav|तेवढ्यात Gangaram पोपट काका आणि Guttusasebhav घाबरून लांब जाऊन लपून बसले होते.
audio/chunk_01068.wav|बुद्धी कासव दादांनी त्यांना बोलवून घेतले आणि म्हणाले, अरे मित्रांनो घाबरू नका.
audio/chunk_01069.wav|तुमचे म्हणणे योग्य ठरले.
audio/chunk_01070.wav|तपस्विनीचे नाटक केले होते पण ते मी तिची परीक्षा घेऊन उघडकीला आणले. त्यामुळे आता धोका टळला तुम्ही घाबरू नका.
audio/chunk_01071.wav|मग Gangaram Popat काका आणि Guttu Sasebhau म्हणाले,
audio/chunk_01072.wav|अरे कासव दादा, तुमच्या चातुर्याने आणि हुशारीने सुंदरी मांजरी ताईचे नाटक बाहेर पडले आणि आपण संकटातून वाचलो, तुमच्यामुळे संकट टळले.
audio/chunk_01073.wav|Kutty Kasav Dada म्हणाले, बरोबर आहे.
audio/chunk_01074.wav|Gangaram Popat Kaka, Guttu Sase Bhau, अगदी बरोबर बोललात तुम्ही.
audio/chunk_01075.wav|धूर्त लोक आणि चलाक लोक जे असतात त्यांच्या गोड बोलण्याला भाळायचे नाही कधी.
audio/chunk_01076.wav|त्या गोष्टीची पडताळणी करायची मगच त्या गोष्टीवर विश्वास ठेवायचा.
audio/chunk_01077.wav|असे म्हणून 3 मित्र परत वडाच्या झाडाखाली गेले आणि आनंदाने गप्पा मारत बसले.
audio/chunk_01079.wav|झारखंडच्या जंगलात Appo Aati Dada, Dabbu Aswal Dada,
audio/chunk_01080.wav|Gobi Sasebhau आणि Shajari Haranitai हे 4 मित्र राहत होते.
audio/chunk_01081.wav|ते एकमेकांचे जिवलग मित्र होते.
audio/chunk_01082.wav|एकदा काय झालं त्या मित्रांनी ठरवलं जवळच असलेल्या Sundarbans-च्या जंगलात सहलीसाठी जायचं सुंदर सुंदर फळे खाऊन.
audio/chunk_01083.wav|जंगल फिरून मौज मजा करून यायचं.
audio/chunk_01084.wav|पण Appu Hatti Dada काय म्हणाले हे पहा मित्रांनो आपण पाऊस चालू व्हायच्या अगोदर सरीला जायचं.
audio/chunk_01085.wav|आणि त्याच्या अगोदर आपण आपली
audio/chunk_01086.wav|पावसाळ्यासाठी अन्नाचा साठा करून ठेवायचा.
audio/chunk_01087.wav|पण त्यातले ढग्गू असवल दादा कमालीचे आळशी होते.
audio/chunk_01088.wav|2 दिवसातून 2-3 वेळा जंगलात नुसतं फिरून यायचे.
audio/chunk_01089.wav|आणि 2-3 दिवसातनं एकदा अन्न खायचे.
audio/chunk_01090.wav|आणि मस्तपैकी कुए झोपून जायचे.
audio/chunk_01091.wav|त्यांना कामाचा खूप कंटाळा.
audio/chunk_01092.wav|मग एकदा ते सकाळी लवकरच उठले आणि ते काय म्हणाले, अरे आपण आजच सहलीला गेलो तर आपल्या मित्रांना तयार करूया.
audio/chunk_01093.wav|असे म्हणून ते जंगलात निघाले.
audio/chunk_01094.wav|त्यांनी पाहिलं साजरी हरणी ताई वाटीवर वेलीच्या
audio/chunk_01095.wav|जाळी केलेली होती वेलीची आणि त्यात फळे घालून ती पाटीवर घेऊन निघाली होती.
audio/chunk_01096.wav|तेव्हा त्यांच्या मनात काय आलं? अरे!
audio/chunk_01097.wav|साजरी अग्नी ताईला आपण जर मदत केली
audio/chunk_01098.wav|तर ती सहलीला आज यायला तयार होईल.
audio/chunk_01099.wav|म्हणून ते काय म्हणाले, अगं साजरी ताई, कशाला एवढं ओझं घेतले आहेस? मी घेऊ का? नको रे डबू दादा, मी नेते.
audio/chunk_01100.wav|अगं पण एवढी फळे? अरे पावसाळ्यासाठी अन्न साठवलं पाहिजे.
audio/chunk_01101.wav|आणि आपल्याला त्याच्या अगोदर सलीलाही जायचं आहे.
audio/chunk_01102.wav|असे म्हटल्यावर साजरीने वेलीची दुसरी जाळी काढली आणि त्यात थोडी फळे घालून
audio/chunk_01103.wav|डब्बू अस्वल दादांच्या पाठीवर दिली. ते दोघे निघाले तेवढ्यात काय झालं नटकट माकड दादा जंगलात झाडावरून उड्या मारत होते.
audio/chunk_01104.wav|आणि ते उड्या मारताना धपकन ढब्बू अस्वल मामांच्या पाठीवर पडले.
audio/chunk_01105.wav|त्यामुळे सगळी फळे घसरत घसरत
audio/chunk_01106.wav|आणि Dabbu अस्वल मामांच्या पाठीला मुका मार लागला.
audio/chunk_01107.wav|मग साजरी हरणी ताईंने त्यांना आपल्या गुहेत नेलं, जडीबुटी लावली. थोड्या वेळाने ढग्गू आसवल मामा चांगले झाले कारण सहलीला जायचे होते.
audio/chunk_01108.wav|मग ते काय म्हणाले, साजरी ताई आपण आजच जाऊया कसलीला? नको रे बाबा, पावसाळ्यासाठी गुहा दुरुस्त करायची आहे, अन्नाचा साठा करायचा आहे.
audio/chunk_01109.wav|हे सगळं झाल्यावर आपण सैलील जायचं.
audio/chunk_01110.wav|निराश होऊन Dabbu अस्वल दादा आपल्या
audio/chunk_01111.wav|गुहेकडे निघाले तेवढ्यात त्यांना Appu Hatti Dada भेटले त्यांच्या पाठीवर
audio/chunk_01112.wav|लाकडाची मोळी होती.
audio/chunk_01113.wav|आप्पू हत्ती दादासनी तरी पटवूया. म्हणून काय म्हणाले ढब्बू आसवंत दादा, आप्पू हत्ती दादा अहो एवढे ओजे कशाला घेतले?
audio/chunk_01114.wav|पावसाळा येणार आहे, त्यासाठी घराची दुरुस्ती केली पाहिजे, म्हणून हे लाकडे नेतो आहे.
audio/chunk_01115.wav|मग डप्प असोल मामा मनात काय म्हणाले?
audio/chunk_01116.wav|त्यातली थोडी लाकडे आपल्या पाठीवर घेतली.
audio/chunk_01117.wav|की आप्पू हत्ती दादांना बरे वाटेल आणि आज सहलीला यायला तयार होतील.
audio/chunk_01118.wav|म्हणून ढब्बू आसवला मामा काय म्हणाले, द्या थोडी लाकडे माझ्या पाठीवर द्या. अरे नको रे ढब्बू तुला नाही शेपणार. अहो असू दे द्या ना.
audio/chunk_01119.wav|असं म्हटल्यावर आप्पू हत्ती दादांनी थोडी लाकडे ढब्बू आसवल दादांच्या पाठीवर दिली पण त्याचं ओझं झेपत नव्हतं.
audio/chunk_01120.wav|अगोदरच नटकट माकड दादाने पाठीवर उडी मारली होती ते दुखत होतं आणि ही लाकडे जड पण कसे बसे ते घेऊन गेले.
audio/chunk_01121.wav|काय म्हणाले Appu Hatti दादांना Appu Hatti दादा आपण आजच जाऊया का Shaili-ला?
audio/chunk_01122.wav|नाही रे बाबा, अजून घराचं काम व्हायचं आहे माझ्या, अन्नाचा साठा करायचा आहे, आत्ताच नाही.
audio/chunk_01123.wav|असे म्हटल्यावर Dabbu अस्वल दादा निराश होऊन परतायला लागले तेव्हा त्यांना वाटेत भेटले Gobi ससे दादा.
audio/chunk_01124.wav|ते भरपूर फळे आणि गाजरे घेऊन निघाले होते.
audio/chunk_01125.wav|अरे ससे दादा एवढी गाजरी कशाला?
audio/chunk_01126.wav|अरे Dabbu दादा आता पावसाळाला आहे आणि सहलीलाही आपल्याला जायचं आहे त्यामुळे भरपूर साठा केला पाहिजे अन्नाचा.
audio/chunk_01127.wav|मी आणखी जाणार आहे होळे आणायला.
audio/chunk_01128.wav|मग ढब्बू असं दादांना काय वाटले?
audio/chunk_01129.wav|यांनाही मदत करावी म्हणजे हे तरी आज तयार होतील शरीराला.
audio/chunk_01130.wav|नाही येतो, तुम्हाला मदत करतो, ठीक आहे चल. ससे दादा म्हणाले आणि जंगलाजवळच्या एका शेतात गेले. दोघांनी भरपूर गाजरे काढली, खाल्ली.
audio/chunk_01131.wav|आणि ससे दादानी पण वेलीची
audio/chunk_01132.wav|जाळे केले आणि त्या जाळेत थोडी फळे गाजरे घातली आणि आपल्या पाठीवर घेतली.
audio/chunk_01133.wav|दब्बू असवल दादांच्याही पाठीवर दिली.
audio/chunk_01134.wav|आणि दोघे निघाले, तेवढ्यात काय झालं? शेताचा मालक आला आणि त्याने 1 काठी भिरकावून मारली. ढब्ब अस्वद दादांच्या पाठीत लागली.
audio/chunk_01135.wav|म्हणते न दुखल्यासारखे करून ससे दादांना म्हणाले नाही दुखत माझी पाठ.
audio/chunk_01136.wav|असे म्हणून ससे दादाच्या घरापर्यंत गेले आणि म्हणाले, ससे दादा आज जाऊया का आपण सलीला? नाही रे बाबा, पावसाळा आहे, अजून बरंच काही काम आहे, आज नाही मी येत.
audio/chunk_01137.wav|असे म्हटल्या निराश झालेले Dabbu Aswal Dada आपल्या गुहेत गेले. आता म्हणाले कोणताही प्राणी येणार नाही आपण गुहेत निवांत झोपायचो. आणि तेवढ्यात पावसाला सुरुवात झाली. धो धो धो पाऊस पडायला लागला, वारा सुटला. पण Dabbu Aswal Mama आपल्या गुहेत
audio/chunk_01138.wav|निवांत झोपले.
audio/chunk_01139.wav|आणि तिची झोप लागली आणि कसल्याशा आवाजानं जाग आली.
audio/chunk_01140.wav|पाहता तो त्यांच्या गुहेच्या पाठीमागे 1 भगदार होतं.
audio/chunk_01141.wav|आणि भरपूर पाऊस झाल्यामुळे जंगलातल्या नदीला पाणी आलं होतं आणि ते नदीतले पाणी त्यांच्या गुहेत शिरले.
audio/chunk_01142.wav|आणि बघता बघता सगळी गुहा पाण्याने भरून गेली, नदीसारखी. पटकन डबुवासुल मामा बाहेर आले, घाबरून ते सगळ्यांच्या गुहे पुढे गेले, पण कोणत्याही प्राण्याने त्यांना आत बोलवले नाही. सगळे प्राणी निवांत आपापल्या गुहेत बसले होते.
audio/chunk_01143.wav|मग ते Gobi ससे दादांच्या गुहेजवळ गेले. Gobi ससे दादा पटकन बाहेर आले. अरे Dabbu दादा हे का झाले? काही नाही रे माझ्या गुहेत पाणी शिरले. अरे पण ते कसे काय?
audio/chunk_01144.wav|अरे काय सांगू माझ्या घराला
audio/chunk_01145.wav|पाठीमागून भगदाड होतं, मी दुरुस्त केलं नाही, त्याची शिक्षा मला मिळते.
audio/chunk_01146.wav|मला भूकही खूप लागल्या. मुससे दादा म्हणाले चल माझ्या गुहेत. मुससे दादानी त्यांना भरपूर गाजरे टाणटो खायला दिली आणि इथेच राहून सांगितलं. ढबू आसवल मामा नाही म्हणाले.
audio/chunk_01147.wav|आणि ते बाहेर आले तेवढ्यात
audio/chunk_01148.wav|समोरून Appu आत्ती दादा आले आणि म्हणाले, अरे Dabbu अस्वल मामा चला माझ्या घरात राहायला माझं घर तयार झालं आहे.
audio/chunk_01149.wav|अरे पण हत्ती दादा नाही.
audio/chunk_01150.wav|हत्ती दादा म्हणाले नाही डब्बू अस्वल दादा.
audio/chunk_01151.wav|कसा आहे माहिती आहे का? मला माहिती आहे तू कमालीचा आळशी आहेस.
audio/chunk_01152.wav|तुझी गुवाई दुरुस्त केलेली नसणार आणि फळांचा संचही केलेला नाहीस तू मला माहिती होतं चल माझ्या घरात राहायला असे म्हणून
audio/chunk_01153.wav|डब्बू असं बोलला मामांना आपल्या घरात घेऊन गेले त्यांचे छान पैकी घर बांधून झाले होते.
audio/chunk_01154.wav|मग ढब्ब अस्वल मामाला आप्पू हत्ती दादा म्हणाले, अरे ढब्बू तू मला लाकडे आणायला मदत केलीस घरासाठी. गोबी ससे दादाला गाजरे tomato आणायला मदत केलीस.
audio/chunk_01155.wav|मग आम्ही तुला मदत करायला नको का? तू ऐकायस आम्हाला माहीत आहे.
audio/chunk_01156.wav|मग धब्बा असल मामा म्हणाले, चुकलो मी आप्पो आती दादा, मी आता असा कधी वागणार नाही, माझा आळस सोडून देणार, आजपासूनच मी उद्योगाला लागतो.
audio/chunk_01158.wav|याची तयारी आपण करावी.
audio/chunk_01159.wav|हो बरोबर आहे तुमचं. मी आत्ताच कामाला लागतो असे म्हणून ढबू आसून मामा जंगलात
audio/chunk_01160.wav|फळे आणण्यासाठी निघून गेले, पाऊसही थोडा थांबला होता.
audio/chunk_01161.wav|पाण्याच्या आधी वळण बांधावे म्हणजे संकट यायच्या अगोदर ते कसे घालवता येईल याची तयारी करावी.
audio/chunk_01163.wav|उन्हाळ्याचे दिवस संपवून
audio/chunk_01164.wav|उन्हाळी पावसाचे दिवस सुरू होणार होते.
audio/chunk_01165.wav|सगळीकडे कडक ऊन पडलं होतं.
audio/chunk_01166.wav|आकाशात काळे ढग जमले होते.
audio/chunk_01167.wav|कधी उन्हाळी पाऊस पडेल सांगता येत नव्हतं.
audio/chunk_01168.wav|आणि उकाडाही भरपूर होता.
audio/chunk_01169.wav|मंगू बकरी ताई जंगलाकडे निघाल्या होत्या चारा खाण्यासाठी.
audio/chunk_01170.wav|त्या राहतो त्या गावात पण गावा शेजारी असलेल्या जंगलात अधून मधून चारा खाण्यासाठी जायच्या.
audio/chunk_01171.wav|अशाच आजही त्या निघाल्या होत्या जंगला चारा खायला.
audio/chunk_01172.wav|आणि 1 झाडाविषयी
audio/chunk_01173.wav|ज्या ज्या झाडांच्या फांद्या
audio/chunk_01174.wav|याचा पाला काढून त्या खाऊ लागल्या.
audio/chunk_01175.wav|आकाशातून पाऊस पडायला सुरुवात झाली.
audio/chunk_01176.wav|उन्हाळी पाऊस धो धो धो पाऊस पडायला लागला.
audio/chunk_01177.wav|Mangu Bakari Tai खूप भिजल्या.
audio/chunk_01178.wav|पाऊस जाईसपर्यंत एका झाडाखाली जाऊन थांबावं वाटलं, म्हणून 1 दाट झाड होतं.
audio/chunk_01179.wav|त्या झाडाखाली सुक्की जागा होती, वाळलेली जागा होती. त्या जागेवर जाऊन त्या उभ्या राहिल्या.
audio/chunk_01180.wav|त्या काय मनात म्हणाल्या, आता पाऊस थांबला की आपण परत चारा खायचा आणि नंतर गावाकडे घरी जायचं.
audio/chunk_01181.wav|असे त्या मनात विचार करून त्या झाडाखाली थांबल्या.
audio/chunk_01182.wav|तेवढ्यात काय झालं? या जंगलातल्या
audio/chunk_01183.wav|चला की लांडकीण ताई आल्या!
audio/chunk_01184.wav|हो पावसातून इथे आल्या.
audio/chunk_01185.wav|त्यांनी पाहिलं लांब ओरणं.
audio/chunk_01186.wav|मंगू बकरी ताई एका झाडाखाली उभा राहिल्या होत्या. त्यांना माहिती होतं ह्या मंगू बकरी ताई गावातले आहेत.
audio/chunk_01187.wav|आणि त्या वरचेवर जंगलात चारा खाण्यासाठी येतात.
audio/chunk_01188.wav|पण या Mangu Bakari ताई एकदाही चालाकी ताईंच्या हाती लागल्या नव्हत्या.
audio/chunk_01189.wav|त्यामुळे चालाखी लांडगीन ताई खुश झाल्या.
audio/chunk_01190.wav|आणि त्या काय म्हणाल्या, अरे वा!
audio/chunk_01191.wav|आज Mangu Bakri ताई मला सापडणार.
audio/chunk_01192.wav|गोड गोड बोलायचं, जाळ्यात ओढायचं त्यांना आणि गुहेत नेऊन
audio/chunk_01193.wav|2 दिवसाच्या भोजनाची सोय झाली माझ्या.
audio/chunk_01194.wav|Mangu Bakaritai जवळ गेल्या.
audio/chunk_01195.wav|मंगू बकरी ताईंनी ही चालाकी लांडगीन ताईंना पाहिलं.
audio/chunk_01196.wav|त्यांना माहिती होतं चला की लांडगीन ताई कशा आहे.
audio/chunk_01197.wav|अहो Mangu Bakari ताईंना नाही जंगलातल्या सगळ्या प्राण्यांना माहिती होतं.
audio/chunk_01198.wav|चला की लांडगीन ताई, किती धूर्त आहेत त्या!
audio/chunk_01199.wav|धूर्तपणाने गोड गोड बोलून प्राण्यांना, पक्षांना जाळ्यात ओढून त्यांची शिकार करून खायच्या हे सगळ्यांनाच माहीत येतं.
audio/chunk_01200.wav|मंगू बकरी ताईंना हे माहिती होतं.
audio/chunk_01201.wav|Mangu Bakaritaai शांत उभ्या राहिल्या होत्या.
audio/chunk_01202.wav|तेवढ्यात चलाखी ताई तिथे गेल्या.
audio/chunk_01203.wav|आणि काय म्हणाल्या, अगं Mangu बकरीताई तू बऱ्याच दिवसांनी दिसलीस.
audio/chunk_01204.wav|तेव्हा Mangu Bakari ताई म्हणाल्या, नाही ग चालाकी ताई, मी अधून मधून चारा खाण्यासाठी जंगलात येते.
audio/chunk_01205.wav|मग मी काय म्हणते, अगं Mangu ताई तू एवढ्या पावसात कशी उभी राहिली आहेस?
audio/chunk_01206.wav|मग Mangu म्हणाली, नाही ग चला की ताई, या झाडाखाली उभी राहिली आहे, मला पाऊस लागत नाही.
audio/chunk_01207.wav|अगं Mangu, थोड्या वेळाने हे झाडही भिजेल पावसाने आणि सगळे झाडाचे पाणी तुझ्या अंगावर पडेल.
audio/chunk_01208.wav|आणि तू भिजून जाशील त्यापेक्षा असं कर माझ्या गुहेत चल.
audio/chunk_01209.wav|खूप स्वच्छ आणि कोरटी आहे.
audio/chunk_01210.wav|तू तिथे बैस, विश्रांती घे, निवांत आराम कर, तुला कसलीही चिंता नाही.
audio/chunk_01212.wav|चला की लांडगीन ताईंनी योजना चांगली केली होती आता चला ती खुश होती मनातून.
audio/chunk_01213.wav|विश्रांतीच्या नावाखाली
audio/chunk_01214.wav|मंगू बकरीने शांत विचार केला.
audio/chunk_01215.wav|आणि Mangu Bakari ताई काय म्हणाली?
audio/chunk_01216.wav|बरोबर आहे तुझं चालाखी ताई, मलाही तेच वाटतंय ग, पावसात भिजायला नको.
audio/chunk_01217.wav|मग चला की म्हणाली, अगं तिघे कोण?
audio/chunk_01218.wav|कसा आहे चालाखी ताई? मी येताना माझे 2 मित्रही आले.
audio/chunk_01219.wav|कोण आहे तुझे मित्र? अगो माझे 2 मित्र शिकारी कुत्रे आहे त्यांना घेऊन मी आले आहे आम्ही तिघेही येतो आणि आजचा दिवस तुझ्या गुहेत मुक्काम करतो चालेल ना तुला?
audio/chunk_01220.wav|असे म्हटल्यावर चला की लांडगीन ताई खूप घाबरल्या!
audio/chunk_01221.wav|त्यांचा चेहरा पाहण्यासारखा झाला.
audio/chunk_01222.wav|खोटं खोटं हसू तोंडावर आणून त्या काय म्हणाल्या, अगं Mangu Tai नको भाई, मला शिकारी कुत्र्यांची खूप भीती वाटते, नको नको मी जाते आपली कशी?
audio/chunk_01223.wav|अशी म्हणून चालाकी लांडगीन ताईंने तिथून धूम ठोकली.
audio/chunk_01224.wav|ती थेट आपल्या गुहीत जाऊन बसली.
audio/chunk_01225.wav|इकडे Mangu बकरी ताई घाबरली नाही काही नाही.
audio/chunk_01226.wav|आणि ती Mangu Bakari ताई गालातल्या गालात हसायला लागली.
audio/chunk_01227.wav|तुझा हेतू मी ओळखला.
audio/chunk_01228.wav|अगं अशा संकटाच्या वेळेला
audio/chunk_01229.wav|डोकं शांत ठेवून शांतपणे विचार करून
audio/chunk_01230.wav|समजदारीपणा दाखवून
audio/chunk_01231.wav|कितीही मोठे संकट आलं तर हे असे घालवायचे असते, कळलं का चालाकी ताई? अशी Mangu Bakari ताई मनात म्हणत म्हणत
audio/chunk_01232.wav|घराकडे गावाकडे चाल निघून गेली.
audio/chunk_01234.wav|के च्या घनदाट जंगलात 1 भयंकर वाघ्या चित्ता राहत होता.
audio/chunk_01235.wav|उंच उंच उड्या मारायच्या.
audio/chunk_01236.wav|लांब पर्यंत चपळपणे पळत जायचा.
audio/chunk_01237.wav|त्याला आपल्या ताकतीचा भयंकर गर्व होता.
audio/chunk_01238.wav|त्याची उड्या मारण्याची लकप, पळण्याची लकप आणि मजबूत पंजे पाहून सगळे प्राणी घाबरून जायचे.
audio/chunk_01239.wav|सगळ्यांना तो म्हणायचा मी खूप ताकदवान आहे.
audio/chunk_01240.wav|सगळ्या प्राण्या तशीच माजली होती, सगळे प्राणी घाबरायचे, त्याच्या वाटेला कोणी जायचे नाही.
audio/chunk_01241.wav|चलाकी नावाच्या हुशार बुद्धिमान आणि समजदार लांडगीणताई राहत होत्या.
audio/chunk_01242.wav|त्यांच्या बुद्धीची हुशारी सगळ्या जंगलच्या कानाकोपऱ्यात पोहोचलेली होती.
audio/chunk_01243.wav|एकदा काय झालं जंगलातल्या सरोवरात
audio/chunk_01244.wav|सुंदरी हरणी ताई नटकट माकड दादा ढबू अस्वल मामा गोबी ससे भाऊ पाणी प्यायला गेले त्यावेळी चलाखी लांडगी ताई तिथे पाणी प्यायला गेल्या.
audio/chunk_01245.wav|तेव्हा तो भयंकर वाघ्या चित्ता तिथे आला.
audio/chunk_01246.wav|आणि तो काय म्हणाला, हे पहा जंगलवासियांनो, आजपासून हे सरोवर माझे आहे. मी फक्त एकटा पाणी पिणाऱ्यातलं, तुम्ही कुणीही येथे पाणी प्यायला यायचं नाही.
audio/chunk_01247.wav|सगळे प्राणी घाबरून पळून निघून गेले.
audio/chunk_01248.wav|चला की लांडगी चई थांबल्या.
audio/chunk_01249.wav|आणि त्या विचार करत आपल्या घरी गेल्या.
audio/chunk_01250.wav|त्या काय म्हणाल्या, अरे किती घमंड आहे ताकतीची या वाग्या चित्त्याला.
audio/chunk_01251.wav|त्याची घमण ठिकाण्यावर आणली पाहिजे.
audio/chunk_01252.wav|त्याला खूप घमन झाले आहे.
audio/chunk_01253.wav|असे म्हणा त्यांच्या डोक्यात 1 युक्ती आली.
audio/chunk_01254.wav|त्या काय म्हणाल्या, अरे हा इतका घमंड करतो.
audio/chunk_01255.wav|याची घमंड ठिकाणावर जर नाही आणली
audio/chunk_01256.wav|हळू हळू तो सगळे जंगल काबीज करेल. सगळ्या प्राण्यांचे, पक्षांचे हाल होतील, सगळे हैराण होतील. काही तर आपण युक्ती केलीच पाहिजे. त्यांना 1 युक्ती सुचली आणि ते त्या जंगलचे राजे Sher Singh यांच्याकडे गेल्या. तिथे Bablu Hatti Dada, Ramo Aswal Mama.
audio/chunk_01257.wav|ज्ञानी कासव दादा यांना तिने बोलवून घेतले.
audio/chunk_01258.wav|आणि Shersingh Maharaj-ना सांगितले, महाराज आपल्या जंगलात असलेला तो वाघ्या चित्ता खूप घमंडी आहे, त्याला आपल्या ताकतीचा खूप गर्व आहे.
audio/chunk_01259.wav|मग हिची त्याची ही ताकतीचा गर्व आपण ठिकाण्यावर आणला पाहिजे. त्यासाठी मी युक्ती केली आहे, मला तुमची सगळ्यांची साथ पाहिजे.
audio/chunk_01260.wav|तेव्हा Shersingh राजे म्हणाले,
audio/chunk_01261.wav|अगं चला की ताई, तुझी बुद्धीची हुशारी आम्हाला माहिती आहे, आमची सगळ्यांची तुला साथ आहे, फक्त हिंसा करू नको, ठीक आहे महाराज, मी नाही हिंसा करणार.
audio/chunk_01263.wav|तेव्हा तिथे तो वाहत्या चित्ता आला, पाणी प्यायला.
audio/chunk_01264.wav|मग चला की लांडगीण ताई काय म्हणाल्या?
audio/chunk_01265.wav|तुम्ही खूप ताकतवान आहात.
audio/chunk_01266.wav|आम्हाला माहिती आहे, आम्हालाही तुमच्या ताकतीचा अभिमान आहे.
audio/chunk_01267.wav|पण मी तुमच्याबरोबर शर्यत लावते.
audio/chunk_01268.wav|तू आणि माझ्याबरोबर शर्यत चला की लांडगीण ताई म्हणाल्या हो.
audio/chunk_01269.wav|अहो, Chittoba बुद्धीची शर्यत लावणार आहे मी.
audio/chunk_01270.wav|बरं ठीक आहे सांग काय करायचं?
audio/chunk_01271.wav|चित्तोबा, आपल्या जंगलात 1 फळांचं झाड आहे.
audio/chunk_01274.wav|आणि मी जर शर्यत जिंकले तर तुम्ही जंगल सोडून जायचं. ठीक आहे. अगं चला की त्यात काय अवघड आहे? आता मी फळ करतो. असे म्हणत ताकतीच्या जोरावर
audio/chunk_01275.wav|भाग्या चित्तोबा पळत पळत त्या झाडाकडे गेले.
audio/chunk_01276.wav|आणि ते झाडावर चढायचे पडायचे चढायचे पडायचे.
audio/chunk_01278.wav|बराच वेळा ते झाडावर चढले खाली पडले.
audio/chunk_01279.wav|मग ते शर्यत हरले.
audio/chunk_01281.wav|मग चला की लांडगीन ताई आल्या आणि त्या हत्ती दादांच्या पाठीवर बसल्या आणि नटकट माकड दादांच्या मदतीने एका काठीने ते फळ खाली पाडले. फळ खाली पडल्यावर सगळे प्राणी पक्षी जमलेले खुश झाले. त्यांनी चला की लांडगीन ताईचा जयजयकार केला. शेरसिंग राजेही खुश झाले.
audio/chunk_01283.wav|ताकतीपेक्षा आपल्या बुद्धीचा उपयोग करून शर्यत जिंकलीस.
audio/chunk_01284.wav|मग चला की लांडकीन ताई म्हणाली, बरोबर आहे.
audio/chunk_01285.wav|ताकद जास्त असणे ही चांगली गोष्ट आहे हो म्हणजे अति ताकदवान असणे ही गोष्ट चांगलीच आहे.
audio/chunk_01286.wav|पण त्यापेक्षाही श्रेष्ठ बुद्धीची हुशारी आहे.
audio/chunk_01287.wav|की हुशारी करून मी शर्यत जिंकली.
audio/chunk_01288.wav|शेरसिंग राजे आले आणि म्हणाले, हे पहा चित्तोबा!
audio/chunk_01289.wav|आता दिलेल्या वचनाप्रमाणे तुम्ही जंगल सोडून निघून जावा.
audio/chunk_01290.wav|तो दुष्ट भाग्या चित्ता मान खाली घालून जंगल सोडून निघून गेला.
audio/chunk_01291.wav|त्याबरोबर सगळे प्राणी पक्षी खुश झाले. Shersingh Maharaj-नी आणि सगळ्या प्राण्या पक्षांनी चलाकी लांडगीण ताईची खूप स्तुती केली, कौतुक केले, तिचा जय जयकार केला.
audio/chunk_01292.wav|मग Shersingh महाराज काय म्हणाले, अगं चला की ताई तुझं सगळं बरोबर आहे.
audio/chunk_01293.wav|कसा आहे ताकद ही पाहिजे पण त्यापेक्षा
audio/chunk_01294.wav|बुद्धीची, हुशारीची आणि चालाकीची जोडही त्या ताकतीला पाहिजे. असे म्हणून आनंदाने सगळे प्राणी आपल्या घरी गेले.
audio/chunk_01296.wav|नावाचे 1 सुंदर असे जंगल होते.
audio/chunk_01297.wav|या जंगलात Bolu नावाचा 1 हरीण राहत होता.
audio/chunk_01298.wav|खूप बुद्धीने हुशार चालाक होता.
audio/chunk_01299.wav|दिसायलाही खूप सुंदर होता.
audio/chunk_01300.wav|पाणीदार डोळे सुंदर शिंगे उभे कान
audio/chunk_01301.wav|अंगाचा रंग तप्तिरी त्याच्यावर पांढरे ठिपके आणि शरीराने फुगवीत.
audio/chunk_01302.wav|त्यामुळे जंगलातल्या सगळ्या प्राण्यांना, पक्ष्यांना तो आवडायचा.
audio/chunk_01303.wav|अंबोलू सगळ्या प्राण्या पक्षांना मदत ही करायचा.
audio/chunk_01304.wav|त्यामुळे सगळे प्राणी त्याच्यावर खूप प्रेम करायचे.
audio/chunk_01305.wav|कायमचा चाळ चेहरा हसतमुख असायचा.
audio/chunk_01306.wav|आणि भीती हा शब्द त्याला ठाऊक नव्हता, तो कोणालाही घाबरायचा नाही.
audio/chunk_01307.wav|मग अगदी जंगलचे Sher Singh राजे जरी पुढे आले तरी तो घाबरायचा नाही, उलट हसून
audio/chunk_01308.wav|आपल्या चातुर्याने बुद्धीचा त्यांना चकवा द्यायचा.
audio/chunk_01309.wav|एकदा काय झालं, दुपारच्या वेळी जंगलातल्या सरोवरात बोलू पाणी प्यायला गेला.
audio/chunk_01310.wav|पाणी पिऊन तो आपल्या गुहेकडे निघाला.
audio/chunk_01311.wav|तेवढ्यात त्याला मोठी गर्जन ऐकू आली.
audio/chunk_01312.wav|आणि त्याने समोर पाहिले जंगलचे राजे Sher Singh.
audio/chunk_01313.wav|Sher Singh राजे आले पण बोलू घाबरला नाही.
audio/chunk_01314.wav|राजे काय म्हणाले, अरे बोलू!
audio/chunk_01315.wav|आज मी तुझी शिकार करून खाणार आहे, मला खूप भूक लागली आहे आणि मला बऱ्याच दिवसात हरणाचे मांस नाही मिळाले खायला.
audio/chunk_01316.wav|त्यावर बोलू घाबरला नाही.
audio/chunk_01317.wav|उलट चेहऱ्यावर हास्य आणून काय म्हणायला?
audio/chunk_01318.wav|प्राणी कमजोर आहे.
audio/chunk_01319.wav|आणि तुम्ही जर मला खाल्लं
audio/chunk_01320.wav|तर तुमचे पोट नाही भरणार.
audio/chunk_01321.wav|सिंहराजा आश्चर्यचकित झाले.
audio/chunk_01322.wav|अरे हा छोटासा बोलू हरीण आपल्याला घाबरला नाही.
audio/chunk_01323.wav|मग पुढे बोलू काय म्हणाला?
audio/chunk_01324.wav|तुम्ही जर खरंच मला खाणार असला खा, माझी काही हरकत नाही.
audio/chunk_01325.wav|पहिल्यासारखी आणखी एकदा मला गर्जना करून दाखवा.
audio/chunk_01326.wav|तुम्ही जंगलचे खरे सिंह राजा आहात.
audio/chunk_01327.wav|असे म्हटल्यावर, सिंहराजानी गर्जना करायला सुरुवात केली. बोलूने आपले हात दोन्ही कानावर ठेवले. सिंहराजानी मोठे गर्जना केली.
audio/chunk_01328.wav|त्याबरोबर जंगलातले सगळे प्राणी घाबरले, जंगल हादरून गेले, पक्षांचे थवेच्या थवे आकाशाकडे उडू लागले.
audio/chunk_01329.wav|माकडांचा कळप इकडे तिकडे सैरावैरा धाऊ लागला, सगळे जंगल चिडीचोप झाले.
audio/chunk_01330.wav|पण Bholu मात्र घाबरला नव्हता.
audio/chunk_01331.wav|त्याने आपल्या कानावरचे हात काढले.
audio/chunk_01332.wav|आणि काय म्हणाला, अरे महाराज कसलीही गर्जना हो!
audio/chunk_01333.wav|मोठ्यांदा गर्जना करा!
audio/chunk_01334.wav|खूप भुकेवलेला आहात, तुमच्या पोटात
audio/chunk_01335.wav|त्यामुळे तुमची गर्जना कमजोर आहे.
audio/chunk_01336.wav|तुम्ही आणखी एकदा विचार करा बरं.
audio/chunk_01337.wav|आणि त्याने आपल्या कानावर हात ठेवले.
audio/chunk_01338.wav|शेरसिंग राजाने परत मोठी गर्जना केली.
audio/chunk_01339.wav|ती गरज ना इतकी मोठी होती.
audio/chunk_01340.wav|त्या गर्जनामुळे सरोवरातले पाणी थरथरले.
audio/chunk_01341.wav|झाडाची पाने हलू लागली वारा आल्यासारखे.
audio/chunk_01342.wav|परत बोलूने आपल्या कानावरचे हात काढले.
audio/chunk_01343.wav|आणि बोलू काय म्हणाला?
audio/chunk_01344.wav|आता मात्र Sher Singh राजांना राग आला होता, ते रागाने लाल झाले होते.
audio/chunk_01345.wav|पण बोलू काय म्हणाला हे काय महाराज अजिबातच तुमची गर्जना मोठी नाही.
audio/chunk_01346.wav|मी दाखवतो तुम्हाला मोठी गर्जना कशी असते ते.
audio/chunk_01347.wav|असे म्हणून बोलू
audio/chunk_01348.wav|सरोवराच्या काठावर गेला.
audio/chunk_01349.wav|लाकडे तोडणाऱ्या लोकांनी 1 मातीचं भांडं टाकलेलं होतं.
audio/chunk_01350.wav|बोलूने त्या मातीच्या भांड्यात आपले तोंड घातले.
audio/chunk_01351.wav|असं बोलल्याबरोबर बोलूचा आवाज त्या मडक्यात घुमला आणि त्या मडक्यातून परत प्रतिध्वनी सगळ्या जंगात जंगलात घुमला.
audio/chunk_01352.wav|जंगल सगळा हादरून गेलं.
audio/chunk_01353.wav|केवढी मोठी ही बोलूची गर्जना!
audio/chunk_01354.wav|बोलू म्हणजे साधा सुद्धा हरीण नाही.
audio/chunk_01355.wav|मग थोड्या वेळाने Bolu त्यांच्याजवळ आला.
audio/chunk_01356.wav|किती मोठी तुझी गर्जना!
audio/chunk_01357.wav|महाराज ती गर्जना नाही, त्या गर्जनेत ताकद आहे.
audio/chunk_01358.wav|आणि ती ताकद अशी आहे.
audio/chunk_01359.wav|ही मोठी गर्जना केली की शत्रू देखील घाबरला पाहिजे.
audio/chunk_01360.wav|Shersingh महाराज घाबरून गारच झाले होते.
audio/chunk_01361.wav|ते काय मनात म्हणाले, अरे आता या बोलू बरोबर शर्यत करणे योग्य नाही, त्याला हरवणे शक्य नाही.
audio/chunk_01362.wav|तरीही बोलून काही फरक पडला नाही. तो हसत मुखाने Shersingh राजा पुढे आला आणि म्हणाला,
audio/chunk_01363.wav|मला तुम्ही खाणार असला तर खाऊन टाका माझी काही हरकत नाही.
audio/chunk_01364.wav|पण 1 आपण दोघांची शर्यत लावायची, पळण्याची.
audio/chunk_01365.wav|तुम्ही जिंकला शर्यत तर मला खाऊन टाका.
audio/chunk_01366.wav|ठीक आहे, Shersingh Raje म्हणाले.
audio/chunk_01367.wav|मग त्यांनी सगळ्या जंगलातल्या प्राण्या पक्षांना बोलवलं.
audio/chunk_01368.wav|आणि शर्यतीला सुरुवात केली.
audio/chunk_01369.wav|1 2 3 बबलू हत्ती दादा चित्कारले
audio/chunk_01370.wav|त्याबरोबर शर्यत सुरू झाली.
audio/chunk_01371.wav|बोलू चपळाईने पळत होता.
audio/chunk_01372.wav|Shersingh राजेही त्याच्या पाठोपाठ पळत होते.
audio/chunk_01373.wav|पण बोलून एकटी काय केली?
audio/chunk_01374.wav|काटेरी झाडे जिथे होती त्या बाजूने निघाला. समोर 1 काटेरी पांजर पडली होती.
audio/chunk_01375.wav|ती पांजर बोलूनी चपळाईने उडी घेऊन पार केली.
audio/chunk_01376.wav|पण Sher Singh राजांना ती पांझर ओलांडता येईना.
audio/chunk_01377.wav|त्यांच्या अंगात काटे घुसले.
audio/chunk_01378.wav|पण तेवढ्यात बोलू तिथे जवळ आला.
audio/chunk_01379.wav|महाराज कशी काय वाटली शर्यत असे म्हणाला आणि त्याने Sher Singh-च्या अंगातले काटे काढले.
audio/chunk_01380.wav|रक्तावर जडीबुटी लावली.
audio/chunk_01381.wav|मग Sher Singh महाराज म्हणाले, बोलू तू शर्यत लावून मला फसवलेस.
audio/chunk_01382.wav|नाही महाराज, मी तुम्हाला फसवलेले नाही.
audio/chunk_01383.wav|अजून खाणार असला तर मला खा तुम्ही!
audio/chunk_01384.wav|Sethsingh Maharaj म्हणाले
audio/chunk_01386.wav|तुझ्याशी शर्यत जिंकणे खूप अवघड आहे.
audio/chunk_01387.wav|तू खूप चालाक आणि हुशार आहेस.
audio/chunk_01388.wav|पण 1 सांगतो, आजपासून मी तुला आणि जंगलातल्या कोणत्याही प्राण्यांना खाणार नाही.
audio/chunk_01389.wav|असे म्हणून मान खाली घालून उदास चेहरा करून Sher Singh राजे आपल्या गुहेत निघून गेले.
audio/chunk_01390.wav|मग हे सगळं पाहिल्यावर सगळे जंगलातले प्राणी पक्षी खुश झाले, त्यांनी आनंदाने उड्या मारल्या.
audio/chunk_01391.wav|सगळ्यांनी बोलूच कौतुक केलं.
audio/chunk_01392.wav|आणि मग जंगलात कोणी नवीन प्राणी पक्षी आला.
audio/chunk_01393.wav|की सगळे प्राणी आनंदाने त्याला सांगायचे.
audio/chunk_01394.wav|अरे आमच्या जंगलातला भातूर
audio/chunk_01395.wav|खूप चालाक आणि हुशार आहे. अरे त्यांनी जंगलचे राजे Sher Singh यांना सुद्धा हरवलं इतका तो चालाक आहे.
audio/chunk_01396.wav|असे कौतुकाने सगळे प्राणी सांगायचे.
audio/chunk_01397.wav|म्हणून म्हणतात कसे आहे
audio/chunk_01398.wav|ताकद ही सर्वश्रेष्ठ आहेच.
audio/chunk_01399.wav|पण त्याच्या जोडीला बुद्धीची
audio/chunk_01400.wav|आणि चाणाक्षपणाची हुशारी पाहिजे.
audio/chunk_01402.wav|Nandanvan एक अतिशय सुंदर असे जंगल होते.
audio/chunk_01403.wav|या जंगलामध्ये अनेक विविध प्रकारचे प्राणी, रंगीबेरंगी पक्षी अगदी आनंदाने आणि एकजुटीने राहत होते.
audio/chunk_01404.wav|सुंदर निळ्या पंखाच्या गहिऱ्या डोळ्याच्या भुभुबीत
audio/chunk_01405.wav|अशा स्मृतीशी मुताई राहत होत्या.
audio/chunk_01406.wav|ज्या खूप आनंदी असायच्या कायम.
audio/chunk_01408.wav|आणि नावाप्रमाणे
audio/chunk_01410.wav|सुंदर गोड गळ्याने गाणे गायच्या. त्यांचे गाणे ऐकून सगळे पक्षी खुश व्हायचे.
audio/chunk_01411.wav|त्यांची 1 मैत्रीण होती, लाडूची मुताई.
audio/chunk_01412.wav|दोघी एकमेकींच्या खूप घट्ट मैत्रिणी होत्या. दोघी जंगलात अन्नांना एकत्र जायच्या, सरोवरात पाणी पिले एकत्र जायच्या, आकाशात विहार करायला एकत्र जायच्या, अशा या जिवलग मैत्रिणी होत्या.
audio/chunk_01413.wav|एकदा दोघी जंगलात अन्न नाही निघाल्या.
audio/chunk_01414.wav|वाटेत एका झाडावर जंगलातल्या मायाघारताई दुःखी आणि उदास चेहरेने बसलेल्या दिसल्या.
audio/chunk_01415.wav|तेव्हा Mithu काय म्हणाली, अगं Ladu Tai, बघ ना आपल्या जंगलातल्या मायाघार मावशी कशा दुःखी आणि उदास चेहरा करून बसल्यास. आहेत, काय झालं असेल ग त्यांना?
audio/chunk_01416.wav|Maya घार पक्षी आहे ना? ती शिकारी पक्षी आहे Maya घार मावशी. त्यामुळे तिच्या वाटेला नाही जायचं आपण.
audio/chunk_01417.wav|ते पक्षी खूप दुष्ट असतात.
audio/chunk_01418.wav|ते आपल्यासारख्या छोट्या छोट्या पक्षांना खाऊन टाकतात.
audio/chunk_01419.wav|त्यामुळे आपण दुसऱ्या रस्त्याने जाऊ, नको इकडून जायला.
audio/chunk_01420.wav|असं काय ग करतेस लाडू ताई?
audio/chunk_01421.wav|हे बघ मी सांगते ते ऐक.
audio/chunk_01422.wav|मीठू गपवानी
audio/chunk_01423.wav|लाडूच्या पाठीमागून गेली दोघी.
audio/chunk_01424.wav|जंगलात गेल्या, अन्न घेऊन आल्या आणि आपापल्या घरी गेल्या, पण बराच वेळ झाला तरी Mithu-च्या डोक्यातून Maya Ghar मावशीचा विषय काही जाईना.
audio/chunk_01425.wav|ती काळजीने तिचे काळीज गलबलायला लागले. अरे काय झाले असेल Maya मावशीला? का दुःखी असेल? का तिचा चेहरा उदास असेल?
audio/chunk_01426.wav|असे वाटून तिला Mithu-ला खूप दुःख झाले.
audio/chunk_01427.wav|मग दुसऱ्या दिवशी काय झालं? काही कामानिमित्ताने Ladu-ची Mutai दुसऱ्या जंगलात गेल्या. मग Mithu-ला एकटीला जंगलात अन्न आणावे लागले. Mithu पटकन जंगलात गेली, अन्न घेऊन आली, आपल्या घरट्यात ठेवले. आता मग काय म्हटली? आता आपण माया घर मावशीकडे जायचे.
audio/chunk_01428.wav|आणि ती दुःखी उदास का आहे याची चौकशी करायची.
audio/chunk_01429.wav|मग न घाबरता Vithu Chimutai उडत उडत माया घार मावशी जवळ गेली.
audio/chunk_01430.wav|घरट्याच्या बाहेर 1 फांदीवर मायागार मावशी बसली होती. मिठू काय म्हणाली? नमस्कार माया मावशी!
audio/chunk_01431.wav|अगं कोण ग तू तू मला घाबरली नाहीस का?
audio/chunk_01432.wav|तेव्हा Mithu म्हणाली, अगं माया मावशी, मी जंगलातली Mithu-ची मुताई आहे.
audio/chunk_01433.wav|आणि घाबरायचं कशाला ग? तुझा चेहरा उदास दुःखी दिसला मला काल, मी जंगलात अन्न आणायला निघाले होते. मला चैन पडेना, म्हणून आज तुझी चौकशी कराय आले आहे. असं होय, सांग ना तू दुःखी का आहेस?
audio/chunk_01434.wav|तू उदास का आहेस? सांग ना ग माया मावशी मला.
audio/chunk_01435.wav|मग Maya Gharatai काय म्हणाली?
audio/chunk_01436.wav|हे बघ बाळा मी तुझी मुताई, अगं सगळे पक्षी मला घाबरतात, आमच्या जमातीला मला घाबरतात.
audio/chunk_01437.wav|आमच्याजवळ कोणी येत नाही.
audio/chunk_01439.wav|मी कोणाला काहीही करणार नाही.
audio/chunk_01440.wav|मला एखादी मैत्रीण पाहिजे ग मिठू.
audio/chunk_01441.wav|मी तू चिमू ताई म्हणाली, अगं माया मावशी एवढेच ना, मी होईन तुझी मैत्रीण, चालेल तुला? हो, नक्की मला आवडेल तू माझी मैत्रीण झालेली.
audio/chunk_01442.wav|मग त्या वेळेपासून Mithu आणि Maya Ghar मावशी एकमेकीच्या घट्ट मैत्रिणी झाल्या. मग आनंदाने Mithu घरी आली. मग दुसऱ्या दिवशी Ladu Chimutai दुसऱ्या जंगलात गेलेल्या परत आली.
audio/chunk_01443.wav|आणि Mithu-ने सांगितले.
audio/chunk_01444.wav|माया घार मावजी मावशी माझी मैत्रीण झाली आहे.
audio/chunk_01445.wav|अगं काय सांगतेस Mithu?
audio/chunk_01446.wav|हे बरोबर नाही हो, मायाघार मावशीची मैत्री तोडून टाक.
audio/chunk_01447.wav|दुष्ट आहे, ती गोड गोड बोलून तुला खाऊन टाकेल. मला हे आवडणार नाही, काही कर. पण माया घार मावशीची मैत्री सोडून दे.
audio/chunk_01448.wav|विठू मग काय म्हणाली? असं काय ग करतेस? लाडू ताई तू. अगं, माया घार मावशी खूप चांगली आहे. तू असे नको काही बोलूस.
audio/chunk_01449.wav|तू मायाघार मावशीशी असलेली मैत्री तोडून टाक.
audio/chunk_01450.wav|असे लाडू चिंगुताई मिठूला म्हणाली.
audio/chunk_01451.wav|आणि थोड्याच दिवसात काय झालं? जंगलात अचानक वारा सुटला, सोसाट्याचा वारा.
audio/chunk_01452.wav|त्या वाऱ्याने जंगलातली झाडे उन्मळून पडायला लागली, पक्षांची घरटे खाली पडली, काही पक्षी जखमी झाले आणि
audio/chunk_01453.wav|Mithu Chimutai-चे ही वाऱ्याने घरटे खाली पडले. Mithu Chimutai खाली पडली, तिच्या पंखांना जखम झाली. ती खूप घाबरली आणि Mithu Chimutai खाली पडल्यावर जंगलातली 1 दुष्ट रानमांजर आली Birla नावाची आणि ती Mithu-ला
audio/chunk_01454.wav|खायला यायला लागली ते पाहिल्यावर मिठू खूप घाबरली वाचवा वाचवा कोणी आहे का मला वाचवा अशी ओरडायला लागली सगळे पक्षी आपापली घरट्यात वाऱ्या वावटळात दंग होते लाडू चिमुताई होत्या पण त्या पण वावटळात सापडल्या होत्या त्यांनाही येणं असं
audio/chunk_01455.wav|शक्य होतं. म्हणून हे सगळं पाहिलं कुणी? मायागार मावशीने.
audio/chunk_01456.wav|मिठूला पाहिल्यावर पटकन माया घार मावशी वेगात पळत आल्या.
audio/chunk_01457.wav|आणि त्यांनी काय केलं आपल्या पंखाने
audio/chunk_01458.wav|Birla मांजरीला झपाटा दिला, त्याबरोबर ती दुष्ट Birla मांजर पळून निघून गेली आणि मग Mithu-ला उचलले पंखाने आणि आपल्या घरट्यात नेऊन ठेवले आणि जंगलातली जडीबुटी आणली, Mithu-ला लावली, फळे खायला दिले, सरोवरातले पाणी
audio/chunk_01459.wav|पाणी आणून पाजले तोपर्यंत वादळ शांत झालं होतं.
audio/chunk_01460.wav|मग लाडूची मुताई तिथे आली होती, सगळे पक्षी आले होते. त्यांनी सगळ्यांनी हे पाहिलं, अरे माया घर ताई आणि मिठूची एवढी सेवा करते आहे.
audio/chunk_01461.wav|मग Mithu-ला आपल्या घरट्यात शांतपणे झोपून Maya Gartai Mithu-च्या घरट्याजवळ आली. तिने Mithu-चे पडलेले घरटे उचलले आणि सगळे घरटे दुरुस्त केले आणि परत Mithu-ला चोचीत धरून आणून अलगत घरट्यात झोपवले. हे सगळे
audio/chunk_01462.wav|पाहिल्यावर सगळ्या पक्षांना प्रश्न पडला, अरे Maya Gharatai शिकारी पक्षी आहे, हा पक्षी दुष्ट आहे, तो छोट्या पक्षांना खातो, पण Maya Gharatai तशा नाहीत.
audio/chunk_01463.wav|सगळे पक्षी आश्चर्याने ठप्प झाले. मग लाडू चिमूताई तिथे आल्या आणि म्हणाल्या, माया घार मावशी मला माफ करा.
audio/chunk_01464.wav|मी तुमच्याबद्दल चुकीची समजूत करून घेतली होती, पण तुम्ही तशा नाहीत.
audio/chunk_01465.wav|तुम्ही खूप स्वभावाने दयाळू मायाळू आहात हे आम्ही सगळ्यांनी पाहिले आहे.
audio/chunk_01466.wav|त्यामुळे आम्ही सगळे आता तुमचे
audio/chunk_01467.wav|मित्र मैत्रिणी झालो आहोत.
audio/chunk_01468.wav|हे ऐकल्यावर Maya Ghar Tai-ला खूप आनंद झाली. तिने प्रेमाने सगळ्या पक्षांना जवळ घेतले आणि सगळ्या पक्षांना जंगलातल्या आनंद झाला. थोड्याच दिवसात Mithu Chimutai छान पैकी बरी झाली. मग Mithu...
audio/chunk_01469.wav|लाडू, मायाघार मावशी आणि इतर पक्षी सगळे एकमेकांचे घट्ट जिवलग मित्र झाले आणि आनंदाने राहू लागले.
audio/chunk_01470.wav|म्हणून कोणाच्या स्वभावावरून दिसण्यावरून त्याची परीक्षा कधी करू नये.
audio/chunk_01472.wav|पण अतिशय घनदाट आणि विशाल जंगल होते.
audio/chunk_01473.wav|सर्व काही संपन्न जंगल होते.
audio/chunk_01474.wav|अनेक विविध प्रकारचे पक्षी रंगीबेरंगी
audio/chunk_01475.wav|विविध प्रकारचे प्राणी
audio/chunk_01476.wav|सगळे कसे आनंदाने राहत होते.
audio/chunk_01477.wav|जंगलचे राजे होते Shersingh Maharaj.
audio/chunk_01478.wav|हे ही खूप दयाळू आणि प्रेमळ होते.
audio/chunk_01479.wav|प्रजेवर त्यांचे खूप प्रेम होते, त्यामुळे जंगलात सगळीकडे आनंदी आनंद होता.
audio/chunk_01480.wav|या जंगलाच्या मध्यभागी
audio/chunk_01481.wav|एक जुने पुराणे विशाल असे
audio/chunk_01482.wav|हे झाड इतके मोठे होते.
audio/chunk_01483.wav|की या झाडाच्या मुळ्या सगळ्या जंगलबर पसरल्या होत्या.
audio/chunk_01484.wav|आणि या झाडांच्या फांद्यावर
audio/chunk_01485.wav|अनेक हजारो पक्षांनी आपली घरटी बांधलेली होती.
audio/chunk_01486.wav|आणि सगळे कसे आनंदात एकजुटीने राहत होते.
audio/chunk_01487.wav|झाडाच्या मुळापासून जरा वरच्या बाजूला 1 सुंदर डोली होती आणि या डोलीत चुनचुन खारुताई आपल्या छोट्या
audio/chunk_01488.wav|Chanchala Kharus Tai-सह राहत होत्या.
audio/chunk_01489.wav|Chunchun Kharutai खूप हुशार होत्या.
audio/chunk_01490.wav|त्यांनी Chanchala-ला खूप छान शिक्षण दिले होते.
audio/chunk_01491.wav|कसे वागावे, अन्न कसे शोधावे?
audio/chunk_01492.wav|शिकाऱ्यापासून, संकटापासून आपले रक्षण कसे करावे?
audio/chunk_01493.wav|हे सगळे शिकवान त्यांनी Chanchala-ला दिली होती.
audio/chunk_01494.wav|चंचला आधीच मुळातच हुशार होती.
audio/chunk_01495.wav|दिसायलाही खूप सुंदर होती, गुबगुबीत झुपकेदार शेपटी, गैरे डोळे.
audio/chunk_01496.wav|आणि बालिशपणा तिच्या अंगात मुरलेला होता.
audio/chunk_01497.wav|याबरोबर ती खूप समजूतदारही होती.
audio/chunk_01498.wav|मग चुनचुन खारुताई काय म्हणायच्या? अगं चंचला जंगलात लांबपर्यंत जाऊ नको. तुला अजून जंगलातले रस्ते माहीत नाहीत.
audio/chunk_01499.wav|मग चंचला काय म्हणायची?
audio/chunk_01500.wav|काय ग आई, मला जंगलातले सगळे रस्ते माहिती आहे.
audio/chunk_01501.wav|मी कुठे हरवणार नाही.
audio/chunk_01502.wav|त्यामुळे तू काळजी करू नको.
audio/chunk_01503.wav|मग चुनचुन खारुताई म्हणायच्या, अगं चंचला, तू हरवलीस तर मी शोधणार कुठे तुला? नाही ग आई, तू नको माझी काळजी करू.
audio/chunk_01504.wav|फुल फुलावर उडणाऱ्या फुलपाखराबरोबर सारखी खेळत बसायची, तिला फुले आवडायची, फुलपाखरे, जंगलातली फळे, झाडे सगळं काही आवडायचं.
audio/chunk_01505.wav|जंगलात फिरायला तर खूप मज्जा यायची.
audio/chunk_01506.wav|एकदा अशी सकाळ सकाळी चंचला
audio/chunk_01507.wav|झाडाखाली खेळत बसली होती.
audio/chunk_01508.wav|आणि तिच्या मनात काय आलं? अरे, सगळी जण म्हणतात.
audio/chunk_01509.wav|आपल्या जंगलातल्या शेवटच्या टोकाला 1 मोठा डोंगर आहे.
audio/chunk_01510.wav|आणि त्या डोंगराच्या पायथ्याला 1 मोठी गुहा आहे.
audio/chunk_01511.wav|पण त्या गुहेत कोणतेही प्राणी पक्षी
audio/chunk_01512.wav|अजून गेलेले नाहीत, अनुजात नाहीत.
audio/chunk_01513.wav|एवढेच काय माझी आई सुद्धा गेलेली नाही.
audio/chunk_01514.wav|मला वाटते मी चाव त्या भुयेत.
audio/chunk_01516.wav|असा विचार तिच्या डोक्यात आला.
audio/chunk_01517.wav|लगेच तिने ठरवलं जायचं आपण त्या आज गुहेकडे.
audio/chunk_01518.wav|जंगलात गुहेकडे निघाली.
audio/chunk_01519.wav|की या झाडावरून त्या झाडावर उड्या मारत मारत कधी खाली जमिनीवरून गवतावरून उड्या मारत
audio/chunk_01520.wav|पळत पळत कधी दगडावर बसत
audio/chunk_01521.wav|दुपार झाल्यावर तिला खूप भूक लागली.
audio/chunk_01522.wav|भूक लागल्यावर तिने समोर पाहिले, 1 छान पैकी बोराचे झाड दिसले तिला.
audio/chunk_01523.wav|मग त्या झाडावर गेली.
audio/chunk_01524.wav|आणि पोटभर पिकलेली बोरे खाल्ली.
audio/chunk_01525.wav|आणि जवळच 1 ओघळ वाहत होती पाण्याची.
audio/chunk_01526.wav|पण ती जरा पुढे गेली.
audio/chunk_01527.wav|तेवढ्यात तिला कोणीतरी रटल्याचा, विवळण्याचा
audio/chunk_01528.wav|आवाज ऐकू आला कणल्याचा.
audio/chunk_01529.wav|हळू हळू पाऊले टाकीत ती पुढे गेली.
audio/chunk_01530.wav|आणि हळूच तिने डोकावून पाहिलं.
audio/chunk_01531.wav|अरे जंगलचे राजे Sher Singh महाराज!
audio/chunk_01532.wav|रडत होते, विवळत होते, कणत होते.
audio/chunk_01533.wav|हिरव्यागार झाडांनी भरलेलं सुंदर असं 1 जंगल होतं.
audio/chunk_01534.wav|खूप निसर्गरम जंगल होते.
audio/chunk_01535.wav|विविध प्रकारचे भरपूर प्राणी पक्षी होते. जंगलचे राजे Sher Singh.
audio/chunk_01536.wav|जंगलात सगळे काही आनंदाने चालले होते. सगळे प्राणी पक्षी एकत्र राहत होते.
audio/chunk_01537.wav|आणि एकमेकांना
audio/chunk_01538.wav|कधी एकमेकाबरोबर भांडायचे नाही, सगळे काही गुण्या गोविंदाने चढले होते.
audio/chunk_01539.wav|पण या जंगलात
audio/chunk_01540.wav|एक अतिशय धूर्त
audio/chunk_01541.wav|हुशार आणि चतुर
audio/chunk_01542.wav|लांडगीन ताई होत्या, त्यांचं नाव होतं Lali.
audio/chunk_01543.wav|गोड गोड बोलून प्राण्यांना फसवायचं.
audio/chunk_01544.wav|खोटं नाटं सांगायचं.
audio/chunk_01545.wav|त्यांचे अन्न पळवायचे, सगळ्या प्राण्यांना, पक्षांना त्रास द्यायचा आणि त्यात त्यांना मजा यायची. त्यांचा स्वभावच तसा होता तो. एकदा काय झालं, जंगलातले पिठू ससे भाऊ.
audio/chunk_01547.wav|आणि त्यांना भूकही खूप लागली होती. ते घुयेत आपल्या आले.
audio/chunk_01548.wav|आणि गाजरे खायला त्यांनी सुरुवात केली हे Lali-ने पाहिले.
audio/chunk_01549.wav|आणि पटकन Lali तिथे गेली आणि काय म्हणाली, अरे Gutu पळ लवकर पळ. Gutu घाबरला, अगं काय झालं Lali ताई काय झालं? अरे बघ तुझ्या गुहेच्या पाठीमागे आपले जंगलचे राजे Shersing आलेत, पळ लवकर.
audio/chunk_01550.wav|हे ऐकल्यावर ससेभाऊ इकडे तिकडे न बघता गाजरे टाकून धूम ठोकून पळत सुटले.
audio/chunk_01551.wav|ससेपाव केल्यावर लालीने सगळी गाजरे फस्त केली.
audio/chunk_01552.wav|परत एके दिवशी Lali-ने काय केले?
audio/chunk_01553.wav|मिठ्ठू आणि साळूची म्हणताई जंगलातनं अन्न घेऊन आल्या होत्या गव्हाच्या, भाताच्या, बाजरीच्या लोंब्या.
audio/chunk_01554.wav|आणि त्यांनी घरट्यात ठेवल्या आणि त्या आता खाणार. तेवढ्यात
audio/chunk_01555.wav|अगं साळू मिठू पळा लवकर वरती पहा
audio/chunk_01556.wav|शिकारी पक्षी आला आहे, माया घारताई आली आहे.
audio/chunk_01557.wav|तुम्हाला पकडून खाऊन टाकेल अगं पळा लवकर!
audio/chunk_01558.wav|मग Mithu आणि Salu तिथेच लोंब्या टाकून
audio/chunk_01559.wav|त्या गेल्यावर त्यांच्या घरट्यात जाऊन लालीने सगळ्या लोंब्या खाऊन टाकल्या.
audio/chunk_01560.wav|एकदा तर जंगलातले
audio/chunk_01561.wav|अन्न आणलं होतं, घरट्यात ठेवलं होतं, मिरच्या, पेरू आणि इतर धान्ये.
audio/chunk_01562.wav|ते घरट्यात गेले, आता खावं म्हटले, म्हणून ते खाणार, तेवढ्यात तिथे लाडी गेली.
audio/chunk_01563.wav|आणि लाडी काय म्हणाली, अरे Mithu दादा, लवकर उठ तिथून, तुझ्या घरट्यातून उठ.
audio/chunk_01564.wav|अगं Lali काय झालं? अरे बघ तू बसलेले झाड हलायला लागलंय. झाड पडेल उठ लवकर.
audio/chunk_01565.wav|मिठू पोपट दादा तिथे सगळे टाकून पळत सुटले.
audio/chunk_01566.wav|मग Mithu पोपट दादा गेल्यावर लाली वरती चढली झाडावर सगळ्या मिरच्या, पेरू आणि इतर धान्ये खाऊन टाकली.
audio/chunk_01567.wav|असा लालीचा स्वभाव होता.
audio/chunk_01568.wav|ती सगळ्या प्राण्यांना, पक्षांना फसवायची आणि त्यांचं अन्न खायची. याबद्दल तिला काहीही वाटायचं नाही.
audio/chunk_01569.wav|मग सगळे प्राणी पक्षी गप्प बसायचे, रोज लालीला काय बोलणार, लालीचा स्वभाव काही जात नव्हता.
audio/chunk_01570.wav|मग जंगलातले छोटू हत्ती दादा एकदा लालीला काय म्हणाले?
audio/chunk_01571.wav|Lali तुझं हे वागणं थांबव.
audio/chunk_01572.wav|नाहीतर तू जे वाईट कर्म करतेस ना, त्याचं 1 दिवशी तुला वाईट फळ मिळेल.
audio/chunk_01573.wav|मग लाली काय म्हणाली? नाही, छोटू हत्ती दादा!
audio/chunk_01574.wav|अहो मला कोणीही काही करणार नाही.
audio/chunk_01575.wav|कारण मी खूप हुशार, चतुर आणि चालाक आहे.
audio/chunk_01576.wav|त्यामुळे माझं कोणी वाकडं करू शकत नाही.
audio/chunk_01577.wav|एके दिवशी जंगलात खूप पाऊस पडला.
audio/chunk_01578.wav|इतका मोठा पाऊस पडला, प्राणी पक्षी कोणीही जंगलात फिरकत नव्हते. सगळे प्राणी पक्षी आपापल्या घरात बसून होते.
audio/chunk_01579.wav|मग लाडीने पाहिले, अरे!
audio/chunk_01580.wav|आज सगळे प्राणी पक्षी आपापल्या घरात
audio/chunk_01581.wav|आता ही संधी छान आहे. कोणाच्या तरी घरी जाऊन गरम गरम अन्न खावं असं लालीने ठरवले.
audio/chunk_01582.wav|आणि तिने काय युक्ती केली? अरे!
audio/chunk_01583.wav|Chanchala Kharutai-ंच्या घरात जाऊन
audio/chunk_01584.wav|त्यांचं शिजलेलं अन्न खावं.
audio/chunk_01585.wav|असा बेत करून Lali चंचला खारुताईंच्या घरात गेली.
audio/chunk_01586.wav|पाऊस पडल्यामुळे पावसाचे सगळे पाणी चंचला खारुताईच्या घरात आले होते ढोलीत, त्यामुळे ढोलीत घसरटं झालं होतं.
audio/chunk_01587.wav|आणि Lali वेगात निघाली.
audio/chunk_01588.wav|आणि तिचा पाय घसरला. पाय घसरला Lali-चा, पाय मोडला आणि ओरडायला लागली Lali, अरे वाचवा, मला कोणीतरी वाचवा, माझा पाय मोडला, वाचवा कोणी आहे का?
audio/chunk_01589.wav|हो सगळे प्राणी पळत आले लालीचा आवाज ऐकून.
audio/chunk_01590.wav|पण कोणीही मदतीला धावले नाही.
audio/chunk_01591.wav|Pittu, अरे मला उठव ना!
audio/chunk_01592.wav|Vithu म्हणाला, Lali मी तुला उठवलं असतं ग.
audio/chunk_01593.wav|पण तू मला आज उपाशी ठेवलंस.
audio/chunk_01594.wav|मला खोटं सांगून जंगलात पळवून लावलंस, माझी गाजरे खाल्लीस.
audio/chunk_01595.wav|मी नुकतेच अन्न खायला घेतले तर तू मला फसवलंस झाड पडत आहे म्हणून मी नाही तुला वाचवणार.
audio/chunk_01596.wav|एवढे सगळे प्राणी पक्षी जमले ते पण कोणीही लालीला वाचवाय जात नव्हतं.
audio/chunk_01597.wav|कारण त्याला लालीचा स्वभाव
audio/chunk_01598.wav|मग शेवटी Chhotu Hatti Dada आले.
audio/chunk_01599.wav|ते काय म्हणाले, अरे मित्रांनो, लालीला आपण उठूया, तिचा पाय मोडलाय. सगळे प्राणी पक्षी म्हणाले, छोटू दादा नका उठू तिला.
audio/chunk_01600.wav|अजिबात चांगला नाही, ती सगळ्यांना फसवते, त्रास देते.
audio/chunk_01601.wav|मग Chhotu Hatti Dada म्हणाले, अरे मित्रांनो!
audio/chunk_01602.wav|ती आपल्याला त्रास देते, फसवते, सगळं मान्य आहे मला.
audio/chunk_01603.wav|आपण जर तिला नाही उचललं
audio/chunk_01604.wav|तिला औषधोपचार नाही केला.
audio/chunk_01605.wav|तर तिच्यात आणि आपल्यात फरक काय राहिला?
audio/chunk_01606.wav|छोटू हत्ती दादाने लाडीला सोंडेने उचलून आपल्या पाठीवर घेतले आणि आपल्या घरी नेऊन तिच्यावर औषधोपचार केला.
audio/chunk_01607.wav|आणि आपल्या घरातच ठेवून घेतले, Lali-ची सेवा केली, तिला खायला घातले. मग थोड्या दिवसांनी Lali चांगली झाली, पाय सरळ झाला. मग Lali-ला आपली चूक कळली, Lali काय म्हणाली?
audio/chunk_01608.wav|Chhoto Hatti Dada मला माफ करा.
audio/chunk_01609.wav|तुम्ही सांगितले तरी मी ऐकलं नाही, मी खूप चुकीने वागत होते, सगळ्या प्राण्यांना, पक्षांना फसवत होते.
audio/chunk_01610.wav|पण आता मला माझी चूक कळली आहे, मला माफ करा. मी इथून पुढे अशी नाही वागणार. मग Chhotu Hatti Dada म्हणाले, माझी माफी मागू नको. जंगलातल्या आपल्या सगळ्या प्राण्या पक्षांची माफी माग. मला Lali जंगलात जाऊन सगळ्यांची माफी मागितली.
audio/chunk_01611.wav|म्हणाली, हे पहा मित्रांनो, मी खूप वाईट वागले तुमच्याबरोबर. मला आता पश्चाताप होतोय. मला माफ करा, मी इथून पुढे चांगली वागेन, कोणालाही त्रास देणार नाही, उलट सगळ्यांना मदत करेन.
audio/chunk_01612.wav|लालित झालेला बदल पाहून सगळ्या प्राण्यांना पक्षांना आनंद झाला.
audio/chunk_01613.wav|आणि ते सगळे खुश झाले आणि आपापल्या घरी गेले.
audio/chunk_01614.wav|म्हणून कधीही
audio/chunk_01615.wav|वाईट कर्म करू नये, वाईट कर्माचे फळ हे वाईटच मिळते.
audio/chunk_01616.wav|म्हणून नेहमी चांगले कर्म करावे.
audio/chunk_01618.wav|अतिशय निसर्गाचे वरदान लाभलेले असे सुंदर जंगल होते.
audio/chunk_01619.wav|या जंगलात सगळे प्राणी, पक्षी
audio/chunk_01620.wav|2 मित्र राहत होते, ते एकमेकांचे अतिशय जिवलग मित्र होते.
audio/chunk_01621.wav|Chanchala खारुताई आणि Moti कुत्रा.
audio/chunk_01622.wav|पण दोघांचे स्वभाव मात्र वेगळे होते.
audio/chunk_01623.wav|Chanchala खरुताई दिसायला खूप सुंदर होत्या.
audio/chunk_01624.wav|गुबगुबीत शरीर, झुपकेदार शेपटी
audio/chunk_01625.wav|कष्ट करण्याची वृत्ती.
audio/chunk_01626.wav|त्यांचे एका उंच झाडावर ढोलीत त्यांचे घर होते.
audio/chunk_01627.wav|Chanchala, Kharutai पहाटे लवकर उठायच्या.
audio/chunk_01628.wav|आणि जंगलात जाऊन फळे आणि dryfruit गोळा करून घेऊन यायच्या.
audio/chunk_01629.wav|झाडावर चढायच्या, बदाम काढायच्या, अक्रोड काढायच्या.
audio/chunk_01630.wav|काजू, बेदाणे सगळं आणून घरात चाटून ठेवायच्या.
audio/chunk_01631.wav|खूप मेहनत आणि कष्ट करायच्या.
audio/chunk_01632.wav|त्या कधीही बसलेले दिसायच्या नाही. सतत पाहावे तेव्हा कामात असायच्या. जंगलातले सगळे प्राणी पक्षी म्हणायचे.
audio/chunk_01633.wav|चंचला खारुताई म्हणजे अगदी दुसऱ्या राणी मुंगीताई आहे.
audio/chunk_01634.wav|त्यांच्यासारखेच Chanchala Kharutai सतत कष्ट करतात.
audio/chunk_01635.wav|मग Chanchala Kharutai-ने
audio/chunk_01636.wav|फळे आणि dry fruit भरपूर जमाले होते.
audio/chunk_01637.wav|मग त्यांनी काय केलं? जंगलाच्या एका रिकाम्या भागात 1 दुकान चालू केलं, त्यात फळे,
audio/chunk_01638.wav|ज्या प्राण्यांना जंगलात जाऊन अन्न आणता येत नव्हतं.
audio/chunk_01639.wav|जे वृद्ध झाले होते, असाह्य होते, ते प्राणी चंचलाच्या दुकानात येऊन फळे आणि dryfruit घेऊन जायचे.
audio/chunk_01640.wav|त्यांना ते बरे पडत होते.
audio/chunk_01641.wav|याच्या उलट मोती कुत्रा होता.
audio/chunk_01642.wav|कधीही कामाचं नाव नाही, सदानकदा एका झाडाखाली झोपलेला बसलेला दिसायचा.
audio/chunk_01643.wav|जंगलात जाऊन कधी अन्न देखील स्वतःसाठी घेऊन यायचं नाही.
audio/chunk_01644.wav|त्याचे मित्र होते गुट्टू ससेभाऊ आणि छोटे उंदीर महाभाऊ.
audio/chunk_01645.wav|शेंगा आणि जंगला जे मिळेल ते अन्न आणून
audio/chunk_01646.wav|आणि गुट्टू शशी पाव.
audio/chunk_01647.wav|छान पैकी गाजरे, टोमॅटो.
audio/chunk_01648.wav|Mostly मोतीला आणून द्यायचा.
audio/chunk_01649.wav|मोती तेवढे खाऊन झाडाखाली शांत झोपायचं.
audio/chunk_01650.wav|चंचला फळी आणि dryfruit घेऊन आपल्या दुकानाकडे निघाली होती.
audio/chunk_01651.wav|तेव्हा Moti काय म्हणायला? अगं Chanchala ताई थांब ना अगं जरा काय ग सारखी कामात कशी असतेस? अरे Moti!
audio/chunk_01652.wav|मला आता थांबायला तुझ्याबरोबर बोलायला वेळ नाही.
audio/chunk_01653.wav|जाऊ दे मला पटकन दुकानात. अगं हे काय ग Chanchala Tai सारखी तू कामात असतेस. सतत काम करतेस, रा रा राबतेस आणि काम करत बसलेली दिसतेस. नको ना काम करूस. हे बघ Moti, मला बसलेलं आवडत नाही, मला सतत काम लागतं.
audio/chunk_01654.wav|आणि मला काम हे अतिशय प्रिय आहे.
audio/chunk_01655.wav|अगं Chanchala ताई, मी काय म्हणतो?
audio/chunk_01656.wav|तू सारखी रागू नकोस, काम करू नकोस, जरा विश्रांती घे.
audio/chunk_01657.wav|आणि आपल्या जंगलात सगळं काही आहे.
audio/chunk_01658.wav|आणि सगळं काही फुकट मिळतं, असं असताना तू कशाला रागतेस बरं हेच मला कळत नाही.
audio/chunk_01659.wav|तेव्हा Chanchala Kharutai म्हणाल्या,
audio/chunk_01660.wav|अरे जंगलात आपल्या सगळं काय आहे हेही मलाही माहिती आहे.
audio/chunk_01661.wav|आपण नेहमी उद्याची चिंता केली पाहिजे.
audio/chunk_01662.wav|अरे आज आपल्याजवळ जे आहे
audio/chunk_01663.wav|ते उद्या आहे की नाही काही माहिती नाही रे.
audio/chunk_01664.wav|म्हणून कायम उद्याची चिंता आपण करावी.
audio/chunk_01665.wav|ठीक आहे ठीक आहे जा तुला सांगण्यात काही अर्थच नाही Chanchala ताई.
audio/chunk_01666.wav|आणि हसायला लागला.
audio/chunk_01667.wav|पण Chanchala-ने
audio/chunk_01668.wav|न थांबता ती पुढे गेली दुकानात जाऊन उभा राहिली.
audio/chunk_01669.wav|थोड्या दिवसांनी काय झालं, 4-च दिवसात जंगलात अचानक वारा सुटला.
audio/chunk_01670.wav|आणि वारा इतका चोरात होता, जंगलातली झाडे उन्मळून पडली.
audio/chunk_01671.wav|आणि विजा कडकडून पाऊस पडायला सुरुवात झाली.
audio/chunk_01672.wav|धो धो धो पाऊस जंगलात पडला.
audio/chunk_01673.wav|सगळे प्राणी घाबरले, प्राण्यांची गरे वाहून गेली.
audio/chunk_01674.wav|जंगलातली फळांची झाडे उन्मळून पडली. जंगलाजवळ 1 शेत होतं.
audio/chunk_01675.wav|त्या ते शेतही वाहून गेलं.
audio/chunk_01676.wav|प्राण्यांना, पक्ष्यांना खायला काही नाही.
audio/chunk_01677.wav|सगळे वाहून गेले, घरे, अन्न, धान्य सगळं वाहून गेलं. सगळे प्राणी घाबरले, आता काय करायचं?
audio/chunk_01678.wav|मग Chanchala खारुताईंनी सगळ्या प्राण्यांना बोलवलं. अरे मित्रांनो!
audio/chunk_01679.wav|घाबरू नका, माझ्या दुकानात या. मग पाऊस थांबल्यावर सगळे प्राणी
audio/chunk_01680.wav|चंचलाच्या दुकानात गेले.
audio/chunk_01681.wav|चंचलाने सगळ्या प्राण्यांना फळे, dry fruit खायला दिले, पोटभर खायला दिले.
audio/chunk_01682.wav|आणि झोपायला बसायला आपल्या दुकानात जागाही दिली.
audio/chunk_01683.wav|त्यामुळे जंगलातले सगळे प्राणी पक्षी खुश झाले.
audio/chunk_01684.wav|म्हणून Moti-ला Chanchala ताईकडे पाहण्याचे धाडस होत नव्हते.
audio/chunk_01685.wav|तो निराश झाला होता, नाराज चेहऱ्याने आला.
audio/chunk_01686.wav|वड्यांनी dryfruit खा आणि इथे दुकानात बस.
audio/chunk_01687.wav|Moti म्हणाला, माफ कर Chanchala ताई मला तू.
audio/chunk_01688.wav|अगं मी खूप चुकीचे वागलो, चुकीचे तुला
audio/chunk_01689.wav|योग्य वेळी योग्य काळजी घेऊन योग्य निर्णय घेऊन योग्य तेच केलंस.
audio/chunk_01690.wav|मी मात्र तू पुढे चालली असताना तुझे पाय मागे ओढत होतो, मला माफ कर.
audio/chunk_01691.wav|मग Chanchala Kharutai काय म्हणाली?
audio/chunk_01692.wav|अरे मोती मी काय म्हटले तुला?
audio/chunk_01693.wav|अरे नेहमी आपण उद्याची चिंता करावी.
audio/chunk_01694.wav|उद्या कोणती वेळ माणसावर येईल, प्राण्यावर येईल हे सांगता येत नाही आपल्या.
audio/chunk_01695.wav|आपल्याला 4 वेळा सांगून येत नाहीत.
audio/chunk_01696.wav|अरे ज्यामुळे माणसाने प्राण्याने कोणी सतत कष्ट करावे.
audio/chunk_01697.wav|की कुठलीही वेळ येऊ, कुठलाही प्रसंग येऊ, आपल्याला
audio/chunk_01698.wav|कशाचीही कमतरता येत नाही.
audio/chunk_01699.wav|आपण कशातही कमी पडत नाही.
audio/chunk_01700.wav|की आपल्याला मात्र पश्चाताप करावा लागतो.
audio/chunk_01701.wav|Moti म्हणाला, Chanchala ताई खरे आहे तुझे.
audio/chunk_01702.wav|कामाला लागतो आळ झटकून आणि असे म्हणून खरंच मोठी कुत्रा परत आळ झटकून कामाला लागला.
audio/chunk_01703.wav|मग Chanchala, Kharutai, Moti Kutra आणि जंगलातले सगळे प्राणी
audio/chunk_01704.wav|आनंदाने राहू लागले सगळ्या प्राण्यांनी, पक्षांनी चंचला खारुताईची खूप स्तुती आणि प्रशंसा केली.
audio/chunk_01705.wav|म्हणून माणसाने, प्राण्याने, पक्षाने कोणीही
audio/chunk_01706.wav|नेहमी कामात असावे.
audio/chunk_01707.wav|आपल्याला कमतरता भासत नाही, अडचण येत नाही.
audio/chunk_01709.wav|झारखंडचे जंगल अतिशय घनदाट
audio/chunk_01710.wav|किती सुंदर जंगल होते.
audio/chunk_01711.wav|या जंगलात खूप प्राणी पक्षी अगदी आनंदाने आणि एकत्र राहत होते.
audio/chunk_01712.wav|या जमलात नटकट माकड दादा आणि मिठूची मुल ताई एकमेकांचे अगदी जिवलक दोस्त होते.
audio/chunk_01713.wav|ते जंगलातल्या इतर प्राण्या पक्षांनाही मदत करायचे.
audio/chunk_01714.wav|सगळे जंगल आनंदाने भरून गेले होते एकजुटीने.
audio/chunk_01716.wav|नटकट माकड दादा आपल्या जंगलाच्या बाहेर 1 शेत आहे धान्याचे.
audio/chunk_01717.wav|आणि त्याच्या शेजारीच 1 फळांचे झाड आहे.
audio/chunk_01718.wav|मी काय म्हणते, आपल्या दोघांत आपण शर्यत लावूया.
audio/chunk_01719.wav|त्या धान्याच्या शेतात पोहोचते.
audio/chunk_01720.wav|फळांच्या झाडावर पोहोचतोस हे पाहूया.
audio/chunk_01721.wav|आपआपली फळे किंवा लोंब्या एकमेकांना द्यायच्या.
audio/chunk_01722.wav|आणि जंगलातल्या प्राण्यांनाही फळे लोंब्या वाटायच्या.
audio/chunk_01723.wav|नळकट माकड दादा म्हणाले, ठीक आहे मिठू, चल आपण शर्यत लावूया.
audio/chunk_01724.wav|मग दोघे वेगात पळत गेली.
audio/chunk_01725.wav|पण विठूची मुताई शेरे चिंकल्या.
audio/chunk_01726.wav|मग नटकट माकड दादांनी आपल्या जवळची फळे मिठूला दिली.
audio/chunk_01727.wav|आणि मग मिठू फळे लोंब्या घेऊन त्यांनी
audio/chunk_01728.wav|जंगलात येऊन सगळ्या प्राण्या पक्षांना फळे आणि लोम्या वाटल्या आणि शर्यत जिंकल्याचा आनंद साजरा केला.
audio/chunk_01729.wav|एकदा काय झालं? सगळे प्राणी गप्पा मारत, गोष्टी करत, नाचत, खेळत.
audio/chunk_01730.wav|एक भयंकर गर्जना त्यांना ऐकू आली.
audio/chunk_01731.wav|त्यामुळे सगळे घाबरले!
audio/chunk_01732.wav|1 भयंकर शिब्बा नावाचा
audio/chunk_01733.wav|जंगलात गर्जना करत आला होता.
audio/chunk_01734.wav|त्याला पाहिल्यावर सगळे प्राणी पक्षी घाबरले.
audio/chunk_01735.wav|आणि जंगलात जिथे जागा मिळेल तिथे लपून बसले.
audio/chunk_01736.wav|तो शिब्बा सिंह अतिशय दुष्ट होता.
audio/chunk_01737.wav|तो काय म्हणाला गर्जना करत ओरडू लागला.
audio/chunk_01738.wav|अरे जंगल हे खूप मोठे आहे.
audio/chunk_01739.wav|प्राणी पक्षी भरपूर आहेत.
audio/chunk_01740.wav|आता मला सगळे प्राणी पक्षी दिसले एवढ्यात कुठे लपले?
audio/chunk_01741.wav|मला रोज जर यातला 1 प्राणी खायला मिळाला तर खूप बरे होईल.
audio/chunk_01742.wav|आता मी रोज या जंगलात येणार.
audio/chunk_01743.wav|रोज 1 प्राण्याची शिकार करून प्राणी खाऊन टाकणार.
audio/chunk_01744.wav|सगळ्या प्राण्यांनी ऐकले.
audio/chunk_01745.wav|व थोडा वेळ वाट पाहिली.
audio/chunk_01746.wav|त्या सिंहाला शिकार मिळेना.
audio/chunk_01747.wav|मग परत दुसऱ्या दिवशी तो सिंह आला.
audio/chunk_01748.wav|तेव्हा Babloo हत्ती दादा
audio/chunk_01749.wav|Pitu ससे भाऊ आणि सुंदरी हरणी ताई एका खुरणात गवत खात होते.
audio/chunk_01750.wav|सिंहाची गर्जन ऐकल्यावर ते घाबरले. अरे सिंहाला पळा पळा, सिंहाला पळा पळा असे म्हणत ते लपून बसले.
audio/chunk_01751.wav|सिंहाने पाहिले, या दिवशी त्याला शिकार मिळाली नाही.
audio/chunk_01752.wav|म्हणून जंगलातले सगळे प्राणी मात्र घाबरले होते.
audio/chunk_01753.wav|अरे याच्यावर काहीतरी उपाय केला पाहिजे सगळे एकत्रित जमले.
audio/chunk_01754.wav|मग Goglu Hatti Dada म्हणाले, अरे मित्रांनो!
audio/chunk_01755.wav|आपल्याला अन्न खाता येत नाही, जंगलातनं नीट वावरता येत नाही, सारख्या पोल्याला लपून बसावे लागते.
audio/chunk_01756.wav|त्या शिबा सिंहामुळे
audio/chunk_01757.wav|याच्यावर आपल्याला काही तर उपाय केला पाहिजे.
audio/chunk_01758.wav|कधी तो येईल आणि आपली शिकार करून आपल्याला खाऊन टाकेल?
audio/chunk_01759.wav|सारखी टांगती तलवार आपल्या डोक्यावर आहे.
audio/chunk_01760.wav|काहीतरी आपल्याला केलं पाहिजे. तेव्हा नटकट माकड दादा आणि मिठू चिमू ताई काय म्हणाल्या?
audio/chunk_01761.wav|आपल्या जंगलातल्या चालाखी लांडगीन ताई खूप हुशार आहे.
audio/chunk_01762.wav|त्यांच्याकडे आपण सगळे मिळून जाऊया आणि त्यांना उपाय विचारूया, ठीक आहे.
audio/chunk_01763.wav|मग सगळे प्राणी पक्षी दुसऱ्या दिवशी
audio/chunk_01764.wav|चला की लांडगीन ताईकडे गेले.
audio/chunk_01765.wav|त्या आपल्या गुहेत काहीतरी काम करत होत्या.
audio/chunk_01766.wav|प्राण्यांनी हाक मारल्यावर त्या बाहेर आल्या.
audio/chunk_01767.wav|अरे मित्रांनो, एवढ्या सकाळ सकाळी सगळे का आला आहात?
audio/chunk_01768.wav|काय झालं काही संकट आले आहे का?
audio/chunk_01769.wav|तेव्हा नटकट माकड दादा आणि मिठू चिमूताई म्हणाल्या.
audio/chunk_01770.wav|चला की लांडगीन ताई, आपल्या जंगलावर खूप मोठे संकट आले आहे.
audio/chunk_01771.wav|एक Sibba नावाचा भयंकर गुष्ट सिंह येतो आहे.
audio/chunk_01772.wav|रोज आम्ही सगळे प्राणी घाबरतो.
audio/chunk_01773.wav|तो कधी शिकार करेल सांगता येत नाही.
audio/chunk_01774.wav|त्यामुळे आम्हाला बिंधास्त जंगलातून वावरता येत नाही, अन्न खाता येत नाही, काय करायचं सांग बरं तूच.
audio/chunk_01775.wav|मग चलाखीला Nitin-ताई म्हणाल्या, अरे मित्रांनो!
audio/chunk_01776.wav|तुम्ही उद्या सगळीजण या.
audio/chunk_01777.wav|मी काही तर तोपर्यंत विचार करून उपाय शोधते.
audio/chunk_01778.wav|मग सगळे प्राणी, पक्षी
audio/chunk_01779.wav|मग दुसऱ्या दिवशी चलाकी लांडगी ताई जंगलातनं निघाल्या.
audio/chunk_01780.wav|चालता चालता त्यांनी पाहिलं एका पडक्या विहिरीजवळ 1 झाड होतं.
audio/chunk_01781.wav|आणि त्या झाडावर मधमाशांचं पोळं होतं.
audio/chunk_01782.wav|ते पोळ पाहिल्यावर चलाखी लांडगीण त्यांच्या डोक्यात 1 युक्ती आली.
audio/chunk_01783.wav|त्या आपल्या भुयेत परत आल्या. दुसऱ्या दिवशी त्यांनी मिठू चिमुताई
audio/chunk_01784.wav|आणि नटकट माकड दादांना बोलवले.
audio/chunk_01785.wav|हे पहा नटकट मिठू.
audio/chunk_01786.wav|आपल्या जंगलातल्या पडक्या विहिरीजवळ
audio/chunk_01787.wav|1 झाड आहे आणि त्या झाडावर
audio/chunk_01788.wav|मधमाशीचं पोळं आहे तेव्हा
audio/chunk_01789.wav|तो दुष्ट सिंह आला सिबा
audio/chunk_01790.wav|की तुम्ही दोघांनी काय करायचं? नटकट माकड दादांनी झाडावर बसायचं त्या पोळ्याजवळ.
audio/chunk_01791.wav|आणि मिठू तू त्या सिंहाला गोड बोलून झाडाजवळ न्यायचं.
audio/chunk_01792.wav|सिंह झाडाजवळ आला की त्याच्या डोक्यावर नटकट माकड दादांनी ते पोळं पाडायचं.
audio/chunk_01793.wav|मग माशा चावतील आणि सिंह जंगल सोडून निघून जाईल, ठीक आहे.
audio/chunk_01794.wav|ही युक्ती समजल्यावर
audio/chunk_01795.wav|नटकट माकड दादानी
audio/chunk_01796.wav|आणि विठूने सगळे सगळ्या प्राण्यांना जंगलात
audio/chunk_01797.wav|लपून बसायला सांगितले. सगळे प्राणी
audio/chunk_01798.wav|आणि तो सिंबा सिंह दुसऱ्या दिवशी आला.
audio/chunk_01799.wav|तो गर्जना करतच आला. सगळे प्राणी घाबरून चिडीछाप लपून बसले होते.
audio/chunk_01800.wav|आज जंगलात एकही प्राणी दिसेना, किती प्राणी पक्षी आहेत.
audio/chunk_01802.wav|मला आज 1 तरी प्राणी मिळालाच पाहिजे.
audio/chunk_01803.wav|Shiva Singh Raje बोलायला लागले.
audio/chunk_01804.wav|तेव्हा Mithu-ची मुताई तेथे गेल्या.
audio/chunk_01805.wav|अरे Singh दादा, घाबरू नका.
audio/chunk_01806.wav|प्राणी लपून बसली आहे, चला तुम्हाला दाखवते.
audio/chunk_01807.wav|मग Vithu-ची मुताई उडत उडत गेल्या, तिच्या पाठोपाठ
audio/chunk_01808.wav|आणि जिथे झाड होते तिथे गेल्या. झाडाखाली सिंहराजे उभे राहिले.
audio/chunk_01809.wav|त्यांनी Mithu Chimutai-नी नटकट माकड दादांना इशारा केला.
audio/chunk_01810.wav|त्याबरोबर नटकट माकड दादांनी मधाचे पोळे सिंह महाराजांच्या डोक्यावर पाडले.
audio/chunk_01811.wav|त्या बरोबर त्यातल्या माशा उठल्या आणि शिब्बा सिंहराजांना चावू लागल्या डोक्याला, पायाला, मानेला, पाठीला. माशानी चावून चावून बेजार केलं. त्यामुळे...
audio/chunk_01812.wav|सिंहराजे घाबरून पळायला लागले तरी माशा मागे लागल्या. शेवटी त्यांनी घाबरून जे वेगात पळत सुटले ते जंगल सोडून गेले, परत कधीही त्या जंगलात आले नाही.
audio/chunk_01813.wav|आणि मग Mithu-ची मुताई नटकट माकड दादा
audio/chunk_01814.wav|यांनी सगळ्या प्राण्यांना बोलवलं, सगळे प्राणी बाहेर आले.
audio/chunk_01815.wav|मग सिंहराजे कसे पळून गेले हे सांगितलं. सगळ्या प्राण्या पक्षांना खूप आनंद झाला.
audio/chunk_01816.wav|Bablu Hatti Dada म्हणाले,
audio/chunk_01817.wav|अगं Mithu ताई, नटकट माकड दादा, तुम्ही दोघे आणि चलाखी लांडगीण ताई यांच्यामुळे आपल्या जंगलावरचे संकट निघून गेले.
audio/chunk_01818.wav|तुमचे खूप खूप आभार आणि सगळ्यांनी Mithu-चे नटकट माकड दादाचे खूप कौतुक केले.
audio/chunk_01819.wav|मग नटकट माकड दादा आणि विटू चिमूताई काय म्हणाल्या?
audio/chunk_01820.wav|अरे मित्रांनो, आपल्या सगळ्या एकजुट जर असली
audio/chunk_01821.wav|तर कितीही मोठे संकट आले
audio/chunk_01822.wav|तर ते आपल्याला अगदी सहजपणे घालवता येते.
audio/chunk_01823.wav|असे म्हणून सगळे आनंदाने नाचायला लागले.
audio/chunk_01825.wav|आणि त्या जंगला 1 पांढऱ्या शुभ्र गुबगुबीत लाल तुराच्या
audio/chunk_01826.wav|मोगरी नावाच्या कोंबडी ताई राहत होत्या.
audio/chunk_01827.wav|ह्या कोंबडी ताई रात्रंदिवस कष्ट करायच्या, खूप मेहनत करायच्या.
audio/chunk_01828.wav|जंगलाजवळच 1 छोटंसं गाव होतं.
audio/chunk_01829.wav|जी काही मिळतील ती धान्य
audio/chunk_01830.wav|ज्वारी, बाजरी, गहू, तांदूळ जे काही मिळेल ते चोचीतून घेऊन यायच्या आणि आपल्या घरट्यात चाटून ठेवायच्या.
audio/chunk_01831.wav|घरट्यात त्यांची 4 अंडी होती.
audio/chunk_01832.wav|आणि दिवस रात्र मेहनत करायच्या आणि आपल्या अंड्यावर लक्ष ठेवायच्या.
audio/chunk_01833.wav|ए चुनचुन आवाजा.
audio/chunk_01834.wav|पांढऱ्या शुभ्र देखण्या अशा मांजरी ताई राहत होत्या.
audio/chunk_01835.wav|पण ह्या मांजरीन ताईचं
audio/chunk_01836.wav|मोगरीच्या अंड्यावर सतत लक्ष होतं डोळा होता.
audio/chunk_01837.wav|त्या सतत येता जाता मोगरीची अंडे पाहायच्या.
audio/chunk_01838.wav|आणि आपल्याला खायला कधी मिळत्या यासाठी त्या प्रयत्न करायच्या.
audio/chunk_01839.wav|मग त्यांना एकदा काय झाले काहीतरी युक्ती करावी आपण.
audio/chunk_01840.wav|आणि मोगरीला कुठेतरी पाठवून आपण ती अंडी फस्त करावी.
audio/chunk_01841.wav|ही कल्पना डोक्यात आल्यावर
audio/chunk_01842.wav|झुनझुन मांजरीन ताई मोबरीकडे गेल्या आणि काय म्हणाल्या?
audio/chunk_01843.wav|अगं Mogri ताई, किती ग तू सतत कष्ट करत असतेस, जरा सुद्धा कशी ग विश्रांती घेत नाहीस?
audio/chunk_01844.wav|तेव्हा Mogali Tai म्हणाल्या,
audio/chunk_01845.wav|मला बसलेलं किंवा विश्रांती घेतलेलं नाही आवडत.
audio/chunk_01846.wav|मला सतत कष्ट करायला आवडतात.
audio/chunk_01847.wav|नेहमी आपल्या कष्टाचं खावं.
audio/chunk_01848.wav|आणि सतत काम करत असलं
audio/chunk_01849.wav|म्हणजे आपले शरीरही छान राहतं, तब्येत छान राहती.
audio/chunk_01850.wav|म्हणून मला सतत कष्ट करायला आवडतात.
audio/chunk_01851.wav|अगं हो ग Mogri ताई हे तुझं सगळं बरोबर आहे.
audio/chunk_01852.wav|पण तुला जरा सुट्टी पाहिजे ना, विश्रांती पाहिजे.
audio/chunk_01853.wav|हो ग Chunchun Tai मला विश्रांती पाहिजे हे खरं आहे.
audio/chunk_01854.wav|पण मला नाही विश्रांती घ्यायला आवडत.
audio/chunk_01855.wav|आणि मी विश्रांती घेतली तर माझ्या अंड्यावर कोण लक्ष ठेवणार?
audio/chunk_01856.wav|Chinchin Tai काय म्हणाली?
audio/chunk_01857.wav|अगं Mogri ताई एवढी अंड्याची काळजी कशाला करतेस?
audio/chunk_01858.wav|अगं तू 1 दिवसाची सुट्टी घे आणि आपल्या जंगलात
audio/chunk_01859.wav|कालपासून यात्रा चालू झाली आहे.
audio/chunk_01860.wav|खूप फिर यात्रेत मजा कर खा पी.
audio/chunk_01861.wav|आणि निवांत संध्याकाळी आपल्या घरी ये.
audio/chunk_01862.wav|अगं होय पण माझ्या अंड्यावर कोण लक्ष ठेवणार?
audio/chunk_01863.wav|अगं Mogari ताई मी आहे ना, मी लक्ष ठेवेन.
audio/chunk_01864.wav|अगं पण Jhunjhun तुझा भरोसा काय ग?
audio/chunk_01865.wav|हे बघ Mogri ताई.
audio/chunk_01866.wav|तू तसे म्हणू शकत नाहीस कारण मी आता पूर्ण शाकाहारी झाले आहे.
audio/chunk_01867.wav|त्यामुळे तू अंड्याची अजिबात काळजी करू नको.
audio/chunk_01868.wav|मी छान लक्ष ठेवते तुझ्या अंड्यावर तू येईस पर्यंत यात्रेतून.
audio/chunk_01869.wav|मोगरी ताई म्हणाली ठीक आहे.
audio/chunk_01870.wav|छुणछुण एवढी आपल्या मागं लागली आहे म्हणजे तिचा काहीतरी दुष्ट हेतू असला पाहिजे.
audio/chunk_01871.wav|हे Mogri Kombdi Tai-ने ओळखले.
audio/chunk_01872.wav|आणि तिने सांगितले, ठीक आहे, उद्या मी यात्रेला जाते, तू माझ्या अंड्यावर लक्ष ठेव. ठीक आहे, म्हणून छिनछिन
audio/chunk_01873.wav|Marjari ताई निघून गेली.
audio/chunk_01874.wav|मग त्याच रात्री Mogri Kombadi Tai-ने काय केलं?
audio/chunk_01875.wav|ती खरी 4 अंडी होती.
audio/chunk_01876.wav|ती आपल्या घरट्यात एका बाजूला लपून ठेवली.
audio/chunk_01877.wav|आणि त्या रात्रीच ती यात्रेत गेली जंगलातल्या आणि लाकडी दुकानातून
audio/chunk_01878.wav|4 लाकडी अंडी घेऊन आली.
audio/chunk_01879.wav|दुसऱ्या दिवशी काय झालं? पहाटे लवकर.
audio/chunk_01880.wav|छुनछुन मांजरीन ताई आल्या.
audio/chunk_01881.wav|आणि म्हणाल्या, अगं Mogri ताई आटपलं का नाही?
audio/chunk_01882.wav|Chunchun मांजरी ताई खूप खुश होत्या. आज त्यांना अंडी खायला मिळणार.
audio/chunk_01883.wav|खूप नटून सजून आल्या होत्या आणि येताना चालत उड्या मारत गाणे म्हणत आल्या होत्या.
audio/chunk_01884.wav|म्हणून त्या मोगरीला सारख्या घाई करत होत्या.
audio/chunk_01885.wav|अगं Mogri Tai छान यात्रेत
audio/chunk_01886.wav|मोगरी कोमटी ताई म्हणाली.
audio/chunk_01887.wav|आणि जाते म्हणाली आणि Mogali ताई आपल्या घराच्या पाठीमागच्या झुडपात जाऊन लपून बसली.
audio/chunk_01888.wav|मोगरी ताई निघून गेली यात्रेत.
audio/chunk_01889.wav|चुनचुन मांजरीन ताई खुश झाली, पटकन घरट्यात गेली मोगरीच्या.
audio/chunk_01890.wav|आणि तिला अंडी कधी खाईन झालं होतं?
audio/chunk_01891.wav|तिने 1 अंड घेतलं आणि आपल्या तोंडात घातलं.
audio/chunk_01892.wav|होडण्यासाठी दात लावले.
audio/chunk_01893.wav|चुन चुन मांजरी ताई, जोरात वेदनेने ओरडली. अरे देवा हे काय झाले? माझे दात, माझे दात! अशी करून ओरडायला लागली.
audio/chunk_01894.wav|अरे ही अंडी लाकडी आहेत.
audio/chunk_01895.wav|तिच्या दातातून वेदना होऊ लागल्या.
audio/chunk_01896.wav|आणि काटकन एकदा तुटून पडला. अरे मी फसले, ही लाकडी अंडी आहेत.
audio/chunk_01897.wav|छुनछुन मांजरी ताई रडायला लागली.
audio/chunk_01898.wav|तेवढ्यात तिच्या ओरडण्याने मोगरी कोंबडी ताई बाहेर आली.
audio/chunk_01899.wav|कसं वाटलं अंडं आवडलं ना तुला?
audio/chunk_01900.wav|नाही ग Mogari ताई मी चुकले मला माफ कर.
audio/chunk_01901.wav|अगं काही माफी मागू नकोस.
audio/chunk_01903.wav|दुसऱ्याशी आपण वाईट व्हा.
audio/chunk_01904.wav|दुसऱ्यासाठी आपण जाळं टाकलं की आपणच त्या जाळ्यात फसतो.
audio/chunk_01905.wav|आणि जे दुसरे समजुतीने वागतात
audio/chunk_01906.wav|तू माझ्यासाठी हे जाल पसरलंस
audio/chunk_01907.wav|पण तूच या जालात अडकलीस.
audio/chunk_01908.wav|काय बोलणार Chunchun Mandari ताई?
audio/chunk_01909.wav|गपचूप तोंड पाडून
audio/chunk_01910.wav|आपल्या घरी निघून गेली.
audio/chunk_01911.wav|आणि मग मोगरी कोंबडी ताईंने ती अंडी टाकून दिली, खरी अंडी आपल्या घरट्यात ठेवली आणि रोज मेहनत करून कष्ट करून आपल्या अंड्यावर...
audio/chunk_01912.wav|लक्ष ठेवून आनंदाने राहू लागली.
audio/chunk_01913.wav|म्हणून दुसऱ्याचे कधी वाईट चितू नये.
audio/chunk_01915.wav|सुंदर जंगल सुंदर क्षार चतुर प्राणी
audio/chunk_01916.wav|एकमेकांना देतात साथ.
audio/chunk_01917.wav|आणि कितीही मोठं संकट आलं तर त्याच्यावर एकजुटीने करतात मात.
audio/chunk_01918.wav|अशीच 1 गोष्ट ही सुंदरवनच्या जंगलातली आहे प्राण्यांची पक्ष्यांची.
audio/chunk_01919.wav|लहान मोठे प्राणी पक्षी
audio/chunk_01920.wav|जंगलचे राजे होते Sher Singh Maharaj.
audio/chunk_01921.wav|Sher Singh Maharaj प्रजेशी अतिशय छान वागत होते, त्यामुळे प्रजा
audio/chunk_01922.wav|सगळी समाधानी आणि आनंदी होती.
audio/chunk_01923.wav|जंगला कशाचीही कमतरता नव्हती.
audio/chunk_01924.wav|सगळं काही जंगल संपन्न होतं.
audio/chunk_01925.wav|एक सुंदर अशी नदी वाहत होती.
audio/chunk_01926.wav|आणि त्या नदीवर 1 जुना पुराना लाकडी पूल होता.
audio/chunk_01927.wav|प्राणी पक्षी त्या पुलावरून नदीच्या पलीकडे जायचे.
audio/chunk_01928.wav|कारण नदीच्या पलीकडे 1 सुंदर अशी फळांची बाग होती.
audio/chunk_01929.wav|आंबा, पेरू, सीताफळ, डाळिंब, संत्री, मोसंबी, चिक्कू.
audio/chunk_01930.wav|दररोज सगळे प्राणी या पुलावरून
audio/chunk_01931.wav|त्या बागेत जाण्यासाठी ये-जा करायचे.
audio/chunk_01932.wav|सगळं काही आनंदानं आणि समाधानानं चाललं.
audio/chunk_01933.wav|एकदा जंगलात अचानक वारा सुटला.
audio/chunk_01934.wav|आकाशात काळे ढग जमू लागले आणि विजा कडकडून पावसाला सुरुवात झाली.
audio/chunk_01935.wav|धो धो पाऊस पडू लागला.
audio/chunk_01936.wav|वारा इतका सुटला जंगलातली झाडे उन्मळून पडली.
audio/chunk_01937.wav|सगळे प्राणी पक्षी घाबरून आपल्या गुहेत घरट्यात बसले.
audio/chunk_01938.wav|मग दुसऱ्या दिवशी पाऊस थांबल्यावर
audio/chunk_01939.wav|सगळे प्राणी पक्षी त्या पुलाजवळ आले पलीकडे जाण्यासाठी.
audio/chunk_01940.wav|पण पाहता तो फुलाचा 1 भाग
audio/chunk_01941.wav|कोसळून नदीत पडला होता.
audio/chunk_01942.wav|त्यामुळे सगळे प्राणी पक्षी घाबरले.
audio/chunk_01943.wav|अरे आता आपण पलीकडे कसे जायचे?
audio/chunk_01944.wav|फळे कशी खायची सगळ्यांना प्रश्न पडला.
audio/chunk_01945.wav|शेरसिंग महाराज सुद्धा आले, सगळ्या प्राण्यांनी त्यांना सांगितलं.
audio/chunk_01946.wav|अरे मित्रांनो, आता आपण काय करायचं?
audio/chunk_01947.wav|मग Ramu असेल मामा, Bagalo हत्ती दादा आणि Tiger वाघोबा.
audio/chunk_01948.wav|यांनी तो पडलेला भाग वर उचलला, जोडण्याचा प्रयत्न केला.
audio/chunk_01949.wav|म्हणून त्यांना तो जोडता आला नाही.
audio/chunk_01950.wav|सगळे प्राणी पक्षी विचार करू लागले, अरे आता आपण काय करायचं?
audio/chunk_01951.wav|तेवढ्यात ही बातमी जंगलातल्या अतिहुशार चतुर चंचला खरू ताईंना समजली.
audio/chunk_01952.wav|आणि सगळ्या प्राण्यांना म्हणाल्या.
audio/chunk_01953.wav|हे पहा, जंगलवासियांनो, माझ्या मित्रांनो, तुम्ही कोणीही घाबरू नका.
audio/chunk_01954.wav|हा तुटलेला भाग कसा जोडायचा?
audio/chunk_01955.wav|पण तुम्ही सगळ्यांनी मला मदत केली पाहिजे.
audio/chunk_01957.wav|Sher Singh Maharaj काय म्हणाले?
audio/chunk_01958.wav|मी काय करते ते नुसते पहाच तुम्ही.
audio/chunk_01959.wav|असे म्हटल्यावर Shersingh महाराज काय म्हणाले?
audio/chunk_01960.wav|पण तुझ्या बुद्धीची कमाल दिसते आहे मला मोठी.
audio/chunk_01961.wav|करून दाखव तुझी चतुराई.
audio/chunk_01962.wav|मग चमच्याला खरू ताईने
audio/chunk_01963.wav|Ramu असवल मामा, Bablu हत्ती दादा.
audio/chunk_01964.wav|आणि Tiger वाघोबाला जंगलातले मोठे मोठे जाड असे लाकडाचे होंडके आणाय सांगितले.
audio/chunk_01965.wav|चंपा, सुंदरी, कोमल या हरणी ताईंना जंगलातले
audio/chunk_01966.wav|छोटे छोटे लांब असे कळ का नाही सांगितले?
audio/chunk_01967.wav|स्वीटीची म्हणताई, लाडूची म्हणताई, साळूची म्हणताई, काळे कावळे काका, रंभा कवळीन ताई.
audio/chunk_01968.wav|या सगळ्यांना सांगितले जंगलात जाऊन
audio/chunk_01969.wav|झाडावर जाड जाड वेली आहेत त्या वेली घेऊन या.
audio/chunk_01970.wav|सगळे पटापटा साहित्य घेऊन आले.
audio/chunk_01971.wav|मग Chanchala-ने काय केले?
audio/chunk_01972.wav|नटकट माकड दादा आणि गोबी ससेभाऊ यांना सांगितले.
audio/chunk_01973.wav|त्या जाड वेली एकावर एक ठेवून
audio/chunk_01974.wav|अगदी त्यांचे वेठोळ करायच्या
audio/chunk_01975.wav|आणि पिळा देऊन जाम करायच्या.
audio/chunk_01976.wav|मग नटकट माकड दादा आणि गोपी असे भाव ते काम करू लागले.
audio/chunk_01977.wav|मग हत्ती दादा
audio/chunk_01978.wav|आणि Tiger Waghoba यांना
audio/chunk_01979.wav|फुलाचा कोसळलेला भाग वरती उचलाय सांगितला.
audio/chunk_01980.wav|आणलेले लाकडाचे जाड ओडके
audio/chunk_01981.wav|खाली त्या खालच्या भागाला पुलाच्या लावायला सांगितले.
audio/chunk_01982.wav|हत्ती दादांनी आणि ती Ramu अस्वल मामांनी लाकडाचे ओंडके खालून
audio/chunk_01983.wav|भागाला लावले त्याबरोबर तो फुलाचा भाग वरती आला.
audio/chunk_01984.wav|मग सुंदरी हरणी ताई नटकट माकड दादा गोबी ससे भाव
audio/chunk_01985.wav|लाडोबा कोल्लोबा चला की लांडगीन ताई.
audio/chunk_01986.wav|तो वरती आलेला पुलाचा भाग
audio/chunk_01987.wav|आणि वर असलेला पुलाचा भाग
audio/chunk_01988.wav|त्या वेलीच्या दोराने घट्ट बांधायला सांगितले.
audio/chunk_01989.wav|प्राण्यांनी चौबाजूने
audio/chunk_01990.wav|दोर सगळीकडे घट्ट बांधला.
audio/chunk_01991.wav|त्यामुळे कोसळलेल्या फुलाचा
audio/chunk_01992.wav|आणि हरणी ताईंनी आणलेले लाकडाचे कळक सगळ्या फुलावरून पसरले.
audio/chunk_01993.wav|त्याबरोबर तो पूल जाम झाला.
audio/chunk_01994.wav|सगळे प्राणी दणकट प्राणी त्यावरून जाऊन आले.
audio/chunk_01997.wav|चंचलाची त्यांनी खूप स्तुती केली.
audio/chunk_01998.wav|Sher Singh Maharaj तर अगदी खुश झाले.
audio/chunk_01999.wav|अगं Chanchala खरंच खरंच तुझी बुद्धी खूप चतुर आहे.
audio/chunk_02000.wav|चंचलाचे कौतुक करायला लागले.
audio/chunk_02001.wav|महाराज हे काम माझ्या एकटीचे नाही.
audio/chunk_02002.wav|आपल्या सगळ्यांच्या मदतीने आपण एकत्र येऊन हे काम केले म्हणून या कामाला यश आले.
audio/chunk_02003.wav|सगळे जर एकत्र आले, एकोप्याने केले आणि बुद्धीची जर
audio/chunk_02004.wav|हुशारी असली की कितीही मोठे संकट असले
audio/chunk_02005.wav|तर ते क्षणात नाहीसे करता येते, घालवता येते.
audio/chunk_02007.wav|चालाखीला आणखीन ताई अतिशय धूर्त.
audio/chunk_02008.wav|आणि नावाप्रमाणे चालाक होत्या.
audio/chunk_02009.wav|हे या Assam-च्या जंगलातल्या सगळ्या प्राण्या पक्षांना माहिती होतं.
audio/chunk_02010.wav|गोड बोलून छोट्या मोठ्या प्राण्यांना, पक्ष्यांना आपल्या जाळ्यात ओढायचं.
audio/chunk_02011.wav|आणि छोट्या पक्ष्यांची शिकार करायची.
audio/chunk_02012.wav|अगदी मोठे प्राणी सापडले.
audio/chunk_02013.wav|शेरसिंग महाराजांना जाऊन सांगायचे आणि त्यांच्या मदतीने
audio/chunk_02014.wav|शिकार करायची आणि त्यातला थोडासा भाग आपल्याला मिळवायचा.
audio/chunk_02015.wav|हे धोरण चालाकी लांडगीण त्यांचे होते.
audio/chunk_02016.wav|त्या सतत Sher Singh महाराजांच्या बरोबर असायच्या.
audio/chunk_02017.wav|त्यामुळे जंगलातले सगळे प्राणी पक्षी
audio/chunk_02018.wav|त्यांना घाबरत असत आणि त्यांचा स्वभाव माहिती होता.
audio/chunk_02019.wav|या चालाकी ताई कधी काय करतील याचा नेम नव्हता.
audio/chunk_02021.wav|ते सगळे हिला घाबरायचे.
audio/chunk_02022.wav|एकदा काय झालं? चला की लांडगीन त्यांच्या मनात आलं. अरे!
audio/chunk_02023.wav|आपण किती दिवस Sher Singh महाराजांची सेवा करायची त्यांना शिकार शोधून अन्यात
audio/chunk_02024.wav|त्यांना शिकार करण्यात मदत करायची.
audio/chunk_02025.wav|मला बुवा आता कंटाळा आला आहे.
audio/chunk_02026.wav|मला आता माझं जीवन जगलं पाहिजे स्वतंत्रपणे.
audio/chunk_02027.wav|नको मला महाराजांची कटकट.
audio/chunk_02028.wav|मला तयार भोजन रोज मिळालं पाहिजे.
audio/chunk_02029.wav|आणि मला शांततेने जगलं पाहिजे.
audio/chunk_02030.wav|यासाठी काहीतरी युक्ती करायला पाहिजे.
audio/chunk_02031.wav|असे त्यांनी मनात ठरवलं.
audio/chunk_02032.wav|आणि ती युक्ती त्यांनी दुसऱ्या दिवशी अमलात आणली.
audio/chunk_02033.wav|जंगलात स्वच्छ पाण्याचं 1 सुंदर असं विशाल सरोवर होतं.
audio/chunk_02034.wav|सरोवर इतके स्वच्छ होते.
audio/chunk_02035.wav|की आकाशातल्या चांदण्याचं प्रतिबिंब सुद्धा त्या सरोवरात दिसायचं.
audio/chunk_02036.wav|इतके ते स्वच्छ होतं आणि पाणीही खूप गोड होतं.
audio/chunk_02037.wav|जंगलातले छोटे मोठे प्राणी पक्षी
audio/chunk_02038.wav|सगळे तहान भागवण्यासाठी सरोवरात जायचे.
audio/chunk_02039.wav|आणि पाणी पिऊन तृप्त व्हायचे.
audio/chunk_02040.wav|मग त्या दिवशी छोटे उंदीर मामा गुट्टू ससे भाऊ चंचला साजरी खारुताई
audio/chunk_02041.wav|नंतर Sundari Harani Tai
audio/chunk_02042.wav|बबलू हत्ती दादांचे छोटे पिट्टू हत्ती दादा.
audio/chunk_02043.wav|असे छोटे-मोठे प्राणी सरोवरात
audio/chunk_02044.wav|सगळे पाणी पिऊन सरोवराच्या काठावर गप्पा मारत बसले.
audio/chunk_02045.wav|तेवढ्यात त्या चालाखी ताई तिथे गेल्या.
audio/chunk_02046.wav|हे पहा जंगलवासियांनो!
audio/chunk_02047.wav|आजपासून या सरोवरात कोणीही पाणी प्यायला यायचं नाही.
audio/chunk_02048.wav|हे सरोवर माझ्या मालकीचे आहे.
audio/chunk_02049.wav|माझ्या परवानगीशिवाय कोणीही पाणी प्यायचे नाही.
audio/chunk_02050.wav|ज्याला कोणाला पाणी प्यायचे आहे
audio/chunk_02051.wav|त्यांनी माझी परवानगी घ्यायची.
audio/chunk_02052.wav|आणि पाणी प्यायच्या अगोदर
audio/chunk_02053.wav|मला माझं खाणं द्यायचं फळे असो.
audio/chunk_02054.wav|शिकार असो काही असो मला आणून द्यायचं मग पाणी प्यायचं.
audio/chunk_02055.wav|चला की लांडवीन ताईंनी
audio/chunk_02056.wav|हा काय डाव मांडला आहे? सगळ्या प्राण्यांना, पक्ष्यांना समजेना.
audio/chunk_02057.wav|अरे यांचे कसे काय हे सर्वर?
audio/chunk_02058.wav|हे सरोवर तर सगळ्या जंगलाचे आहे, सगळ्या प्राणी पक्षांचे आहे.
audio/chunk_02059.wav|मग सगळ्या प्राणी पक्ष्यांना कळलं.
audio/chunk_02060.wav|चलाकीचा काहीतरी डाव असला पाहिजे.
audio/chunk_02061.wav|मग चला इथून निघा इथून असं म्हटल्यावर सगळे प्राणी पक्षी तिथून निघून गेले.
audio/chunk_02062.wav|पण छोटे प्राणी होते, चंचला खारुताई, चुणचुण खारुताई, साजरी सुंदरी.
audio/chunk_02063.wav|हरणी ताई नटकट माकड दादा बबलू हत्ती दादांचे पिठू हत्ती दादा
audio/chunk_02064.wav|उप्पट काकांचे चिन्नु मिन्नु
audio/chunk_02065.wav|सगळे प्राणी एकत्र जमले.
audio/chunk_02066.wav|अरे ससेभाऊ आता आपण काय करायचे?
audio/chunk_02067.wav|Guttu म्हणाला, अरे मित्रांनो घाबरू नका.
audio/chunk_02068.wav|मी 1 युक्ती करतो, तुम्ही अजिबात घाबरायचं नाही, हे सर्व आपलं सगळ्यांचं आहे.
audio/chunk_02069.wav|मग गुट्टू ससेभाऊनी एकटी केली.
audio/chunk_02070.wav|त्यांनी सगळ्या छोट्या मोठ्या प्राण्यांना दुसऱ्या दिवशी सरोवराच्या
audio/chunk_02071.wav|काठावरच्या झाडीत येऊन लपाय सांगितले.
audio/chunk_02072.wav|मग दुसऱ्या दिवशी सगळे प्राणी पक्षी येऊन झाडीत लपून बसले.
audio/chunk_02073.wav|Kuttu Sasebhau आले आणि त्या जंगलाबाहेरच्या शेतात गेले.
audio/chunk_02074.wav|तिथे गाजराची मोठी शेती होती.
audio/chunk_02075.wav|आणि आंब्याची बाग होती.
audio/chunk_02076.wav|त्या बागेतले आंबे तोडले तिने.
audio/chunk_02077.wav|गाजरे तोडली आणि टोपलीभर आंबे आणि गाजरे घेऊन ससेभाऊ सरोवराकडे आले.
audio/chunk_02078.wav|चला की ताई सरोवराच्या काठावर बसल्या होत्या.
audio/chunk_02079.wav|मला काहीतरी भोजन द्यायचे तरच पाणी प्यायचे.
audio/chunk_02080.wav|त्यामुळे कोणते प्राणी पक्षी सरोवरात पाणी प्यायला आलेच नव्हते.
audio/chunk_02081.wav|त्यामुळे त्यांना खूप भूक लागली होती.
audio/chunk_02082.wav|गुट्टूला पाहिल्यावर त्या काय म्हणाल्या, अरे गुट्टू, आण लवकर फळे इकडे ती, मला खूप भूक लागली आहे.
audio/chunk_02083.wav|चला की ताईंने पोट पोट आंबे आणि फळे खाऊन टाकली आणि त्या म्हणाल्या
audio/chunk_02084.wav|आंबे खूप गोड आहेत रे!
audio/chunk_02085.wav|Guddhu म्हणाला, होय.
audio/chunk_02086.wav|चला कथा ये खूप सुंदर फळे आई थी.
audio/chunk_02087.wav|मला रोज खायला मिळतील का?
audio/chunk_02088.wav|मी बागेत जाऊन खाऊन येईन.
audio/chunk_02089.wav|तेव्हा Guttu म्हणाला,
audio/chunk_02090.wav|कसं आहे ही बाग कुठे आहे ती फक्त मला एकट्याला माहीत आहे आपल्या जंगलातल्या कोणालाही माहिती नाही अरे पण सांग ना
audio/chunk_02091.wav|कुठे असेल तिथे मी जाऊन खाऊन येते.
audio/chunk_02092.wav|मग पोटूच्या डोक्यात प्रकाश पडला.
audio/chunk_02093.wav|ही जर रोज फळे खाऊन आली तर हिचे पोट भरेल.
audio/chunk_02094.wav|पोट भरल्यावर हे कोणत्याही प्राण्यापेक्षाला
audio/chunk_02095.wav|सुरवरात पाणी प्यायला येऊन देणारच नाही.
audio/chunk_02096.wav|त्यामुळे Guddu काय म्हणाला?
audio/chunk_02097.wav|अगं चला की ताई, या आपल्या सरोवराच्या पलीकडे
audio/chunk_02098.wav|गाजराची शेती आहे आणि आंब्याची बाग आहे तिथून मी आणली.
audio/chunk_02099.wav|अरे पण मला दाखव!
audio/chunk_02100.wav|अगं चला की ताई या सरोवरातनं पलीकडे जायला लागल. अरे असुदे मी येते मला दाखव.
audio/chunk_02102.wav|असे म्हटल्यावर Gattu काय म्हणाल ठीक आहे चल.
audio/chunk_02103.wav|असे म्हटल्यावर घाई घाईने चलाकी ताई पटकन पाण्यात उतरली.
audio/chunk_02104.wav|आणि पाण्यात तिने स्वतःच प्रतिबिंब पाहिलं.
audio/chunk_02105.wav|त्याबरोबर ती ओरडली.
audio/chunk_02106.wav|अरे गुट्टू हा कोणता प्राणी आहे?
audio/chunk_02107.wav|गुट्टूने हळूच डोकावले आणि म्हणाला, अगं चला की ताई, तुझ्यासारखा दिसणारा कोणीतरी भयंकर प्राणी आहे.
audio/chunk_02108.wav|मग चलाकी ताई घाबरली.
audio/chunk_02109.wav|आणि चवताळून त्या प्राण्याच्या अंगावर गेली.
audio/chunk_02110.wav|पण तोही प्राणी तिच्यावर अंगावर आला.
audio/chunk_02111.wav|त्यामुळे ती खूप घाबरली आणि पटकन पाण्याच्या वर आली आणि Guttu
audio/chunk_02112.wav|हा प्राणी भयंकर आहे, तो मला खाऊन टाकेल, मी नाही इथं थांबत. असे म्हणून घाईघाणीने जंगल सोडून पळून निघून गेली.
audio/chunk_02113.wav|त्याबरोबर गुट्टूने टाळ्या वाजवल्या आणि झाडीतले सगळे पक्षी प्राणी बाहेर आले.
audio/chunk_02114.wav|मग त्याने सांगितलं चला की ताई पळून गेली.
audio/chunk_02115.wav|ती खूप घाबरली होती, सगळी कथा Guttu-ने सगळ्यांना सांगितली. त्यामुळे सगळे प्राणी पक्षी खुश झाले. त्याने Guttu-ची खूप स्तुती केली आणि सगळे प्राणी पक्षी काय म्हणाले?
audio/chunk_02116.wav|अरे Guttu, तू आपल्या सरोवरातले संकट नाही घालवलेस. अरे आपल्या सगळ्या जंगलातले...
audio/chunk_02118.wav|वयस्कर Bablu Hatti Dada काय म्हणाले?
audio/chunk_02119.wav|संकटाच्या वेळी डोकं शांत करून आपल्या चतुर बुद्धीचा उपयोग केला.
audio/chunk_02120.wav|की कितीही मोठे संकट असले तर ते क्षणात चुटकीसरशी नाहीसे होते तेच तू केलंस.
audio/chunk_02121.wav|खूप खूप तुला शाब्बास की!
audio/chunk_02122.wav|असे म्हणून सगळे प्राणी आनंदाने नाचत गाणे म्हणत आपापल्या घुयेत गेले.
audio/chunk_02124.wav|तिचा परिवार आणि इतर मुंग्याताई राहत होत्या.
audio/chunk_02125.wav|त्यांची जमिनीच्या खाली भक्कम घरे होती.
audio/chunk_02126.wav|त्या दररोज जंगलात जायच्या.
audio/chunk_02127.wav|आणि अन्न घेऊन यायच्या, सदा कदा सगळ्या कामात असायच्या, कधीही एकही मुंगी ताई बसलेली दिसायची नाही. आणि आता तर पावसाळा तोंडावर आल्यावर त्या दररोज नियमाने न चुकता अन्न आणायला जायच्या.
audio/chunk_02128.wav|अशाच एकदा सगळ्या जणी जंगलात अन्न नाही निघाल्या.
audio/chunk_02129.wav|Chinki Mungi ताईंने पाहिलो.
audio/chunk_02130.wav|जंगलातले मोरुमोर दादा सुंदर पिशारा फुलून नाचत होते.
audio/chunk_02131.wav|ते पाहिल्यावर Chinki खूप खुश झाली.
audio/chunk_02132.wav|त्यांचा तो सुंदर रंग, सुंदर पिसारा.
audio/chunk_02133.wav|किती सुंदर दिसतात Moru Mor Dada!
audio/chunk_02134.wav|किती छान आहेत Moru Mor Dada.
audio/chunk_02135.wav|त्यांचा पिसारा सगळं काही त्यांचं छान आहे.
audio/chunk_02136.wav|सगळेजण त्यांच्याकडे पाहतात.
audio/chunk_02137.wav|पण मला असा पिसारा नाही, मला नाचताही येत नाही आणि माझ्याकडे कोणीही पाहत नाही.
audio/chunk_02138.wav|असे म्हणून Chinki-ला वाईट वाटले.
audio/chunk_02139.wav|परत Chinki पुढं पुढं सगळ्यांच्या बरोबर चालत गेली.
audio/chunk_02140.wav|पुढे गेल्यावर तिने पाहिले
audio/chunk_02141.wav|जंगलातल्या रंगीली फुलपाखरू ताई.
audio/chunk_02142.wav|या झाडावरून त्या झाडावर या फुलावरून त्या फुलावर उडत होत्या.
audio/chunk_02143.wav|फुलातले पराकण खात होत्या, खूप सुंदर दिसत होत्या. रंगीबेरंगी पंख, पंखावर रंगीबेरंगी ठिपके आणि खूप मजा लुटत होत्या त्या. मध खाऊन, पराकण खाऊन, मधूनच आकाशात उंच उडायच्या आणि पटकन येऊन फुलावर
audio/chunk_02144.wav|बसायच्या. हे पाहिल्यावर
audio/chunk_02145.wav|चिंकीला वाईट वाटले. अरे रंगीली फुलपाखरू ताई कशा उडतात, किती सुंदर आहेत त्या!
audio/chunk_02146.wav|मला असं उडताच येत नाही, मी जमिनीवरच असते.
audio/chunk_02147.wav|त्यांना खूप वाईट वाटलं Chinki-ला.
audio/chunk_02148.wav|मग Chinki आणि इतर मुंग्या पुढे पुढे गेल्या.
audio/chunk_02149.wav|चिंकीने पाहिले जंगलातल्या चंचला खारुताई.
audio/chunk_02150.wav|झाडावरून सरसर खाली उतरत होत्या, सरसर वर चढत होत्या, या झाडावरून त्या झाडावर उड्या मारत होत्या.
audio/chunk_02151.wav|हे पाहिल्यावरही Chinki-ला दुःख झाले.
audio/chunk_02152.wav|Chanchala खारुताई कशा छान उड्या मारतात!
audio/chunk_02153.wav|त्यांना या झाडावरून त्या झाडावरून बागडता येते, खेळता येते.
audio/chunk_02154.wav|मला तसं काहीच येत नाही.
audio/chunk_02155.wav|मला उडीच मारता येत नाही.
audio/chunk_02156.wav|असे म्हणून Chinki-ला वाईट वाटले आणि Chinki तिथेच थांबली. तेवढ्यात
audio/chunk_02157.wav|तिच्या मैत्रिणी Rimki आणि Pinky काय म्हणाल्या, अगं Chinki ये ना ग का थांबलीस तू?
audio/chunk_02158.wav|हे ती दुःख कोणाला सांगणार मैत्रीणींना नाही सांगू शकत नव्हती.
audio/chunk_02159.wav|ती काय म्हणाली? उसने हसत तिने तोंडावर आणलं आणि म्हणाली, काही नाही, चला जाऊया आपण.
audio/chunk_02160.wav|चिंकी एरवी सगळ्यांच्या पुढे असायची अन्न आणण्यासाठी.
audio/chunk_02161.wav|पण आज ती निराश झाली होती, तिला खूप वाईट वाटत होते, मग सगळ्याजणी जंगलातनं अन्न घेऊन आल्या आणि आपल्या घरी गेल्या.
audio/chunk_02162.wav|बरं 4-5 दिवसांनी काय झालं? जंगलात एकाएकी अचानक वारा सुटला.
audio/chunk_02163.wav|मी गर्जने सो पाऊस पडायला लागला.
audio/chunk_02164.wav|खूप मोठा वारा आणि पाऊस जंगलात सुरू झाला. मोठ्या वाऱ्याने जंगलातली झाडे उन्मळून पडली. सगळ्या प्राण्यांची घरटे मोडून गेली, गुहा, घरटे नुकसान झाले.
audio/chunk_02165.wav|सगळे प्राणी जंगलातले पक्षी सैरावैरा पळू लागले.
audio/chunk_02166.wav|कोण Chinki तिचे जात बाई परिवार
audio/chunk_02167.wav|जमिनीच्या खाली असलेल्या आपल्या घरात सुरक्षित होते.
audio/chunk_02168.wav|मग थोड्या वेळाने पाऊस थांबला.
audio/chunk_02169.wav|पाऊस थांबल्यावर Chinki परत जंगलात निघाली अन्न आणायला आणि इतरही तिच्या मैत्रिणी.
audio/chunk_02170.wav|मग Chinki-ने पाहिले.
audio/chunk_02171.wav|मोरू मोर दादा थंडीने कुडकुडवत एका झाडाखाली अंग चोरून उभे होते.
audio/chunk_02172.wav|ते पूर्ण भिजलेले होते त्यांचा पिसारा
audio/chunk_02173.wav|एके ठिकाणी थप्प झाले होते, त्यांना नाचताही येत नव्हते.
audio/chunk_02174.wav|पुढे गेली Chinki तिने पाहिले.
audio/chunk_02175.wav|रंगीली फुलपाखरू ताई एका झाडाच्या फोडाजवळ अंग चोरून बसली होती, तिचेही पंख भिजले होते.
audio/chunk_02176.wav|ती थंडीने कुडकुडत होती, पंख भिजल्यामुळे तिला उडता येत नव्हते.
audio/chunk_02177.wav|पुढे जाऊन पाहिलं Chinki-ने, तो Chanchala खारुताई एका झाडाखाली अंग चोरून बसल्या होत्या. त्यांच्या अंगावरचे सगळे केस भिजले होते आणि त्यांचे घरटे ज्या झाडावर होते ते झाडही मोडले होते.
audio/chunk_02178.wav|हे सगळं पाहिल्यावर Chinki-ला खूप दुःख झाले, तिला खूप वाईट वाटले. अरे काही काही दिवसापूर्वी हे सगळे प्राणी किती आनंदात होते आणि अचानक पाऊस आल्यामुळे यांची काय अवस्था झाली?
audio/chunk_02179.wav|चिंकीला खूप वाईट वाटलं, मग ती आपल्या घराकडे गेली आणि तिने आपल्या सगळ्या परिवाराला सातबाईंना एकत्र बोलवलं.
audio/chunk_02180.wav|आणि सगळं समजावून सांगितलं.
audio/chunk_02181.wav|मग हजारोने सगळ्या मुंगीताई, चिंकीताई सगळ्या जंगलात गेल्या. मग सगळ्या मुंग्यांनी काय केलं? झाडाची सुकले सुकलेली पाने घेतली आपल्या डोक्यावर आणि काही मुंग्या मोरो मोर दादाकडे गेल्या, काही मुंग्या रंगीली फुलपाखुरताईकडे.
audio/chunk_02182.wav|आणि काही चंचला खारुताईकडे गेल्या.
audio/chunk_02183.wav|मोरू मोर दादाकडे गेलेल्या मुंग्यानी आपल्या पाना हातातल्या पानांनी मोरू मोर दादाचे अंग पुसून काढले, टिपून काढले, पिसारा सगळा टिपून काढला.
audio/chunk_02184.wav|रंगिली फुलपाखर करू ताईकडे गेलेल्या मुंग्यानी काय केलं?
audio/chunk_02185.wav|तिच्या पंखावरचे थेंब पानाने पुसून काढले आणि 5-6 मुंग्यांनी Rangili-ला आपल्या डोक्यावर घेतले आणि चालत चालत चालत येऊन एका सुरक्षित स्थानी ठेवले.
audio/chunk_02186.wav|आणि Chanchala Kharutai जवळ गेलेल्या मुंग्यानी काय केले? Chanchala Kharutai-च्या अंगावरचे पाणी पानाने सगळे टिपून काढले आणि वाळकी पाने गोळा करून एक छान पैकी उबदार गादी केली.
audio/chunk_02187.wav|आणि तिथे चंचलाला झोपाय सांगितले.
audio/chunk_02188.wav|हे सगळे पाहिल्यावर जंगलातले प्राणी खूप खुश झाले सगळे. सगळ्यांना आश्चर्य वाटलं. अरे या Chinki Mungi Tai त्यांची जमात सगळी एवढेसे जीव छोटे असून त्यांनी या 3 प्राण्यांच्या जीवाचे रक्षण केले. सगळ्या प्राण्यांनी पक्षांनी त्यांचे
audio/chunk_02189.wav|कौतुक केले. मग Moru Moru Dada, Chanchala Kharutai, Rangili Phulpakharutai, Chinkitai इकडे आलीत आणि Moru Moru Dada म्हणाले, खूप खूप धन्यवाद Chinkitai तुझं. अगं तुझ्यासारखं सौंदर्य मी आजपर्यंत कुठेही पाहिलेली नाही.
audio/chunk_02190.wav|रंगिली फुल पाखरू ताई काय म्हणाली? अगं चिंकी!
audio/chunk_02191.wav|माझ्यासारखे तुला उडता येत नाही, तुला चमकता येत नाही.
audio/chunk_02192.wav|तुझी बुद्धीची हुशारी दाखव.
audio/chunk_02193.wav|तुझ्या समातीने आणि तू जे आज काम केलेस आणि आमचे जीव वाचवलेस त्याची तोड कुठेही नाही. तू खूप मोठी महान आहेस. मला ते सांगणेही अशक्य आहे.
audio/chunk_02194.wav|चंचला खारुताई म्हणाली, अगं चिंकी, तुझे खूप खूप
audio/chunk_02195.wav|कसं आहे अगं खरी ताकद दिसण्यात नसते खरी ताकद
audio/chunk_02196.wav|सेवा करण्यात असते हे तू आज दाखवून दिलेस असे म्हणून त्या ठिकाणी बरं Chinki-चे धन्यवाद मानले आणि तिघेही निघून गेले. Chinku-लाही खूप बरं वाटलं.
audio/chunk_02197.wav|Chinki काय मनातनं खुश झाली.
audio/chunk_02198.wav|आणि आज तिला स्वतःवरच गर्व झाला.
audio/chunk_02199.wav|मग Chinki काय मनात म्हणाली, अरे!
audio/chunk_02200.wav|माझ्या दिसण्यापेक्षा
audio/chunk_02201.wav|माझी किंमत खूप मोलाची.
audio/chunk_02202.wav|आणि खूप मौल्यवान आहे.
audio/chunk_02203.wav|आजपासून आता
audio/chunk_02204.wav|जळफळायचे नाही.
audio/chunk_02205.wav|आपली ताकद आपण छोटी जरी असलो तरी आपली ताकद मोठी आहे आणि ती ताकद
audio/chunk_02206.wav|आपण दुसऱ्यांच्या मदतीसाठी कायम वापरायचे.
audio/chunk_02207.wav|अशी Chinki-ने ठरवले आणि त्या वेळेपासून ती तिचा परिवार सगळे त्याप्रमाणे वागू लागले. म्हणून कोणी लहान असो, मोठा असो, प्रत्येकाकडे अतिशय अशक्य असा गुण असतोच.
audio/chunk_02209.wav|खूप सुंदर देखणे असे Sweetu पोपट दादा राहत होते पण ते
audio/chunk_02210.wav|खूप छोटे होते, अगदी लहान होते.
audio/chunk_02211.wav|दिसायला सुंदर होते.
audio/chunk_02212.wav|त्यांचे पंख पोपटी हिरव्या रंगाचे होते, शेपटीला निळसर छटा होत्या, गळ्यात लाल गोप.
audio/chunk_02213.wav|गुबगुबी असे सुंदर हे पोपट दादा होते.
audio/chunk_02214.wav|मग हे पोपट आता काय करायचे?
audio/chunk_02215.wav|सुंदरबनच्या जंगलातल्या 1 झाडावर आपल्या आईबरोबर राहत होते.
audio/chunk_02216.wav|पोपटे दादांची आई होती.
audio/chunk_02217.wav|ती खूप सगळं शिक्षा Sweetu-ला द्यायची. Sweetu पोपट दादा उडण्याचा खूप प्रयत्न करायचे, पण ते छोटे असल्यामुळे त्यांना एवढे उडता येत नव्हते.
audio/chunk_02218.wav|पण ते प्रयत्न करीत राहायचे. जंगलही खूप सुंदर होतं. जंगलात फळांची मोठी झाडे होती, फुलांची.
audio/chunk_02219.wav|रंगीबेरंगी फुलपाखरे, रंगीबेरंगी पक्षी, प्राणी सगळं काही भरपूर होतं. आणि या सुंदर जंगलात हे Sweetu पोपट दादा होते.
audio/chunk_02220.wav|एकदा काय झालं सकाळी पोपट दादा फांदीवर बसले होते त्यांनी पाहिलं बरेच पक्षी आकाशात विहार करायला गेले.
audio/chunk_02221.wav|Sweetu-ला काय वाटले? अरे, आपल्याला कधी उंच उडता येणार? म्हणून Sweetu-ने उठण्याचा प्रयत्न केला. एकदा उडला Sweetu, परत खाली पडला, परत उडला, परत पडला. तिसऱ्यांदा उडला, परत पडला. पण Sweetu-ने आपले प्रयत्न सोडले नाहीत.
audio/chunk_02222.wav|मग त्याची आई काय म्हणाली?
audio/chunk_02223.wav|तुझ्या मनात खूप मोठ्या आशा आकांक्षा आहे.
audio/chunk_02224.wav|त्यामुळे तू घाबरू नको.
audio/chunk_02225.wav|कोणतीही वेळ यायला
audio/chunk_02226.wav|कोणतीही गोष्ट व्हायला वेळ यायला लागते.
audio/chunk_02227.wav|तू मोठा झालास की तुझ्या पंखात बळ येईल.
audio/chunk_02228.wav|तुझ्या मोठ्या मना एवढे बळ येईल.
audio/chunk_02229.wav|मग Situ म्हणाला होय आई बरोबर आहे तुझं.
audio/chunk_02230.wav|पण मी उडण्याचा प्रयत्न सोडणार नाही, ठीक आहे बाळा.
audio/chunk_02231.wav|असे Sweetu-ची आई म्हणाली.
audio/chunk_02232.wav|एकदा आईन आणलेला लाल पेरू स्वीट.
audio/chunk_02233.wav|जंगलातले छोटे Sweet Witches दोस्त.
audio/chunk_02234.wav|Pitu, ससेभाऊ धावत पळत आले आणि म्हणाले,
audio/chunk_02235.wav|Sweetu दादा Sweetu दादा कुठे आहेस तू?
audio/chunk_02236.wav|Situ पोपट दादा म्हणाले काय झालं Pitu?
audio/chunk_02237.wav|काय झालं रे? अरे काही नाही, तू लवकर चल. माझी छोटी बहीण Chitu एका खोल खड्ड्यात पडली आहे. चल लवकर काढ चल.
audio/chunk_02238.wav|बहिणी विषयी करुणा दाटली होती, दोन्ही डोळे पाण्याने डबडबले होते.
audio/chunk_02240.wav|Sweetu-ला उडता येत नव्हते पण त्याचं मन मोठं होतं.
audio/chunk_02241.wav|पिटूच्या डोळ्यातील करुणा, बहिणीचे प्रेम, त्यामुळे
audio/chunk_02242.wav|Sweetu म्हणाला चल, Pitu चल मी आलोच. असे म्हणून
audio/chunk_02243.wav|Pitu-च्या पाठीमागून Sweetu उडत उडत हळू हळू हळू गेला.
audio/chunk_02244.wav|खड्ड्याजवळ जाऊन पाहतो, खड्डा खूप खोल होता. सगळे प्राणी जमले होते.
audio/chunk_02245.wav|Situ खड्ड्या जवळच्या 1 फांदीवर बसला.
audio/chunk_02246.wav|आणि उडण्याचा प्रयत्न करू लागला तो उडला पण धपकन खाली पडला.
audio/chunk_02247.wav|परत उडला, परत खाली पडला, सगळे प्राणी लागले हसायला. नटकट माकडू दादा म्हणाले, अरे काय हे छोटा पोपट याला काय उडता येते का?
audio/chunk_02248.wav|तेव्हा सुंदरी अग्निताई म्हणाली, बरोबर आहे नटकट दादा तुमचं. अहो याला अजून पंख सुद्धा फुटलेले नाही आणि उडण्याचा प्रयत्न करतो आहे.
audio/chunk_02249.wav|पण Sweety-ने कुणाकडे लक्ष दिलं नाही.
audio/chunk_02250.wav|परत त्याने उडण्याचा प्रयत्न केला, परत पडला.
audio/chunk_02251.wav|आता मात्र Sweety-ने काय केले?
audio/chunk_02252.wav|Vitu-चे डबडबडलेले बहिणी विषयीचे
audio/chunk_02253.wav|पिटूचे द्रवलेले मन डोळ्यासमोर आणले आणि त्याला आपल्या आईचे शब्द आठवले.
audio/chunk_02254.wav|अरे Sweetu, तू मोठा झालास की तुझ्या मना एवढे तुझे मन मोठे आहे.
audio/chunk_02255.wav|मना एवढे बळ तुझ्या पंखात येईल.
audio/chunk_02256.wav|हे आठवले आणि Situ-ने उंच भरारी घेतली. त्याबरोबर Situ उंच गेला आणि पटकन परत भरारी घेऊन Situ खड्ड्यात गेला. त्याने आपल्या चोचीने पायाने
audio/chunk_02257.wav|चिटू, ससे ताईला वर का आणलं? सगळे प्राणी खुश झाले.
audio/chunk_02258.wav|आणि मग between you
audio/chunk_02259.wav|आनंदाने प्रेमाने स्वीटीला आलिंगन दिले.
audio/chunk_02260.wav|सगळे प्राण्यांनी, सगळ्या प्राण्यांनी
audio/chunk_02261.wav|Sweetu-चा जयजयकार केला, सगळे खुश झाले, आनंदित झाले, एवढे कठीण काम एवढ्या छोट्या Sweetu-ने केले.
audio/chunk_02262.wav|त्यामुळे सगळ्या प्राण्यांना, पक्ष्यांना आश्चर्य वाटले. मग Sweetu घरी आला.
audio/chunk_02263.wav|घरी आला आई त्याची वाटच पाहत होती.
audio/chunk_02264.wav|म्हणाला आईला, सुतू काय म्हणाला? आई, मी आज उठण्याचा प्रयत्न केला. होय बाळा, छान झालं बघ, असाच प्रयत्न कर. पण आई, त्याच्याबरोबर मी 1 नवीन काम केलं, नवीन काम शिकलो. अरे बाळा, काय शिकलास नवीन काम?
audio/chunk_02265.wav|आई, मी काय केलं माहिती आहे तुला?
audio/chunk_02266.wav|तू म्हटली होतीस तू मोठा झालास की तुझ्या पंखात बळ येईल.
audio/chunk_02267.wav|तुझे मन मोठे आहे.
audio/chunk_02268.wav|काही दिवसांनी तुझ्या मना एवढेच तुझ्या पंखात बळ येईल म्हणली होतीस, पण मी आज पंखातल्या बळापेक्षा माझं मन मोठं केलं.
audio/chunk_02269.wav|त्यामुळे मला काय वाटते आहे आई?
audio/chunk_02270.wav|आपल्या पंखाच्या बाळापेक्षा
audio/chunk_02271.wav|मनाचे साहस मोठे पाहिजे आणि दुसऱ्याला मदत करण्याची आपल्या हिम्मत पाहिजे, साहस पाहिजे आपल्याला.
audio/chunk_02272.wav|असे म्हटल्यावर आई खुश झाली बाळा काय झालं?
audio/chunk_02273.wav|मग त्याने घडलेली हकीकत सांगितली, मी Chitu-ला कट्ट्यातनं वर काढलं. आईने Chitu-शी खूप कौतुक केले आणि आई म्हणाली, बाळा असाच मोठ्या मनाचा रहा. अरे!
audio/chunk_02275.wav|आपल्या पंखा, आपल्या शरीरात जरी बळ नसले,
audio/chunk_02276.wav|तरी आपले मन मोठे पाहिजे, ह्या मोठ्या मनाने आपल्याला दुसऱ्याला मदत करता आली पाहिजे, म्हणजे आपण उंच आकाशात गवसणी घालू शकतो, भरारी घेऊ शकतो.
audio/chunk_02277.wav|असे म्हणून आईने Sweetu-ला आपल्याजवळ घेतले.
audio/chunk_02279.wav|दरबंच्या जंगलात एका उंच विशाल झाडाच्या झाड फांदीवर सुंदरी मांजरी ताईंनी आपलं घर बांधलेलं होतं.
audio/chunk_02280.wav|त्यांनी मुद्दामच उंचावर घर बांधलं होतं, कारण त्या काय म्हणायच्या जंगलातल्या छोट्या मोठ्या प्राण्यांचा मला त्रास नको, म्हणून त्या उंचावर जाऊन राहिल्या होत्या.
audio/chunk_02281.wav|त्या झाडाचा बुंदा खूप मोठा होता.
audio/chunk_02282.wav|आणि त्या पुंद्याच्या
audio/chunk_02283.wav|छोटे उंदीर मामा, त्यांचा परिवार आणि इतर त्यांचे जातबाई यांची घरे होती.
audio/chunk_02284.wav|पण छोटे उंदीर मामा त्यांचे जात भाई परिवार खाली अंगणात खेळायला लागला, फिरायला लागले आणि नाही निघाले. की त्यांना काय सुंदरी मांजरी त्यांची भीती वाटायची. ते खूप घाबरायचे. तिची जरा जरी हालचाल दिसली.
audio/chunk_02285.wav|ते घाबरून आपल्या बिळात पटकन लपून बसायचे.
audio/chunk_02286.wav|एकदा काय झालं, Sundari Manjari ताई झाडावरून खाली यायला लागल्या. त्या जंगलात अन्न आणण्यासाठी निघाल्या होत्या. तेव्हा छोटे उंदीर मामाही अन्न आणाय निघाले आणि इतर उंदीर मामा
audio/chunk_02287.wav|सुंदरी मांजरी ताई आलेल्या पाहता सगळे उंदीर मामा पळत पळत पळत जाऊन बिळात लपून बसले.
audio/chunk_02288.wav|आणि छोटे उंदीर मामा अण्णा नाही निघाले.
audio/chunk_02289.wav|ते बिळात गेले नाही, ते पुढेच चालले होते. तेवढ्यात Sundari Manjari ताईंनी त्यांना पाहिलं आणि त्यांचा पाठलाग सुरू केला.
audio/chunk_02290.wav|अरे देवा, आता ही Sundari Tai मला खाऊन टाकणार, असे म्हणत छोटे उंदरी मामा अगदी वेगात पळाले आणि तरी पण त्यांचा पाठलाग Sundari मांजरी ताई करत होत्या. शेवटी ते एका झाडाच्या आडोशाला लपून बसले.
audio/chunk_02291.wav|आणि Sundari Manjari Tai त्यांना पकडण्यासाठी गेल्या. त्या झाडाच्या खाली 1 शिकाऱ्याने लावलेले जाळे होते. त्यात Sundari Manjari Tai अडकल्या.
audio/chunk_02292.wav|ते 1 जाळे शिकाऱ्याने लावली होती.
audio/chunk_02293.wav|आदल्या दिवशी 1 शिकारी जंगलात आला होता आणि त्याने दिवसभर थांबून पाहिलं पण त्याच्या जाळ्यात 1-ही प्राणी किंवा पक्षी आला नाही.
audio/chunk_02294.wav|त्यामुळे संध्याकाळी निराश होऊन तो शिकारी आपल्या घरी गेला.
audio/chunk_02295.wav|तो काय म्हणाला, जाळे आपण इथेच ठेवून जाऊया.
audio/chunk_02296.wav|कारण उद्या आलं की एखादा तरी प्राणी पक्षी आपल्याला या जाळ्यात मिळेल म्हणून शिकारी जाळी सोडून गेला होता.
audio/chunk_02297.wav|आणि आता या Sundari Manjari ताई जाळ्यात अडकल्या.
audio/chunk_02298.wav|काय करायचे? छोटे उंदीर मामांनी पाहिलं, हळूच वाकून पाहत होते. सुंदरी मांजरी ताई शिकाऱ्याच्या जाळ्यात अडकल्या होत्या आणि त्या काय म्हणत होत्या, वाचवा वाचवा कोणी आहे का?
audio/chunk_02299.wav|अहो कोणी आहे का कोणी आहे का?
audio/chunk_02300.wav|मग छोट्या उंदीर मामांनी पाहिलं.
audio/chunk_02301.wav|बरं झालं Sundari ताई अडकली ती.
audio/chunk_02302.wav|आता आपल्याला भिण्याची कारण नाही असे ते म्हणाले. तेवढ्यात Sundari Manjari Tai-चं ओरडणं ऐकून सगळे उंदीर मामा पळत पळत आले आणि झाडीत लपून त्यांनी पाहिलं. अरे Sundari Manjari Tai जाळ्यात अडकली सगळे उंदीर मामा khush झाले त्यांना खूप आनंद मिळालं.
audio/chunk_02303.wav|झाला. ते काय म्हणाले, अरे आता आपल्याला निवांतपणे फिरता येईल. अन्न आणाय जाताना जंगलात फिरताना आता आपल्याला कशाचीही भीती नाही. बरं झालं Sundari मांजरी ताई जाळ्यात अडकल्या. असे म्हणून सगळे उंदीर मामा khush झाले आणि Sundari मांजरी ताई
audio/chunk_02304.wav|ज्या जाळ्याभोवती आनंदाने नाचू लागले. आता का सुंदरी मांजरी ताई रागाने पाहू लागल्या, ते खूप नाचाय लागले, गाणे म्हणाय लागले, त्यांना खूप खूप आनंद झाला होता. पण सुंदरी मांजरी ताई रागाने पाहत होत्या, त्या काय म्हणाल्या, अरे मी जाळ्यात अडकले.
audio/chunk_02305.wav|म्हणून आनंदानं celebration करता काय?
audio/chunk_02306.wav|उत्सव करता काय मी अडकले म्हणून, नाचा नाचा काय नाचायचे ते नाचा, पण मी ज्यावेळी चाळत नाही सुटेल का नाही, तेव्हा एकेकेला गट्टम करून खाऊन टाकेन.
audio/chunk_02307.wav|व हे तिचे बोलणे ऐकले की आणखीनच चोरात उंदीर मामा सगळे नाचायला लागले.
audio/chunk_02308.wav|छोटे उंदीर मामा झाडाच्या आडून सगळे पाहत होते.
audio/chunk_02309.wav|मग त्यांच्या मनात काय विचार आला? अरे!
audio/chunk_02310.wav|कितीही केलं Sundari Manjari ताई आपल्या जंगलातली आहे.
audio/chunk_02311.wav|ती जरी आपला शत्रू असली
audio/chunk_02312.wav|आपण तिला वाचवणं कर्तव्य आहे, ती अडचणीत सापडल्या.
audio/chunk_02313.wav|आणि आपल्या जंगलातली आहे जंगलात सगळ्या प्राण्यांनी एकत्रितपणे राहिलं पाहिजे.
audio/chunk_02314.wav|जंगलात एकता पाहिजे.
audio/chunk_02315.wav|असे म्हणाले आणि त्यांनी मग काय केलं छोटे उंदीर मामांनी? त्यांनी इथं राहिलेल्या सगळ्या उंदीर मामांना बोलवून घेतलं. सगळे उंदीर मामा आले आणि त्यांनी सांगितलं हे पहा जाळे कुरतडून सुंदरी मांजरी ताईंना बाहेर काढा. मग सगळ्या उंदीर मामांनी जाळे
audio/chunk_02316.wav|पुरतडले. मग सुंदरी मांजरी ताई जाळ्यातनं बाहेर आली आणि म्हणाली, छोटे उंदीर मामा आणि सगळे उंदीर मामा
audio/chunk_02317.wav|तुमचे खूप खूप धन्यवाद, मला संकटातून तुम्ही वाचवलं, खूप उपकार झाले माझ्यावर.
audio/chunk_02318.wav|मग छोटे उंदीर मामा म्हणाले, अगं सुंदरी ताई उपकार कशाला म्हणतेस? अगं
audio/chunk_02319.wav|आमचे कर्तव्यच होतं तुला वाचवण्याचं, संकटात पडलेल्या मित्राला वाचवणे हे आपलं काम आहे आणि
audio/chunk_02320.wav|किती जरी आपण एकमेकाबरोबर भांडत असलो तरी सगळे जंगलातले प्राणी आपआपले आपले एकमेकाचे मित्र आहेत.
audio/chunk_02321.wav|त्यामुळे तू धन्यवाद मानू नकोस.
audio/chunk_02322.wav|असे म्हणून सुंदरी मांजरी ताई आणि सगळे उंदीर मामा निघून गेले. मग छोटे उंदीर मामा थोड्या वेळाने आले आणि त्यांनी काय केलं? 1 छोटीशी घंटी आणली आणि सुंदरी मांजरी ताईच्या गळ्यात बांधली. अरे छोटू हे काय केलंस?
audio/chunk_02323.wav|असं नाही, Sundari Manjari Tai, तुला 1 सांगतो, आता तू कधीही संकटात पडलीस, की तुझी घंटी वाजली की आम्हाला समजेल तू संकटात आहेस, मग आम्ही सगळे पटकन धावून येऊ, तुझी सुटका करू.
audio/chunk_02324.wav|अरे वा वा Chhotu!
audio/chunk_02325.wav|किती माया करतोस माझी असे म्हणून सुंदरी मांजरी ताई निघून गेली.
audio/chunk_02326.wav|मग Sundari Manjari ताई एकदा जंगलात अन्न नाही गेल्या.
audio/chunk_02327.wav|आणि अन्न घेऊन येताना काय झालं?
audio/chunk_02328.wav|ए जंगलातली चालाखी लांडगीण ताई आली आणि सुंदरी मांजरी ताईंच्या मागं लागली. सुंदरी मांजरी ताई वेगात पळत होत्या.
audio/chunk_02329.wav|पण त्या लांडगीन ताईंने त्यांचा पाठलाग केला.
audio/chunk_02330.wav|सुंदरी मांजरी ताई घाबरली! वाचवा वाचवा!
audio/chunk_02331.wav|अशा करायला लागल्या आणि त्यांच्या गळ्यातली घंटी वाजू लागली.
audio/chunk_02332.wav|मग हे छोटे उंदीर मामा आणि इतर सगळ्या उंदीर मामांना कळलं, लगेच सगळे उंदीर मामा पटापटा धावत आले आणि त्यांनी पटकन चालाकी लांडगीन ताईंच्या अंगावर उड्या घेतल्या.
audio/chunk_02333.wav|आणि कोणी चालाखी लांडगीन ताईंची मान चावून काढली, कोणी पाय चावले, कोणी पाठीला चावले, त्यामुळे घायाळ झालेली चालाखी लांडगीन ताई तिथून निघून पळून गेली आणि सुंदरी मांजरी ताईंची सुटका झाली.
audio/chunk_02334.wav|त्यामुळे परत आणखी एकदा छोटे उंदीर मामा आणि इतर सगळ्या उंदीर मामांचे सुंदरी मांजरी ताईने धन्यवाद मानले. मग सुंदरी मांजरी ताई म्हणाले, मित्रांनो आता आपण एकमेकांचे मित्र होऊया. मग ते सुंदरी मांजरी ताई छोटे उंदीर मामा इतर सगळे एकमेकांचे मित्र.
audio/chunk_02335.wav|मित्र झाले आणि जंगलात आनंदाने राहू लागले.
audio/chunk_02336.wav|म्हणून कसा आहे आपला शत्रू जरी असला
audio/chunk_02337.wav|तर संकटात त्याला आपण मदत करावी आणि त्याची सुटका करावी.
audio/chunk_02339.wav|आफ्रिकेच्या गंधार जंगलात गजराज नावाचे हत्ती दादा राहत होते.
audio/chunk_02340.wav|बलाठ्य ताकदवान होते.
audio/chunk_02341.wav|पण आता ती म्हातारी झाली होती.
audio/chunk_02342.wav|सुरुवातीला तरुण असताना
audio/chunk_02343.wav|ते आपल्या कळपाबरोबर राहायचे.
audio/chunk_02344.wav|कळपात खूप त्यांना मान होता कारण ते खूप हुशार होते, मोठमोठी कामे करायचे. त्यामुळे सगळे कळपातले हत्ती दादा
audio/chunk_02345.wav|त्यांचा सत्कार करायचे, त्यांचा जय जय करायचे, त्यांचं खूप कौतुक करायचे.
audio/chunk_02346.wav|खूप कामे केली त्यांनी मोठी धाडसाची Gajraj Hatti दादांनी.
audio/chunk_02347.wav|म्हातारे झाले ताकदेही त्यांची क्षीम झाली.
audio/chunk_02348.wav|ती म्हातारी झाल्यामुळे कळपाने त्यांना सोडून दिले. मग ते या Africa-च्या जंगलात राहत होते.
audio/chunk_02349.wav|मिळेल ते गव.
audio/chunk_02350.wav|फळे खाऊन ते आपले जीवन
audio/chunk_02351.wav|ते फळे गवत खाऊन झालं की जंगलातल्या सरोवरात येऊन पाणी प्यायचे आणि पाणी पिऊन झाले की सरोवराच्या काठावर
audio/chunk_02352.wav|शांत बसायचे सरोवरातल्या पाण्याकडे पाहत.
audio/chunk_02353.wav|त्यांना आपले तरुणपणाचे आठवायचे दिवस.
audio/chunk_02354.wav|तरुणपणे मी किती कामे केली.
audio/chunk_02355.wav|किती कष्ट केले, मला किती मान होता.
audio/chunk_02356.wav|Gajraj Hatti Dadani जंगलचे राजे
audio/chunk_02357.wav|भयंकर असे Sher Singh.
audio/chunk_02358.wav|यांना आपले मित्र केले होते. Tiger Wagoba-चे प्राण वाचवले होते. अशी खूप खूप साहसाची कामे त्यांनी केली होती.
audio/chunk_02359.wav|ते दिवस आठवायचे आणि ते पाण्याकडे पाहत बसायचे.
audio/chunk_02360.wav|रोज त्यांचा हा नित्यक्रम होता.
audio/chunk_02361.wav|एकदा ते असेच बसले होते.
audio/chunk_02362.wav|तेव्हा जंगलातला 1 छोटासा पांढराशुभ्र कुबकुबीत लाल डोळ्यांचा
audio/chunk_02363.wav|आणि कापसासारखा अंग असलेला पिटू ससेभाऊ.
audio/chunk_02364.wav|आला आणि सरोवरातले पाणी प्यायला गेला.
audio/chunk_02365.wav|2nd दिवशी तेच झालं, 3rd दिवशी तेच झालं. शसेभाऊ यायचे, पाणी प्यायचे आणि जायचे. मग 4th दिवशी गजराज हत्ती दादा काय म्हणाले?
audio/chunk_02366.wav|मग Gajraj Hatti Dada म्हणाले, अरे!
audio/chunk_02367.wav|माझं नाव आहे का Jiraj? तुझं नाव काय बाळा?
audio/chunk_02368.wav|आजोबा, माझं नाव Pitu.
audio/chunk_02369.wav|अरे मग मी पाहतो आहे रोज रोज तू पाणी प्यायला सरोवरात एकटाच येतोस तुला मित्र नाहीत का?
audio/chunk_02370.wav|आजोबा मला मित्र आहेत.
audio/chunk_02371.wav|पण ते मला खेळायला घेत नाहीत, का रे बाळा?
audio/chunk_02372.wav|अहो मी त्यांच्यासारखं वेगात पळत नाही मी शिस्ती शिस्ती टुनू टुनू उड्या मारत चालतो म्हणून ते मला खेळायला घेत नाहीत.
audio/chunk_02373.wav|मग माझ्याशी मैत्री करशील?
audio/chunk_02374.wav|हो आजोबा मला आवडेल तुमच्याशी मैत्री करायला.
audio/chunk_02375.wav|अरे मलाही ताकद नाही मलाही भरभर चालता येत नाही तुलाही येत नाही
audio/chunk_02376.wav|मग आपण दोघे मित्र होऊया. ठीक आहे. आजोबा तुम्ही माझे मित्र, मी तुमचा मित्र. मग असे म्हणून
audio/chunk_02377.wav|Vithu Sasebhau-ची आणि Gajraj Hatti Dada-ची खूप घट्ट मैत्री झाली.
audio/chunk_02378.wav|मग सरोवराच्या काठी रोज Gajraj Hatti Dada आले की Pitu बरोबर खेळायचे.
audio/chunk_02379.wav|पाठीवर बसायचा, हत्ती दादा त्याला जवळ घ्यायचे, कुरवाळायचे, सोंड मायेने त्याच्या तोंडावरून फिरवायचे आणि आपल्या पाठीवर बसून हळूहळू जंगल फिरवून आणायचे. खूप दोस्ती झाली दोघांची.
audio/chunk_02380.wav|आणि एकदा काय झालं जंगलात काही शिकारी आले.
audio/chunk_02381.wav|भयंकर शिकारी होते ते.
audio/chunk_02382.wav|त्यांनी जाळी आणली होती आणि ते सुंदर सुंदर प्राण्यांना पकडून नेत होते, त्यामुळे सगळे जंगल भयभीत झाले होते, सगळे प्राणी घाबरले होते, ते लपून छपून गुहेत झाडीत बसले होते.
audio/chunk_02383.wav|मग हे Pitu-ला कळल्यावर Pitu पळत पळत आला आणि म्हणाला, आजोबा काय करायचं जंगलात शिकारी आले आहेत आपल्याला आता धोका आहे.
audio/chunk_02384.wav|तेव्हा आजोबा काय म्हणाले?
audio/chunk_02385.wav|गजराज आजोबा म्हणाले, बाळा पिटू तू लहान आहेस.
audio/chunk_02386.wav|तुझ्या जीवाला धोका आहे.
audio/chunk_02387.wav|मला नाही धोका. अरे मी जंगलात राहिलो काय आणि शिकाऱ्याने मला पकडून नेलं काय? माझ्या काहीच फरक पडणार नाही. पण तू तुझा जीव प्रिय आहे, तू लहान आहेस त्यामुळे...
audio/chunk_02388.wav|तू बचाव कर. कळलं का? हो आजोबा. असे म्हणून भितू पळत पळत निघून गेला तिथनं आणि त्याने जंगलचे Sher Singh राजे, Tiger Waghoba, अस्वल मामा आणि इतर प्राण्यांना बोलवून आणलं आणि सांगितलं हे पहा आपल्या जंगलात.
audio/chunk_02389.wav|आपले गजराज हत्ती आजोबा आहेत ना त्यांनी तरुणपणी खूप मोठा पराक्रम केलाय. खूप धाडसाची कामे केली आहे. त्यामुळे आता आपल्या जंगलात शिकारी आलेत. आपण सगळी एकत्र येऊन शिकाऱ्यांना घालवूया, चळो की पळो करून सोडूया. म्हणजे आपले जंगल वाढ
audio/chunk_02390.wav|आपल्या जीव वाचेल. नाही असं केले आपण, तर उद्या आपण कोणीही शिल्लक राहणार नाही. हे सगळ्यांना पटले आणि मग दुसऱ्या दिवशी शिकारी आल्यावर सगळे प्राणी गेले.
audio/chunk_02391.wav|सिंह शेर राजानी काय केलं? मोठी गर्जना केली. त्याबरोबर शिकारी घाबरले.
audio/chunk_02392.wav|वाघोबानी शिकाऱ्यांची जाळी फाडून टाकली. अस्वल मामांनी मोठमोठी
audio/chunk_02393.wav|झाडे पाडली त्यामुळे शिकारी गडबडले.
audio/chunk_02394.wav|Pitu-ने काय केले? Pitu-ने पळत पळत पुढे जाऊन सगळ्या शिकाऱ्यांच्या पायांचे चावे घेतले. त्यामुळे काय झाले, काय करावे शिकाऱ्यांना कळेना. सगळं आहे तिथेच टाकून सगळे शिकारी पळून निघून गेले. त्यामुळे जंगलाचे रक्षण झाले.
audio/chunk_02395.wav|मग Sher Singh राजांनी आणि इतर प्राण्यांनी Pitu-ची खूप खूप प्रशंसा केली आणि त्याचे कौतुक केले हुशारीचे हुशार बुद्धीचे.
audio/chunk_02396.wav|आणि मग Pitoo आपल्या Gajraj आजोबांच्याकडे गेला आणि म्हणाला, आजोबा शिकाऱ्यांना आम्ही पळवून लावलं. अरे वा बाळा! म्हणून Sonde-ने आपल्या जवळ Pitoo-ला घेतलं Gajraj Hatti दादांनी आणि म्हणाले, बाळा खूप खूप तुझे कौतुक रे!
audio/chunk_02397.wav|अरे तू छोटा असून जंगलावर आलेले एवढं मोठं संकट
audio/chunk_02398.wav|तुझ्या बुद्धीने तू घालवलंस खरंच तुझं कौतुक आहे रे पिटू
audio/chunk_02399.wav|मग Pitu म्हणाला, आजोबा, मी आता तुमची सेवा करत तुमच्या जवळ राहणार, ठीक आहे. मग Pitu आजोबांच्या जवळ सेवा करत राहिला. ज्या वेळेला आजोबांनी कौतुक केलं, त्यावेळी त्यांच्या डोळ्यातून अश्रू येत होते. आजोबा, तुम्ही का रडताय? नाही रे Pitu, तू छोटा आहेस.
audio/chunk_02400.wav|तुझे कौतुक पाहिले आणि हे आनंद अश्रू आले आहेत माझ्या डोळ्यातून असे म्हणून आजोबांच्या डोळ्यातून आणखी अश्रू यायला लागले.
audio/chunk_02401.wav|मग आजोबा म्हणाले, बाळा रहा माझ्याजवळ, पिटू. आणि मग
audio/chunk_02402.wav|Gajraj आजोबा म्हणाले, Pithu!
audio/chunk_02403.wav|मैत्री आपली दृढ झाली आहे आणि
audio/chunk_02404.wav|कोणाशीही मैत्री करण्यासाठी
audio/chunk_02405.wav|लहान असो, मोठा असो, छोटा असो, श्रीमंत असो, कोणी असो, मैत्री ही मनापासून केली की ती मैत्री होते, असे म्हणून आजोबांनी आणखीनच आपल्याजवळ पिठूला घेतले आणि परत ते दोघे आनंदाने राहू लागले.
audio/chunk_02407.wav|Sundarban-चे जंगल अतिशय निसर्गरम्य जंगल होते.
audio/chunk_02408.wav|या जंगलात मोठी मोठी फळांची झाडी होती.
audio/chunk_02409.wav|छोटी मोठी फुलांची झाडे होती, सुंदर सरोवर होते आणि जंगलात राहणारे अनेक विविध प्रकारचे प्राणी होते.
audio/chunk_02410.wav|रंगीबेरंगी पक्षी होते.
audio/chunk_02411.wav|फुलावर उडणारी सुंदर सुंदर रंगीबेरंगी फुलपाखरे होती.
audio/chunk_02412.wav|आणि सगळ्या जंगलबर
audio/chunk_02413.wav|हिरवेगार मऊ मऊ गालीचे अंतरले होते गवताचे.
audio/chunk_02414.wav|हे जंगल पाहिले की डोळ्याचे पारणे पिटून जायचे असे हे जंगल होते.
audio/chunk_02415.wav|या जंगलाला या विविध रंगीबेरंगी प्राण्यांच्यामुळे तर खूपच शोभा आली होती.
audio/chunk_02416.wav|आणि एकदा काय झालं या जंगलात?
audio/chunk_02417.wav|त्याने हे जंगल पाहिलं आणि म्हणाला, अरे वा! किती सुंदर जंगल आहे हे!
audio/chunk_02418.wav|हे जंगल पाहून असं वाटतं आहे.
audio/chunk_02419.wav|की जणू स्वर्ग पृथ्वीवर अवतरला आहे.
audio/chunk_02420.wav|किती सुंदर जंगल हे! त्याने पुढे जाऊन पाहिले तर भरपूर प्राणी, पक्षी, फुलपाखरे, सुंदर दृश्य त्याला दिसलं.
audio/chunk_02421.wav|ते दृश्य प्राणी बघितल्यावर तो काय म्हणाला?
audio/chunk_02422.wav|अरे रे रे इतके सुंदर प्राणी!
audio/chunk_02423.wav|मग त्याच्या डोक्यात 1 विचार आला.
audio/chunk_02424.wav|तो काय म्हणाला, आपण दररोज येऊन या जंगलातला 1-1 प्राणी रोज नेला.
audio/chunk_02425.wav|आणि शहरात नेऊन विकला तर आपल्याला भरपूर पैसे येतील.
audio/chunk_02426.wav|आणि आपण खूप श्रीमंत होऊ.
audio/chunk_02427.wav|असे तो शिकारी मनाशी म्हणाला.
audio/chunk_02428.wav|तर एका मऊ मऊ गवताच्या गालीच्यावर जंगलातले टुनटुन ससे भाऊ.
audio/chunk_02429.wav|नटकट माकड दादा आणि चंचला खारुताई.
audio/chunk_02430.wav|लपाछिपीचा खेळ खेळत होते, पाठशिवणीचा खेळ खेळत होते, मज्जेत अगदी उड्या मारत त्यांचा खेळ चालला होता.
audio/chunk_02431.wav|मग शिकाऱ्याने काय केले? 1 झाडाखाली जाळे लावले आणि तो बाजूला उभा राहिला.
audio/chunk_02432.wav|तेवढ्यात काय झालं? खेळता खेळता नटकट माकड दादा आले आणि जाळ्यात अडकले.
audio/chunk_02433.wav|त्याबरोबर ते ओरडायला लागले, अरे खारुताई! शशीभाऊ मला वाचवा, मला वाचवा, मी जाळ्यात अडकलोय, या ना लवकर!
audio/chunk_02434.wav|Susheb पाहुनी आणि Kharutai-नी Makad Dada-चा आवाज ऐकला, ते पळत पळत आले, त्यांनी पाहिलं Makad Dada शिकाऱ्याच्या जाळ्यात अडकलेत, मग ते दोघे पळत पळत...
audio/chunk_02435.wav|इतर प्राण्यांना सांगाय गेले, जंगलातल्या सगळ्या प्राण्यांना त्यांनी सांगितलं, मग सगळे प्राणी आले, तोपर्यंत शिकारी जाळ्याजवळ आला होता.
audio/chunk_02436.wav|तो आता जाळ्या सोबत माकड दादांना उचलणार होता. एवढ्यात Bablu हत्ती दादा धावत गेले आणि त्यांनी सोंडेने मोठा चित्कार केला आणि Asol मामा ही जोरात ओरडले. त्याबरोबर शिकारी जाळे टाकून तिथून पळून निघून गेला.
audio/chunk_02437.wav|मग सगळ्या प्राण्यांनी नटकट माकड दादांना सोडवले.
audio/chunk_02438.wav|आणि मग सगळे प्राणी घाबरले. सगळ्यांनी जाऊन Shersingh महाराजांना सांगितलं.
audio/chunk_02439.wav|शेरसिंग महाराज जंगलचे राजे होते, ते अतिशय प्रजादक्ष राजे होते.
audio/chunk_02440.wav|ते आपल्या मुलाप्रमाणे जंगलच्या प्राण्यांची काळजी घेत होते.
audio/chunk_02441.wav|त्यामुळे जंगलात खूप आनंद होता.
audio/chunk_02442.wav|मग Shersingh Maharaj म्हणाले, अरे आपल्या आनंदी जंगलाला कोणाची बरी दृष्ट लागली? कोण होता शिकारी तो? आता मला खूप भीती वाटायला लागली आहे.
audio/chunk_02443.wav|आता काय करायचं आपण? काही दिवसांनी एक एक प्राणी आपल्यातला कमी होत जाईल, आपले जंगल संपून जाईल. काय करायचे? मला तर खूप घाबराय झाले आहे.
audio/chunk_02444.wav|तेव्हा Bablu Hatti Dada धीर देत म्हणाले, महाराज घाबरायचं नाही. यावर घाबरणे उपाय नाही. यासाठी आपण ते संकट परत कसे घालवायचे?
audio/chunk_02445.wav|घाबरणे यावर उपाय नाही आणि संकट कितीही मोठे असले तर ते आपण सगळ्यांनी एकजूट करून घालूया.
audio/chunk_02446.wav|आणि मोठे संकट हे आपल्यापेक्षा मोठे नसते, आपण सगळे एकत्र झालो की ते संकट आपल्याला भिऊन पळून निघून जाईल. मग हे Sher Singh Maharaj-ना पटलं, सगळ्या प्राण्यांनाही पटलं. मग Sher Singh Maharaj-नी Bablu Hatti Dada-नी योजना केली, काय केली योजना?
audio/chunk_02447.wav|उद्या जर शिकारी आला
audio/chunk_02448.wav|तर नटखट माकड दादांनी झाडावर बसायचं.
audio/chunk_02449.wav|मग शिकारी आलेल्या सगळ्या प्राण्यांना सांगायचं ते कसं सांगायचं?
audio/chunk_02450.wav|शिकारी जंगलाच्या दिशेने यायला लागला, धोका धोका असे ओरडायचे म्हणजे प्राणी सावज होतील.
audio/chunk_02451.wav|मग Sundari Harani ताईंना काय काम दिलं?
audio/chunk_02452.wav|ज्या वेळेला माकडदादा ओरडले धोका करून, पटकन सुंदरी हरणी ताईंने जंगलाच्या पुढच्या बाजूला जायचं जिथून शिकारी येणार आहे तिथं आणि तिथं थांबायचं. शिकारी आला की
audio/chunk_02453.wav|अडचणीच्या रस्त्याने यायचे म्हणजे शिकारी हरणी ताईच्या पाठोपाठ येईल तो वाट भरकटेल.
audio/chunk_02454.wav|वाटेने हरणी ताई त्याला सगळे प्राणी जिथे आहेत तिथे घेऊन येईल.
audio/chunk_02455.wav|मग तिथे शिकारी आला, प्राणी बघून खुश होईल शिकारी, सगळे प्राणी बघितल्यावर त्याला आनंद होईल.
audio/chunk_02456.wav|मग तो जाळी टाकायला गेला.
audio/chunk_02457.wav|की टुनटुन ससेभाऊंनी त्यांच्या पायाचे चावे घ्यायचे.
audio/chunk_02458.wav|अशा तऱ्हेने चावे घेतले की शिकारी घाबरेल, पळायला लागेल. मग हत्ती दादांनी चित्कार करून सोंडेत घेऊन त्याला जंगलाच्या बाहेर नेऊन सोडायचे.
audio/chunk_02459.wav|त्याप्रमाणे दुसऱ्या दिवशी सगळे प्राणी वागू लागले. शिकारी आला. आल्याबरोबर धोका धोका करून नटकट माकड दादा ओरडले.
audio/chunk_02460.wav|सुंदरी हरणी ताई शिकारी यायच्या रस्त्यावर उभा राहिल्या.
audio/chunk_02461.wav|एवढ्यात शिकारी आला, शिकाऱ्याला पाहिल्यावर हरणी ताई वेड्या वाकड्या अडचणीच्या रस्त्याने निघाले, तिच्या पाठोपाठ शिकारी आला. मग जिथे सगळे प्राणी होते तिथे शिकारी?
audio/chunk_02463.wav|आणि शिकारी जाळी टाकणार तेवढ्यात
audio/chunk_02464.wav|Tuntun ससे भाऊंनी शिकाऱ्याच्या पायाचे चावे घ्यायला सुरुवात केली. त्याबरोबर शिकारी घाबरला, ओरडला, खाली पडला आणि उठून उभा राहून पळू लागला, पण तेवढ्यात...
audio/chunk_02465.wav|परत डबू असून मामा जोरात ते शिकाऱ्याच्या अंगावर ओरडले.
audio/chunk_02466.wav|आणि Bablu Hati Dada-नी चित्कार केला आणि शिकाऱ्याला सोंडेत धरलं जंगलाच्या बाहेर नेऊन ठेवलं आणि मोठ्यांदा चित्कार केला त्याबरोबर शिकारी मागे न वळता धावत पळत धावत पळत निघून गेला.
audio/chunk_02467.wav|मागे वळून सुद्धा पाहिलं नाही, आता नाही बाबा हे जंगलात येणार, हे सगळे प्राणी एकमताने आहेत, असे म्हणून शिकारी निघून गेला, मग सगळे प्राणी एकत्र आले आणि Shersingh Maharaj-नी Bablu Hatti Dada-चे सगळ्या प्राण्यांचे कौतुक केले, अरे बघा!
audio/chunk_02468.wav|Singh Maharaj म्हणाले, हत्ती दादा तुम्ही आणि हे सगळे माझे जंगलवासी मित्र तुमच्या या योजनेने आपल्या जंगलावरचे संकट टळले.
audio/chunk_02469.wav|तुमची योजना सफल झाली.
audio/chunk_02470.wav|मग Bablu Hatti Dada म्हणाले, होय महाराज!
audio/chunk_02471.wav|आपण जर सगळे एकत्र असलो की कितीही संकट असले मोठे तर ते आपल्याला
audio/chunk_02472.wav|एका क्षणात घालवता येते.
audio/chunk_02473.wav|बरोबर आहे तुमचं Shersingh Maharaj म्हणाले आणि मग सगळ्या प्राण्यांना आनंद झाला आणि सगळे प्राणी आनंदाने खेळू लागले, नाचू लागले, वागडू लागले आणि टुणटुण
audio/chunk_02474.wav|चंचला खारुताई नटखट माकड दादा
audio/chunk_02475.wav|परत आनंदाने खेळायला लागले.
audio/chunk_02477.wav|सुंदरबनचे जंगल अतिशय निसर्गरम्य
audio/chunk_02478.wav|आणि सुंदर असे होते निसर्गाने नटलेले हे जंगल.
audio/chunk_02479.wav|आणि या जंगलाची शोभा वाढवणारे
audio/chunk_02480.wav|भरपूर प्राणी विविध प्रकारचे होते
audio/chunk_02481.wav|आणि पक्षी ही सुंदर सुंदर रंगीबेरंगी होते.
audio/chunk_02482.wav|फुलपाखरे, सुंदर फुले.
audio/chunk_02483.wav|खूप सुंदर जंगल होतं आणि या जंगलाची शोभा वाढवणारी
audio/chunk_02484.wav|पांढऱ्या शुभ्र गुबगुबीत रंगाच्या
audio/chunk_02485.wav|लाल डोळ्याच्या उभे कान
audio/chunk_02486.wav|आणि गुगुबीत अशा गुगुबी ससेताई राहत होत्या.
audio/chunk_02487.wav|जंगलातनं टुनु टुनु उड्या मारताना अतिशय सुंदर दिसायच्या.
audio/chunk_02488.wav|हिरव्यागार गवतात त्यांचा पांढरा शुभ्र रंग अतिशय मोहक वाटायचा.
audio/chunk_02489.wav|डोळ्याचे पारणे फिटायचे हे सगळे दृश्य बघून.
audio/chunk_02490.wav|असे हे जंगल, प्राणी...
audio/chunk_02491.wav|खूप छान वाटत होतं.
audio/chunk_02492.wav|त्या ससेताईंचं घर
audio/chunk_02493.wav|जंगलातनं 1 नदी वाहत होती.
audio/chunk_02494.wav|आणि नदीच्या काठावर 1 मोठं झाड होतं.
audio/chunk_02495.wav|आणि त्या झाडाच्या खाली पोकळी
audio/chunk_02496.wav|ह्या गुबगुबी ससताईंचं घर होतं.
audio/chunk_02497.wav|सदानकदा त्या काय करायच्या?
audio/chunk_02498.wav|की नदीच्या काठावर जाऊन बसायच्या.
audio/chunk_02499.wav|सुंदर अशी गाजराची, टोमॅटोची, मुळ्याची
audio/chunk_02500.wav|नंतर इतर फळांचीही भरपूर शेती होती.
audio/chunk_02501.wav|ससेताईंना खूप मोह व्हायचा.
audio/chunk_02502.wav|एकदा शेतात जाऊन गाजरे, टोमॅटो, मुळे सगळं खाऊन यावं.
audio/chunk_02503.wav|मध्ये नदी आडवी होती त्यामुळे त्यांना जाता येत नव्हतं आणि नदी
audio/chunk_02504.wav|त्यामुळे तर अतिशय मुश्किल होतं पलीकडे जाऊन गाजरे टोमॅटो खाण्याचं.
audio/chunk_02505.wav|त्यामुळे त्यांना खूप वाईट वाटायचं.
audio/chunk_02506.wav|मग एकदा त्या नदीच्या काठावर बसल्या.
audio/chunk_02507.wav|आणि त्यांच्या डोक्यात 1 युक्ती आली.
audio/chunk_02508.wav|1 जवळजवळ 6-7 मगरी राहत होत्या.
audio/chunk_02509.wav|आणि त्या मगरींना पार करून जाणं अशक्य होतं.
audio/chunk_02510.wav|आणि गुबगुबी ससेताईंना पोहताही येत नव्हतं.
audio/chunk_02511.wav|त्यामुळे त्या नुसत्या शेती बघायच्या.
audio/chunk_02512.wav|त्यावरच आपली भूक भागवायच्या, जंगलातले मऊ मऊ गवर इतर मिळणारी फळे खायच्या.
audio/chunk_02513.wav|एकदा नदीच्या काठावर त्या बसल्या.
audio/chunk_02514.wav|नदीतली काटेरी मगरी ताई वरती आली आणि काय म्हणाली?
audio/chunk_02515.wav|अगं गुबगुब ससे ताई का ग इथं का बसली आहेस?
audio/chunk_02516.wav|पलीकडची शेती पाहत बसले आहे.
audio/chunk_02517.wav|अगं शेती पाहून तुझं पोट भरणार आहे का?
audio/chunk_02518.wav|नाहीतर माझ्या बहिणी किंवा मी
audio/chunk_02519.wav|तुझा 1च घास करू आम्ही.
audio/chunk_02520.wav|म्हणून ससेताई तिथून उठली आणि आपल्या घरी आली.
audio/chunk_02521.wav|परत ससेताईने 1 युक्ती ओचली.
audio/chunk_02522.wav|दुसऱ्या दिवशी ससेताई नदीच्या काठावर येऊन बसली.
audio/chunk_02523.wav|तेव्हा काटेरी मगरी ताई वर आली आणि म्हणाली,
audio/chunk_02524.wav|अगं गुबगुबीत आई तू आज आणखी आलीस काय?
audio/chunk_02525.wav|अगं का काय करायचं सांग बरं?
audio/chunk_02526.wav|काटेरी मगरी ताई आपले जंगलचे राजा Sher Singh आहेत का नाही त्यांनी काय सांगितलंय?
audio/chunk_02527.wav|आणि तुझ्या घराजवळून नदी वाहत्या.
audio/chunk_02528.wav|त्या नदीत मगरी किती आहेत त्या मोजून ये.
audio/chunk_02529.wav|अगं पण कशासाठी महाराजांनी सांगितलं?
audio/chunk_02530.wav|हे बघ, काटेरी ताई महाराजांनी सांगितली आहे.
audio/chunk_02531.wav|जेवढ्या मगरी असतील तेवढ्यांना मी सुंदर असे भोजन देणार आहे.
audio/chunk_02532.wav|काय सांगतेस होय म्हणूनच मी इथे आले आज
audio/chunk_02533.wav|मग अति छान आहे हे.
audio/chunk_02534.wav|अगं काटेरी ताई कसं ग मोजणार तुला सांग बरं?
audio/chunk_02535.wav|तुम्ही पाण्यात, कोण पाण्यात आहात, कोण वरती आहात, कोण खाली गेलात, मला कसं कळणार सांग बरं?
audio/chunk_02536.wav|मग काय करू द्या आम्ही? अगं काटेरी ताई!
audio/chunk_02537.wav|तुम्ही सगळ्या तुझ्या 7 बहिणी अशा ओळीनं पाण्यात आडव्या झोपा.
audio/chunk_02538.wav|मग तुमच्या पाठीवर पाय देऊन मी तुम्हाला मोजते.
audio/chunk_02539.wav|तुम्हाला मोजल्यावर महाराजांना जाऊन सांगते, महाराज तुम्हाला छान सुंदर भोजन देतील.
audio/chunk_02540.wav|अरे वा, छान कल्पना आहे. ठीक आहे, मी माझ्या बहिणींना सांगते. असे म्हणून काटेरी मगरी ताई पाण्यात गेली आणि सगळ्या मगरींना बोलवलं आणि सगळ्या मगरी अशा पाण्यात आडव्या झोपल्या.
audio/chunk_02541.wav|गुबगु ससे ताईने काय केलं?
audio/chunk_02542.wav|काटेरी मगरी ताईच्या पाठीवर पाय दिला.
audio/chunk_02543.wav|आता मी मोजते म्हणून सांगितलं.
audio/chunk_02544.wav|आणि काठेरी मगरी ताईच्या पाठीवर पाय देऊन सांगितलं.
audio/chunk_02545.wav|दुसऱ्या मगरीच्या 2
audio/chunk_02546.wav|तिसऱ्या मगरीच्या पाठीवर पाय दिला 3.
audio/chunk_02547.wav|असे करत करत 7 मगरींच्या पाठीवर पाय दिला आणि पटकन टुणकन उडी मारून गुबगुबी ससेताई
audio/chunk_02548.wav|नदी पलीकडच्या शेतात गेली.
audio/chunk_02549.wav|किती गाजरे, tomato भरपूर होती. तिने गाजरे तोडली, tomato तोडली आणि मगरींना दाखवत म्हणाली, पाहिलं का भोजन Shersingh Maharaj-चं? हे तुमच्यासाठी नव्हतं, माझ्यासाठी होतं.
audio/chunk_02550.wav|मग काटेरी मगरी ताई म्हणाली
audio/chunk_02551.wav|अगं गुबगुब ससे ताई!
audio/chunk_02552.wav|पण ससेताईने लक्ष दिले नाही, तिने भरपूर गाजरे तोडून खाल्ली, टोमॅटो खाल्ली, मुळे खाल्ली, इतर फळेही खाल्ली.
audio/chunk_02553.wav|आणि मग तिने 1 डोक्यात युक्ती केली.
audio/chunk_02554.wav|आणि त्याबरोबर तिने आणखी गाजरे टोमॅटो तोडून घेतली आपल्याबरोबर घरी न्यायला.
audio/chunk_02555.wav|आणि परत नदीच्या काठावर आली.
audio/chunk_02556.wav|तेव्हा काटेरी मगरी ताई म्हणाली, अगं
audio/chunk_02557.wav|तू आता कशी जाणार पलीकडं?
audio/chunk_02558.wav|तू नदीत तुला पोहताही येत नाही.
audio/chunk_02559.wav|तुला काय आम्ही पाठीवर घेणार नाही, कळलं का? तुझा 1च घास मी करणार आहे, तू आम्हाला फसवलंस.
audio/chunk_02560.wav|अगं काठेरी ताई हे काय बोलतेस तू मी तुला सांगणारच आहे ग काय सांगणार आहेस तू
audio/chunk_02561.wav|हे बघ, मला आता तुझ्या पाठीवर बसते, मला पलीकडे नेऊन सोड आणि उद्या माझ्या 6 बहिणींना घेऊन मी येणार आहे.
audio/chunk_02562.wav|परत आणखी या शेतातली गाजरे आणि टोमॅटो खाण्यासाठी
audio/chunk_02563.wav|तर तू काय कर आता मला पलीकडे नेऊन सोड.
audio/chunk_02564.wav|उद्या मी येते बहिणींना घेऊन आम्ही गाजरे टोमॅटो खातो आणि ते खाऊन झालं.
audio/chunk_02565.wav|की तुमच्या पाठीवर आल्यावर तुम्ही 7 बहिणी आम्हाला माझ्या 7 माझ्या सकट 7 बहिणींना तुम्ही खाऊन टाका.
audio/chunk_02566.wav|मग काटेरी मगरी त्यांनी विचार केला.
audio/chunk_02567.wav|Susetai-ला खाण्यापेक्षा
audio/chunk_02568.wav|तिच्या 6 बहिणी आपल्या बहिणीसनी खायला मिळतील.
audio/chunk_02569.wav|ठीक आहे, मग काटेरी मगरी ताई म्हणाली, ठीक आहे, ठीक आहे, चल.
audio/chunk_02570.wav|तुला आम्ही 7 जणी पाठीवर नेऊन पलीकडे सोडतो.
audio/chunk_02571.wav|मग परत सगळ्या मगरी आडव्या झोपल्या.
audio/chunk_02572.wav|गुपगुप ससे ताई 1 2 3 4 5 6 7
audio/chunk_02573.wav|असं करत त्यांच्या पाठीवरनं आली आणि म्हणाली, काटेरी मगरी ताई, तू आणि तुझ्या बहिणी उद्या तयार व्हा, मी माझ्या बहिणींना घेऊन येणार आहे.
audio/chunk_02574.wav|काटेरी मगरी ताई खुश झाली होती. हो हो नक्की आम्ही थांबतो इथं लवकर ये. हो ग येते लवकर असे म्हणून
audio/chunk_02575.wav|गुबगुब ससे ताईने पलीकडच्या तीरावर उडी मारली आणि काय म्हणाली?
audio/chunk_02576.wav|अगं काटेरी मगरी ताई जाताना फसलीस येताना फसलीस
audio/chunk_02577.wav|माझ्या बहिणी कोण नाहीत, मी एकटीच आहे.
audio/chunk_02578.wav|आणि बहिणींना घेऊन यायला मी काय वेडी नाही तुझ्यासारखी फसणारी.
audio/chunk_02579.wav|अगं माझ्या डोक्याच्या चतुर बुद्धीने आणि माझ्या गोड बोलण्याने तुला येता जाता फसवलं, कळलं का?
audio/chunk_02580.wav|असे म्हणून उड्या मारत गाणं गुनगुनत गुगु ससेताई आपल्या घराकडे गेली आणि काटेरी मगरीताई आणि तिच्या बहिणी आ वासून पाहत उभ्या राहिल्या.
audio/chunk_02581.wav|म्हणून डोक्याची चतुर हुशार बुद्धी वापरून
audio/chunk_02582.wav|भयंकर संकट असलं तर ते घालवता येतं.
audio/chunk_02584.wav|त्या जंगलातले Sibba Sher Singh राजे
audio/chunk_02585.wav|आता वयस्कर झाले होते.
audio/chunk_02586.wav|त्यांना आता राज्यकारभार करायला जमत नव्हता.
audio/chunk_02587.wav|कारभार पाहायचा म्हटल्यावर ताकद पाहिजे शक्ती पाहिजे
audio/chunk_02588.wav|ते तसे खूप ताकतवान, हुशार आणि चतुर होते, जंगलचा कारभार चांगला सांभाळत होते.
audio/chunk_02589.wav|प्रजेवर त्यांचं मुलासारखं प्रेम होतं.
audio/chunk_02590.wav|आणि प्रजेचही त्यांच्यावर खूप प्रेम होतं.
audio/chunk_02591.wav|त्यांच्या राज्यात सगळी प्रजा आनंदी आणि समाधानी होती, पण वय झाल्यामुळे Sibba Raje Shersingh-ना काय वाटलं? अरे, आपण आता दुसरा राजा निवडायला पाहिजे, आपल्या जंगलातलाच एखाद्या प्राण्याला राजा केलं पाहिजे, आता आपल्याला कारभार करणे जमणार नाही, म्हणून त्यांनी
audio/chunk_02593.wav|मग राजाने सांगितलं, हे पहा मित्रांनो, मी आता आपल्या जंगलासाठी नवीन राजा निवडणार आहे. तुमच्यातलाच 1 राजा करणार आहे, पण त्यासाठी तुम्हाला 1 परीक्षा द्यावी लागेल. सगळे प्राणी म्हणाले,
audio/chunk_02594.wav|कोणती परीक्षा महाराज हे पहा.
audio/chunk_02595.wav|मी काय सांगणार आहे ते ऐका.
audio/chunk_02596.wav|कसं आहे मी 8 दिवसाची तुम्हाला मुदत देणार आहे.
audio/chunk_02597.wav|तुम्ही सगळ्यांनी चांगले काम करून मला दाखवायचे.
audio/chunk_02598.wav|जो प्राणी चांगले काम करेल त्याला मी राजा करणार.
audio/chunk_02599.wav|असे म्हणून सगळे प्राणी कामाला लागले.
audio/chunk_02601.wav|Tiger, वाघोबा आणि इतर प्राणी सगळे कामाला लागले.
audio/chunk_02602.wav|वाघोबा काय करायचे? शिकार करून आणायचे आणि जंगलातल्या सगळ्या प्राण्यांना द्यायचे, पण ते कसे द्यायचे? हुकुमशाही गाजवत.
audio/chunk_02603.wav|सगळ्या प्राण्यांना भीती दाखवून
audio/chunk_02604.wav|शिकार आणून द्यायचे, त्यामुळे सगळ्या प्राण्यांना त्यांची खूप भीती वाटायची. ते भोजन देत होते, पण भीती दाखवून.
audio/chunk_02605.wav|लांडगीण ताई काय करायच्या? सगळ्या प्राण्यांना औषधोपचार करायच्या.
audio/chunk_02606.wav|अगोदर औषध देण्या अगोदर स्वतःची त्या प्राण्यांच्याकडून स्तुती करून घ्यायच्या. मी कशी आहे सांगा बरं?
audio/chunk_02607.wav|मी खूप हुशार आहे ना? प्राण्याने होय म्हटले की मग औषध द्यायच्या.
audio/chunk_02608.wav|चंपहारांचाही अशाच करायच्या.
audio/chunk_02609.wav|त्यांनी काय केलं जंगलातलं सगळं सरोवर स्वच्छ केलं.
audio/chunk_02610.wav|पण त्या काय म्हणायच्या? राणी पाणी प्यायला आले.
audio/chunk_02611.wav|कसे आहे स्वच्छ आहे ना पाणी?
audio/chunk_02612.wav|व प्राणी होय म्हणाले की या Champa Aran ताई म्हणायच्या अरे स्वच्छ असणारच पाणी कारण ती मी
audio/chunk_02613.wav|ते पाणी मी स्वच्छ केले बघा बरं मी किती हुशार आहे.
audio/chunk_02614.wav|स्वतःचाच मोठेपणा त्या Champa Harani Tai सांगायच्या.
audio/chunk_02615.wav|बबलू हत्ती दादा असे नव्हते, ते काय करायचे? ते सकाळी लवकर उठायचे.
audio/chunk_02616.wav|सगळ्या जंगलातनं फिरवून सगळ्या प्राण्यांची चौकशी करायचे.
audio/chunk_02617.wav|जंगलातली फळे आणून सगळ्या प्राण्यांना द्यायचे, छोट्या छोट्या प्राण्यांना
audio/chunk_02618.wav|छान पैकी गोष्टी सांगायचे आणि पावसामुळे जंगलात जिथे जिथे खड्डे पडले होते.
audio/chunk_02619.wav|ते ते खड्डे त्यांनी सगळे स्वच्छ केले कारण पाऊस पडल्यावर त्या खड्ड्यात पाणी आले की ते पाणी स्वच्छ असायचे.
audio/chunk_02620.wav|मग वेळप्रसंगी प्राण्यांना ते पाणी प्यायला यावं म्हणून त्यांनी खड्डे स्वच्छ केले. सगळ्यांची कामे झाली. मग सगळे प्राणी Shibaraja-च्या जवळ जमले.
audio/chunk_02621.wav|Shiba राजांनी सगळ्यांचे काम पाहिले होते.
audio/chunk_02622.wav|सगळ्यांची कामे पाहता मी Bablu Hatti दादांना राजा करणार आहे.
audio/chunk_02623.wav|मग प्राणी एकमेकांकडे पाहू लागले.
audio/chunk_02624.wav|तेव्हा Sibbaraje म्हणाले,
audio/chunk_02625.wav|तुम्ही प्राण्यांना भोजन दिलं, पण तुमची हुकुमत चाललीये.
audio/chunk_02626.wav|तुम्ही भीतीत दाखवून त्यांना भोजन दिलं.
audio/chunk_02627.wav|लांडगीन ताई तुम्ही स्वतःची स्तुती करून औषधे दिली.
audio/chunk_02628.wav|स्तुती करवून घेतली प्राण्यांच्याकडून.
audio/chunk_02629.wav|आणि Harani Tai तुम्ही पण स्वतःची स्तुती करून घेतली.
audio/chunk_02630.wav|पण Bablu हत्ती दादांनी तसे केले नाही, त्यांनी कोणतीही स्वतःविषयी स्वार्थी बुद्धी ठेवली नाही.
audio/chunk_02631.wav|निष्पाप बुद्धीने ते काम करत होते, अगदी मनापासून त्यांनी जंगलच्या प्राण्यांची सेवा केली, म्हणून मी त्यांना राजा केलं.
audio/chunk_02632.wav|हे म्हटल्यावर Bablu Hatti Dada म्हणाले नाही महाराज.
audio/chunk_02633.wav|मला राजा म्हणू नका, मी या जंगलचा सेवक आहे आणि सेवकी राहणार.
audio/chunk_02634.wav|असे म्हटल्यावर सगळ्यांनी आनंदाने टाळ्या वाजवल्या, मग Bablu Hatti Dada Sibba राजांच्या मदतीने
audio/chunk_02635.wav|राज्यकारभार करू लागले. पण काय झालं? एके दिवशी जंगलात
audio/chunk_02636.wav|2 मनुष्य प्राणी आले.
audio/chunk_02637.wav|लाकडे तोडण्याची machine होती, त्यांनी एका झाडाखाली ठेवली होती.
audio/chunk_02638.wav|तेव्हा सगळे प्राणी सिंहराजाकडे गेले. महाराज, असे असे मनुष्य प्राणी आले, ते आपली जंगलाची तोड करणार आहे.
audio/chunk_02639.wav|सिंहराजे म्हणाले घाबरू नका आणि सगळे प्राणी
audio/chunk_02640.wav|त्या machine जिथे ठेवली होती तिथे गेले.
audio/chunk_02641.wav|आणि Bablu हत्ती दादा बरोबर मशिनीच्या समोर जाऊन उभे राहिले.
audio/chunk_02642.wav|हत्ती दादा उभे राहिल्यावर पाठीमागून सगळे प्राणी आले आणि हत्ती दादांच्या पाठीमागे उभे राहिले.
audio/chunk_02643.wav|शक्ती क्षीण झाली होती तरी त्यांनी हळू हळूवार आवाजात गर्जना केली.
audio/chunk_02644.wav|त्या गर्जेनेबरोबर ते आलेले मनुष्य प्राणी घाबरले.
audio/chunk_02645.wav|अरे चला आपल्याला आता हे जंगल तोडता येणार नाही. कारण ही प्राण्यांची फौज बघा किती आली आहे.
audio/chunk_02646.wav|आता आपण निघून जाऊया, आपण नाही तोडायचं हे जंगल.
audio/chunk_02647.wav|अरे त्या प्राण्यांची फौज बघता असे वाटते
audio/chunk_02648.wav|हे जंगलचे नुसतेच प्राणी नाही, त्यांचा सर्व हा मोठा परिवार आहे. हे जंगल त्यांचे घर आहे, त्यामुळे आता आपण नाही तोडायचे, आपण निघून जावया. असे म्हणून ते मनुष्य प्राणी निघून गेले. त्याबरोबर सगळ्या प्राण्यांना आनंद झाला आणि Sibba राज्यांचे सगळे
audio/chunk_02649.wav|त्या प्राणाने कौतुक केले आणि Bablu Hatti Dada म्हणाले, महाराज कायम आम्हाला तुमचा सहभाग तुमचा सहभाग आमच्या
audio/chunk_02650.wav|कामात असू दे, आम्हाला कायम प्रोत्साहन देत जावा, मार्गदर्शन करत जावा.
audio/chunk_02651.wav|असे Bablu Hatti Dada म्हणाले, मग सगळ्या प्राण्यांनी Sibba Raja-ंचा आणि Bablu Hatti Dada-ंचा जय जयकार केला.
audio/chunk_02652.wav|एकजूट जर सगळ्यांच्या मध्ये असली की कोणतेही संकट आले तर ते घालवता येते.
audio/chunk_02654.wav|अतिशय जुलमी, अत्याचारी आणि दुष्ट वाघ ओभा राहत होते.
audio/chunk_02655.wav|खूप दुष्टपणाने त्यांना वागवायचे.
audio/chunk_02656.wav|आपल्या जंगलातल्या प्राण्यांची आपणच शिकार करून खायचे.
audio/chunk_02657.wav|हुकुमशाही चालली होती आणि जंगलातले सगळे प्राणी त्यांच्या दशतीखाली वावरत होते.
audio/chunk_02658.wav|काही प्राणी तर जंगल सोडून गेले होते, जे होते ते लपून चपून राहत होते, वावरत होते. अगदी टांगती तलवार मानेवर घेऊन प्राणी जंगलात वावरत होते.
audio/chunk_02659.wav|एकदा काय झालं, वाघोबानी त्यांची मंत्रीन ताई खोटी लांडगीन ताईला सांगितलं, हे बघ लांडगीन ताई!
audio/chunk_02660.wav|हरणाचं मांस खाऊ वाटतंय, त्यामुळे मला हरणाची शिकार आणून दे.
audio/chunk_02661.wav|मग लांडगीन ताईंने सगळ्या जंगलबर शोधलं, पण तिला हरीण सापडलं नाही. निराश होऊन तिने येऊन सांगितलं, महाराज, हरीण सापडत नाहीये.
audio/chunk_02662.wav|असे म्हटल्यावर Tiger वाघोबानी त्या लांडगीन बाईची शिकार करून तिलाच खाऊन टाकलं.
audio/chunk_02663.wav|हे पाहिल्यावर सगळे प्राणी घाबरले.
audio/chunk_02664.wav|हे वाघोबा अन्यायी होते, दुष्ट होते.
audio/chunk_02665.wav|तरी स्वतःला जंगलचा राजा समजत होते.
audio/chunk_02666.wav|वागणूक वेळे सगळे प्राणी घाबरून दपकून दशती खाली वावरत होते.
audio/chunk_02667.wav|लांडगीन ताईला खाल्ल्याले पाहिल्याबरोबर सगळे प्राणी अगदी हपकून गेले.
audio/chunk_02668.wav|एकदा तर हे वाघोबा जंगलातनं निघाले.
audio/chunk_02669.wav|सुंदरी हरणी ताईचं छोटं पिल्लू गवत खात होतं. पटकन त्या पिल्ल्याजवळ गेले त्याची शिकार करण्यात
audio/chunk_02670.wav|तेवढ्यात Sundari Harani Tai गेली आणि म्हणाली, महाराज माझ्या पिल्ल्याला खाऊ नका, माझी शिकार करा, मला खाऊन टाका.
audio/chunk_02671.wav|पण ह्या वाघोबाने ऐकलं नाही. त्यांनी सुंदरी हरणी ताईचं पिल्लूही खाल्लं आणि सुंदरी हरणी ताईची शिकार करून तिला खाऊन टाकलं. असे हे वाघोबा होते. एकदा जंगलातनं निघाले तेव्हा काय झालं?
audio/chunk_02672.wav|दुसऱ्या जंगलातले 1 सिंह राजे आले होते.
audio/chunk_02673.wav|त्यांचे नाव होते Sibba Singh Raje.
audio/chunk_02674.wav|ते या जंगलात आले, त्यांनी पाहिलं, अरे जंगल किती मोठं आहे!
audio/chunk_02675.wav|पण या जंगलात प्राणी पक्षी कोणीच कसं काय दिसत नाही?
audio/chunk_02676.wav|कुठे गेले असतील या जंगलातले प्राणी?
audio/chunk_02677.wav|मला तर आता या जंगलात कायमचं राहावंसं वाटतंय.
audio/chunk_02678.wav|पण जंगलात प्राणीच नाहीत.
audio/chunk_02679.wav|असे बोलत बोलत विचाराच्या तंद्रीत निघाले आणि चुकून या सिंह राजांचा पाय एका खड्ड्यात गेला आणि ते खड्ड्यात पडले.
audio/chunk_02680.wav|खड्ड्यात पडल्यावर ते जोरजोरात ओरडू लागले, अरे कोणी आहे का? कोणी आहे का? मला वाचवा, मला वाचवा, मला वर काढा!
audio/chunk_02681.wav|एवढ्यात Tiger Vagoba समोरून आले. त्यांनी पाहिलं 1 सिंह खड्ड्यात पडलेला आहे. मग Vagoba-ला पाहिल्यावर सिंहराजे म्हणाले, अरे Vagoba मला एवढं खड्ड्यातनं वरती काढा.
audio/chunk_02682.wav|तेव्हा Bhagoba म्हणाले,
audio/chunk_02683.wav|अरे असा आहे प्राण्या तू कोणाला सांगतो आहेस का?
audio/chunk_02684.wav|अरे मी या जंगलचा राजा आहे.
audio/chunk_02685.wav|राजा असली फालतू कामे करत नाहीत, कळलं का? आणि तुला जर वर यायचं आहे, तर जसा पडलास तसा वर ये, मला काम नाही सांगायचं, असे म्हणून वागोबा निघून गेले.
audio/chunk_02686.wav|हाक मारू लागले, अरे कोणी आहे का? मला वाचवा, मला वाचवा!
audio/chunk_02687.wav|तेवढ्या जंगलातनं Appu Hati Dada, Natkat Makad Dada आणि Gobi Sasebhau चालले होते. त्यांनी हाक ऐकली, ते लपून छपून चाललेले होते. खड्ड्याजवळ येऊन बघता...
audio/chunk_02688.wav|सिंहराजाने सांगितले, अरे मित्रांनो, मला एवढं खड्ड्यातनं वर काढा. ठीक आहे, मग लटकट माकड दादांनी
audio/chunk_02689.wav|वेलीचा दोर केला आणि त्याचे डोक
audio/chunk_02690.wav|आणि 2nd टोक Appu Hatti Dada-ने तोंडात दडले. खालचे टोक खड्ड्यातले Singh Raja-ने पंजात पकडले आणि Singh Raja Appu Hatti Dada-ने ओढल्यामुळे वर आले.
audio/chunk_02691.wav|त्यामुळे सिंहराजांनी
audio/chunk_02692.wav|या 3 मित्रांचे खूप खूप आभार मानले.
audio/chunk_02693.wav|तेव्हा ते सगळे प्राणी म्हणाले मा
audio/chunk_02694.wav|सिंहराजे आमचे आभार नका मानू मानू.
audio/chunk_02695.wav|आम्ही खूप दशकेखाली वावरत आहे.
audio/chunk_02696.wav|अरे होय पण या जंगलात प्राणी पक्षी कोणच कसे दिसत नाही सिंहराजे म्हणाले मग आपोहाती दादांनी सगळी कहाणी सांगितली
audio/chunk_02697.wav|आमचे राजे Tiger वाघोबा आहेत.
audio/chunk_02698.wav|ते खूप आमच्यावर अन्याय करतात.
audio/chunk_02699.wav|आम्ही जगतो आहोत ते तोंड दाबून बुक्क्याचा मार असं आमचं जीवन चालू आहे.
audio/chunk_02700.wav|सिंहराजांना वाईट वाटलं.
audio/chunk_02701.wav|मग ते काय म्हणाले, ठीक आहे, मी आता या जंगलातच राहणार आहे, असे म्हणून सिंहराजे निघून गेले.
audio/chunk_02702.wav|आणि हे 3 मित्रही निघून निघून गेले.
audio/chunk_02703.wav|पण एके दिवशी काय झालं? नटकट माकड दादा!
audio/chunk_02704.wav|Gobi Sase Bhau आणि Appu Hatti Dada
audio/chunk_02705.wav|एका झाडाखाली बसले होते.
audio/chunk_02706.wav|गप्पा मारत बोलत ते पण गर्द झाडीच्या आडोशाला बसले होते.
audio/chunk_02707.wav|कधी वाघोबा येतील आणि कधी शिकार करतील हे सांगता येत नव्हतं.
audio/chunk_02708.wav|त्यामुळे ते खूप घाबरायचे.
audio/chunk_02709.wav|आणि काय झालं? ससे भाव एकाएकी उड्या मारायला लागले. उड्या मारायला लागल्यावर त्यांच्या पायाला झाली जखम. पाय लागला दुखायला. तेवढ्यात तिथं Tiger वाघोबा आले आणि ते काय म्हणाले, अरे असा आहे प्राण्यांनो, मी आलेला दिसत नाही का तुम्हाला? मला नमस्कार नाही का करता येत?
audio/chunk_02710.wav|तुम्हाला तेव्हा Appu Hatti Dada म्हणाले, महाराज, Sasebhau-च्या पायाला जखम झाली आहे.
audio/chunk_02711.wav|ससेभाऊंच्या पायाला जखम झाली, मग मी काय मलमपट्टी करू का? मी कोण आहे? जंगलचा राजा आहे, कळलं का?
audio/chunk_02712.wav|आणि Tiger भाबोबा गेले आपल्या पुढच्या पायाच्या पंजाने ससे भाऊला उचललं आणि फेकून दिलं.
audio/chunk_02713.wav|शिबा सिंह राजे येत होते. त्यांनी पटकन ससे भावला आपल्या पुढच्या हाताच्या पंजात झेल आणि घेऊन आले.
audio/chunk_02714.wav|आणि म्हणाले, अरे वाघोबा काय करतोस? तू राजा आहेस या जंगलचा, हे सगळे प्राणी तुझी प्रजा आहे, प्रजेवर असं कोणी वर्तणूक करतं का?
audio/chunk_02715.wav|अशी जुलमी हुकुमशाही नको गाजवूस यांच्यावर.
audio/chunk_02716.wav|अरे कोण तू? तू कुठून आलास माझ्या जंगलात? चल जा निघ इथून.
audio/chunk_02717.wav|मग सिंहराजे म्हणाले, अरे मी जाणार आहे वाघोबा, पण तुला धडा शिकवूनच जाणार आहे.
audio/chunk_02718.wav|चल हे युद्ध करूया असे म्हणून Tiger Waghoba आणि Shivaji Raje यांच्यात युद्ध सुरू झाले.
audio/chunk_02719.wav|Tiger वाघोबांचे सिंह राजापुढे काही चालले नाही, ते खूप जखमी झाले आणि त्यांचा पुढचा पंजा मोडला.
audio/chunk_02720.wav|त्याबरोबर ते खूप घाबरले आणि जखमी अवस्थेत तिथून मागे न वळता पळून निघून झाडीत लांब वर जाऊन बसले. अशा रीतीने प्राण्यांच्यावरचे सगळे संकट टळले, सगळे प्राणी खुश झाले.
audio/chunk_02721.wav|आणि मग हत्ती दादांनी चित्कार केला. चित्कार केल्याबरोबर लपून बसलेले गुहेत आजूबाजूला झाडीत बसलेले सगळे प्राणी आले. सगळ्या प्राण्यांना आनंद झाला.
audio/chunk_02722.wav|मग त्यांनी Sibba Singh Raja-ना आपला राजा केलं. Singh Raje म्हणाले, अरे मित्रांनो, मी तुमचा प्रमुख होतो. मी राजा नाही होणार. अरे तुम्ही आणि मी सारखेच आहोत आपण.
audio/chunk_02723.wav|तुम्ही माझे मित्र, मी तुमचा मित्र. तुम्हाला मी काहीही कमी पडून देणार नाही आणि कोणतही संकट तुमच्यावर कधीही येऊन देणार नाही.
audio/chunk_02724.wav|असेच Sibba Singh Raje म्हणाले, त्याबरोबर सगळ्या प्राण्यांना आनंद झाला, त्यांनी आनंदाने टाळ्या वाजवून Sibba Raje-चे स्वागत केले आणि त्यांना आपल्या प्रमुख म्हणजेच राजा म्हणून नेमले आणि परत जंगलात आनंद सुरू झाला.
audio/chunk_02725.wav|झाला जसे त्या खाली वागणे बंद झाले म्हणून म्हणतात
audio/chunk_02726.wav|कितीही दुष्ट बुद्धी हुकुमशाही केली
audio/chunk_02727.wav|तरी वाईट कर्माचे फळ हे वाईट मिळते आणि चांगल्या कर्माचे फळ हे चांगलेच मिळते.
audio/chunk_02729.wav|एक अतिशय सुंदर देखणे असे मयूर मोर दादा राहत होते.
audio/chunk_02730.wav|निळे अंग उंच माळ डोक्यावर सुंदर असा तुरा
audio/chunk_02731.wav|आणि पाठीमागे
audio/chunk_02732.wav|जांभळ्या हिरव्या रंगाचा मोठा पिसारा.
audio/chunk_02734.wav|मोरू मोर दादा अतिशय गर्विष्ट आणि अहंकारी होते.
audio/chunk_02735.wav|कारण त्यांना आपल्या रूपाचा आणि सुंदर पिसाऱ्याचा खूप गर्व होता.
audio/chunk_02736.wav|ते जंगलातल्या कोणत्याही प्राण्यापेक्षा मिसळायचे नाहीत.
audio/chunk_02737.wav|सदैव आपल्या नादात आणि तालात असायचे.
audio/chunk_02738.wav|ते नाचायला लागले की जंगलातले सगळे प्राणी
audio/chunk_02739.wav|टाळ्या वाजवायचे, त्यांची स्तुती करायचे.
audio/chunk_02740.wav|पण Moru Mor Dada-ना त्याचं काहीही वाटत नसे. ते त्यांच्याकडे लक्षही द्यायचे नाहीत. ते नाचायला लागले की आकाशातून मेघराजाही बरसायचा.
audio/chunk_02741.wav|त्यामुळे जास्त त्वेषाने
audio/chunk_02742.wav|मयूर मोर दादा नाच करायचे.
audio/chunk_02743.wav|त्यांना खूप मजा यायची.
audio/chunk_02744.wav|ज्ञानी कासव दादा राहत होते.
audio/chunk_02745.wav|ते खूप हुशार आणि बुद्धिमान होते.
audio/chunk_02746.wav|जंगलातले सगळे प्राणी, पक्षी अडचणीच्या वेळी त्यांचा सल्ला घ्यायचे.
audio/chunk_02747.wav|ते चांगला सल्ला द्यायचे सगळ्यांना.
audio/chunk_02748.wav|मग Mayur Mor दादाही त्यांचा सल्ला घ्यायचे.
audio/chunk_02749.wav|एकदा काय झालं जंगलच्या Sher Singh राजांनी
audio/chunk_02750.wav|सांस्कृतिक कार्यक्रम ठेवला.
audio/chunk_02751.wav|प्रत्येकाने आपापली कला प्रदर्शन करायची.
audio/chunk_02752.wav|सगळे प्राणी निघाले.
audio/chunk_02753.wav|मग Mayur Mor Dada ही कार्यक्रमासाठी तयारी करू लागले.
audio/chunk_02754.wav|ते पिसारा मोठा फुलवून अतिशय तालात नाचायला लागले, खूप छान नाचायला लागले.
audio/chunk_02755.wav|कार्यक्रमाला निघाले होते.
audio/chunk_02756.wav|आणि नाचता नाचता काय झालं? Mayur Mor दादांच्या पायात काटा घुसला.
audio/chunk_02757.wav|त्यांनी खूप प्रयत्न केला काटा काढण्याचा.
audio/chunk_02758.wav|चोचीने पाय घेऊन जवळ काटा काढण्याचा प्रयत्न केला.
audio/chunk_02759.wav|पण काटा काही निघेना.
audio/chunk_02760.wav|आणि आता काय करायचं म्हणून ते एका जागेवर शांत बसले.
audio/chunk_02761.wav|तेव्हा जंगलातले सगळे प्राणी कार्यक्रमाला निघाले होते.
audio/chunk_02762.wav|Mayur Mor Dada झाडाखाली शांत बसले.
audio/chunk_02763.wav|पण कोणी त्यांना विचारलं नाही कारण Mayur Mor दादांना त्यांच्याशी कोणीही बोललेलं आवडत नसायचं.
audio/chunk_02764.wav|त्यांना हीन दीन वाटायचे, स्वतः कोणीतरी असल्यासारखे त्यांना वाटायचे, त्यांना स्वतःला मान पाहिजे असायचा आणि कार्यक्रमासाठी Sher Singh Maharaj-नी त्यांना वेगळे आमंत्रण दिले होते.
audio/chunk_02765.wav|त्यामुळे सगळे प्राणी निघाले पण Lakhan माकड दादांना राहवले नाही त्यांनी पाहिलं अरे!
audio/chunk_02766.wav|Mayur Mor Dada असे का बसलेत? कार्यक्रमाला येणार नाहीत काय? म्हणून ते गेले आणि काय म्हणाले, अरे Mayur Mor Dada असे का बसला? कार्यक्रमाला चला की!
audio/chunk_02767.wav|तुम्हाला काय त्रास होतोय का?
audio/chunk_02768.wav|नाही मला काही त्रास होत नाही.
audio/chunk_02770.wav|निघायला लागले तेव्हा Mayur Mor Dada म्हणाले
audio/chunk_02771.wav|अरे जा Lakhan, मला तुझी गरज नाहीये.
audio/chunk_02772.wav|असे म्हटल्यावर Lakhan Makad Dada न बोलता निघून गेले.
audio/chunk_02773.wav|आता Mayur मोर दादांना समजेना, कार्यक्रमाला तर जायचंय, काटा तर पायात लागलाय, आता काय करायचंय?
audio/chunk_02774.wav|त्यांनी मग काय ठरवलं? शांतपणे झाडाजवळ जाऊन ते झोपले.
audio/chunk_02775.wav|तेवढ्यात काय झालं? सगळे प्राणी गेल्यावर ज्ञानी कासवदादाही कार्यक्रमाला निघाले. त्यांनी पाहिलं, अरे जंगलातले सगळे प्राणी गेले आणि
audio/chunk_02776.wav|Mayur Mor Dada का गेले नाही? त्यांनी तर अगोदर जाणे गरजेचे होतं.
audio/chunk_02777.wav|म्हणून ज्ञानी कासव दादा गेले आणि म्हणाले, अरे मयूर मोर दादा तुम्ही अजून झोपला तिथे काय झालं?
audio/chunk_02778.wav|तुम्ही कार्यक्रमाला येणार नाही का?
audio/chunk_02779.wav|तेव्हा Mayur Mor Dada म्हणाले, काय सांगू कासव दादा? माझ्या पायात नाचाचं practice करत होतो, पायात काटा घुसलाय आणि काटा मोडलाय, तो निघेना. मी खूप प्रयत्न केला.
audio/chunk_02780.wav|कासव दादा म्हणाले, हे बघा,
audio/chunk_02781.wav|Mayur Mor Dada काठा मी तुमचा काढतो.
audio/chunk_02782.wav|पण 1 सांगतो तुम्ही अतिशय गर्विष्ट आहात, तुमचा हा गर्व अहंकार काढून टाका.
audio/chunk_02783.wav|मग कासव दादांनी
audio/chunk_02784.wav|Mayur मोर दादांच्या पायातला काटा काढून टाकला, त्याबरोबर मोर दादा उठले.
audio/chunk_02785.wav|आणि कासव दादा म्हणाले, कधीही तुम्ही गर्व करू नका.
audio/chunk_02786.wav|मग Mayur Mor Dada म्हणाले, बरोबर आहे कासव Dada तुमचं. अहो, मी खूप गर्व करत होतो. माझ्या नाचण्याचा, रूपाचा, रंगाचा सगळाच मला गर्व झाला होता. मला वाटायचं या जंगलात सगळ्यात सुंदर मीच आहे, सुंदर मीच नाचतो.
audio/chunk_02787.wav|आणि इतर सगळे हीन धीन आहे असे समजत होतो मी पण आता माझा गर्व उतरला आहे मला माफ करा मी इथून पुढे असा वागणार नाही
audio/chunk_02788.wav|ठीक आहे Kasav Dada म्हणाले
audio/chunk_02789.wav|Mayur Mor Dada, तुला पश्चाताप झाला हेच खूप आहे.
audio/chunk_02790.wav|मग कासव दादा आणि मयूर मोर दादा कार्यक्रमाला गेले.
audio/chunk_02791.wav|कार्यक्रम चालू झाला होता.
audio/chunk_02792.wav|Mayur Mor दादांचा नंबर आला. मग त्यांनी stage-वर जाऊन पहिल्यांदा सांगितलं.
audio/chunk_02793.wav|हे बघा जंगलवासियो
audio/chunk_02794.wav|मित्रांनो, मला माफ करा. आजपर्यंत मी माझ्या रूपाचा, सुंदरतेचा खूप गर्व केला. सगळ्यांना हीन दीन समजलो, पण आता माझा गर्व नाहीसा झाला आहे. मी इथून पुढे कधीही गर्व करणार नाही. सगळ्याबरोबर मिळून मिसळून राहणार आणि वा!
audio/chunk_02795.wav|त्याबरोबर सगळ्या प्राण्यांना आनंद झाला. सगळ्यांनी आनंदाने टाळ्या वाजवल्या आणि Mayur Mor दादांची स्तुती केली, वाहवा केली आणि छानपैकी कार्यक्रम झाल्यावर सगळे प्राणी आनंदाने आपापल्या घरी गेले. तेव्हा
audio/chunk_02796.wav|असून मयूर मोर दादा सगळ्या प्राण्यात आनंदाने राहू लागले, मिसळू लागले आणि आनंदाने नाचू ही लागले. म्हणून कधीही आपल्या सुंदरतेचा
audio/chunk_02797.wav|गुणाचा बुद्धीचा गर्व करू नये.
audio/chunk_02799.wav|Sundarban-च्या जंगलात 1 अतिशय
audio/chunk_02800.wav|लांबुडक्या कानाचे लाल डोळ्याचे गोबरे गोबरे गुबगुबीत पांढरे शुभ्र देखणे असे
audio/chunk_02801.wav|Tuntun ससे भाऊ राहत होते.
audio/chunk_02802.wav|हे ससेभाव खूप हुशार आणि चतुर होते.
audio/chunk_02803.wav|पण ते कमालीचे भित्रे होते.
audio/chunk_02804.wav|अंगावरून वारा जरी गेला तरी ते घाबरायचे.
audio/chunk_02805.wav|मग जंगलातले सगळे प्राणी त्यांना
audio/chunk_02806.wav|पित्रे स्वस्व म्हणायचे.
audio/chunk_02807.wav|एकदा ते गाजरे आणायला निघाले तेव्हा साजरी हरणी ताईंनी
audio/chunk_02808.wav|त्यांची गंमत केली त्या काय म्हणाल्या? अरे ससबा पाठीमागून कोण आलं बघ. अरे Tiger भागोबा आले.
audio/chunk_02809.wav|ससोबा घाबरले आणि टुनटुन उड्या मारत जाऊन गुहेत लपून बसले असे बित्रे ससोबा होते.
audio/chunk_02810.wav|मग जंगलचे सगळे प्राणी त्यांच्या भित्रेपणावर खूप चेष्टा करायचे.
audio/chunk_02811.wav|त्यांची गंमत करायची आहे.
audio/chunk_02812.wav|डब्बू असवल मामा तर त्यांना
audio/chunk_02813.wav|भित्रे भागुबाई म्हणायचे.
audio/chunk_02814.wav|एकदा काय झालं? ससेबामच्या पाठीवर झाडाचं 1 पान पडलं.
audio/chunk_02815.wav|आणि हे शसेबाऊ घाबरले.
audio/chunk_02816.wav|त्यांना काय वाटलं, आभाळ पडलं. म्हणून ते सगळ्यांना सांगत सुटले, अरे पळा पळा आभाळ पडलं, पळा पळा आभाळ पडलं. सगळे प्राणी त्यांच्या पाठोपाठ पळत गेले, अगदी Sherkhan Maharaj सुद्धा आणि सगळे एका गुहेत लपून बसले. पाहता तो Sasebhau-च्या पाठीवर
audio/chunk_02817.wav|झाडाचे पान त्यामुळे सगळे प्राणी घाबरले होते.
audio/chunk_02818.wav|तेव्हापासून सगळ्या प्राण्यांनी त्यांचे नाव भित्रे भाबुबाई म्हणून ठेवलं.
audio/chunk_02819.wav|त्यांची गुवा जंगलातल्या डोंगराच्या पायथ्याला एका उंच जागेवर होती. गुवा मोठी होती. ससेभाऊ त्या भुयेत राहत असत.
audio/chunk_02820.wav|गाजरे आणाय गेले, गवत खायला गेले.
audio/chunk_02821.wav|की आपल्या कानाने कानूसा घ्यायचे, आजूबाजूची हालचाल कानाने टिपायचे.
audio/chunk_02822.wav|आणि मग पळण्याची action सुरू करायचे.
audio/chunk_02823.wav|मग त्या गुहेच्या पाठीमागे असलेल्या
audio/chunk_02824.wav|डोंगरावर ते एकदा गवत खाण्यासाठी गेले.
audio/chunk_02825.wav|हिरवेगार मोह मोह गवत होते.
audio/chunk_02826.wav|ससेभाऊ गवत खात होते.
audio/chunk_02827.wav|तेव्हा जरा वाऱ्याची झुळूक आली, त्यांनी आजूबाजूला पाहिलं, काहीच नाही. मग आकाशाकडे पाहिलं, आकाशाकडे पाहिलं तर 1 छोटासा अगदी छोटा काळा ढग त्यांना दिसला.
audio/chunk_02828.wav|त्याबरोबर शसेबाऊ घाबरले, अरे आता पाऊस येणार, वारा सुटणार.
audio/chunk_02829.wav|ते डोंगरावरून तसेच पळत आले आणि ते काय म्हणाले, अरे सगळ्या प्राण्यांना सांगूया, पाऊस येणार आहे, वारा सुटणार आहे. मग ते जंगलातल्या सगळ्या प्राण्यांना सांग सुटले, अरे आपल्या गुहेत जाऊन बसा, आता थोड्याच वेळात वादळ येणार आहे, मोठा पाऊस येणार आहे.
audio/chunk_02830.wav|पण कोणीही त्यांच्याकडे लक्ष दिले नाही, सगळे प्राणी त्यांची चेष्टा करू लागले, गंमत करू लागले.
audio/chunk_02831.wav|मग ससेभाऊ Sherkhan महाराजांच्या गुहेत गेले.
audio/chunk_02832.wav|पळत पळत पळत वेगात गेले.
audio/chunk_02833.wav|Sherkhan महाराज म्हणाले, अरे Tuntun, एवढा का धावत पळत आला आहेस? तुला दम लागला? महाराज, काही नाही. थोड्या वेळाने आता भरपूर वारा सुटणार आहे, मोठा पाऊस येणार आहे, जंगलात आपल्या पाणीच पाणी होणार आहे.
audio/chunk_02834.wav|अरे काय बोलतोय ओस तू टुनटुन? तुला कोणी सांगितलं पाऊस येणार आहे? काय नाही महाराज, पाऊस येणार आहे. तुम्ही सगळ्या प्राण्यांना निवाऱ्याच्या जागी थांबवा.
audio/chunk_02835.wav|खूप पाऊस येणार आहे, प्राण्यांच्या गुहेत पाणी होणार आहे.
audio/chunk_02836.wav|मग Sherkhan Maharaj काय म्हणाले? अरे Tuntun, सगळ्या प्राण्यांची काळजी घ्यायला मी आहे इथे. मी जंगलचा राजा आहे का नाय? मला काळजी आहे की नाही सांग बरं?
audio/chunk_02837.wav|जा बरं तू, तू याची काळजी करू नको.
audio/chunk_02838.wav|आणि Sherkhan महाराजांनी बाहेर जाऊन पाहिलं, छोटासा काळा ढग दिसत होता. त्याबरोबर महाराज खो खो हसायला लागले. अरे बितरे बाघुबाई, जा आपल्या गुहेत जाऊन बस. काही पाऊस वगैरे येणार नाही आणि आम्हालाही घाबरू नको, जा बरं तू!
audio/chunk_02839.wav|ससेभाऊ काही न बोलता
audio/chunk_02840.wav|आपल्या भुयेत जाऊन बसले.
audio/chunk_02841.wav|थोड्या वेळानं इतका जी वारा सुटला, जंगलातली झाडे सगळी उन्मळून पडली.
audio/chunk_02842.wav|आणि आकाशात सगळे ढग काळे ढग जमले.
audio/chunk_02843.wav|आणि मेघ गर्जनेसह भाऊ जोरात पडायला लागला.
audio/chunk_02844.wav|इतका जोरात पडला की सगळ्या जंगलात पाणीच पाणी झाले. प्राण्यांच्या गुहेत पाणी गेले. पाणी सगळे प्राणी सगळे सैरावैरा पळू लागले. आता काय करायचे? तेवढ्यात ससेभाऊ आपल्या गुहेच्या तोंडाजवळ आले आणि त्यांनी सगळ्या प्राण्यांना हाक मारली, बोलवून घेतले.
audio/chunk_02845.wav|मग सगळे प्राणी अगदी Sherkhan Maharaj सुद्धा Sasebhau-च्या गुहेत आले आणि सगळे गुहेत निवाऱ्याला थांबले. मग बऱ्याच वेळाने पाऊस थांबला.
audio/chunk_02846.wav|मग सगळे प्राणी म्हणाले, अरे ससे भाऊ, आम्हाला माफ कर, आम्ही
audio/chunk_02847.wav|तुझ्या भित्रेपणासाठी गंमत करत होतो तुझी, चेष्टा करत होतो. पण आज खरोखरच
audio/chunk_02848.wav|तुझ्या भित्रेपणानं येणारं संकट घालवलं आमचं, आम्हाला माफ कर, आता आम्ही तुझी चेष्टा कधी करणार नाही.
audio/chunk_02849.wav|मग Sher Khan महाराज काय म्हणाले हो अरे
audio/chunk_02851.wav|Tuntun Sasebhau-चा गुन्हेगार मी आहे, कारण मी त्याला काहीही बोललो, त्याला हाकलून लावलं माझ्या गुहेतून. Sasebhau खरंच, मलाही माफ कर!
audio/chunk_02852.wav|तुझ्या अंगात भित्रेपणा जरी असला
audio/chunk_02853.wav|तरी तुझ्या हुशार बुद्धीमुळे, चतुर बुद्धीमुळे
audio/chunk_02854.wav|पुढे येणाऱ्या संकटाची चाहूल लागते आणि ती चाहूल आल्याबरोबर तू आम्हाला सांगितलंस.
audio/chunk_02855.wav|पण आम्ही लक्ष दिलं नाही, आम्हाला माफ कर.
audio/chunk_02856.wav|पण तुझ्या या चतुराईमुळे
audio/chunk_02857.wav|हुशारीमुळे आपल्या जंगलाचे, प्राण्यांचे सगळ्यांचे रक्षण झाले.
audio/chunk_02858.wav|मग थोड्या वेळाने पाऊस थांबला. मग सगळे
audio/chunk_02859.wav|प्राणी आपापल्या गुहेत गेले, गुहेतही पाणी त्यांच्या निघून गेले होते.
audio/chunk_02860.wav|मग सगळ्या प्राण्यांनी ससेभाऊंची खूप खूप स्तुती केली आणि Sherkhan महाराजांनी कौतुकही केले.
audio/chunk_02861.wav|जरी अंगात एखादा
audio/chunk_02862.wav|गुण असला, चांगला गुण असला,
audio/chunk_02863.wav|आणि इतर गुणाकडे न लक्ष देता चांगल्या गुणाकडे लक्ष द्यावे, लहान असो मोठा असो.
audio/chunk_02864.wav|कोणातही चांगला गुण हा लपलेला असतो.
audio/chunk_02866.wav|चांगला 1 अतिशय हुशार चतुर
audio/chunk_02867.wav|चलाकी नावाच्या लांडगींचाही राहत होत्या.
audio/chunk_02868.wav|जंगलातल्या प्राण्यांना गोड गोड बोलून फसवायचं आणि त्यांची गंमत झाली, फसवणूक झाली की हसत सुटायचं. कशी गंमत झाली? मी कसं फसवलं?
audio/chunk_02869.wav|असे म्हणून त्या प्राण्यांना त्रस्त करून सोडायचं असा या लांडगीन ताईंचा स्वभाव होता.
audio/chunk_02870.wav|एकदा काय झालं? सकाळ सकाळी चलाखी लांडगी ताई जंगलात अन्न आणण्यासाठी निघाल्या.
audio/chunk_02871.wav|आणि त्या जंगलातनं जात असताना त्यांनी पाहिलं, एका झाडाखाली 1 गाढव दादा बसले होते.
audio/chunk_02872.wav|मग यांच्या डोक्यात
audio/chunk_02873.wav|चला की लांडगीन ताई म्हणाल्या आता गाढव दादांना फसवायचं आणि त्या गाढव दादांचा
audio/chunk_02874.wav|जवळ गेल्या आणि काय म्हणाल्या, अरे गाढव दादा, कुठून आला तुम्ही? आमच्या जंगलातले दिसत नाही.
audio/chunk_02875.wav|मग गाधव दादा म्हणाले,
audio/chunk_02876.wav|अगं Nadgin ताई, मी शेजारच्या जंगलातला आहे, फिरत फिरत इथे आलो.
audio/chunk_02877.wav|चालल्यामुळे खूप दमलो आहे.
audio/chunk_02878.wav|त्यामुळे झाडाखाली विश्रांतीसाठी बसलो आहे.
audio/chunk_02879.wav|तुम्ही दमलाय त्यामुळे तुम्हाला भूकही लागली असेल.
audio/chunk_02880.wav|तुझं नाव काय लांडगीण ताई?
audio/chunk_02881.wav|अरे कारो दादा मी खूप हुशार आहे.
audio/chunk_02882.wav|त्यामुळे माझं नाव आहे चलाकी.
audio/chunk_02883.wav|बरं गाढव दादा तुम्हाला भूक लागली आहे ना तर आमच्या जंगलात का नाय नदीच्या काठावर भरपूर फळांची झाडे आहेत.
audio/chunk_02884.wav|भरपूर फळे खाली पडतात, हिरवेगार गवत आहे आणि जंगलातले सगळे प्राणी तिथे जातात. आजही सगळे प्राणी खाण्यासाठी
audio/chunk_02885.wav|अगो पण चला की लांडगीण ताई, मला तुमच्या जंगलातली नदी माहिती नाही, मी कसं जाणार?
audio/chunk_02886.wav|हे पहा Goli Gadav Dada.
audio/chunk_02887.wav|जायचं का नाही ते तुम्ही ठरवा.
audio/chunk_02888.wav|अगं पण चला की ताई मला दाखव तू दाखव नदी कुठे आहे?
audio/chunk_02889.wav|ठीक आहे, मी दाखवते.
audio/chunk_02890.wav|मला तुम्ही तुमच्या पाठीवर बसून नदीपर्यंत जायचं.
audio/chunk_02891.wav|एवढ्या उन्हाची मी नाही बाई चालत येणार.
audio/chunk_02892.wav|ठीक आहे गाढव दादा म्हणाले मग चला की लांडगीन ताई गाढव दादांच्या पाठीवर बसल्या.
audio/chunk_02893.wav|बिचारे गाढव दादा उन्हातनं तिला घेऊन चालत चालत नदीच्या काठावर गेले आणि जाऊन बघतात तो काय?
audio/chunk_02894.wav|नदीच्या काठावर फळांचं 1-ही झाड नव्हतं, हिरवेगार गवत नव्हते.
audio/chunk_02895.wav|गवत सगळे वाळलेले होते आणि नदीला पाणीही थोडंच होतं.
audio/chunk_02896.wav|मग गोली गाढव दादा म्हणाले, अरे रे रे!
audio/chunk_02897.wav|लांडगीन ताई मला तुम्ही फसवलं.
audio/chunk_02898.wav|हे बघ गोली गाढव दादा, मला आता तुझ्याबरोबर बोलायला वेळ नाही, मला कामे आहेत.
audio/chunk_02899.wav|निघाले बघ मी. असे म्हणून लांडगीन ताई निघून गेली.
audio/chunk_02900.wav|गाढव दादा काय मनात म्हणाले, अरे!
audio/chunk_02901.wav|या लांडगीन ताईंने मला फसवला आहे, हिची तक्रार
audio/chunk_02902.wav|जंगलचे राजे Sher Khan यांच्याकडे जाऊन सांगितली पाहिजे, म्हणून गाढव दादा
audio/chunk_02903.wav|जंगलचे राजे Sher Khan यांच्याकडे गेले आणि त्यांनी सगळी तक्रार Sher Khan महाराजांना सांगितली.
audio/chunk_02904.wav|आणि एवढा उन्हाचं माझ्या पाठीवर बसून आली, मला तिने त्रास दिला.
audio/chunk_02905.wav|शेरखान महाराज म्हणाले, अरे गाढव दादा, ही लांडगीण ताई सगळ्या प्राण्यांना जंगलातला असा त्रास देते.
audio/chunk_02906.wav|माझ्याकडे भरपूर तक्रारी आल्या आहेत. असे म्हणून आपल्या सेवकाकरवी Sherkhan महाराजांनी लांडगींचाईला बोलवून घेतलं.
audio/chunk_02907.wav|लांडगीण ताई म्हणाली, महाराज मला बोलवलंत.
audio/chunk_02908.wav|हो हो तुला बोलवलं तुझ्या तक्रारी ऐकून मला आता कंटाळा आला आहे तुला आता शिक्षा करणार तू जंगल सोडून जायचं
audio/chunk_02909.wav|चला की लांडगीन ताई म्हणाली, महाराज कसं आहे माहिती आहे का? आपल्या जंगलातले सगळे प्राणी मूर्ख आहेत.
audio/chunk_02910.wav|मग माझ्या चतुर बुद्धीने मी त्यांना फसवते.
audio/chunk_02911.wav|त्यांची गंमत करते, मला त्यात मजा येते, यात काय मी चुकीचं केलं?
audio/chunk_02912.wav|आणि मी एवढे हुशार आहे त्यामुळे प्राणी सगळे माझ्यावर चळतात हे बरोबर आहे का?
audio/chunk_02913.wav|लांडगीन ताई काय बोलतेस तू?
audio/chunk_02914.wav|तुला दुसऱ्याला फसवण्यात मजा येते काय? तू जंगल सोडून जा. महाराज, माफ करा, मी नाही जंगल सोडून जाणार.
audio/chunk_02915.wav|हे बघ, तुला जर जंगल सोडून जायचं नसेल, तर 1 मी सांगतो ते करायचं.
audio/chunk_02916.wav|या माझ्या गुहेपासून पूर्ण जंगलाला वेढा द्यायचा.
audio/chunk_02917.wav|जंगलातला 1 प्राणी निवड स्पर्धक म्हणून तुझ्याबरोबर शर्यत करायला.
audio/chunk_02918.wav|जो कोणी माझ्या गुहेजवळ आधी येईल तो शर्यत जिंकेल.
audio/chunk_02919.wav|आणि नाही येईल तो जंगल सोडून जायचं त्यानं.
audio/chunk_02920.wav|मग दुसऱ्या दिवशी शर्यत ठरली. सगळे जंगलातले प्राणी जमले. शर्यतीसाठी अगदी Sherkhan महाराज सुद्धा आले.
audio/chunk_02921.wav|मग चलाकी लांडगीन ताईंनी स्पर्धक म्हणून आपल्याबरोबर ससे भाऊंना निवडलं.
audio/chunk_02922.wav|सीमारेषा आकली गेली.
audio/chunk_02923.wav|महाराजांच्या गुहेपासून पूर्ण जंगलाला वेढा देऊन परत गुहेजवळ यायचं.
audio/chunk_02924.wav|चित्कार केला व शर्यतीला सुरुवात झाली.
audio/chunk_02925.wav|ससेभाऊ आणि चालाकी ताई पळू लागले. पण थोडे पळून झाल्यावर काय झालं? ससेभाऊ पळत गेले पुढे.
audio/chunk_02926.wav|हो चला की लडगीन ताईंच्या डोक्यात युक्ती आली.
audio/chunk_02927.wav|चला की लांडगीन ताई काय म्हणाली? अरे, सरळ रस्त्याने न जाता इकडून जवळचा रस्ता गेला आहे, त्या रस्त्याने आपण जायचं म्हणजे शर्यत पटकन जिंकू, जंगल सोडून जावे लागणार नाही. असे म्हणून चला की लांडगीन ताई जवळच्या रस्त्याने निघाल्या.
audio/chunk_02928.wav|आणि त्या पळत पळत गेल्या अचानक एका खड्ड्यात पडल्या.
audio/chunk_02929.wav|आणि वाचवा वाचवा
audio/chunk_02930.wav|सगळ्यांनी या मला वाचवा मी खड्ड्यात पडले.
audio/chunk_02931.wav|तिचा आवाज ऐकून Sherkhan महाराज सगळे प्राणी धावून आले.
audio/chunk_02932.wav|आपल्या जंगलातल्या मूर्ख प्राण्यांनी इथे खट्टा करून ठेवला आहे.
audio/chunk_02933.wav|त्यामुळे मी पडले. या प्राण्यांना शिक्षा करा महाराज तुम्ही.
audio/chunk_02934.wav|अगं मूर्ख लांडगीन ताई काय बोलतेस तू? Sherkhan महाराज म्हणाले.
audio/chunk_02935.wav|अगं जंगलातल्या प्राण्यांनी नाही, मीच खड्डा खणून ठेवला आहे.
audio/chunk_02936.wav|कारण शर्यतीत तू इथेही चालाखी करणार हे मला माहिती होतं.
audio/chunk_02937.wav|तू सरळ रस्त्याने नीट न जाता तू या छोट्या रस्त्याने जवळच्या रस्त्याने जाणार हे मला माहिती होतं तिथं इथं तू चालाकी करणारच.
audio/chunk_02938.wav|म्हणून मीच खड्डा खणून ठेवला होता.
audio/chunk_02939.wav|त्यामुळे तू शर्यत हरलीस, आता तू जंगल सोडून जा.
audio/chunk_02940.wav|तोंड रडवेले करून चालाकी लांडगीन ताई ठीक आहे महाराज.
audio/chunk_02941.wav|अशी म्हणाली. मग?
audio/chunk_02942.wav|भोले हत्ती दादानी लाकडाचा ओंडका टाकला खड्ड्यात आणि त्याच्यावर चढून चलाकी लांडगीन ताई वरती आली.
audio/chunk_02943.wav|आणि ती मागे न वळता सर्व जंगल सोडून निघून गेली. ती गेल्यावर सगळ्या प्राण्यांनी सुटकेचा निश्वास सोडला.
audio/chunk_02944.wav|सगळ्या प्राण्यांच्या मागची विनाकारण त्रास देणारी कटकट गेली.
audio/chunk_02945.wav|मग Sher Khan महाराज म्हणाले, गोली गाढव दादा, तुम्ही आता आमच्या जंगलातच रहा.
audio/chunk_02946.wav|चला की लांडकी ताई आज आम्हाला आमच्या जंगलातून घालवता आली, ठीक आहे. मग सगळे प्राणी आनंदाने परत जंगलात राहू लागले. म्हणून आपल्या चांगल्या बुद्धीचा उपयोग दुसऱ्याच्या चांगल्यासाठी करावा.
audio/chunk_02947.wav|दुसऱ्याला त्रास देण्यासाठी करू नये.
audio/chunk_02949.wav|Odisha-च्या जंगला 3 मित्र राहत होते.
audio/chunk_02950.wav|मोरू मोर दादा, गोली गाढव दादा,
audio/chunk_02951.wav|आणि Raghu Popat दादा 3 मित्र एकमेकांचे जिवलग मित्र होते.
audio/chunk_02952.wav|मोरुमोर दादांना आपल्या निळ्या सुंदर रूपाचा आणि सुंदर पिसाऱ्याचा खूप गर्व होता.
audio/chunk_02953.wav|गोली गाढव दादा खूप मेहनती आणि कष्टाळू होते.
audio/chunk_02954.wav|पण त्यांच्या कष्टाळूपणाला जंगलातले सगळे प्राणी हसायचे.
audio/chunk_02955.wav|आणि Raghu Popat Dada मात्र शांत आणि समजूतदार होते.
audio/chunk_02956.wav|एकदा काय झालं उन्हाळा आला.
audio/chunk_02957.wav|त्यामुळे जंगलातली फळांची झाडे सुकू लागली, गवत सुकू लागले आणि मुख्य म्हणजे जंगलातले पाण्याचे सरोवर आटून गेले. 3 मित्रांना प्रश्न पडला.
audio/chunk_02958.wav|अरे आता आपण पाणी कुठून आणायचे?
audio/chunk_02959.wav|तेव्हा त्यांनी काय ठरवलं? आपण दुसऱ्या जंगलात जाऊया.
audio/chunk_02960.wav|मग Moru Moru दादा काय म्हणाले?
audio/chunk_02961.wav|आपण दुसऱ्या जंगलात जायचं ठीक आहे पण ते जंगल खूप लांब आहे आणि वाटेत खूप अडचणी आहेत.
audio/chunk_02962.wav|होळी गाढव दादा म्हणाले, असुरी मित्रा,
audio/chunk_02963.wav|आपण जायचंच दुसऱ्या जंगलात, अडचणीवर मात करायची दुसऱ्या जंगलात आपण जायचंच.
audio/chunk_02964.wav|राघू पोपटू दादा इथेच म्हणाले.
audio/chunk_02965.wav|जंगलात जायचा त्यांचा दिवस उजाडला.
audio/chunk_02966.wav|आणि म्हणाले मित्रांनो मी आता निघतो.
audio/chunk_02967.wav|मला आता इतर कशाची गरज भासणार नाहीये. मी उडत उडत पटकन जंगलात जाऊन
audio/chunk_02968.wav|असे म्हणून ते उडत उडत निघून गेले.
audio/chunk_02969.wav|गोली गाढव दादाई निघाले, राघू कोपड दादाई निघाले, गोली गाढव दादा चालत चालत निघाले.
audio/chunk_02970.wav|रात्र झाली की ते थांबायचे, एका झाडाखाली विश्रांती घ्यायचे.
audio/chunk_02971.wav|राघो पोपट दादाई उडत उडत जायचे, झाडावर बसायचे, विश्रांती घ्यायचे.
audio/chunk_02972.wav|वाटेत फळे भेटली, फळे खायची झाडाची तोडून आणि परत उडत जायचे.
audio/chunk_02973.wav|असे करत करत 3 मित्रांची
audio/chunk_02974.wav|सैर चालू झाली दुसऱ्या जंगलात जाण्याची.
audio/chunk_02975.wav|मग काय झालं? Moru Mor Dada उडत उडत उडत गेले.
audio/chunk_02977.wav|तेव्हा त्यांचे अचानक पंख दुखायला लागले.
audio/chunk_02978.wav|आणि ते पटकन खाली आले.
audio/chunk_02979.wav|आणि एका झाडाखाली बसले आणि काय म्हणाले, अरे आता नाही मला झेपणार उडायला, माझे पंख खूप दुखायला लागले.
audio/chunk_02980.wav|मी मित्रांना म्हंटलो होतो, मी 1 क्षणात जाईन, पण छे छे छे छे, माझे आता पंख दुखायला लागले आहेत, मला नाही येतणार आणि जंगल तर अगदी थोड्या अंतरावर उरला आहे, काय करू मी? मी नाही जात, मी इथे विश्रांतीच घेतो आणि मला पाणीही प्यायला अजून मिळालेलं नाही, असे म्हणून...
audio/chunk_02981.wav|मग मोरू मोर दादा एका झाडाखाली विश्रांती घेत बसले.
audio/chunk_02982.wav|इकडे गोली गाढव दादा.
audio/chunk_02983.wav|हळू हळू हळू येत आरामशीरपणा येत होते, हळू हळू ते जंगलात पोहोचले.
audio/chunk_02984.wav|त्याचबरोबर Raghu Popat दादाही पटकन त्या जंगलात आले.
audio/chunk_02986.wav|त्या जंगलात सुंदर अशी मोठी नदी वाहत होती.
audio/chunk_02987.wav|खूप सुंदर जंगल होते ते, हिरवेगार गवत, फळांची, फुलांची भरपूर झाडे होती.
audio/chunk_02988.wav|बोली गाढव दादा, राघू पोपट दादा खुश झाले, त्यांनी भरपूर पोटभर पाणी पिलं आणि फळे खाल्ली आणि ते एकमेकांना काय म्हणाले, अरे!
audio/chunk_02989.wav|मोरो मोर दादा दिसत नाहीत.
audio/chunk_02990.wav|चला आपण शोधूया. म्हणून ते Moru Moru दादांना शोधायला गेले.
audio/chunk_02991.wav|आणि आल्या आल्या रस्त्याने ते परत गेले त्यांनी पाहिलं Moru Mor Dada एका झाडाखाली बसले होते ते खूप ठकले होते.
audio/chunk_02992.wav|मग बोली गाढव दादा म्हणाले, अरे मोरू मोरू दादा तुम्ही इथे काय करताय? थोड्या अंतरावरच जंगल आहे, आम्ही जाऊन फळे खाऊन पाणी पिऊन आलो.
audio/chunk_02993.wav|मग Moru Moru दादा म्हणाले, अरे Goli दादा, माझे पंख खूप दुखायला लागलेत.
audio/chunk_02994.wav|त्यामुळे मला काही चालता येणार नाही किंवा उडताही येणार नाही.
audio/chunk_02995.wav|मग बोली गाढव दादा म्हणाले
audio/chunk_02996.wav|मोर दादा माझ्या पाठीवर बसा मग पोली
audio/chunk_02997.wav|गाढव दादांच्या पाठीवर मोर दादा बसले आणि 3 मित्र परत जंगलात गेले.
audio/chunk_02998.wav|तिथे मोर दादांनी पोटभर पाणी प्यायले. मग पोपट दादांनी त्यांना फळे दिली आणि तिघे मित्र काय म्हणाले?
audio/chunk_02999.wav|मोरू दादा म्हणाले, अरे गाढव दादा, राभू दादा, आता आपण पाऊस येईस पर्यंत
audio/chunk_03000.wav|आपण या जंगलात थांबूया इथेच राहूया ठीक आहे म्हणाले
audio/chunk_03001.wav|पण 1 मात्र मोरू दादा काय म्हणाले?
audio/chunk_03002.wav|गोडी गाढव दादा, राघू पोपड दादा, मला माफ करा.
audio/chunk_03003.wav|माझी चुकी झाली, मला माझ्या पंखाचा, रूपाचा, पिसाऱ्याचा खूप गर्व झाला होता.
audio/chunk_03004.wav|त्या गर्वाने मी म्हणालो 1 क्षणात मी जंगलात पोहोचेन पण मी नाही पोहोचू शकलो पण तुम्ही दोघे
audio/chunk_03005.wav|पोपट दादा उडत उडत थांबत थांबत आले तुम्ही विश्रांती घेत थांबत आला पण माझ्या अगोदर जंगलात पोहोचला.
audio/chunk_03006.wav|मी निष्कारण गर्व केला, मला माफ करा, मी आता असा गर्व कधी करणार नाही. तेव्हा Goli Gadhav Dada काय म्हणाले, अरे Mor Dada जाऊ दे ना, पण 1 सांगतो तुला ऐक.
audio/chunk_03007.wav|अरे कोणतीही गोष्ट प्राप्त करण्यासाठी किंवा मिळवण्यासाठी
audio/chunk_03008.wav|पटकन कोणतीही गोष्ट आपल्याला मिळत नाही.
audio/chunk_03009.wav|थोडी सबुरी लागते, दम लागतो, धीर लागतो, थांबावे लागते.
audio/chunk_03010.wav|काय बडा तर दम बडा म्हणून कोणत्याही गोष्टीसाठी प्राप्त होण्यासाठी
audio/chunk_03011.wav|माणसाने कधीही धीर धरावा.
audio/chunk_03012.wav|असे म्हणत 3 मित्र परत
audio/chunk_03013.wav|आनंदाने त्या जंगलात राहिले.
audio/chunk_03015.wav|सुंदरबनच्या जंगलात सकाळ सकाळीच राणी मुंगी ताई लगबगीने चालल्या होत्या.
audio/chunk_03016.wav|कशासाठी चालल्या होत्या त्या?
audio/chunk_03017.wav|अरे कशासाठी काय त्या अन्न आणण्यासाठी चालल्या होत्या.
audio/chunk_03018.wav|दररोज त्यांच्या मागे घाई असायची. गडबडीने जायच्या, अन्नाचे कण गोळा करून आपल्या भिळात आणून ठेवायचे.
audio/chunk_03019.wav|आणि सदा कदा त्या कामात मग्न असायच्या. कधीही राणी मंगिताई रिकाम्या बसलेल्या दिसायच्या नाही.
audio/chunk_03020.wav|त्या जंगलात राहत असल्यामुळे बऱ्याच फळांचे कण त्यांना रोज मिळायचे.
audio/chunk_03021.wav|आणि आता पावसाळा जवळ आला असल्यामुळे त्यांनी आपल्या घरात
audio/chunk_03022.wav|बरेच अन्नाचे कण जमवून ठेवले होते.
audio/chunk_03023.wav|सफरचंदाचे, डाळिंबाचे, पेरूचे, आंब्याचे, नंतर स्ट्रॉबेरीचे.
audio/chunk_03024.wav|सगळे असे अन्न कोण त्यांनी आपल्या घरात
audio/chunk_03025.wav|आणि जंगलाजवळ असलेल्या छोट्या अशा गावातही त्या जायच्या.
audio/chunk_03026.wav|तिथल्या 1 घरातून छोटे छोटे शेंगदाण्याचे साखरेचे कणही घेऊन यायच्या, रव्याचे कण.
audio/chunk_03027.wav|त्यांनी भरपूर अन्न साठवलं होतं आपल्या घरात.
audio/chunk_03028.wav|पण आज त्या जरा जंगलातनं लगबगीने निघाल्या होत्या.
audio/chunk_03029.wav|त्यांचं घर कुठे होतं? त्यांचं घर म्हणजे त्यांचं बेड.
audio/chunk_03030.wav|जंगला बाहेरच्या बाजूला
audio/chunk_03031.wav|आणि त्या भिंतीच्या वर चढून जायचं, तिथं त्यांनी आपलं घर बांधलं होतं, म्हणजे बीळ केलं होतं राहण्यासाठी आणि त्या बिळात त्यांनी भरपूर अन्न साठवून ठेवलं होतं.
audio/chunk_03032.wav|आणि आज सकाळ सकाळीच त्या भिंती जवळून निघाल्या.
audio/chunk_03033.wav|जरासा मोठासा कण
audio/chunk_03034.wav|कोण दिसल्याबरोबर त्या खुश झाल्या. अरे वा! घरातही मी साखरेचे कण गोळा केलेले आहेत, आता त्याच्यात हाही कण नेऊन ठेवते.
audio/chunk_03035.wav|असे म्हणून खुश होऊन त्यांनी तो कण उचलला आणि त्या भिंतीवर चढू लागल्या.
audio/chunk_03036.wav|पडल्या खाली त्यांना तो साखरेचा जरासा मोठा कण होता.
audio/chunk_03037.wav|पण तो घेऊन जाता येईना, त्या पडल्या.
audio/chunk_03038.wav|परत वरती गेलेल्या आणखी खाली पडल्या.
audio/chunk_03039.wav|त्यांचं ही सगळी धावपळ
audio/chunk_03040.wav|शेजारी उभा राहून जंगलातले Bablu हत्ती दादा.
audio/chunk_03041.wav|जिराफ दादा आणि कोकिळा ताई पाहत होते.
audio/chunk_03042.wav|मग Bablu Hatti Dada काय म्हणाले? अगं Rani Mungi Tai, कशाला ग एवढे कष्ट करतेस? अगं
audio/chunk_03043.wav|तो साखरेचा कण तुला झेपणार नाही आणि एवढ्या उंच भिंतीवर चढून तू कशी जाणार बरं? असे म्हणून Bablu Hatti Dada हसायला लागले. Giraffe Dada म्हणाले,
audio/chunk_03044.wav|राणी मुंगी ताई किती ग उंच ती भिंत आणि या भिंतीवर तू जाणार?
audio/chunk_03045.wav|साखरेचा कण घेऊन तेही लागले हसायला, त्यांनी मान वर केली.
audio/chunk_03046.wav|तेवढ्यात Kokilatai काय म्हणाली, अगं Rani Mungitai!
audio/chunk_03047.wav|तुला तो कण झेपणार नाहीस, नको जाऊस तू, विनाकारण कशाला कष्ट करतेस? त्यापेक्षा तू इथे बैस माझ्याजवळ, विश्रांती घे, मी तुला सुंदर एखादं गाणं म्हणून दाखवते.
audio/chunk_03048.wav|आणि Rani Mungi Tai म्हणाली, नाही, मी हा कण घेऊन माझ्या घरात जाणारच.
audio/chunk_03049.wav|आणि 4th वेळेला Rani Mungi Tai तो साखरेचा कण आपल्या पाठीवर घेऊन भिंतीवर चढू लागली. भिंत खरबरीत असल्यामुळे काय झालं?
audio/chunk_03050.wav|तिचे पाय भिंतीवर रोवू लागले आणि पाय रोवत रोवत रोवत Rani Mangitai भिंत चढून वरती गेली आणि आपल्या घरात जाऊन पहिले जे कण होते त्यात हा मोठा कण साखरेचा नेऊन ठेवला त्या खुश झाल्या साखर त्यांच्या आवडी.
audio/chunk_03051.wav|त्यामुळे आज त्या खूप खुश होत्या आणि मग भिंतीवरून उतरत खाली आल्या.
audio/chunk_03052.wav|तेव्हा हे सगळे प्राणी तिथे होते, सगळे प्राणी
audio/chunk_03053.wav|राणी मंगी ताईची स्तुती करायला लागले.
audio/chunk_03054.wav|मग Bablu हत्ती दादांनी चित्कार केला आणि म्हणाले, किती ग Rani Mungi ताई तू कष्टाळू आहेस?
audio/chunk_03055.wav|अगं Rani Mungi Tai, बघ माझी मान सुद्धा दुखते वरती बघताना आणि तू कशी वरती चढून जातेस ग? Kokila Tai म्हणाली, खरंच विशेष आहे Rani Mungi Tai तुझं हं!
audio/chunk_03056.wav|तू किती ग कष्टाळू आहेस?
audio/chunk_03057.wav|आणि त्याच्याबरोबर तू जिद्दी आहेस.
audio/chunk_03058.wav|तुला माझं गाणं ऐकायला थांब, विश्रांती घे.
audio/chunk_03059.wav|म्हटलं तरी तू ऐकलं नाहीस कारण तुला
audio/chunk_03060.wav|खूप कामाची सवय आहे, तुला बसणे माहीत नाही, असे म्हणून सगळ्यांनी टाळ्या वाजवल्या आणि Rani Mungi Tai-चे खूप खूप खूप कौतुक केले.
audio/chunk_03061.wav|मग Rani Mungi ताई म्हणाली,
audio/chunk_03062.wav|तुमच्या सगळ्यांची मी आभारी आहे, पण मी काय सांगते, अरे मित्रांनो!
audio/chunk_03063.wav|हे कधीही आपल्याला अशक्य गोष्ट शक्य करून दाखवतात.
audio/chunk_03064.wav|असे म्हणून Rani Mungi Tai परत
audio/chunk_03065.wav|चालत चालत अन्न आणण्यासाठी निघून गेली.
audio/chunk_03067.wav|Mithu Popat Dada राहत होता.
audio/chunk_03068.wav|खूप बालिश आणि खोडकर होता.
audio/chunk_03069.wav|जंगलातल्या सगळ्या प्राण्यांची, पक्ष्यांची
audio/chunk_03070.wav|आणि हसत सुटायचा, पण Mithu लहान होता, त्यामुळे प्राणी पक्षी जास्त लक्ष देत नव्हते त्याच्याकडे. पण आता काय झालं, हळूहळू Mithu मोठा होत गेला.
audio/chunk_03071.wav|पण त्याबरोबर त्याच्या खोड्या कमी होण्याऐवजी वाढतच गेल्या.
audio/chunk_03072.wav|एकदा काय झालं, Mithu झाडावर बसला होता, तेव्हा जंगलातले टुनटुन ससेभाऊ
audio/chunk_03073.wav|गाजरे घेऊन निघाले होते, पटकन मिठू गेला आणि चोचीने 2 गाजरे उचलली आणि आपल्या घरट्यात आणून ठेवली.
audio/chunk_03074.wav|परत गेला, उरलेली 2 गाजरे त्यांच्या हातातली तीही घेऊन आला आणि आपल्या घरट्यात ठेवली.
audio/chunk_03075.wav|ससेभाव काय म्हणाले, अरे मिठू काय रे असं काय करतोस? अरे मला उपाशी ठेवणार आहेस का तू?
audio/chunk_03076.wav|नाही तुमची मी गंमत केली ससे दादा कशी केली गंमत आता रहा तुम्ही उपाशी असे म्हणून खो खो खो हसायला लागला.
audio/chunk_03077.wav|ससे भाऊ यांना काय बोलावे समजेना.
audio/chunk_03078.wav|त्यांना राग आला पण ते Mithu-ला काही न बोलता तिथून निघून गेले.
audio/chunk_03079.wav|खरं 2 दिवस ती गाजरी मिठूने खाऊन टाकली.
audio/chunk_03080.wav|आणि परत 2-3 दिवसांनी
audio/chunk_03081.wav|मिठू जंगलात अन्न नाही गेला.
audio/chunk_03082.wav|Tuntun Sasegaon-नी 1 युक्ती केली.
audio/chunk_03083.wav|झाडावर मिठू नाही हे पाहिलं आणि त्यांनी जगलात जाऊन झाडाखाली पडलेली
audio/chunk_03084.wav|आणि मिटूच्या झाडाखाली ठेवली आणि एका झाडीत
audio/chunk_03085.wav|ससेभाऊ लपून बसले.
audio/chunk_03086.wav|पण त्या दिवशी अन्न आणायला गेल्यावर Mithu-ला जंगलात अजिबात काही अन्न मिळाले नाही.
audio/chunk_03087.wav|त्यामुळे अन्न न घेताच मिठू आला.
audio/chunk_03088.wav|त्याला भूक तर खूप लागली होती.
audio/chunk_03089.wav|आणि झाडाजवळ येऊन पाहतो तो फळे पडलेली. अरे वा! आज मला अन्न मिळालं नाही, पण माझ्या झाडाखाली भरपूर फळे आहेत, आता मी ती खाणार. असे म्हणून भुक्यावलेल्या Vitthu-ने फळावर टोचा मारून खायला सुरुवात केली.
audio/chunk_03090.wav|फळे खाण्यात गरक असताना अचानक पाठीमागून ठुणठुण ससे भाऊ आले.
audio/chunk_03091.wav|आणि आपल्या हाताच्या पंजाने मिठूला घट्ट पकडले.
audio/chunk_03092.wav|आता सापडलास असे म्हणाले.
audio/chunk_03093.wav|विठ्ठू म्हणाला, अरे कोण आहे? मला कोणी पकडलं? कोण आहे?
audio/chunk_03094.wav|भातू तो ससेभाऊ ससेभाऊ सोडा मला
audio/chunk_03095.wav|ससेभाऊ म्हणाले, मिठू नाही तुला सोडणार मी.
audio/chunk_03096.wav|परवा माझ्या हातातून सगळी गाजरे नेलीस, मला उपाशी ठेवलंस.
audio/chunk_03097.wav|आणि आता तुला नाही मी फळे खाऊन देणार, तुलाही उपाशी ठेवणार.
audio/chunk_03098.wav|विठू म्हणाला, ससेभाऊ, मी चुकलो, मला माफ करा, मी नाही आता फोडी करणार तुमची अशी.
audio/chunk_03099.wav|मग ससीबाऊ म्हणाले, ठीक आहे, ठीक आहे.
audio/chunk_03100.wav|आता इथून पुढं होडी काढायची नाही, नाही काढणार.
audio/chunk_03101.wav|मग ससेबाव निघून गेले आपल्या घरी.
audio/chunk_03102.wav|मग Mithu झाडावर जाऊन बसला.
audio/chunk_03103.wav|पण त्याच्या खोड्या काही थांबल्या नाहीत.
audio/chunk_03104.wav|मिठू एके दिवशी असा झाडावर बसला होता.
audio/chunk_03105.wav|आणि काय झालं? जंगलातले पिट्टू हत्ती दादा!
audio/chunk_03106.wav|दुपारच्या वेळी वारागार सुटला होता, त्यामुळे एका
audio/chunk_03107.wav|झाडाखाली निवांत झोपली होती.
audio/chunk_03108.wav|छान झोप लागली त्यांची. हे Mithu-ने पाहिले. Mithu-ने काय केले?
audio/chunk_03109.wav|त्याने गंमत केली, Mithu पटकन उडत आला.
audio/chunk_03110.wav|आणि Pittu हत्ती दादांच्या डोक्यावर बसला.
audio/chunk_03111.wav|त्याबरोबर पटकन पिट्टू हत्ती दादांनी डोळे उघडले, अरे कोण आहे कोण आहे माझी झोप कोणी मोडली?
audio/chunk_03112.wav|आता तो Mithu, अरे काय रे Mithu, माझी झोप का मोडलीस तू? पण Mithu म्हणाला,
audio/chunk_03113.wav|हत्ती दादा गंमत केली बरी वाटली ना
audio/chunk_03114.wav|असे म्हणून हसत जाऊन झाडावर बसला.
audio/chunk_03115.wav|परत हत्ती दादांनी डोळे मिटले, परत मिटू आला, परत डोक्यावर बसला, असे बऱ्याच वेळा केली. मग शेवटी हत्ती दादा वैतागले.
audio/chunk_03116.wav|आणि रागाने मिठूकडे बघून काय म्हणाले मनातल्या मनात म्हणाले.
audio/chunk_03117.wav|आता या विठूची खोड मला मोडलीच पाहिजे.
audio/chunk_03118.wav|असे म्हणू ते रागाने तरा तरा तरा समोरच असलेल्या सरोवरात गेले.
audio/chunk_03119.wav|त्यांनी मागे पाहिले वळवून. Mithu झाडावर बसला होता आणि Mithu हत्ती दादांच्याकडे पाहतच होता. त्याला आणखी खोडी करायची होती.
audio/chunk_03120.wav|त्यामुळे Hatti Dada
audio/chunk_03121.wav|भरपूर पाणी असलेल्या ठिकाणी गेले. त्यांनी आपलं सगळं शरीर पाण्यात डुमलं.
audio/chunk_03122.wav|फक्त डोकेवर ठेवले आणि सोंडेत पाणी भरून घेतलं. त्यांनी ओळखलं Mithu येणार आणि डोक्यावर बसणार. आणि त्यांनी म्हटल्याप्रमाणे Mithu आला आणि हत्ती दादांच्या डोक्यावर बसला.
audio/chunk_03123.wav|त्याबरोबर हत्ती दादानी आपल्या सोंडेतल्या पाण्याचा फवारा मिठीवर
audio/chunk_03124.wav|त्या फवाऱ्याने मीठ
audio/chunk_03125.wav|आणि ओरडायला लागला, हत्ती दादा मला वाचवा, हत्ती दादा वाचवा, मी बुडायला लागलोय वाचवा. हत्ती दादानी पाहिले, Mithu पाण्यात पडलाय. तिने पटकन आपल्या सोंडेत Mithu-ला घेतलं आणि सरोवराच्या काठावर ठेवले.
audio/chunk_03126.wav|हत्ती दादा म्हणाले, मिठू, अरे बाळा, होड्या करण्याला काही प्रमाण असतं.
audio/chunk_03127.wav|खोड्या कराव्या पण प्रमाणात.
audio/chunk_03128.wav|अति करू नये, दुसऱ्याला त्रास होतो, कळलं का?
audio/chunk_03129.wav|मग मी तो म्हणाला, चुकलो मी हत्ती दादा, मी नाही आता परत खोड्या करणार आणि जंगलातल्या प्राण्यांना कोणालाही मी त्रास देणार नाही, मला माफ करा. मी आजपासून चांगला वागतो.
audio/chunk_03130.wav|मग हत्ती दादा म्हणाले, ठीक आहे, असं शहाण्यासारखा वाघ आणि कोणतीही गोष्ट करण्याला काही प्रमाण असतं. प्रमाणाच्या बाहेर केली की दुसऱ्याला त्रास होतो, आपल्याला त्रास होतो, म्हणून कोणतीही गोष्ट प्रमाणात करावी.
audio/chunk_03131.wav|आणि नेहमी दुसऱ्याचा आदर मान राखावा.
audio/chunk_03132.wav|असे म्हणून हत्ती दादा निघून गेले आणि पिटू ही
audio/chunk_03133.wav|ठीक आहे म्हणून झाडावर जाऊन बसला.
audio/chunk_03135.wav|सुंदरबनच्या जंगलात लाडूची म्हणता येईल.
audio/chunk_03136.wav|आपले छोटे पिल्लू Rinku-सह राहत होती. लाडू चिमन ताईचं घरटं
audio/chunk_03137.wav|जंगलातल्या 1 उंच झाडावर मजबूत असं घरटं होतं. लाडूई चिमनताई खूप हुशार होत्या आणि समजूतदारी होत्या.
audio/chunk_03138.wav|येणाऱ्या संकटाची चाहूल लागली की
audio/chunk_03139.wav|तो संकटाचा त्रास नाहीसा करण्यासाठी त्या कायम प्रयत्नशील असायच्या. एकदा काय झालं, Ladu Chiman Tai जंगलात अन्न आणण्यासाठी गेला.
audio/chunk_03140.wav|त्यांनी भरपूर भाताच्या लोंब्या तोडून आपल्या चोचीत धरल्या आणि त्यांचं लक्ष आकाशाकडे गेलं.
audio/chunk_03141.wav|त्यांनी पाहिलं आकाशात, अरे देवा! आकाशात काळे ढग जमाय झाले होते.
audio/chunk_03142.wav|त्या घाबरल्या आणि वेगात आपल्या घरी आल्या.
audio/chunk_03143.wav|त्या Rinku-ला काय म्हणाल्या? अरे Rinku, चल.
audio/chunk_03144.wav|आपलं घरटं एका बाजूला मोडलेलं आहे, ते आपण दुरुस्त करूया. Rinku म्हणाला, अगं आई असे काय ग करतेस? मला जाऊ दे ना अगं खेळायला. माझे मित्र पोपट काकांचे चिन्हू मिन्हू.
audio/chunk_03145.wav|गोबी ससे भावांचे चिटूपुटू आणि छोटी चंचला खारुताई खेळायला आले आहेत आणि कावळे काका आमच्या
audio/chunk_03146.wav|खेळाचे नियोजन करणार आहेत, आम्ही खूप गाणे म्हणणार, नाचणार, खेळणार, सगळं काही करणार, खूप धमाल, मस्ती, मजा करणार.
audio/chunk_03147.wav|त्यामुळे मला जाऊ दे घना आई.
audio/chunk_03148.wav|हे बघ, लाडू चिमन ताई म्हणाल्या,
audio/chunk_03149.wav|Rinku, मी तुला खेळायला जायला नाही म्हणत नाही, पण अगोदर हे आपलं तुटलेलं गरटं मला दुरुस्त करू लाग. नंतर खेळायला जा.
audio/chunk_03150.wav|ठीक आहे, Rinku आईला गर्द दुरुस्त करू लागला.
audio/chunk_03152.wav|अगळाडू ताई देनाग रिंकुला पटवून
audio/chunk_03153.wav|तेव्हा लाडू चिमंत ताई म्हणाली, हे बघा कावळे काका, अगोदर घरटं दुरुस्त आणि मग रिंकू खेळायला येईल.
audio/chunk_03154.wav|मग बोलल्याप्रमाणे Rinku आईला घरटं दुरुस्त करू लागला.
audio/chunk_03155.wav|छान पैकी जाम मजबूत घरटं तयार झालं, मग लाडू चिमंत ताईंनी झाडाची भरपूर पाने घरट्यात टाकली उभीसाठी, मग रिंकू खेळायला गेला.
audio/chunk_03156.wav|Rinku भरपूर मित्राबरोबर खेळला, नाच गाणे केले, सगळं केलं.
audio/chunk_03157.wav|पण तेवढ्यात वारा सुटला सोसाट्याचा.
audio/chunk_03158.wav|आकाशात मेघ गर्जनेसह पाऊस कोसळू लागला, त्यामुळे सगळे मित्र भिजले, Rinku-ही भिजला, धावत पळत आपल्या घरी आला.
audio/chunk_03159.wav|मग बाहेर घरट्याच्या त्याने आपले पंख झाडले आणि घरट्यात गेला.
audio/chunk_03160.wav|आई म्हणाली, पाहिलंस का Rinku? अरे, तू अगोदर खेळायला जातो म्हणालास.
audio/chunk_03161.wav|पण अगोदर आपले घरटे मजबूत केलेस हे ठीक झाले, तुटलेले घरटे दुरुस्त केले हे ते ठीक झाले, अरे आता पाऊस आला होता.
audio/chunk_03162.wav|पावसाचे पाणी आपल्या घरट्यात आले असते, त्यामुळे आपल्याला घरट्यात राहणे mushkil झाले असते. त्यामुळे तुला मी काय सांगितले? अगोदर घरटं दुरुस्त, मग खेळ, मजा, नाच, गाणे हे सर्व काही नंतर. बरोबर आई?
audio/chunk_03163.wav|आहे आई तुझं, अगं तू म्हटलीस तेच खरं झालं.
audio/chunk_03164.wav|मी अगोदर घरटं दुरुस्त करू लागलो आणि नंतर खेळायला गेलो, त्यामुळे हे जमलं.
audio/chunk_03165.wav|होय, अशी लाडू चिमन ताई म्हणली, तेवढ्यात काय झालं? काळे कवडे काका हाक मारायला लागले.
audio/chunk_03166.wav|मग लाडू चिमन ताई म्हणाली काय झालं कावळे काका? अगं चिनू ताई आम्ही सगळे तुमच्या घरट्यात येणार आहोत. अरे कावळे काका ये ये. मग काळे कावळे काका, चिन्नू मिन्नू, चिटू पिटू, छोटी खारुताई सगळे जण चिमूताईच्या घरट्यात आले.
audio/chunk_03167.wav|आणि पंख झाडून सगळे घरट्यात बसले.
audio/chunk_03168.wav|सगळ्यांनी झाडाची पाने अंगावर घेतली, पावसात भिजल्यामुळे त्यांना भरपूर उब आली. मग कावळे काकांना वाटले, अरे बरं झालं, चिमुताईनी अगोदर घरटे दुरुस्त करून घेतले. नंतर रिंकूला म्हणाली नंतर खेळायचा, हे बरोबर होतं तिचं. मग काळे कावळे का
audio/chunk_03169.wav|काका म्हणाले, चिमुताई तुझं बरोबर आहे ग, मला माफ कर. मग
audio/chunk_03170.wav|लाडू चिमंत ताई म्हणाली, जाऊ दे ना कावळे काका, तुम्ही आता मी लोंब्या आणल्यात त्या खा सर्वजण. मी चिमु ताईनी सकाळी आणलेल्या लोंब्या
audio/chunk_03171.wav|सगळ्यांनी खाल्ल्या आणि सगळे झोपी गेले. चिमुताईच्याच घरट्यात. मग सकाळ झाल्यावर सगळे उठले. मग चिमुताई म्हणाली, हे बघा कावळे काका आणि चिन्नू मुन्नू आणि चिटू पिटूच्या आई बाबांनाही चिमुताईने सांगितले.
audio/chunk_03172.wav|तुम्ही सगळ्यांनी अगोदर घरटी बांधा, मी घरटी बांधायला सगळ्यांना मदत करते आणि Chimutai-ने सगळ्या पक्षांना घरटी बांधायला मदत केली.
audio/chunk_03173.wav|खारुताईलाही झाडाची पोकळी छानपैकी करून दिली.
audio/chunk_03174.wav|गोबी ससे भाऊंनाही झाडाची पोकळी छान करून दिली, त्यामुळे सगळ्यांची घरे सुरक्षित झाली. आता किती पाऊस आला, थंडी वारा आला, तर त्यांना सुरक्षित घरटी मिळाली. त्यामुळे सगळ्या प्राण्यांना आनंद झाला आणि सगळ्यांनी लाडू चिमंताईच्या बुद्धीचे कौतुक केलं.
audio/chunk_03175.wav|केले. मग लाबीची म्हणताई काय म्हणाली, अरे मित्रांनो, आपण कोणतेही संकट यायच्या अगोदर ते संकट
audio/chunk_03176.wav|परतून कसे घालवता येईल याचे नियोजन करावे म्हणजे आपल्यापुढे संकट येत नाही.
audio/chunk_03177.wav|म्हणूनच म्हणतात पाण्याआधी वळण बांधावे.
audio/chunk_03179.wav|ए शांत स्वभावाचे नेकी गाढव दादा राहत होती.
audio/chunk_03180.wav|ते खूप कष्टाळू, मेहनती
audio/chunk_03181.wav|जंगलातल्या सगळ्या प्राण्यांना ते मदत करायचे, छोटी छोटी लाकडे, काटक्या,
audio/chunk_03183.wav|खूप शांत स्वभावाचे
audio/chunk_03184.wav|हे नेकी गाढव दादा होते.
audio/chunk_03185.wav|टिंबू ससेबाऊ दिसायला अतिशय सुंदर होते, त्यांचे अंग कापसासारखे मऊ होते, पण हे ससेबाऊ अतिशय गर्विष्ट होते.
audio/chunk_03186.wav|त्यांना आपल्या रूपाचा मोह मोह शरीराचा अतिशय गर्व होता.
audio/chunk_03187.wav|ते जंगलातल्या प्राण्यांना अजिबात कोणालाही मदत करायचे नाहीत. स्वतःपुरती गाजरे आणून खायचे, टोमॅटो आणून खायचे, स्वतःसाठीच जीवन जगायचे, इतरांना कधीही मदत करत नव्हते. एकदा ते नेकी गाढव दादांना काय म्हणाले?
audio/chunk_03188.wav|अरे Niki दादा बघा बरं मी धावण्यात किती हुशार आहे दिसाय ही खूप सुंदर आहे.
audio/chunk_03189.wav|तसं पाहिलं तर आमच्या पूर्वजांनी कासवाबरोबर शर्यत हरली आहे. पण त्या काळात, आत्ताच्या काळात मी धावण्यात खूप पटाईत आहे.
audio/chunk_03190.wav|मी चतुर आणि हुशारी आहे.
audio/chunk_03191.wav|तेव्हा नेकी गाढव दादा काय म्हणाले, अरे टिंबू, तू हुशार आहेस, सुंदर आहे, सगळं काही ठीक आहे.
audio/chunk_03192.wav|पण तू जंगलातल्या प्राण्यांना जरा मदत करत जा, संकटात धावून जायचा म्हणजे तुझ्या हुशारीचा, पळण्याचा, रूपाचा...
audio/chunk_03193.wav|त्यांना उपयोग होईल. एकदा काय झालं? जंगलात अचानक वारा सुटला आणि आकाशात ढग जमू लागले आणि विजेच्या कडकडाटसह पाऊस पडू लागला. मोठा पाऊस पडला जंगलात, जंगलात सगळ्या पाणीच पाणी झाले. सगळे प्राणी सैरावैरा पडले.
audio/chunk_03194.wav|कळू लागले. मग थोड्या वेळाने पाऊस थांबला आणि पाऊस थांबल्यावर काय झालं? सुंदरी हरणी ताईचं पिल्लू छोटं पिल्लू होतं, बोलू नदीच्या काठावर पाणी पिण्यासाठी गेलं.
audio/chunk_03195.wav|आणि एकदम तोल जाऊन पाण्यात पडलं.
audio/chunk_03196.wav|मोठा पुरा लावता आणि त्या पुरातनं ते वाहू लागलं आणि वाहत वाहत जाऊन त्याने कसं बसं एका दगडाला धरलं आणि वाचवा वाचवा करून ओरडायला लागलं. सगळ्या प्राण्यांनी आवाज ऐकला, सगळे प्राणी धावून नदीच्या काठावर आले. कोण वाचलं?
audio/chunk_03197.wav|होणार त्याला आता काय करायचे?
audio/chunk_03198.wav|मग सगळे प्राणी शांतपणे पाहत होते, अरे आता बोलूला कोणी वाचवायचं?
audio/chunk_03199.wav|नदीचे पाणी तर भयंकर होते, लाटा उसळत होत्या. बोलू दगडाला धरलं होतं बोलूनं पण त्याचे पाय हेलकावत होते. आता थोड्याच वेळाने तो आणखी लाटेबरोबर वाहून जाणार होता. आता काय करायचे काही कळेना.
audio/chunk_03200.wav|तेव्हा Tembu Saseba हळूच
audio/chunk_03201.wav|गाढव दादांच्या जवळ आले आणि म्हणाले, मला नाही जमणार बरं का गाढव दादा. माझे अंग पांढरे शुभ्र आहे. मी जर पाण्यात गेलो तर ते पाण्यात भुजवून चिपचिपीत होईल तुमच्या अंगासारखे. असे म्हणून ससेभाऊ खो खो हसायला लागले.
audio/chunk_03202.wav|गाढव दादा शांत उभे होते.
audio/chunk_03203.wav|ज्यांनी मागचा पुढचा विचार न करता आपल्या जीवाची परवा न करता ते पाण्यात
audio/chunk_03204.wav|गेले आणि कसे बसे लाटेचे हिरकावे घेत घेत घेत घेत Bolu-जवळ गेले. लाटा त्यांना ओढत होत्या नदीच्या पाण्याच्या तरी पण त्यांनी जुमानले नाही आणि Bolu-जवळ गेले आणि म्हणाले अरे Bolu उडी मारून माझ्या पाठीवर बैस Bolu.
audio/chunk_03205.wav|पटकन गाढव दादांच्या पाठीवर बसला आणि गाढव दादा बोलूला घेऊन नदीच्या काठावर आले. सगळे प्राणी उत्कंठेने पाहत होते. सगळ्यांचा जीव आता भांड्यात पडला होता. सगळ्यांनी सुटकेचा निश्वास सोडला. सगळ्या प्राण्यांनी टाळ्या वाजवून एकी गाढव
audio/chunk_03206.wav|दादांचे कौतुक केले. Shersingh राजे म्हणाले, अरे Neki, तू खूपच हुशार आहेस. आपल्या जीवाची परवा न करता तू Bolu-ला पाण्यातून बाहेर काढलं, मोठ्या संकटातून मुक्त केलंस. खरंच तू खूप हुशार आहेस.
audio/chunk_03207.wav|अरे नुसते बोलाचा भात आणि बोलाची कडी करायची नसते नुसतं बोलून कोणतीही गोष्ट होत नाही त्यासाठी
audio/chunk_03208.wav|कृतीत आणणे आवश्यक असते. मग ससे भाऊ मान शर्मेने घालून बाजूला उभे होते, त्यांना ते बोलणं
audio/chunk_03209.wav|रुचले, मग ते नेकी गाढव दादा जवळ येऊन म्हणाले, माफ करा गाढव दादा, मी आता माझ्या रूपाचा, माझ्या पळण्याचा कधीही गर्व करणार नाही. मी जंगलात सगळ्या प्राण्याबरोबर मिळून मिसळून राहणार.
audio/chunk_03211.wav|आपल्या Kitu आणि Setu या 2 पिल्ल्या समवेत राहत होती.
audio/chunk_03212.wav|त्यांच्या शेजारीच Pitukali Undir Mama आणि त्यांचा परिवार राहत होता.
audio/chunk_03213.wav|वाळवंटी उंट दादा आपल्या पिल्ल्यांना नेहमी चांगली शिकवण द्यायची.
audio/chunk_03214.wav|ते काय म्हणायचे, अरे बाळांनो,
audio/chunk_03215.wav|जंगलातल्या सर्व प्राण्यांना मदत करा.
audio/chunk_03216.wav|वयस्कर प्राण्यांना मदत करा, संकटात एकमेकांना मदत करायची असते आणि सगळ्यांनी मिळून मिसळून वागायचे.
audio/chunk_03217.wav|त्याप्रमाणे त्यांची पिल्लीही वागत होती. एकदा जंगलात लांबवर गवत आणण्यासाठी वाळवंटी उंटदादा गेले.
audio/chunk_03218.wav|त्यांनी भरपूर गवत खाल्लं आणि येताना आपल्या पिल्लांनाही ते बरोबर घेऊन यायला लागले.
audio/chunk_03219.wav|तेव्हा काय झालं? पिटुकली उंदीर मामांची 2 छोटी छोटी पिल्ले ही अन्नाच्या शोधासाठी जंगलातनं फिरत होती.
audio/chunk_03220.wav|आणि फिरत फिरत ती बऱ्याच लांब गेली आणि वाट चुकली.
audio/chunk_03221.wav|घरी यायला रस्ता सापडेना.
audio/chunk_03222.wav|मग दोघे घाबरली, रडायला लागली.
audio/chunk_03223.wav|तेवढ्यात 1 दुष्ट रानमांजर Birla नावाची त्यांच्या पाठी लागली, त्यामुळे ते दोघे घाबरून एका झाडाखाली लपून बसले आणि रडायला लागले. तेवढ्यात उंटदादा पाठीमागून येत होते, त्यांनी हे पाहिलं आणि त्यांनी त्या
audio/chunk_03224.wav|मांजरीच्या पाठीमागे लागून तिला पळवून लावले.
audio/chunk_03225.wav|आणि त्या छोट्या पिल्ल्यांना म्हणाले, अरे बाळांनो तुम्ही एवढ्या लांब का आलात?
audio/chunk_03226.wav|तर ती पिल्ले म्हणाली, उंट दादा, आम्ही खाण्याच्या हेतूने इकडे आलो होतो आणि रस्ता चुकलो, आता आम्हाला घरी जायला वाट सापडेना, म्हणून आम्ही रडतो आहोत. अरे बाळांनो, घाबरू नका, चला आवडी मारून माझ्या पाठीवर बसा, तुम्हाला मी घरी सोडतो.
audio/chunk_03227.wav|ठीक आहे, मग बाळवंटी उंट दादांनी त्या पिल्ल्याला आपल्या पाठीवर घेतलं आणि घरी नेऊन सोडलं.
audio/chunk_03228.wav|इकडे Pitukale Undir Mama पिल्ल्यांना शोधून दमले होते. त्यांनी पाहिलं उंट दादाने पिल्ले आणली. त्यामुळे ते khush झाले आणि उंट दादांचे आभार मानले. उंट दादा म्हणाले, अरे Pitukale Undir Mama आभार कसले यात? अरे एकमेकांना मदत केलीच पाहिजे.
audio/chunk_03229.wav|असे झाल्यावर काय झालं? जंगलात 1 सरोवर होतं आणि त्या सरोवरात जंगलातले सगळे प्राणी पाणी प्यायला जायचे. कुंट दादा, त्यांचे किटू सिटू, उंदीर मामा, त्यांचाही परिवार.
audio/chunk_03230.wav|पिल्ल्यासहित सरोवरात पाणी प्यायला जायचा.
audio/chunk_03231.wav|असे रोज जाता जाता काय व्हायचं? त्या जंगलात 1 धूर्त आणि दुष्ट लाडगोबा होता.
audio/chunk_03232.wav|तो नेहमी उंट दादाच्या पिल्ल्यांना बघायचा आणि म्हणायचा, अरे वा! किती पिल्ली छान आहेत!
audio/chunk_03233.wav|यांची जर शिकार मिळाली तर बरे होईल, महिन्याभर भोजनाची सोय झाली. असे ते रोज नेहमी मनात म्हणायचे आणि लांबून रोज त्या पिल्ल्यांना बघून जायचे.
audio/chunk_03234.wav|मग एकदा काय झालं, उंटदादा, त्यांची पिल्ले, उंदीर मामा, सगळेजण सरोवरात पाणी प्यायला आले. सगळे बराच वेळ पाणी पिऊन सरोवराच्या काठावर येऊन उभे राहिले.
audio/chunk_03235.wav|तेवढ्यात काय झालं हे धूर्त लांडबोबानी पिल्ली पाहिली उंट दादांची.
audio/chunk_03236.wav|आता मात्र त्यांना हवे ना, आता काय बरं करावं युक्ती? आणि या पिल्ल्यांची शिकार कशी करायची? पण हा वाळवंटी उंट दादा वाटेत काट्यासारखा आडवा आहे, त्याला बाजूला केला पाहिजे. काहीतरी योजना केली पाहिजे.
audio/chunk_03237.wav|असे लबाड लांडकोबा म्हणायला लागले काय बरं योजना करावी मग त्यांनी 1 योजना केली.
audio/chunk_03238.wav|ते उंट दादा जिथे उभे होते सगळेजण तिथे लंगडत लंगडत लंगडत गेले.
audio/chunk_03239.wav|अरे वाळवंटी उंट दादा काय सांगू मला जरा मदत करा हो अरे काय झालं तू लंगड तू काय आहेस
audio/chunk_03240.wav|काही नाही हो, मी आणि माझा भाऊ जंगलातनं निघालो होतो आणि दाट झाडीत माझा भाऊ पडला, अडकून बसलाय दाट झाडीत.
audio/chunk_03241.wav|आणि मी ही त्याला वाचवायला गेलो, दगडावरनं पडलो आणि माझा पाय मोडला. चला ना तुम्ही जरा माझ्या भावाला काढायला.
audio/chunk_03242.wav|मग वाळवंटी उंट दादा मनात काय म्हणाले?
audio/chunk_03243.wav|याला मदत करावी का नको? हा खोटे सांगत असला तर?
audio/chunk_03244.wav|आपलं मदत करणं कर्तव्य आहे तो कसा का असेना असे म्हणून उंटदादा त्या लांडग्याबरोबर गेले.
audio/chunk_03246.wav|आणि लांडगोबानी पटकन 1 जाळे झाडावरची दोरी वरून सोडले.
audio/chunk_03248.wav|अरे ए दुष्ट लांडगोबा!
audio/chunk_03249.wav|काय केलेस हे? माझा विश्वासघात केलास.
audio/chunk_03250.wav|लांडगोबा म्हणाला, अरे उंट दादा.
audio/chunk_03251.wav|तुझा विश्वासघात करायचा का काय करायचं ते आता तुझं तू ठरव.
audio/chunk_03252.wav|अरे! माझा पाय मोडलेला नाही आणि माझा भाऊ म्हणलास तर कुठे आहे माझा भाऊ? मला भाऊ वगैरे काही नाही. अरे मूर्खा, बरेच दिवस झालं तुझ्या पिल्ल्यांचे भोजन करायचे आहे मला. त्यासाठी वाट बघतोय, पण तू काट्यासारखा वाटेत आडवा आहेस, म्हणून मी...
audio/chunk_03253.wav|तुझा हा काटा बाजूला केला, आता निवांत जाऊन तुझ्या पिल्ल्यांची शिकार करणार. उंट दादा म्हणाले, अरे मूर्ख, धूर्त लाडगोबा, तू माझ्या पिल्ल्यांची शिकार नाही करणार, कळलं का? मी काही करून माझ्या पिल्ल्यांना सोडवीन.
audio/chunk_03254.wav|धुत लांडकोबा गेले, पिल्ले जिथे होती तिथे. तेवढ्यात इकडे काय झालं? इकडे उंदीर मामा काय म्हणाले, अरे बाळांनो, अजून उंटे दादा कसे आले नाहीत, थांबा मी बघून येतो. म्हणून ते आपल्या दोन्ही पिल्ल्यांना घेऊन गेले.
audio/chunk_03255.wav|इकडे लांडू बाई इकडे आले तिकडे उंदीर मामा पाहता तो
audio/chunk_03256.wav|उंटदादा जाळात अडकले रे, मग उंटदादांनी सगळी कहाणी
audio/chunk_03257.wav|पिटुकले उंदीर मामांना सांगितली. पिटुकले उंदीर मामा म्हणाले, अरे उंट दादा वेळ नको आता दौडायला.
audio/chunk_03258.wav|आणि त्यांनी आपल्या पिल्ल्यांनाही सांगितले. तिघांनी मिळून पट पट पट चाळे कुरतडले आणि उंटदादाची सुटका केली आणि सगळेजण भर भर भर सरोवराच्या ठिकाणी आले.
audio/chunk_03259.wav|इकडे लांडगोबा येऊन
audio/chunk_03260.wav|पिल्ल्यांना म्हणत होते, अरे आता तुमची मी शिकार करणार, तुम्हाला खाऊन टाकणार.
audio/chunk_03261.wav|Kitu आणि Shitu म्हणत होता, नाही लांडगे काका, आम्हाला खाऊ नका, आम्हाला खाऊ नका, आम्ही काय केले तुमचं? नका खाऊ. अरे मूर्खानो!
audio/chunk_03264.wav|उंट दादानी अशी जी लाथ लांडगोबाच्या तोंडावर मारली, त्यांच्या डोळ्यापुढे काजवे चमकले आणि पिटुकली उंदीर मामा आणि त्यांच्या पिल्ल्यानी लांडगोबाच्या पायाचे चावे घेतले. लांडगोबा तिथून मागे न वळता पडत उठत पडत उठून तिथून
audio/chunk_03265.wav|पळून निघून गेले.
audio/chunk_03266.wav|पिटुकली उंदीर मामांनी
audio/chunk_03267.wav|उंट दादाची सुटका करून किटूचा
audio/chunk_03268.wav|आणि Situ-चा जीव वाचवला व सगळे आनंदाने घरी गेले.
audio/chunk_03269.wav|बाळवंटी उंट दादा म्हणाले, अरे!
audio/chunk_03270.wav|पिटुकली उंदीर मामा, तुमचे खूप खूप आभार. उंदीर मामा लागले हसायला आणि काय म्हणाले?
audio/chunk_03271.wav|अरे वाळवंटी उंट दादा.
audio/chunk_03272.wav|एकमेकांना मदत करणे संकटात
audio/chunk_03273.wav|तेच आपले कर्तव्य आहे.
audio/chunk_03274.wav|आणि यापुढे असे बोलू नको.
audio/chunk_03275.wav|आणि कधीही धूर्त आणि लबाडावर विश्वास ठेवू नको.
audio/chunk_03277.wav|Andaman-च्या जंगलातले Sher Singh राजे
audio/chunk_03278.wav|म्हातारे झाले होते, त्यामुळे जंगलचा कारभार पाहायला त्यांना जमत नव्हता.
audio/chunk_03279.wav|ते शिकारीला सुद्धा जात नव्हते.
audio/chunk_03280.wav|तर त्यांनी काय ठरवलं? अरे!
audio/chunk_03281.wav|आता आपण या जंगलासाठी नवीन राजा पाहिला पाहिजे.
audio/chunk_03282.wav|त्यासाठी त्यांनी सगळ्या जंगलच्या प्राण्यांना बोलवलं आणि सभा घेतली. नटकट माकड दादा.
audio/chunk_03283.wav|बबलू हत्ती दादा, चुनचुन खारुताई, सुंदरी हरणीताई, डबू असोल मामा, सगळे प्राणी जमले.
audio/chunk_03284.wav|मग महाराजांनी काय सांगितलं? हे पहा जंगलवासियांनो, माझा आता वयामानाप्रमाणे मला काही करणे जमत नाहीये. मला आता जंगलचा कारभार
audio/chunk_03285.wav|करायला जमणार नाही त्यामुळे मी आता योग्य राजाची निवड करणार आहे.
audio/chunk_03286.wav|कोण येईल पुढे सांगा बरं?
audio/chunk_03287.wav|Bablu Atti Dada Natkat Makad Dada
audio/chunk_03288.wav|आणि Dabbu अस्वल मामा पुढे आले.
audio/chunk_03289.wav|Sersing Raje काय म्हणाले?
audio/chunk_03290.wav|हे बघा आता मी तुमच्या हाती 1 मोहीम सोपवणार आहे.
audio/chunk_03291.wav|जंगल मोहीम आहे, जंगलात जाऊन
audio/chunk_03292.wav|पूर्ण जंगल फिरून यायचं.
audio/chunk_03293.wav|आणि हे जंगल फिरून आल्यावर तुम्ही जे काही चांगले काम केले असेल
audio/chunk_03294.wav|मग मी कोणाचे काम चांगले आहे हे बघून त्याला मी राजा करणार आहे.
audio/chunk_03295.wav|मग Bablu हत्ती दादा
audio/chunk_03296.wav|नटकट माकड दादा आणि टप्प असोल मामा मोहिमेला निघाले. सगळ्या प्राण्यांनी त्यांना निरोप दिला.
audio/chunk_03297.wav|जंगलाच्या जरा थोडं अंतर चालून गेल्यावर
audio/chunk_03298.wav|तिघेही 3 वेगवेगळ्या रस्त्याने निघाले.
audio/chunk_03299.wav|डब्ब आसवल मामा निघाले, चालत चालत चालत बरेच अंतर गेले. रात्र झाली, मग ते एका झाडाखाली झोपले, परत सकाळ झाली.
audio/chunk_03300.wav|आणि सकाळ झाल्यावर नवीन उत्साहाने ते परत चालायला लागले. त्यांना काय झालं?
audio/chunk_03301.wav|चालता चालता त्यांना 1 आवाज ऐकायला.
audio/chunk_03302.wav|त्यांनी पाहिलं, अरे आवाज कुठून येतोय? घर तर झाडीतून आवाज यायला लागला. मग त्यांनी हळूच वाकून पाहिलं.
audio/chunk_03303.wav|तर 1 छोटंसं हत्नीचं पिल्लू ओरडत होतं, रडत होतं, कारण ते गर्ज झाडीमध्ये काट्यात पडलं होतं आणि विवळत होतं, ओरडत होतं.
audio/chunk_03304.wav|मग असं बोल मामा काय म्हणाले अरे रे रे
audio/chunk_03305.wav|हे छोटंसं पिल्लू आहे, याला आपण बाहेर काढलं पाहिजे.
audio/chunk_03306.wav|मग हळू हळू काटे
audio/chunk_03307.wav|ती अडचण बाजूला करत करत
audio/chunk_03308.wav|Dabbu असल मामा पिल्ल्याजवळ गेले आणि त्याला अलगत उचलून आणलं आणि जंगलात 1 सरोवर होतं त्या सरोवराच्या काठावरून घेऊन गेले त्याला पाणी पाजलं जंगलातली फळे खायला दिली आणि त्याला घेऊन झाडाखाली बसले.
audio/chunk_03309.wav|तेवढ्यात 1 हरणी ताई आली.
audio/chunk_03310.wav|ती आपल्या पिल्ल्याला शोधत होती.
audio/chunk_03311.wav|आणि डब्बो अस्वल मामांच्या जवळ पिल्लू पाहिल्यावर ती काय म्हणाली?
audio/chunk_03312.wav|अरे रे, अस्वल मामा तुम्हाला कोठे सापडले? मी पिल्ल्याला शोधते आहे. अस्वल मामा म्हणाले, हरणी ताई, या झाडीत तुझे पिल्लू पडले होते, त्याला मी बाहेर काढले.
audio/chunk_03313.wav|फळे खायला दिली, पाणी पाजले, आता तू घेऊन जा, ठीक आहे.
audio/chunk_03314.wav|तुमचे खूप खूप आभार. Harani Tai म्हणाली. मग Harani Tai निघून गेली, Aswal Mama ही पुढच्या प्रवासाला निघाले.
audio/chunk_03315.wav|इकडे काय झालं? नटकट माकड दादाही असेच निघाले होते. चालत चालत चालत पुढे गेले.
audio/chunk_03316.wav|तर त्यांना 1 ओहल लागली पाण्याची.
audio/chunk_03317.wav|आणि त्या oval-मधनं पाणी असं खाली जात होतं.
audio/chunk_03318.wav|पण ते पाणी खाली जातच नव्हतं कारण ओवळीच्या तोंडावर प्रवाहाच्या ठिकाणी 1 मोठा दगड बसला होता त्यामुळे ते पाणी वरून पाणी येत होतं पण खाली जात नव्हतं.
audio/chunk_03319.wav|पाणी वर थटून राहत होतं.
audio/chunk_03320.wav|त्यामुळे खाली जंगलातल्या प्राण्यांना पाणी मिळत नव्हतं.
audio/chunk_03321.wav|मग हे नटकट माकड दादांनी पाहिलं, मग त्यांनी बराच वेळ विचार केला, मग झाडाची 1 वेल काढली आणि त्या वेलीने
audio/chunk_03322.wav|तो दगर ओढून काढला.
audio/chunk_03323.wav|त्याबरोबर दगड निघाल्याबरोबर काय झालं? पाणी भर भर भर खाली येऊ लागलं आणि खालच्या
audio/chunk_03324.wav|जंगलातल्या प्राण्यांना प्यायला पाणी मिळू लागलं, त्यामुळे माकड दादा खुश झाले. अरे आपल्यातनं चांगलं काम झालं.
audio/chunk_03325.wav|सगळ्या प्राण्यांना पाणी मिळालं.
audio/chunk_03326.wav|मग ते पुढच्या प्रवासाला निघाले.
audio/chunk_03327.wav|पुढे गेल्यावर काय झालं? इकडे?
audio/chunk_03328.wav|बबलू हत्ती दादा निघाले, चालत चालत बऱ्याच अंतरावर गेले. त्यांना 1 वाटेत मोठी नदी लागली.
audio/chunk_03329.wav|नदी पाहून ते काय म्हणाले, अरे किती मोठी नदी आहे, आता ही नदी पार करून गेलं पाहिजे आपल्याला.
audio/chunk_03330.wav|असे ते म्हणत होते, तेवढ्यात त्यांना एका सिंहाच्या छाव्याचा आवाज ऐकू आला, वाचवा वाचवा!
audio/chunk_03331.wav|आणि ते पिल्लू रडत होतं.
audio/chunk_03332.wav|त्या प्रवाहात 1 दगडाला आपल्या पंजाने जान धरलं होतं त्या पिल्ल्याने.
audio/chunk_03333.wav|बबलू हत्ती दादाने पाहिलं, अरे पाणी भरपूर आहे नदीला.
audio/chunk_03334.wav|आणि ते एक छोटंसं सिंहाचं पिल्लू आहे. त्याने दगडाला पकडून धरून ठेवलं आहे. किती वेळ ते पकडणार?
audio/chunk_03335.wav|Oh no! बरोबर होऊन जाईल. दादांना काही कळेना. ते म्हणाले पिल्ल्याला वाचवाय पाहिजे.
audio/chunk_03336.wav|मग बबलो हत्ती दादानी
audio/chunk_03337.wav|कसलाही विचार केला नाही.
audio/chunk_03338.wav|ते वेगात जवळजवळ कमरेच्या वर पाणी जात होतं, एवढ्या पाण्यात गेले आणि आपल्या सोंडेने त्या पिल्ल्याला उचलून वर सोंडेत घेतलं.
audio/chunk_03339.wav|आणि ते नदीच्या काठावर आले.
audio/chunk_03340.wav|आणि त्यांनी विचारलं, बाळा, तू कसा अडकलास? तुझे आई बाबा कुठे आहेत?
audio/chunk_03341.wav|तरी म्हणाले मला आई बाबा माहीत नाहीत. माझ्या आई बाबा कुठे आहेत?
audio/chunk_03342.wav|बबलू हत्ती दादा म्हणाले, बाळा घाबरू नको, तुला नेतो माझ्याबरोबर. म्हणून बबलू हत्ती दादाने त्या सिंहाच्या छाव्याला आपल्या पाठीवर घेतलं.
audio/chunk_03343.wav|आणि परतीच्या प्रवासाला निघाले.
audio/chunk_03344.wav|लघु आसवल मामा नटकट माकड दादा हेही परतीच्या प्रवासाला निघाले
audio/chunk_03345.wav|आपल्या जंगलच्या Shersingh राजाजवळ आले.
audio/chunk_03346.wav|सगळे प्राणी जमले होते हे तिघे आल्यावर त्यांनी काय काय काम केलं छान छान चांगलं हे ऐकण्यासाठी सगळे उत्सुक होते.
audio/chunk_03347.wav|मग Sher Singh महाराजांनी विचारले, तिघांनाही आपापली कामे विचारली, तिघांनीही जी जी कामे केली ती सांगितली.
audio/chunk_03348.wav|मग Sher Singh राजे म्हणाले,
audio/chunk_03349.wav|अरे नटखट माकड दादा तू ही छान खेळस काम प्राण
audio/chunk_03350.wav|प्राण्यांना प्यायला पाणी मोकळे केलेस.
audio/chunk_03351.wav|डबू अस्वल मम्मा तुम्ही हरणाच्या पिल्ल्याला वाचवलं.
audio/chunk_03352.wav|ह्या सिंहाच्या छाव्याला वाचवलं.
audio/chunk_03353.wav|कमरेपेक्षा वर पाण्यात जाऊन
audio/chunk_03354.wav|Bablu हत्ती दादानी कारण त्यांनी त्या पिल्ल्याला वाचवणे एवढेच ध्येय त्यांच्या समोर होतं. तिनी स्वतःच्या जीवाची पर्वा केली नाही, नदीला भरपूर पाणी होतं, तरी ते पाण्यातून जाऊन पिल्ल्याला सोंडेत घेऊन त्यांनी वाचवलं.
audio/chunk_03355.wav|त्यामुळे जंगलचे राजे होण्यास Bablu हत्तीदाता योग्य आहे.
audio/chunk_03356.wav|त्यांना मी राजा आहे हे जाहीर करतो. मग सगळ्या प्राण्यांना आनंद झाला. सगळ्यांनी आनंदाने टाळ्या वाजवल्या. मग Bablu Hatti Dada जंगलचे राजे झाले आणि आनंदाने राज्य करू लागले.
audio/chunk_03357.wav|म्हणून कसा आहे राजा होण्यास
audio/chunk_03358.wav|फक्त ताकद, साहस.
audio/chunk_03359.wav|एवढेच लागत नाही तर त्यासाठी
audio/chunk_03360.wav|मायळूपणा आणि
audio/chunk_03361.wav|पणा लागतो तरच तो राजा होण्यास योग्य असतो.
audio/chunk_03363.wav|ए सुंदर असा बकऱ्यांचा कळप राहत होता.
audio/chunk_03364.wav|त्यात काही बकऱ्या वयस्कर होत्या, काही तरुण होत्या.
audio/chunk_03365.wav|सगळ्या बखऱ्यांचे रंग खूप सुंदर होते.
audio/chunk_03366.wav|आणि शिंगे ही चांगली टोकदार होती.
audio/chunk_03367.wav|त्यात Mangu नावाची बकरी खूप
audio/chunk_03368.wav|हुशार, साहसी, बुद्धिमान होती आणि तरुणी होती. तिचा रंगही खूप छान होता.
audio/chunk_03369.wav|काळपट पांढरा रंग होता.
audio/chunk_03370.wav|पण खूप देखणी होती बकरी ती.
audio/chunk_03371.wav|ह्या बकरीताई सगळ्या एकत्र मिळून जंगलात
audio/chunk_03372.wav|झाडांची फळे, झाडांची पाने खायच्या आणि संध्याकाळ झाली की आपापल्या घरी जायच्या.
audio/chunk_03373.wav|कळपाने एकत्र वावरायच्या जंगलातून.
audio/chunk_03374.wav|मग ही Mangu बकरी अतिशय हुशार होती. Mangu एकदा जंगलात गवत खात होती, तेव्हा तिने पाहिले, 1 छोटंसं हरणाचं पिल्लू आपला जीव घेऊन वेगात पळत होतं, कारण त्याच्या मागे दुष्ट लांडकोबा लागला होता.
audio/chunk_03375.wav|मग Mangu-ने हे पाहिलं.
audio/chunk_03376.wav|ती वेगात गेली आणि आपल्या शिंगाने त्या लांडगोबाला हुसकावून लावले. लांडगोबा पळून निघून गेला. मग Mangu-ने त्या हरणाच्या पिल्ल्याला बरोबर घेऊन त्याच्या आईजवळ नेऊन सोडलं. ही गोष्ट Sher Singh Maharaj-ना समजली. मग Sher Singh Maharaj-नी
audio/chunk_03377.wav|मंगूला बोलवून तिचा सत्कार केला.
audio/chunk_03378.wav|तिला शाब्बासकी दिली. इतकी हशी हुशार धाडसी Mangu बकरी होती. मग सगळ्या बकऱ्या एकदा गवत खात होत्या आणि जंगलाजवळ असलेला 1 उंच डोंगर होता त्याच्याकडे Mangu बकरी ताई सारखी पाहत होती.
audio/chunk_03379.wav|तेव्हा चिंगू बकरीने काय विचारले? अगं मंगुताई डोंगराकडे काय ग सारखी पाहते आहेस?
audio/chunk_03380.wav|मग काय म्हणाली? नाही ग. अगं डोंगरावर बघ ना, किती मोठमोठी झाडे आहे, हिरवेगार गवत आहे, फळे आहे, भरपूर काही खायला आहे.
audio/chunk_03381.wav|त्यामुळे मला त्या डोंगरावर जावे वाटते ग. तेव्हा 1 वयस्कर बकरीताई काय म्हणाली?
audio/chunk_03382.wav|अगं बरोबर आहे मंगू तुझं पण त्या डोंगरावर 1 दुष्ट लांडका राहतो.
audio/chunk_03383.wav|तिथे जाण्यात आपल्याला धोका आहे, नको आपण जायला.
audio/chunk_03384.wav|असं काय म्हणतात चिकाटी मावशी तुम्ही? अहो, डोंगरावर धोका आहे, लांडगोबा राहतो आणि आपण इथे जंगलात राहतोय. इथे पण भरपूर हिंस्र प्राणी आहेत, लांडगे आहेत.
audio/chunk_03385.wav|सगळे प्राणी आहेत इथं पण आपल्या जीवाला धोका आहे पण आपण जंगलातनं फिरतोच ना?
audio/chunk_03386.wav|मग चिकाटी मावशी म्हणाली, होय बरोबर आहे, मंगू तुझं.
audio/chunk_03387.wav|मग इतरही बकऱ्या म्हणायला, चला आपण जावे डोंगरावर, एकदा जाऊन गवत खाऊन येऊया.
audio/chunk_03388.wav|जंगल पाहून येऊया, ठीक आहे. मग सगळ्या बकऱ्या जंगलावर गेल्या.
audio/chunk_03389.wav|आणि जंगलावरच गवत, झाडे, फळे, फुले सगळे पाहून खूप सगळ्या बकऱ्यांना आनंद झाला. सगळ्या बकऱ्या आनंदाने इकडे तिकडे फिरू लागल्या, गवत खाऊ लागल्या, फळे खाऊ लागल्या, उड्या मारू लागल्या, खूप सगळ्यांना आनंद झाला.
audio/chunk_03390.wav|एकमेकीशी बोलू लागल्या.
audio/chunk_03391.wav|आणि त्यांचा हा दंगा आवाज ऐकून
audio/chunk_03392.wav|खोटे लांडगे रावांनी ह्यांचा सगळा आवाज ऐकला.
audio/chunk_03393.wav|आणि ते बाहेर आले को येत नाही त्यांनी पाहिलं अरे वा!
audio/chunk_03394.wav|काय या बकऱ्या? कशा काय इतक्या वर आज आल्या? 1 नाही, 2 नाही, भरपूर बकऱ्या.
audio/chunk_03395.wav|अरे देवा आयतीच मेजवानी चालून आल्या मला.
audio/chunk_03396.wav|आज दिवस कसला आहे माहिती नाही.
audio/chunk_03397.wav|असे लांडगोबा म्हणत बाहेर आले.
audio/chunk_03398.wav|आणि हळूहळू दपत्या पावलाने ते बकरीच्या कळपाकडे निघाले.
audio/chunk_03399.wav|तेव्हा 1 बकरीचे लक्ष गेलं त्यांच्याकडे.
audio/chunk_03400.wav|ती बकरी काय म्हणाली? सगळ्या बकऱ्यांना म्हणाली, अगं बकरी ताईंनो, पळा पळा लांडगो बाया लागलाय, पळा पळा थांबू नका, चला लवकर जंगलात!
audio/chunk_03401.wav|पळा पळा सगळ्या बकऱ्यांनी पाहिलं आणि त्या पळायला लागल्या.
audio/chunk_03402.wav|मंगूही पळायला लागली पण काय झालं बकऱ्या पळायला लागल्यावर लांडगोवा वेगात आले.
audio/chunk_03403.wav|पटकन त्यांनी 1 बकरीवर झेप घेतली.
audio/chunk_03405.wav|मग Mangu बकरीने पाठीमागे पाहिले.
audio/chunk_03406.wav|तिनं तो लांडगोबा त्या बकरीला खात असताना पाहिलं.
audio/chunk_03407.wav|तिला खूप वाईट वाटलं.
audio/chunk_03408.wav|एकीकडे वाईट वाटलं आणि एकीकडे त्या लांडगोबाचा भयंकर राग आला.
audio/chunk_03409.wav|पण ती आपला हुंदका आवरत तशीच खाली निघून गेली चांगला.
audio/chunk_03410.wav|खाली गेल्यावर सगळ्या बकऱ्या एकत्र झाल्या.
audio/chunk_03411.wav|मग चिकाटी मावशी काय म्हणाली? बघ मंगू, तुला मी सांगितलं होतं, तिथं दुष्ट लांडगा राहतो, नको जायला, पण तू आपला हट्ट सोडला नाहीस, सगळ्यांना घेऊन गेलीस!
audio/chunk_03412.wav|आपली बहीण आज 1 आपल्यातनं निघून गेली.
audio/chunk_03413.wav|मग Mangu म्हणाली होय चिकाटी मावशी माझ्या
audio/chunk_03414.wav|भोळी नावाची 1 सुंदर हरणी ताई राहत होती.
audio/chunk_03415.wav|नावाप्रमाणे ती खूप बोळी होती.
audio/chunk_03416.wav|संकटात इतरांना मदत करण्यात ती सदैव तत्पर असायची.
audio/chunk_03417.wav|जंगलातली आणलेली फळे
audio/chunk_03418.wav|स्वतः खाताना इतर प्राण्यांनाही द्यायची.
audio/chunk_03419.wav|कधी नाही शब्द तिला माहिती नव्हता.
audio/chunk_03420.wav|अशी ही भोळी होती, तिच्या या भोळ्या स्वभावामुळे जंगलचे सगळे प्राणी तिची गंमत करायची.
audio/chunk_03421.wav|पण तिचा हा स्वभाव बदलला नाही.
audio/chunk_03422.wav|चिकाटी लांडगींतही राहत होती, नावाप्रमाणेच ती खूप धूर्त होती.
audio/chunk_03423.wav|धूर्तपणाने इतर प्राण्यांना ती आपल्या जाळ्यात ओढायची आणि त्यांच्याकडून कामे करून घ्यायची.
audio/chunk_03424.wav|मग तिला भोळीचा स्वभाव माहिती होता.
audio/chunk_03425.wav|त्यामुळे भोळी एकदा झाडाखाली बसली होती.
audio/chunk_03427.wav|शेजारच्या झाडाशी जवळ जाऊन बसली.
audio/chunk_03428.wav|आणि रडण्याचे नाटक करू लागली.
audio/chunk_03429.wav|होळीने पाहिले चिकाटी लांडगीन ताई रडायला लागल्या.
audio/chunk_03430.wav|घोळी पटकन उठली आणि म्हणाली, लांडगीण ताई काय झालं ग? का रडतेस?
audio/chunk_03431.wav|आपल्या जंगलात लांब गुहे
audio/chunk_03432.wav|माझी 1 बहीण आहे, ती खूप आजारी आहे.
audio/chunk_03433.wav|पण मला एवढ्या लांब जाणे शक्य नाहीये ग.
audio/chunk_03434.wav|काय करू बहिणीला तर पाहायचा आहे.
audio/chunk_03435.wav|मग काय करू म्हणून मला रडू येते.
audio/chunk_03436.wav|चिकाटी ताई, मग त्यात काय एवढेसे? चल मी तुला नेते.
audio/chunk_03437.wav|अगं पण तू कशी नेणार? माझ्या पाठीवर बसून चल.
audio/chunk_03438.wav|मग चिकाटी लांडगीन ताई भोळीच्या पाठीवर बसली.
audio/chunk_03439.wav|भोळी तिला घेऊन त्या गुहेकडे निघाली.
audio/chunk_03440.wav|जाताना वाटे खूप काटेकुटे होते.
audio/chunk_03441.wav|झाडी संपल्यावर भयंकर ऊन होतं.
audio/chunk_03442.wav|पण अशा अडचणीतून
audio/chunk_03443.wav|भोळीने चिकाटी लांडगीन ताईला त्या वेळेपर्यंत नेलं.
audio/chunk_03444.wav|गुहेजवळ गेल्यावर चिकाटी लांडगीन ताई काय म्हणाली?
audio/chunk_03445.wav|भोळी, तू इथे बैस, तोपर्यंत मी बहिणीला पाहून येते, ठीक आहे.
audio/chunk_03446.wav|भोळी घुयेच्या बाहेर बसली.
audio/chunk_03447.wav|दुपारचा प्रहर टळला, संध्याकाळची वेळ झाली.
audio/chunk_03448.wav|तरी चिकाटी लांडगीन ताई भुयेच्या बाहेर आली नाही. अरे देवा हे काय झालं? म्हणून घोळी भुयेत गेली पाहायला.
audio/chunk_03449.wav|भात्या तो काय?
audio/chunk_03450.wav|चिकाटी लांडगीण ताई आपल्या वहिनी सोबत
audio/chunk_03451.wav|एका सशाचे मांस खात होती.
audio/chunk_03452.wav|हे पाहिल्याबरोबर भोळी पटकन मागे आली आणि तिथून निघून येऊन आपल्या गुळेत आली.
audio/chunk_03453.wav|तिला हा चिकाटीचा प्रकार आवडला नाही.
audio/chunk_03454.wav|परत काय झालं? थोड्या दिवसांनी
audio/chunk_03455.wav|चिकाटी लांडगी ताईला भोळी दिसली.
audio/chunk_03456.wav|तिने 1 योजना आखली होती चिकाटीने.
audio/chunk_03457.wav|ती भोळी जवळ जाऊन काय म्हणाली?
audio/chunk_03458.wav|माझ्यामुळे तुला त्रास झाला.
audio/chunk_03459.wav|मी तुला फसवले, मला माफ कर, पण मी आता नाही तुला फसवणार.
audio/chunk_03460.wav|मी काय म्हणते, अगं आपल्या जंगलातले Shersingh राजे
audio/chunk_03461.wav|Party देणार आहे, भरपूर गोड गोड फळे आहेत.
audio/chunk_03462.wav|भोळीला नाही शब्द माहिती नव्हता.
audio/chunk_03463.wav|आणि भोळी चिकाटी लांडगीन ताई बरोबर गेली.
audio/chunk_03464.wav|बरेच अंतर चालून गेल्यावर
audio/chunk_03465.wav|एका अंधाऱ्या जागी चिकाटी लांडगीन ताईंनी भोळीला नेले.
audio/chunk_03466.wav|हो आणि तिथे Sher Singh महाराज बसले होते.
audio/chunk_03467.wav|त्यांच्या समोर ओळीला उभे केले.
audio/chunk_03468.wav|अरे इथे 1-ही प्राणी नाही.
audio/chunk_03469.wav|चकाटी लांडकी ताई मला म्हणाली भरपूर प्राणी आहेत, party आहे, पण असं काहीच दिसत नाही इथे.
audio/chunk_03470.wav|असे भोळी मनाला म्हणाली आणि घाबरली. समोर Sher Singh राजे होते.
audio/chunk_03471.wav|मग चिकाटी लांडगीन ताई म्हणाली, महाराज तुमच्यासाठी ही हरणी मी भेट आणली आहे.
audio/chunk_03472.wav|शिकाटीचा बेत काय होता?
audio/chunk_03473.wav|हरणीची शिकार करून तिला खावे.
audio/chunk_03474.wav|आणि त्यातला थोडासा भाग आपल्याला खायला मिळेल.
audio/chunk_03475.wav|या हेतूने तिने भोळीला आणले होते.
audio/chunk_03476.wav|असे ऐकल्यावर घोडी घाबरली, थरथर कापायला लागली.
audio/chunk_03477.wav|Sersi महाराज झेप घेण्यात तेवढ्यात काय झाले?
audio/chunk_03478.wav|Appu Hatti Dada तिथे धावत आले.
audio/chunk_03479.wav|अंगाला हात लावला तर, तिची शिकार केली तर,
audio/chunk_03480.wav|असे म्हणून Appu Hatti Dada वेगात गेले आणि सोंडेचा फटकारा Shersingh Maharaj-ना दिला.
audio/chunk_03481.wav|त्याबरोबर Sher Singh महाराज तिरमिरे येऊन पडले.
audio/chunk_03482.wav|आणि चिकाटी लांडगीन ताई पळून गेली.
audio/chunk_03483.wav|भुडीला घेऊन Appu Hatti Dada निघाले.
audio/chunk_03484.wav|Appu Hatti Dada आणि Bholi एकमेकांचे खूप
audio/chunk_03485.wav|मित्र होते कारण एकदा एका शिकाऱ्याच्या जाळ्यातून
audio/chunk_03486.wav|भोळीने आपल्या शिंगाने जाळे कुरतोडून Appu Hatti Dada-ना वाचवलं होतं, त्या वेळेपासून ते दोघे एकमेकांचे घनिष्ठ मित्र होते.
audio/chunk_03487.wav|काहीतरी निमताने Appu Hatti Dada तिथे आले आणि त्यांनी भोळीला सोडवले.
audio/chunk_03488.wav|Appu दादा तुमच्या सोंडेला लागले नाही ना?
audio/chunk_03489.wav|मग Appu Hatti Dada हसायला लागले आणि म्हणाले, अगं भोळी, भोळी ती भोळीच तू. अगं मी Shersingh Maharaj-ना पटकारा दिला, माझ्या सोंडेला कसे लागेल?
audio/chunk_03490.wav|असे म्हणत हसत हसत दोघे आपापल्या गुयेत गेले.
audio/chunk_03491.wav|परत थोड्याच दिवसानं भोळी जंगलातनं निघाली होती.
audio/chunk_03492.wav|तेव्हा तिने पाहिले चिकाटी लांडगीण ताई एका शिकाऱ्याच्या जाळ्यात अडकली होती.
audio/chunk_03493.wav|आणि ती सगळ्या प्राण्यांना विनवण्या करत होती, अरे मला कोणीतरी सोडवा, माझ्यात बदल झाला आहे.
audio/chunk_03494.wav|मी आता खोटे बोलणार नाही आणि वागणारही नाही.
audio/chunk_03495.wav|भोळीला पाहिल्यावर चिकाटी म्हणाली, अगं भोळी ताई तू तर मला सोडव ग, माझ्यात खूप बदल झालाय.
audio/chunk_03496.wav|सोडव मला, मी नाही आता खोटे वागणार.
audio/chunk_03497.wav|Chikati Tai, मी तुला माफ केला आहे.
audio/chunk_03498.wav|मी तुला मदत करणार नाही.
audio/chunk_03499.wav|कारण माझ्या भोळा स्वभावामुळे
audio/chunk_03500.wav|तुझ्या गोड बोलण्यामुळे
audio/chunk_03501.wav|त्यामुळे मी आता तुला मदत करणार नाही.
audio/chunk_03502.wav|अशी म्हणू भोळी की तू
audio/chunk_03503.wav|निघून गेली आणि ती काय मागे वळून म्हणाली?
audio/chunk_03504.wav|पण दुसऱ्याकडून फसण्या इतकी मी भोळी नाही समजले का?
audio/chunk_03505.wav|आणि कसं आहे वाईट कर्माचे फळ हे वाईटच मिळते.
audio/chunk_03506.wav|असे म्हणून भोळी निघून गेली आणि चिकाटी लांडगीन ताई तिच्याकडे पाहतच राहिली.
audio/chunk_03508.wav|आणि माकड दादा राहत होते.
audio/chunk_03509.wav|खारुताईमध्ये Chinki-Minki या दोघी मैत्रिणी होत्या. त्यातली
audio/chunk_03510.wav|मी Chinki आगाऊ होती. ती जंगलातल्या प्राण्यांना, पक्षांना त्रास द्यायची.
audio/chunk_03512.wav|जंगलातल्या प्राण्यांचे अन्न लपवून ठेवायची.
audio/chunk_03513.wav|माकड दादा झाडावर झोपले की त्यांची शेपूट झाडाबरोबर बांधायची. हरणी ताई झाडा खालून निघाल्या की तिच्या पाठीवर बसून
audio/chunk_03514.wav|ती जी शिंगे ओढायची, नंतर हत्ती दादा निघाले की त्यांच्याही पाठीवर बसायचं आणि आपली शेपटी त्यांच्या कानात घालून त्यांना गुदगुल्या करायच्या.
audio/chunk_03515.wav|असा आगाऊपणा Chinki सारखी करायची, पण या उलट Minki होती. Minki शांत होती, ती सगळ्याशी प्रेमाने आणि आदबीने वागत होती.
audio/chunk_03516.wav|ती जंगलात जाऊन दररोज टोपलीवर अक्रोड घेऊन यायची आणि जंगलातल्या सगळ्या प्राण्यांना वाटायची उरलेल्या पण खायची मग...
audio/chunk_03517.wav|Minki अशीच एकदा जंगलात गेली.
audio/chunk_03518.wav|टोपलीवर अक्रोड घेऊन आली.
audio/chunk_03519.wav|चिंकी उभी होती, चिंकी म्हणाली, ए मिंकी, ते अक्रोड घेऊन ये इकडे.
audio/chunk_03520.wav|मग Minki काय म्हणाली, अगं Chinki ताई थांब मी सगळ्या प्राण्यांना अक्रुड देते, उरले की तुला देते.
audio/chunk_03521.wav|ते काही मला माहिती नाही, अगोदर ती टोपली आण इकडे.
audio/chunk_03522.wav|अगं असे काय करते Chinki ताई तुला आण म्हटलं ना गपचूप टोपली घेऊन ये बरं.
audio/chunk_03523.wav|Minki काही टोपली द्यायला तयार नाही, तेव्हा
audio/chunk_03524.wav|पोळत पोळत Chinki-ने जाऊन Minki-च्या हातातली टोपली हिसकावून घेतली आणि झाडावरच्या आपल्या घरात जाऊन तिने सगळे अक्रोड खाऊन टाकले.
audio/chunk_03525.wav|परत दुसऱ्या दिवशी तेच
audio/chunk_03526.wav|Minki अक्रोडाची टोपली घेऊन आली.
audio/chunk_03527.wav|की Chinki यायची आणि टोपली घेऊन जायची आपल्या घरात नेऊन खाऊन टाकायची.
audio/chunk_03528.wav|3rd दिवशी तेच, शेवटी Minaki वैतागली.
audio/chunk_03529.wav|तिने इतर खारुताईंना आणि माकड दादांना विचारले, अरे काय करायचे? ही Chinki दररोज माझ्या हातातली टोपली ओढून नेते आणि एकटीच खाते आकरून.
audio/chunk_03530.wav|इतर प्राण्यांना किंवा मला कुणालाही मिळत नाही. आता काय करायचं सांगा बरं? मी एवढी सकाळी लवकर जाते, अक्रुड तोडून घेऊन येते, पण ते कुणालाही खायला मिळत नाही. काय करायचे माकड दादा?
audio/chunk_03531.wav|मग सगळ्या खारुताई आणि माकड दादांनी आणि मिंकीने मिळून 1 युक्ती केली.
audio/chunk_03532.wav|काय झालं? ठरल्याप्रमाणे Vinky जंगलात गेली आणि टोपलीभर अक्रोड घेऊन आली.
audio/chunk_03533.wav|चिंकी खारुताई उभ्याच होत्या, त्या काय म्हणाल्या? मिंकी आण टोपली इकडे.
audio/chunk_03534.wav|अगं Chinki, असे काय ग करतेस? देते ना, थांब ना जरा. अगोदर आण टोपली.
audio/chunk_03535.wav|Minky-ने Chinky-ला टोपली दिली.
audio/chunk_03536.wav|Chinki-ने काय केलं? टोपली घेतली आणि पळत पळत झाडावरच्या आपल्या घरात गेली. घरात गेली आणि 1 अक्रोड काढला आणि दाताखाली घातला.
audio/chunk_03537.wav|Chinki-चा दात मोडला! अरे देवा, हे काय? वाचवा, वाचवा माझा दात! माझा दात! कोणी आहे का?
audio/chunk_03538.wav|पण हे सर्व पाहायला बाहेर माकड दादा
audio/chunk_03539.wav|आणि इतर खारुताई आणि मिंकी होती ते लागले खदाखदा हसायला
audio/chunk_03540.wav|मुर्खानं हसताय काय? माझा दात गेला, माझा दात गेला. मग माकडदादा पुढे आले, सगळ्या खारुताई पुढे आल्या.
audio/chunk_03541.wav|तुझा दात कशामुळे गेला माहिती आहे का?
audio/chunk_03542.wav|कशाने सांगा ना सांगा ना माझा दात पडला दात पडला मग माकड दादा म्हणाले
audio/chunk_03543.wav|Chinki, अगोदर रडणं थांबव, काय सांगतो ते ऐक.
audio/chunk_03544.wav|अगं Chinki, तू किती प्राण्यांना त्रास देते, तरी सगळे प्राणी बिचारे गप्प बसतात.
audio/chunk_03545.wav|पण Minky बरोबर तू हद्द केलीस.
audio/chunk_03546.wav|ती दररोज टोपली भरून
audio/chunk_03547.wav|घेऊन येतो ती अक्रोडांची.
audio/chunk_03548.wav|पण तू दररोज अक्रोड तिच्या हातातून हिसकावून घ्यायचीस.
audio/chunk_03549.wav|सगळ्या प्राण्यांना वाटून तुलाही देणार होती.
audio/chunk_03550.wav|पण ती कुणाला द्यायच्या अगोदरच तू...
audio/chunk_03551.wav|टोपली तिच्या हातून हिसकावून घ्यायची.
audio/chunk_03552.wav|असे 3-4 दिवस केलेस.
audio/chunk_03553.wav|मग Minky-ने किती गप्प राहायची सांग बरं?
audio/chunk_03554.wav|मामी, तुला धडा शिकवण्यासाठी युक्ती केली. आम्ही सगळे जंगलात गेलो आणि सगळ्या खारुताई, आम्ही माकडदादा सगळ्यांनी मिळून...
audio/chunk_03555.wav|टोपलीभर अक्रोड काढले आणि
audio/chunk_03556.wav|आम्ही ते अक्रोड दाताने चिंबवले आणि आज छोट
audio/chunk_03557.wav|अक्रोडाचे बी काढून आत छोटे छोटे दगड घातले कारण
audio/chunk_03558.wav|तुला अद्दल घडवायची होती, तुझ्या चुकीची जाणीव करून द्यायची होती आणि तेच तू अक्रोड खाल्लेस आणि तुझा दात पडला.
audio/chunk_03559.wav|Minki, Kharutai आणि इतर Kharutai, मी चुकले, मला माफ करा. मी विनाकारण तुम्हाला त्रास दिला. Minki, तुला मी निष्कारण मी त्रास दिला. तुझी चुकी नसताना मी रोज त्रास देत राहिलेस, मला माफ कर. मी आता इथून पुढे असा त्रास कोणालाही देणार नाही, इतर प्राण्यांनाही नाही.
audio/chunk_03560.wav|आणि Minki तुलाही नाही मला माफ करा माझी चूक आता मला कळली आहे मी इथून पुढे खूप शहाण्यासारखी आणि चांगली वागेन
audio/chunk_03561.wav|तेव्हा माकडदादा म्हणाले, बरोबर आहे Chinki, तुझी तुला चूक कळली, आता इथून पुढे...
audio/chunk_03562.wav|असे म्हणल्यावर Chinki म्हणाली, हो माकडदादा आणि सगळ्या प्राण्यांनो, मी इथून पुढे कोणालाही त्रास देणार नाही.
audio/chunk_03563.wav|तेव्हा समोरच्या झाडावर बसलेली
audio/chunk_03564.wav|Gangi Popat Tai काय म्हणाली?
audio/chunk_03565.wav|साळूची म्हणताईला, अगं ए साळू ऐकलंस का? साळूची म्हणताई म्हणाली काय झालं ग गंगीताई?
audio/chunk_03566.wav|मी काय म्हणते ते ऐक.
audio/chunk_03567.wav|शिंगीला दिली सर्व प्राण्यांनी मिळून शिक्षा.
audio/chunk_03568.wav|चिंकीला दिली सर्व प्राण्यांनी मिळून शिक्षा.
audio/chunk_03569.wav|Chinki-चा उतरला गर्वाचा नक्षा बघितलंस ना?
audio/chunk_03570.wav|कसा सगळ्या प्राण्यांनी उतरला? हो ग गंजी पोपट ताई, बरोबर आहे, मी पाहिले ते. असे म्हणून दोघी हसायला लागल्या, म्हणून कोणालाही विनाकारण त्रास देऊ नये.
audio/chunk_03572.wav|इटुकले पिटुकले पण बुद्धीने मात्र ढिटुकले ससे दादा
audio/chunk_03573.wav|Sundarban-च्या जंगलात राहत होते.
audio/chunk_03574.wav|ते खूप दिसायला सुंदर होतंय.
audio/chunk_03575.wav|गोरे गोरे पान अंग त्यांचं कापसासारखं छान.
audio/chunk_03576.wav|लाल डोळे, उभे कान, शरीर गुबगुबीत.
audio/chunk_03577.wav|त्यामुळे दिसायला खूप सुंदर होते आणि बुद्धी ही सुंदर होती. असे ससेभाऊ Sundarban-च्या जंगलात राहत होते. जंगलातले सगळे प्राणी त्यांचे मित्र होते. ससेभाऊंना गाजरे, tomato, कलिंगडं खायला खूप आवडायचं.
audio/chunk_03578.wav|ते उठले की रोज जंगलाच्या शेवटच्या टोकावर असलेल्या गाजराच्या शेतीजवळ गाजरे खायला जायचे.
audio/chunk_03579.wav|असेच आज ते गाजरे खायला गेले होते.
audio/chunk_03580.wav|गाजरे खाण्यात गर्क झाले, ते खूप खुश होते.
audio/chunk_03581.wav|जंगलातली खोटी लांडगीन ताई आली, तिने पाहिले सशे भाऊंना. ती काय मनात म्हणाली, अरे वा!
audio/chunk_03582.wav|गुबगुबीत ससेभाऊंच्या शिकार करून खायची, भोजन छान होईल माझे, पण काहीतरी युक्ती केली पाहिजे. म्हणून कोटी लांडगीण ताई हळूहळू ससेभाऊंच्या जवळ आली आणि काय म्हणाली, अरे दुटिकले ससे दादा, कुठे होता तुम्ही? बराच वेळ झाले तुम्हाला शोधते आहे.
audio/chunk_03583.wav|अगं खोटी लांडगीन ताई तू आणि मला का ग शोधतेस?
audio/chunk_03584.wav|अरे काही नाही, Sasebhau आपल्या जंगलाच्या पश्चिमेच्या दिशेला का नाय 1 सुंदर शेत आहे, तिथे लाल लाल tomato आहे, गाजरे आहे, कलिंगडे आहे, कोबी आहे, सगळी काही शेती आहे.
audio/chunk_03585.wav|म्हणून म्हटलं तुला नेऊन खायला घालावं म्हणून तुला शोधत होते.
audio/chunk_03586.wav|ससेभाऊ म्हणाले, अरे वा! मग चल आत्ताच जावे आपण दोघे. चल! म्हणून दोघे निघाले. बराच वेळ चालत राहिले, पण काय झालं? जरा पुढं गेल्यावर...
audio/chunk_03587.wav|एका कठीण रस्त्यातून
audio/chunk_03588.wav|खोटी लांडगीन ताई ससेभाऊंना न्यायला लागली.
audio/chunk_03589.wav|Sasibhau मनात म्हणाले, अरे, ही लांडगीन ताई या रस्त्याने का मला घेऊन निघाल्या? हिचा डाव तर नाही ना काहीतरी? कारण त्या रस्त्याने कोणी प्राणी जात नव्हते, कारण आत गेल्यावर आत अतिशय भयंकर हिंसर प्राणी होते, म्हणून शक्यतो प्राणी त्या रस्त्याकडे जात नव्हते.
audio/chunk_03590.wav|ते मी लांडगीन ताईंनी ससेभावला त्या रस्त्याला आणलं. आता काहीतरी युक्ती केली पाहिजे.
audio/chunk_03591.wav|हुशार ससोभा दादांच्या डोक्यात लगेच कल्पना आली.
audio/chunk_03592.wav|ते काय म्हणाले, अगं कोठी लांडगीण ताई, Sherkhan आले, Sherkhan आले, अरे कुठे आहेत? असे म्हणत लांडगीण ताई पळून गेली.
audio/chunk_03593.wav|मग ससेभाऊ मनात म्हणाले,
audio/chunk_03594.wav|अरे बघा!
audio/chunk_03595.wav|ही स्वतःच्या स्वार्थासाठी माझी शिकार कराय निघाल्या आणि तात्पुरत का होईना मला तिने मित्र केला कशासाठी स्वार्थासाठी?
audio/chunk_03596.wav|स्वार्थासाठी केलेली मैत्री कधी खरी नसत्या. असे म्हणून ससेभाऊ परत जंगलात गेले आणि आपल्या सगळ्या मित्रांना त्यांनी सांगितलं. Shyam अस्वल मामा, Appo आत्ये दादा, सुंदरी आरणी ताई, नटकट माकड दादा सगळ्यांना त्यांनी सांगितलं. ह्या खोटी लांडगीन ताई.
audio/chunk_03597.wav|जी करामत. मग सगळ्या प्राण्यांनी मिळून युक्ती केली. दुसऱ्या दिवशी काय झालं? खोटी लांडकी काही दिसली त्याबरोबर
audio/chunk_03598.wav|Sasebhau गेले आणि म्हणाले, खोटी लांडगीन ताई मला माफ करा गो, समोरून Sherkhan आले, म्हणून मी ओरडलो. अरे होय, Sase दादा तुझे बरोबर आहे, नाहीतर Sherkhan महाराजांनी आपली शिकार केली असती. काय म्हणतोयस तू? काही नाही ग, मला त्या लाल लाल गाजराच्या शेतात
audio/chunk_03599.wav|जायची आहे मला नेणार का?
audio/chunk_03600.wav|तर ससेभाऊ म्हणाले, अगं पण आता अंधार पडत आलाय, काय करायचं? अरे चल, चांदण्याचा उजेड खूप आहे. त्यात तुला लाल लाल गजरे खायला देतो. लांडगीन ताई खुश झाल्या होत्या.
audio/chunk_03601.wav|आणि ते दोघे निघाले. ससेभाऊ मनातनं घाबरले होते कारण अंधार होता आणि अंधारात लांडगीण ताई आपल्यावर कधी झेप घेऊन आपली शिकार करतील हे माहित नव्हतं. त्यामुळे जरा दोघे पुढे हळू हळू चालत गेल्यावर...
audio/chunk_03602.wav|ससे भाऊंनी जोरात चिट्ठी वाजवली.
audio/chunk_03603.wav|त्याबरोबर त्यांचे सगळे मित्र आले.
audio/chunk_03604.wav|आणि कोंडाळे करून गोलाकार चक्रात
audio/chunk_03605.wav|लांडगीन ताईंना धरून ठेवलं. लांडगीन ताई म्हणाली, अरे हे काय ससे भाऊ? तेव्हा
audio/chunk_03606.wav|आप्पू हत्ती दादा म्हणाले, अगं खोटी लांडगीण ताई, तू तुझ्या स्वार्थासाठी मित्राचा सुद्धा विश्वासघात करायला निघालीस. अगं ससे भाऊंना नेऊन शिकार करणार होतीस, आम्हाला माहिती होतं, म्हणून तर आम्ही युक्ती केली आणि परत एकदा ससे भाऊ तुझ्या बरी यायला तयार झाले, कळलं का?
audio/chunk_03607.wav|आता तुला आम्ही Sherkhan Maharaj-च्या तावडीत देणार. तेव्हा खोटी लांडगीण ताई म्हणाली, मित्रांनो माफ करा. माझी लायकी सुद्धा नाही मित्र म्हणायची तुम्हाला. मला माफ करा पण मला Sherkhan Maharaj-च्या तावडीत देऊ नका, मी जंगल सोडून जाते. मग Shamu Aswal Mama म्हणाले,
audio/chunk_03608.wav|ए आत्ताच्या आत्ता जंगल सोडून जा. मग चिकाटी लांडगीन ताई जंगल सोडून निघून गेली. अशा तऱ्हेने ससे भाऊंच्या वरचे संकट टळले. सगळ्या प्राण्यांना आनंद झाला आणि परत प्राणी
audio/chunk_03609.wav|जंगलात आनंदाने राहू लागले.
audio/chunk_03610.wav|कोणीही मैत्री केली तर ती खरी असावी.
audio/chunk_03611.wav|स्वार्थी मैत्री कधी असू नये आणि कोणावरही आंधळा विश्वास ठेवू नये.
audio/chunk_03613.wav|Assam-च्या जंगलात Sher Singh Maharaj
audio/chunk_03614.wav|आणि इतर सगळे प्राणी राहत होते.
audio/chunk_03615.wav|Tiger वाघोबा, आप्पो आत्ती दादा आणि गोबी ससेबाप एकमेकांचे अतिशय जिवलग मित्र होते.
audio/chunk_03616.wav|तिघेही जंगलातनं फिरायचे एकत्र, अन्न एकत्र घेऊन यायचे आणि राहायचे देखील शेजारीच.
audio/chunk_03617.wav|असे हे 3 अतिशय जिवलग मित्र होते. एकदा काय झालं उन्हाळा आला.
audio/chunk_03618.wav|त्यामुळे जंगलातली झाडे सुकून गेली, फळे सुकून गेली.
audio/chunk_03619.wav|आणि सरोवरातले पाणी आटून गेले.
audio/chunk_03620.wav|अरे देवा आता पाणी कुठून आणायचे आणि कसे प्यायचे सगळ्या
audio/chunk_03621.wav|प्राण्यांना प्रश्न पडला, सगळे प्राणी
audio/chunk_03622.wav|पाण्याविना हैराण झाले.
audio/chunk_03623.wav|मग हे 3 मित्र काय म्हणाले? अरे चला आपण जंगलात शोधूया, कुठे पाणी आहे का पाहू नये या.
audio/chunk_03624.wav|म्हणून ते 3 मित्र पाणी शोधायला गेले.
audio/chunk_03625.wav|बराच वेळ जंगलातनं फिरले आणि त्यांना एके ठिकाणी 1 छोटंसं पाण्याचं सरोवर दिसलं, त्यामुळे तिघांना खूप आनंद झाला.
audio/chunk_03626.wav|मग ते त्या सरोवरातले पोट वर पाणी प्यायले.
audio/chunk_03627.wav|आणि नंतर जंगलात आपल्या गुहेजवळ आले. इतरही प्राण्यांना त्यांनी सांगितलं, Appu Hatti Dada.
audio/chunk_03628.wav|आणि गोबी ससे भवनी अरे मित्रांनो
audio/chunk_03629.wav|1 सरोवर आहे छोटंसं तिथे पाणी आहे तुम्ही जाऊन रोज पाणी पिऊन येत जावा.
audio/chunk_03630.wav|पण Tiger Wagoba-ने ही बातमी काही सांगितली नाही.
audio/chunk_03631.wav|ते स्वार्थी होते, त्यांना वाटत होते की पाण्याचे सरोवर आहे हे कोणालाही सांगता कामा नये, म्हणून त्यांनी वाच्यता केली नाही.
audio/chunk_03632.wav|आप्पू हत्ती दादानी गोबी ससे भावनी सांगितल्यामुळे सगळे प्राणी त्या सरोवरात रोज पाणी प्यायला यायला लागले.
audio/chunk_03633.wav|हे सण होईना Tiger वाघोबांना.
audio/chunk_03634.wav|अरे हे सगळे प्राणी आले तर पाणी संपून जाईल.
audio/chunk_03635.wav|एकदा ते पाणी प्यायला गेले.
audio/chunk_03636.wav|पाणी खूप गोड होतं सरोवराचं, पाणी पिता पिता काय म्हणाले?
audio/chunk_03637.wav|अरे आता हे पाणी संपून जाईल सगळे प्राणी येतात त्यामुळे आपण काहीतरी युक्ती केली पाहिजे.
audio/chunk_03638.wav|आणि आपल्या मित्रांना सुद्धा ती सांगायची नाही असे त्यांनी ठरवले.
audio/chunk_03639.wav|आणि ते सरोवरातनं बाहेर आले पळत पळत पळत जिथे प्राणी सगळे होते तिथे गेले.
audio/chunk_03640.wav|आप्पू हाती दादा काय म्हणाले? अरे Tiger वागोबा एवढे पळत का आलाय? काय झालं?
audio/chunk_03641.wav|मग Tiger वाघोबा बोलू लागले.
audio/chunk_03642.wav|अरे मित्रांनो काय सांगू तुम्हाला मी आता आपल्या सरोभरात पाणी प्यायला गेलो आणि
audio/chunk_03643.wav|पाणी न पिता परत आलो. अरे काय झालं सगळे प्राणी म्हणाले. अरे 1 मोठी मगर बघितली मी.
audio/chunk_03644.wav|ती सरोवरात होती आपल्या, आता कुणीही तिथे पाणी प्यायला जाऊ नका. अरे मगर!
audio/chunk_03645.wav|आता 1 सरोवर होतं.
audio/chunk_03646.wav|आणि आता आपण पाणी कुठे पाहिजे? सगळ्या प्राण्यांना प्रश्न पडला.
audio/chunk_03647.wav|मग Appu Hatti Dada म्हणाले, अरे मित्रांनो काय करायचं आपण? आता आपण जंगलातली रस असलेली फळे खाऊन पाण्याची ताण भागवूया. आता त्याशिवाय आपल्याला पर्याय नाही. आता नाही आपण कोणी जायचं सरोवराकडे. असे Appu Hatti Dada म्हणाले. मग त्याप्रमाणे कोणतेही
audio/chunk_03648.wav|ही प्राणी त्या सरोवराकडे जायचे नाहीत.
audio/chunk_03649.wav|सगळे नसल्यावर हळूच Tiger वाघोबा जाऊन पाणी पिऊन यायचे, आपली ताण वागवायचे.
audio/chunk_03650.wav|असं करता करता बरेच दिवस झाले.
audio/chunk_03651.wav|प्राणी खूप हैराण झाले होते पाण्याविना.
audio/chunk_03652.wav|मग एकदा काय झालं, Gobi ससेभाऊंना खूप तहान लागली होती. त्यांची तहान काही
audio/chunk_03653.wav|काही केला फळे खाऊन भागेना.
audio/chunk_03654.wav|ते Appu Appu Hatti Dada-ना म्हणाले, Appu Hatti Dada काहीतरी करा ना हो, मला पाणी पाहिजे, आपण जाऊया का सरोवराकडे त्या? Appu Hatti Dada म्हणाले, अरे Gobi Sase Bhau नको जायला, अरे ते दुष्ट मगर आपल्याला खाऊन टाकेल, नाही चला ना तुम्ही.
audio/chunk_03655.wav|उभा रहा मी हळूच पाणी पितून पाठीमागे येतो.
audio/chunk_03656.wav|मग Gopi ससेभाऊच्या हट्टापुढे चालेना. मग Appu हत्ती दादा म्हणाले चल पण पटकन पाणी पिऊन पटकन मागे. ठीक आहे.
audio/chunk_03657.wav|म्हणून ते दोघे गेले आणि सरोवरापासून जरा लांब होते तेवढ्यात त्यांनी पाहिलं.
audio/chunk_03658.wav|काय दिसलं त्यांना? अरे सरोवरात Tiger वाघोबा मनसोक्त पाणी पीत होते.
audio/chunk_03659.wav|अरे रे रे हे काय झालं?
audio/chunk_03660.wav|Tiger वाघोबानी तर सांगितले आपल्याला यात मगर आहे आणि हे कसे पाणी पितात अगदी निर्धास्तपणे सरोवरात आहेत.
audio/chunk_03661.wav|यात काहीतरी काळं बेरं असलं पाहिजे, Appu Hatti Dada म्हणाले.
audio/chunk_03662.wav|अरे कोबी काय करायचं?
audio/chunk_03663.wav|बघा Appu Hatti Dada आपल्या मित्राने आपल्याला फसवलं.
audio/chunk_03664.wav|चला पटकन आपण सगळ्या प्राण्यांना बोलवून आणूया मग दोघे गेले आणि सगळ्या प्राण्यांना बोलवून आणलं
audio/chunk_03665.wav|सगळे सरोवराच्या हळू हळू काठावर येऊन थांबले. हे Tiger Wagoba-ना माहित नाही. ते शांतपणे पाणी पीत होते आणि मनात मांडे खात होते.
audio/chunk_03666.wav|कसं फसवलं? सगळ्या प्राण्यांना आपण फसवलं म्हणून हे या सरोवरातले पाणी पाऊस पडेपर्यंत आपल्याला पुरेल.
audio/chunk_03667.wav|आणि आता पाणी पिऊन झालं होतं, आता आपण जायचं, म्हणून मागे वळले. बघता तो सरोवराच्या काठावर सगळे प्राणी, अरे हे काय?
audio/chunk_03668.wav|अरे तुम्ही इथे कसे?
audio/chunk_03669.wav|मग Gobi Sasoba आणि Appu Hatti Dada म्हणाले.
audio/chunk_03670.wav|अरे मित्रा, मित्र म्हणायला तुला लाज वाटते.
audio/chunk_03671.wav|आणि आम्हाला पाणी पिऊन दिले नाहीत, जंगलातल्या सगळ्या प्राण्यांना पाण्या वाचून ठेवलंस तू.
audio/chunk_03672.wav|पाण्या वाचून त्यांचा जीव किती तडफडतो आहे माहित आहे का तुला? तू फसवलंस सगळ्यांना, सगळ्यांना फसवून तुझ्या ह्या आम्हा 2 जिवलक मित्रांनाही फसवलंस, मोठी चूक केलीस तू!
audio/chunk_03673.wav|Tiger वाघोबा वर आले आणि म्हणाले,
audio/chunk_03674.wav|मला माफ करा, मी चूक केली, मी खोटं बोललो. तेवढ्यात Sher Singh Maharaj आले आणि म्हणाले,
audio/chunk_03675.wav|अरे मूर्खा, तू चूक नाही, अतिशय घोर पाप केलेस. आम्हाला पाण्याविना तडफडायला लावलंस.
audio/chunk_03676.wav|हे प्राणी बघ सगळे पाण्याविना त्यांची कशी कायदी होत आहे तू फसवलंस तुला एकट्याला पाणी पाहिजे होतं म्हणून हे ढोंग केलंस
audio/chunk_03677.wav|याची तुला शिक्षा झालीच पाहिजे. मग Shersingh Maharaj म्हणाले, काही नाही, तू 15 दिवस या सरोवराकडे अजिबात यायचं नाहीस, पाणी प्यायचं नाहीस.
audio/chunk_03678.wav|असं म्हटल्यावर, Tiger Waghoba-ला 15 दिवसाची शिक्षा झाली. सगळे प्राणी येऊन पाणी पिऊन जात होते, पण Waghoba-ना पाणी नव्हतं. त्यांच्या जीवाची तगमग झाली. पाण्याविना त्यांच्या शरीरात अशक्तपणा आला. त्यांना चालणे देखील जमेना.
audio/chunk_03679.wav|मग ते Shersingh Maharaj-कडे आले आणि म्हणाले, महाराज माझी शिक्षा पूर्ण झाल्या, आता मी जाऊन पाणी पितो. अरे मूर्खा, पाणी पी, पण तू हे जंगल सोडून जा, इथे राहण्याचा तुला काही अधिकार नाही.
audio/chunk_03680.wav|महाराज मी चुकलो मला एकदा संधी द्या मी जंग मी इथून पुढे असे वागणार नाही.
audio/chunk_03681.wav|ठीक आहे ठीक आहे 1 संधी देतो इथून पुढे असा वागू नको अरे जंगलातले सगळे प्राणी आपलेच आहेत
audio/chunk_03682.wav|त्यांना तू फसवलंस इतकेच नाही तर तुझ्या खऱ्या मित्रांना Appa Atti Dada-ना आणि Gobi Sasebhau-नाही तू फसवलंस.
audio/chunk_03683.wav|महाराज मी चुकलो, मी आता इथून पुढे चांगला वागेन. ठीक आहे, ठीक आहे.
audio/chunk_03684.wav|पण एवढी संधी आहे असे Shersingh Maharaj म्हणाले मग तिथून पुढे Tiger Wagoba
audio/chunk_03685.wav|मग थोड्या दिवसांनी जंगलात पाऊस पडला.
audio/chunk_03686.wav|हिरवीगार झाली, फळे फुलली.
audio/chunk_03687.wav|पहा जंगलातल्या सरोवरात पाणी आले आणि सगळ्या प्राण्यांना आनंद झाला आणि सगळे आनंदाने एकत्र राहू लागले.
audio/chunk_03688.wav|खरी मैत्री टिकवायची असेल तर मैत्रीत खरेपणा पाहिजे.
audio/chunk_03689.wav|आणि कोणाला फसवण्याचा प्रयत्न केला?
audio/chunk_03691.wav|Sherkhan राजे अतिशय प्रजाधक्ष.
audio/chunk_03692.wav|आणि प्रजेची काळजी करणारे होते. त्यांच्या राज्यात सगळे प्राणी, पक्षी अतिशय आनंदात होते.
audio/chunk_03693.wav|सगळे एकमेकांशी मित्रत्वाने राहत होते.
audio/chunk_03694.wav|तर एकदा काय झालं, Sherkhan महाराज आपल्या भुयेच्या
audio/chunk_03695.wav|दारात बसले होते आणि तेव्हा त्यांनी पाहिलं.
audio/chunk_03696.wav|अरे वा! जंगलातले सगळे पक्षी, प्राणी आनंदात होते.
audio/chunk_03697.wav|आणि जंगलातले मोर दादा आपला पिसारा फुलवून नाचत होते.
audio/chunk_03698.wav|आज का सगळं वातावरण छान आहे?
audio/chunk_03699.wav|आणि मोर दादा नाचत होते, पिसारा फुलवत होते आणि मधूनच आपली मान वेळावून आपल्या पिसाराकडे पाहत होते.
audio/chunk_03700.wav|त्यांना खूप आनंद झाला होता आणि सगळ्या प्राण्यांनाही आनंद झाला होता.
audio/chunk_03701.wav|Guttu ससे भाव मोर दादा जवळ जात होते आणि म्हणत होते, अरे वा! मोर दादा तुम्ही किती छान दिसताय, किती तुम्हाला आनंद झालाय, तुम्हाला पाहून आम्हालाही आनंद होतो. मग मोर दादा म्हणाले, अरे Guttu बघ आकाशात वरती बघ, काळे काळे ढग जमायला लागलेत. आता थोड्या वेळानं
audio/chunk_03702.wav|वा वारा सुटून पाऊस पडेल मग मला खूप मज्जा येईल मी भरपूर नाचेन.
audio/chunk_03703.wav|असं म्हटल्यावर Guttusase भाऊंनाही आनंद झाला, तोही नाचायला लागला, चंचला खारीत आहे, Champa हरण ताई सगळे असे नाचत वागडत बसले होते.
audio/chunk_03704.wav|हे Sher Khan महाराजांनी पाहिले.
audio/chunk_03705.wav|ते काय मनात म्हणाले, अरे!
audio/chunk_03706.wav|माझ्याकडे छान पैकी हाताचे
audio/chunk_03707.wav|मुख्य म्हणजे मी जंगलचा राजा आहे.
audio/chunk_03708.wav|पण कुठलेच प्राणी माझी स्तुती करत नाहीत, कौतुक करत नाही.
audio/chunk_03709.wav|मोरू मोर दादा नाचतोय त्याचे किती कौतुक करता स्तुती करता
audio/chunk_03710.wav|Ramu अस्वल मामा आले आणि काय म्हणाले, अरे मोर दादा नाचा नाचा आता पाऊस पडणार आहे. असे म्हटल्यावर मोर दादांना खूपच जोर येत होता आणि ते नाचत होते.
audio/chunk_03711.wav|हे Sherkhan महाराजांनी पाहिलं.
audio/chunk_03712.wav|मग ते दुःखी झाले, ते काय म्हणाले?
audio/chunk_03713.wav|अरे बघा मी जंगलचा राजा आहे माझ्याकडे काय कमी आहे
audio/chunk_03714.wav|तरी कुठलाही प्राणी पक्षी माझी स्तुती करत नाही.
audio/chunk_03715.wav|आणि त्या मोराची तेवढी स्तुती करतात का बरे असे? म्हणून Sherkhan महाराज दुःखी झाले, त्यांना वाईट वाटलं आणि ते रडायला लागले, मी एवढा चांगला वागतो प्रजेशी.
audio/chunk_03716.wav|राजा आहे तरी माझी कोण स्तुती करत नाही, कौतुक करत नाही, असे म्हणून ते रडायला लागले.
audio/chunk_03717.wav|तेवढ्यात त्यांनी पाहिलं समोरून हे
audio/chunk_03718.wav|भोले हत्ती दादा निघाले होते, ते रागाने लाल झाले होते.
audio/chunk_03719.wav|आणि धाण धाण पाऊले टाकत निघाले होते.
audio/chunk_03720.wav|त्यांच्या डोळ्यातनं अश्रू येत होते.
audio/chunk_03721.wav|शेरखान महाराजांनी पाहिलं की बोले हत्ती दादा रागाने कुठे निघाले?
audio/chunk_03722.wav|त्यांनी बोले हत्ती दादांना हाक मारली.
audio/chunk_03723.wav|अरे भोले आत्ती दादा इकडे या की इकडे या
audio/chunk_03724.wav|अरे थांबा मला तुम्हाला 1 गोष्ट विचारायची आहे.
audio/chunk_03725.wav|नाही महाराज आज काही माझा mood नाही तुमच्याबरोबर बरं अरे काय झाले?
audio/chunk_03726.wav|अरे हत्ती दादा सांगा ना.
audio/chunk_03727.wav|ठीक आहे महाराज काय झालं माहिती आहे का?
audio/chunk_03728.wav|मी दुपारी एका झाडाखाली झोपलो होतो.
audio/chunk_03729.wav|आणि आपल्या जंगलातली राणी मुंगीताई आली आणि माझ्या कानात गेली, माझ्या कानाचे चावे घेतले, गुदगुल्या केल्या, त्यामुळे माझी झोप मोडली आणि मी रागाने उठलो.
audio/chunk_03730.wav|तेव्हा त्या माझ्या कानातनं उडी घेऊन खाली पडल्या.
audio/chunk_03731.wav|आणि मग हसायला लागल्या आणि म्हणाल्या
audio/chunk_03732.wav|अरे बोले हत्ती दादा
audio/chunk_03733.wav|कशी गंमत केली कशी गंमत केली मला त्रास तू देतोस काय?
audio/chunk_03734.wav|मग भोले हत्ती दादा म्हणाले, अगं मुंगीताई मी तुला कधी त्रास दिलाय? मग मुंगीताई म्हणाली, अरे एके दिवशी मी अन्न आणाय चालले होते, तेव्हा तू समोरून आलास.
audio/chunk_03735.wav|आणि मी म्हणाले, ए हत्ती दादा, थांब माझ्या अंगावर पाय देशील, मला चिरडून टाकशील, तेव्हा तू म्हणाला,
audio/chunk_03736.wav|किती क्षुद्र प्राणी हे विनाकारण वाटेत येतात असं तू मला बोललास.
audio/chunk_03737.wav|मी घाई तुला त्रास द्यायला आले नव्हते.
audio/chunk_03738.wav|आणि की मला तू क्षुद्र म्हणलास म्हणून मला राग आला म्हणून तुझ्या कानात येऊन मी चावे घेतले.
audio/chunk_03739.wav|असे म्हणून भोले हत्ती दादा रडायला लागले, सांगा की महाराज माझी काय चुकी होती? मी काय बोललो राणी मुंगी ताईला? तिने चावे घेतले, माझी झोप मोड केली आणि...
audio/chunk_03740.wav|असा मला त्रास देते, माझं एवढं शरीर अवाडव्य आहे.
audio/chunk_03741.wav|ही राणी मुंगीताई त्रास देते मी काय करू सांगा बरं?
audio/chunk_03742.wav|Sherkhan महाराज म्हणाले, अरे!
audio/chunk_03743.wav|हत्ती दादा, मी राणी मुंगीताईला बोलवून घेतो आणि Sherkhan महाराजांनी तिला बोलवून घेतले आणि सांगितले, हे बघ राणी मुंगीताई परत तू भोले हत्ती दादांना त्रास द्यायचा नाही.
audio/chunk_03744.wav|मग Rani Mungi Tai म्हणाली, महाराज, मी त्यांना त्रास देणार नाही, पण त्यांनीही मला परत क्षुद्र प्राणी म्हणायचं नाही, ठीक आहे. मग Bhole Hati Dada म्हणाले, Rani Mungi Tai मला माफ कर.
audio/chunk_03745.wav|मी तुला परत कधी क्षुद्र म्हणणार नाही, ठीक आहे. मग दोघे आनंदाने निघून गेले.
audio/chunk_03746.wav|मग Sherkhan महाराज काय म्हणाले बघा, एवढे मोठे ताकतवान भोले हत्ती दादा, मग त्यांना देखील Rani Mungitai-ने त्रास दिला आणि त्यांनी एवढ्या छोट्याशा Rani Mungitai-ची माफी मागितली.
audio/chunk_03747.wav|मग माझं काय आलंय? मी कशाला दुःखी व्हायचं? मला जंगलचे सगळे प्राणी मान देतात.
audio/chunk_03748.wav|त्यामुळे माझी आज्ञा मानतात.
audio/chunk_03749.wav|आणि मी ताकदवान आहे, नक्की आहे.
audio/chunk_03750.wav|तरी मी स्वतःला कमजोर का समजतोय?
audio/chunk_03751.wav|अरे देवाने प्रत्येकाला कोणता ना कोणता गुण दिलाय.
audio/chunk_03752.wav|हत्ती दादांना आवा देव ताकतीचा गुण दिलाय.
audio/chunk_03753.wav|मुंगी ताईलाही छोटासा गुण दिलाय आणि मोर दादांनाही नाचण्याचा गुण दिलाय सुंदर पिसारा फुलवून प्रत्येकाला काही ना काही...
audio/chunk_03754.wav|रूप दिले त्यांचा उपयोग ते करतात माझ्यात काय कमी आहे मी कशात निराश होऊ?
audio/chunk_03755.wav|आणि खचून जाऊ आणि रडू.
audio/chunk_03756.wav|मोर दादावर जळायला.
audio/chunk_03757.wav|मी आता नाही मोर दादांच्यावर जळणार.
audio/chunk_03758.wav|शेरखान सिंहराजे स्वतःला म्हणायला लागले आणि मग ते एकदम उठले.
audio/chunk_03759.wav|अरे देवा तू कोणाला
audio/chunk_03760.wav|चांगले रूप दिलेस, कुणाला चांगले वागण्याचे गुण दिलेस, प्रत्येक प्राण्या पक्षाला कोणता ना कोणता चांगला गुण दिला आहेस.
audio/chunk_03761.wav|त्याप्रमाणे तसे वागतात.
audio/chunk_03762.wav|प्रत्येकाकडे कोणता नाही कोणता गुण असतो?
audio/chunk_03763.wav|म्हणून नेहमी सगळ्याबरोबर चांगले वागावे.
audio/chunk_03764.wav|दुसऱ्यावर कधी चढायचे नाही.
audio/chunk_03765.wav|असे म्हणून Sherkhan महाराज आपल्या गुहेत निघून गेले.
audio/chunk_03767.wav|Assam-च्या जंगला Sher Singh राजे राज्य करत होते. ते खूप ताकदवान होते.
audio/chunk_03768.wav|त्यांच्या या ताकतीमुळे जंगलातले सगळे प्राणी पक्षी त्यांना घाबरायचे.
audio/chunk_03769.wav|त्यांच्या समोर यायचे नाहीत, भुये झाडीत लपून बसायचे.
audio/chunk_03770.wav|इतकी त्यांची दहशत होती Sher Singh महाराजांची.
audio/chunk_03771.wav|याचे कारण म्हणून Shersingh महाराजांना या जंगलात कोणीही मित्र नव्हता.
audio/chunk_03772.wav|ते एकटेच गुहेत असायचे.
audio/chunk_03773.wav|इतर सगळे प्राण्यांना मित्र होते, ते आपापसात खेळायचे, मौज मजा करायचे, पण Sher Singh महाराजांच्या स्वभावामुळे
audio/chunk_03774.wav|त्यांना 1-ही मित्र नव्हता.
audio/chunk_03775.wav|त्यामुळे त्यांना खूप दुःख व्हायचे.
audio/chunk_03776.wav|मग Shersingh महाराज एकदा शिकारीला निघाले, जंगलातनं चालले होते.
audio/chunk_03777.wav|तेव्हा कोणीतरी रडल्याचा आवाज त्यांना ऐकू आला, अरे कोण रडत आहे? म्हणून ते आवाजाच्या दिशेने निघाले.
audio/chunk_03778.wav|एका झाडाच्या मुळाशी
audio/chunk_03780.wav|अडकली होती. तिचे दोन्ही पाय झाडीच्या वेलीत अडकले होते आणि पंकही अडकले होते.
audio/chunk_03781.wav|म्हणून ती रडत होती.
audio/chunk_03782.wav|वाचवण्यासाठी धावा करत होती.
audio/chunk_03783.wav|ती काय म्हणत होती? अरे, कोणी आहे का? कोणीतरी या ना! कोणीतरी मला मदत करा! मला वाचवा! मी वेलीत अडकले. या ना कोणीतरी! मला मदत करा ना! करा ना मदत! या ना कोणीतरी!
audio/chunk_03784.wav|मग Sher Singh महाराज आवाजाच्या दिशेने गेले.
audio/chunk_03785.wav|झाडाच्या मुळाशी वेलीत कोकिळा अडकल्या.
audio/chunk_03786.wav|आणि ती मदतीसाठी याचना करते.
audio/chunk_03787.wav|अरे वा! छान आहे.
audio/chunk_03788.wav|आपण शिकार मिळेस फिरेन.
audio/chunk_03789.wav|ही कोकिळेला आता सोडवून खाल्लं तर?
audio/chunk_03790.wav|तात्पुरती आपली भूक मिटेल, ठीक आहे.
audio/chunk_03791.wav|मग त्यांनी आपल्या पंजाने
audio/chunk_03792.wav|कोकिळीचे दोन्ही पाय सोडवले.
audio/chunk_03793.wav|त्यामुळे सुटका झाल्यामुळे कोकिलेला खूप आनंद झाला.
audio/chunk_03794.wav|मला खूप आनंद झाला आहे, तुमचे खूप माझ्या उपकार झाले.
audio/chunk_03795.wav|आज तुम्ही मला या संकटातून वाचवलं.
audio/chunk_03796.wav|नाहीतर मी प्राणास मुकले असते, तुम्ही किती चांगले आहात! महाराज, तुमचे खूप खूप धन्यवाद!
audio/chunk_03797.wav|मी तुमचे हे उपकार कधीही विसरणार नाही.
audio/chunk_03798.wav|कधी संकटकाळी मदत लागली तर मी तत्पर धावून येईन.
audio/chunk_03799.wav|मग Shersingh महाराजांना ती कोकिळा असं म्हटल्यावर तिची शिकार करायची Shersingh-नी सोडून दिली.
audio/chunk_03800.wav|मग या कोकिळेला Sher Singh महाराजांचे खूप उपकार वाटायचे.
audio/chunk_03801.wav|मग ती काय करायची? त्यांना मदत त्यांना मित्र नव्हते, म्हणून Shersingh Maharaj-च्या गुहेत जायची आणि त्यांच्याबरोबर गप्पा मारायची, गाणी म्हणून दाखवायची, जंगलातल्या बातम्या सगळ्या सांगायची, सगळ्या प्राण्यांनी, पक्ष्यांनी मौज मजा कशी केली ही सांगायची. त्यामुळे Shersingh Maharaj-ना खूप बरे वाटले.
audio/chunk_03802.wav|वाटायचे. त्यांना बोलायला कोणीही नव्हते. त्यांच्या स्वभावामुळे त्यांना मित्र नव्हता.
audio/chunk_03803.wav|पण कोकिळीने त्यांना बोलतं केलं.
audio/chunk_03804.wav|ती खूप रोज जाऊन ती खूप खूप त्यांना गमती जमती सांगायची मग Kokila आणि Shersingh Maharaj मित्र बनले.
audio/chunk_03805.wav|पण आता त्यांना बरे वाटायला लागले.
audio/chunk_03806.wav|एकदा काय झाले जंगलातले सगळे प्राणी पक्षी
audio/chunk_03807.wav|जंगलात खेळत होते, मौज मज्जा करत होते.
audio/chunk_03808.wav|लपंडाव खेळत होते, झोके घेत होते.
audio/chunk_03809.wav|शेर शेरसिंग महाराज जंगलातल्या सरोवराकडे पाणी प्यायला निघाले.
audio/chunk_03810.wav|आणि ते पाण्याला तोंड लावणार एवढ्यात काय झालं ते जाळ्यात अडकले.
audio/chunk_03811.wav|अहो सगळे प्राणी जंगलात खेळत होते.
audio/chunk_03812.wav|ज्यावेळी 2 शिकारी आले होते.
audio/chunk_03813.wav|ते सरोवराच्या काठावर जे झाड होते ना ते झाडावर जाऊन बसले ते बंदूकधारी 2 शिकारी होते.
audio/chunk_03814.wav|त्यांनी पाहिलं Shersingh महाराज सरोवरात पाणी पिण्यासाठी आलेत.
audio/chunk_03815.wav|त्याबरोबर पटकन त्यांनी जाळे टाकली.
audio/chunk_03816.wav|Shersingh Maharaj जाळ्यात अडकले.
audio/chunk_03817.wav|आणि ते शिकारी झाडावरून पटकन खाली उतरले.
audio/chunk_03818.wav|आपली गाडी Sher Singh महाराजांना पकडलेले जाळ गाडीत टाकण्यासाठी जाळे आणण्यासाठी निघाले.
audio/chunk_03820.wav|गर्जना केल्याबरोबर सगळी प्राणी पक्षी घाबरली, अरे काय झाले महाराजांनी गर्जना का केली काय झाले?
audio/chunk_03821.wav|सगळे प्राणी सरोवराकडे धावले.
audio/chunk_03822.wav|कोकिळा म्हणाली, अरे मित्रांनो आपले महाराज जाळ्यात अडकलेत, जंगलात कोणीतरी शिकारी आलेत वाटतं.
audio/chunk_03823.wav|ते शिकारी जंगलाच्या बाहेर लावलेली गाडी घेऊन येत होते जाळ टाकायला Sher Singh महाराजांना पकडलेलं.
audio/chunk_03824.wav|हत्ती दादा पळत पळत गेले आणि त्यांनी सोंडेने त्या शिकाऱ्यांची गाडी घेतली आणि जंगलाच्या बाहेर नेऊन टाकली.
audio/chunk_03825.wav|मग कोकिळेने सांगितले, अरे मित्रांनो, आपल्या Shersingh महाराजांना वाचवलं पाहिजे, त्यांना जाळ्यातनं काढलं पाहिजे. त्यासाठी या शिकाऱ्यांचा अगोदर बंदोबस्त केला पाहिजे. मग?
audio/chunk_03826.wav|माकड दादानी काय केलं? माकड दादानी त्या दोन्ही शिकाऱ्यांच्या हातातली बंदूक आणि डोक्यावरच्या टोप्या, हातातल्या पिशव्या उचलून घेतल्या आणि सगळी माकडे जाऊन झाडावर जाऊन बसली.
audio/chunk_03828.wav|माकड दादांनी झाडावर जाऊन बंदुका घेऊन ते बंदुका उडवून आवाज काढू लागले.
audio/chunk_03829.wav|बंतुकेतनं आवाज निघाल्यावर शिकारी अधिकच घाबरून गेले.
audio/chunk_03830.wav|आणि मग काय केलं? हत्ती दादांनी दोन्ही शिकाऱ्यांना सोंडेत घेतलं आणि जंगलाच्या बाहेर नेऊन टाकलं.
audio/chunk_03831.wav|आणि उंदीर मामा
audio/chunk_03832.wav|Shirsing महाराजांच्या जवळ गेले आणि
audio/chunk_03833.wav|उंदीर मामांनी आपल्या दातांनी जाळे कुरतडले आणि हरणी ताईंनी शिंगाने ते जाळे ओढून काढले.
audio/chunk_03834.wav|आणि Sher Singh महाराजांची सुटका झाली. शिकाऱ्याने मागे वळून पाहिले नाही.
audio/chunk_03835.wav|ते जंगल सोडून शिकारी निघून गेले, त्यामुळे सगळ्या प्राण्यांना, पक्षांना खूप आनंद झाला. ते Sher Singh Maharaj-च्या जवळ आले, त्यांना खूप आनंद झालेला पाहून Sher Singh Maharaj-नाही आनंद झाला. Sher Singh Maharaj मनात म्हणू लागले.
audio/chunk_03836.wav|आणि प्राण्यांनाही म्हणाले, अरे मित्रांनो, मग आजपर्यंत तुम्ही माझ्या दशेतीखाली वावरत होता.
audio/chunk_03837.wav|पण मला आज कळलं आहे.
audio/chunk_03838.wav|तुम्हाला घाबरवण्यासाठी
audio/chunk_03839.wav|किंवा कोणत्याही गोष्टीसाठी
audio/chunk_03840.wav|किंवा आपली मैत्री होण्यासाठी
audio/chunk_03841.wav|ताकद उपयोगी नसते, कळलं का?
audio/chunk_03842.wav|तुम्ही मला खूप घाबरत होता, मी तुम्हाला घाबरवत होतो, पण मला आज कळलं माझे जंगलवासी किती चांगले आहेत, माझ्यावर किती प्रेम करतात.
audio/chunk_03843.wav|मला आज समजलं मित्रांनो माझी सुटका केली तुम्ही.
audio/chunk_03844.wav|आणि त्या शिकार्‍यांना
audio/chunk_03845.wav|जंगलातनं हाकलून काढलं.
audio/chunk_03846.wav|कोकिळा तू आपल्या मित्रांना घेऊन माझी सुटका केलीस तुझे खूप आभार
audio/chunk_03847.wav|मग कोकिळा म्हणाली नाही महाराज.
audio/chunk_03848.wav|आमचं कर्तव्य आहे राजाची सुटका करणं सगळं आमच्या प्राण्यांचं कर्तव्य आहे.
audio/chunk_03849.wav|मग Shersingh Maharaj म्हणाले, अरे आपल्यात आता मैत्री झाली, पण मला आज हे कळलं, मैत्रीसाठी किंवा कोणत्याही चांगल्या गोष्टीसाठी ताकद नुसती उपयोगाची नसते, त्यासाठी उपयोगी असते मदत.
audio/chunk_03850.wav|खरी मैत्री टिकवायची असेल, खरा मित्र मिळवायचा असेल
audio/chunk_03852.wav|नितांत गरज असते, त्यामुळे खरी मैत्री टिकू शकते.
audio/chunk_03853.wav|असे म्हटल्यावर सगळ्या प्राण्यांनी
audio/chunk_03854.wav|हो महाराज केलं त्यांनी Shersing महाराज म्हणाले आजपासून भीती बाळगायची नाही सगळ्यांनी आनंदाने आपण जंगलात एकत्र राहायचे त्यामुळे सगळ्या प्राण्या पक्षांना आनंद झाला आणि ते आनंदाने नाचू गाऊ लागले ते काय म्हणाले?
audio/chunk_03855.wav|खूप खूप छान आहे आमचे जंगल Sher Singh राजामुळे जंगलाचे झाले.
audio/chunk_03856.wav|राजे आहेत प्रजा दक्ष
audio/chunk_03857.wav|प्रजावर असते त्यांचे लक्ष असे म्हणून Sher Singh महाराजांची स्तुती करून
audio/chunk_03858.wav|सगळे प्राणी आनंदाने आपल्या घरी गेले.
audio/chunk_03860.wav|मध्य प्रदेशचे जंगल अतिशय घनदाट जंगल होते.
audio/chunk_03861.wav|या जंगलात खूप झाडी होती.
audio/chunk_03862.wav|आणि प्राणी पक्षी भरपूर होते.
audio/chunk_03863.wav|लिंबाचे, आंब्याचे, जांभळाचे मोठमोठे वृक्ष होते.
audio/chunk_03864.wav|मग 1 आंब्याच्या वृक्षावर Rambha कावळी ताई राहत होत्या.
audio/chunk_03865.wav|आणि लिंबाच्या वृक्षावर
audio/chunk_03866.wav|साळूची म्हणताई राहतो त्या
audio/chunk_03867.wav|Rambha Kavali-n-tai एकदा साळूला काय म्हणाल्या?
audio/chunk_03868.wav|मी काय म्हणते, तू या माझ्या आंब्याच्या झाडावर राहिला ये.
audio/chunk_03869.wav|या झाडाचे आंबे खूप गोड आहेत.
audio/chunk_03870.wav|आणि आंबे खायला प्राणी येतात.
audio/chunk_03871.wav|त्यांच्याशी मैत्री होते, म्हणून म्हणते तू या झाडावर जायला ये.
audio/chunk_03872.wav|तेव्हा साळू काय म्हणाली, अगं तसं काही नाही Rambha-ताई.
audio/chunk_03873.wav|मी अन्न आणायला जंगलात जाते.
audio/chunk_03874.wav|लिंबाच्या झाडाला लिंबू नाही लागता त्याही औषधिक आहे.
audio/chunk_03875.wav|तरी येईन मी तुझ्या झाडावरचे आंबे खायला.
audio/chunk_03876.wav|असे साळूची म्हणताई म्हणाल्या.
audio/chunk_03877.wav|मी आपलं तुला सांगितलं, तुझंच ठरव काय करायचं ते. नाही ग Rambatai.
audio/chunk_03878.wav|कधी कधी मला लिंबू नाही खायला आवडत्यात खाते मी.
audio/chunk_03879.wav|आकाशात ढोक जमले, वारा सुटला.
audio/chunk_03880.wav|वेगात वारा आला आणि त्या वाऱ्याने
audio/chunk_03881.wav|जंगलातली बरीच झाडे पडली, फळेही गळून पडली.
audio/chunk_03882.wav|Rambha कावळी ताई राहिल्या होत्या.
audio/chunk_03883.wav|त्या झाडावर फक्त 3-4 आंबे राहिले होते.
audio/chunk_03884.wav|मग साळू चिमण ताई नाही जंगलात अन्न आणायला झालं नाहीये.
audio/chunk_03885.wav|त्यांना खूप भूक लागली होती.
audio/chunk_03886.wav|काय करावे बरे काय करावे?
audio/chunk_03887.wav|तसं पाहिलं तर Rambha-ताईंनी सांगितले आंबे खा म्हणून. मग साळुने Rambha-ताईंच्या झाडाकडे पाहिले.
audio/chunk_03888.wav|3-4 आंबे होते. साळू काय म्हणाली, 1 आंबा घेऊन खाऊया आपण.
audio/chunk_03889.wav|राहिलेले आंबे Rambala होतील.
audio/chunk_03890.wav|असे म्हणून साळूची म्हणताई झाडावर गेली, 1 आंबा चोचेत धरून आणला.
audio/chunk_03891.wav|तेवढ्यात Rambha-ताई आली.
audio/chunk_03892.wav|आणि आंबा कावळी ताई काय म्हणाली? अगं साळू, तू काय म्हणाली होतीस? मला आंबा नको.
audio/chunk_03893.wav|आता ते झाड माझे आहे.
audio/chunk_03894.wav|अगं Rambha-ताई पावसामुळे मला जंगलात अन्न आणायला जायला झाले नाही.
audio/chunk_03895.wav|भूक लागली होती, म्हणून मी आंबा खाल्ला.
audio/chunk_03896.wav|ठीक आहे नको म्हणतेस ते ठेवून देते.
audio/chunk_03897.wav|असे म्हणून साळुने आंबा तिथे ठेवला.
audio/chunk_03898.wav|आणि लिंबाच्या झाडावरच्या लिंबूने खाल्ल्या.
audio/chunk_03899.wav|मग थोड्या दिवसांनी काय झालं?
audio/chunk_03901.wav|पाळवी पाळवी वाळली.
audio/chunk_03902.wav|आणि पालवीस गळून पाला सगळा झाडाखाली पडला.
audio/chunk_03903.wav|त्यामुळे Rambha Kavali ताई म्हणाली, अगं सालू, आंब्याचा वृक्ष एकाएकी वाळला, काय झालं ग असेल याला? बघ बाकीचे वृक्ष कसे टवटवीत आहेत, तुझा लिंबाचाही टवटवीत आहे, याला काय झाले असेल?
audio/chunk_03904.wav|आपण जंगलातल्या प्राण्यांना बोलवून आणूया.
audio/chunk_03905.wav|हत्ती दादा, हरणी ताई, चुनचुन खारु ताई, ससे भाऊ आणि इतर पक्षी आले.
audio/chunk_03906.wav|मग ब्रह्माताईंने पक्षांना सगळ्यांना सांगितलं, अरे एकाएकीच आंबावृक्ष वाळायला लागलाय.
audio/chunk_03907.wav|हे पहा मित्रांनो मला 1 माहिती आहे ते सांगतो ते उपाय तुम्ही करा सगळे प्राणी पक्षी म्हणाले काय उपाय आहे?
audio/chunk_03908.wav|लिंबाच्या झाडाखाली जेवढ्या लिंबोने पडल्या आहेत, तेवढ्या गोळा करून आंब्याच्या झाडाखाली नेऊन ठेवा.
audio/chunk_03909.wav|मग सगळ्या प्राण्यांनी लिंबोन्या नेऊन आंब्याच्या झाडाखाली ठेवल्या.
audio/chunk_03910.wav|मग साळुने हत्ती दादांना सांगितले.
audio/chunk_03911.wav|तुम्ही सोंडेत लिंबोने घेऊन
audio/chunk_03912.wav|भोवतीनं सगळ्या लिंबोनीचा रस काढून
audio/chunk_03913.wav|हत्ती दादांनी सोंडेत लिंबूने घेऊन
audio/chunk_03914.wav|झाडाच्या सभोवती लिंबाच्या लिंबोनीचा
audio/chunk_03915.wav|आणि काय चमत्कार थोड्याच दिवसात
audio/chunk_03916.wav|आंब्याच्या झाडाला खत मिळालं मुळाला.
audio/chunk_03917.wav|परत आंबावृक्ष भरून आला.
audio/chunk_03918.wav|फिरवागार झाला, पालवी आली त्याला, त्यामुळे सगळ्या प्राण्या पक्षांना आनंद झाला आणि त्यांनी साळू चिमंत ताईचे खूप कौतुक केले.
audio/chunk_03919.wav|सगळे प्राणी म्हणाले, साळू तू खूप हुशार आहेस.
audio/chunk_03920.wav|आणि Rabba Kavali-न ताई म्हणाली, अगं साळू!
audio/chunk_03921.wav|तू खूप हुशार आहेस, मला काही समजलेच नाही.
audio/chunk_03922.wav|मग साळूची म्हणताई म्हणाली.
audio/chunk_03923.wav|आंबा वृक्ष गोड फळे देतो, पण
audio/chunk_03924.wav|लिंबाचं झाड लिंबोण्या कडू जरी असल्या तरी त्या औषधिक असत्या, आपल्या जीवनासाठी उपयोगी असत्या.
audio/chunk_03925.wav|आंबाचा रस गोड आपल्याला खायला मिळतो.
audio/chunk_03926.wav|लिंबोण्याचा रस औषधीक असतो, तोही आपल्या जीवनासाठी उपयोगी असतो.
audio/chunk_03927.wav|त्यामुळे ना कोणता वृक्ष कमी ना कोणता वृक्ष मोठा म्हणायचं नाही. सगळे वृक्ष सारखे असतात ते आपल्याला
audio/chunk_03929.wav|मग हे सगळ्यांना पटलं?
audio/chunk_03930.wav|आणि सगळे प्राणी आनंदाने
audio/chunk_03931.wav|आपापल्या घरी गेले.
audio/chunk_03933.wav|साजरी हरणी ताई राहत होत्या.
audio/chunk_03934.wav|त्या स्वभावाने खूप शांत, प्रेमळ, मायाळू आणि परोपकारी वृत्तीच्या होत्या.
audio/chunk_03935.wav|एकदा त्या जंगलात निघाल्या होत्या.
audio/chunk_03936.wav|त्यांनी पाहिलं 1 शिकाऱ्याच्या जाळ्यात जंगलातल्या साळू चिमंत अडकल्या होत्या.
audio/chunk_03937.wav|साजरी हरणी ताई पटकन पुढे गेल्या आणि त्यांनी आपल्या शिंगाने
audio/chunk_03939.wav|आणि साळूची सुटका केली.
audio/chunk_03940.wav|सुटका झाल्यावर साळूला खूप आनंद झाला. साळूने सासरी हरणी ताईचे खूप आभार मानले.
audio/chunk_03941.wav|साजरी ताई काय म्हणाली, अगं साळू माझे नको आभार माणूस.
audio/chunk_03942.wav|माझे ते कामच होते ते मी केले.
audio/chunk_03943.wav|मग साळुजी म्हणताई तिथून निघून गेल्या आणि हा प्रकार सगळा
audio/chunk_03944.wav|गर्द झाडीच्या आडून जंगलातल्या
audio/chunk_03945.wav|बाली लांडगीन ताई पाहत होत्या, त्या मनात काय म्हणाल्या?
audio/chunk_03946.wav|साजरी हरणी ताई किती परोपकाराचे काम करते!
audio/chunk_03947.wav|आणि मी मात्र Sher Singh महाराजांना शिकार करण्यात मदत करते.
audio/chunk_03948.wav|माझी वागणे चुकीची आहे, मी पाप करते आहे.
audio/chunk_03949.wav|मला असं न वागलं पाहिजे.
audio/chunk_03950.wav|असे म्हणत म्हणत त्या साजरी अग्निताई जवळ गेल्या.
audio/chunk_03951.wav|आणि Sajari-ला म्हणाल्या, अगं Sajari ताई, तू किती छान परोपकाराचे काम करतेस.
audio/chunk_03952.wav|तेव्हा साजरी हर्मिताई म्हणाली,
audio/chunk_03953.wav|बालीताई, मला हे परोपकाराचे काम करायला खूप आवडते, तेच मी करते.
audio/chunk_03954.wav|मग Bali लांडगीन ताई म्हणाली,
audio/chunk_03955.wav|अगं आपण दोघी मैत्रिणी होऊया. हो मला आवडेल मैत्री करायला.
audio/chunk_03956.wav|त्यावेळीपासून दोघी घट्ट मैत्रिणी झाल्या.
audio/chunk_03957.wav|हे पाहून जंगलातल्या सगळ्या प्राण्यांना आश्चर्य वाटले. अरे, Bali लांडगीन ताई मध्ये एवढा बदल कसा झाला?
audio/chunk_03958.wav|पण एकदा काय झालं, Sher Singh महाराजांनी 1 हुकूम काढला.
audio/chunk_03959.wav|की जंगलातल्या प्राण्यांनी 8 दिवसातनं एकदा 1 प्राणी
audio/chunk_03960.wav|माझ्या खाण्यासाठी माझ्या गुहेत आणून सोडायचा.
audio/chunk_03961.wav|प्राणी प्राण्याला नेऊन सोडू लागले. मग एके दिवशी साजरी हरणी ताईची पाळी आली.
audio/chunk_03962.wav|त्यांना हे आवडत नव्हते.
audio/chunk_03963.wav|निष्पाप जीवाची हत्या करायला.
audio/chunk_03964.wav|बाली लांडगीन ताई तिथे आल्या.
audio/chunk_03965.wav|वाली लांडगीन ताई म्हणाल्या
audio/chunk_03966.wav|साजरी काय झालं ग का चिंतेत दिसतेस?
audio/chunk_03967.wav|तेव्हा साजरी हरणी ताई म्हणाली, बाली ताई मला प्राण्याची हत्या करायला आवडत नाही ग.
audio/chunk_03968.wav|ते पाप माझ्या डोक्यावर नको आहे मला, काय करू? मला समजेना झाले.
audio/chunk_03969.wav|तेव्हा Balitai म्हणाली, अगं आपल्या सरोवरातले ज्ञानी कासव दादा आहेत, त्यांना जाऊन मी विचारून येते. आणि त्याप्रमाणे Bali ज्ञानी कासव दादाकडे गेली.
audio/chunk_03970.wav|ज्ञानी कासव दादांनी सगळं ऐकून घेतलं आणि ते म्हणाले,
audio/chunk_03971.wav|तू आणि सागिरी Shersingh महाराजांच्याकडे जावा.
audio/chunk_03972.wav|आणि त्यांना सगळं समजावून सांगा, पटवून द्या.
audio/chunk_03973.wav|ही राजाचं कर्तव्य आहे जंगलातल्या प्राण्यांच्या हत्ता नाही करायची.
audio/chunk_03974.wav|उलट प्राण्यांचे रक्षण करायचे.
audio/chunk_03975.wav|सगळ्यांनी खऱ्या मैत्रीने एकोप्याने राहून जंगलाचे रक्षण केले पाहिजे.
audio/chunk_03976.wav|बाजी आली साजरीला तिने सगळं सांगितलं.
audio/chunk_03977.wav|बाली लांडगीन ताई आणि साजरी हरणी ताई शेरसिंग महाराजांच्याकडे गेल्या.
audio/chunk_03978.wav|महाराज भुगेत बसले होते.
audio/chunk_03979.wav|तेव्हा साजरी त्यांच्या पुढे गेली आणि म्हणाली,
audio/chunk_03980.wav|महाराज, मला माफ करा!
audio/chunk_03981.wav|मी आज तुमच्यासाठी प्राणी नाही आणला.
audio/chunk_03982.wav|त्याऐवजी माझी शिकार करून तुम्ही मला खा.
audio/chunk_03983.wav|Sher Singh Maharaj मनात विचार करू लागले, अरे!
audio/chunk_03984.wav|स्वतःच्या जीवावर काय एवढी उदार झाली आहे?
audio/chunk_03985.wav|दुसऱ्यासाठी आपला जीव देते, अरे!
audio/chunk_03986.wav|बघा कसे प्राणी आहेत माझ्या जंगलात.
audio/chunk_03987.wav|आणि मी मात्र त्यांचा बळी घेतो आहे.
audio/chunk_03988.wav|मग Shethsing म्हणाले, अगं Sajari काय बोलतेस तू?
audio/chunk_03989.wav|दांडगीन ताई म्हणाली, महाराज, बाली म्हणते तुम्ही...
audio/chunk_03990.wav|तिची शिकार करून तिला खा, काही शिक्षा असेल ती तिला द्या म्हणते ती.
audio/chunk_03991.wav|Sher Singh Maharaj म्हणाले, नाही बाली.
audio/chunk_03992.wav|मी नाही साजरीची शिकार करणार आणि आजपासून आपल्या जंगलातल्या कोणत्याही प्राण्याची मी शिकार करणार नाही.
audio/chunk_03993.wav|माझा कायदा मी मागे घेतो.
audio/chunk_03994.wav|या उलट मी जंगलातल्या प्राण्यांचे माझ्या जंगलवासियांचे रक्षण करीन.
audio/chunk_03995.wav|त्यांच्या सुखदुःखात सामील होईन.
audio/chunk_03996.wav|त्यांच्यावर खूप माया प्रेम करीन.
audio/chunk_03997.wav|आता नाही मी असे वागणार.
audio/chunk_03998.wav|ह्या छोट्याशा आपल्या साजरी Harani ताईंने
audio/chunk_03999.wav|माझे आज डोळे उघडले.
audio/chunk_04000.wav|किती प्रेम आहे तिचे इतरावर.
audio/chunk_04001.wav|आणि परोपकारारी वृत्ती ही खूप आहे.
audio/chunk_04002.wav|त्यामुळे माझ्या डोक्यात प्रकाश पडला.
audio/chunk_04003.wav|हे ऐकल्यावर साजरीला आणि
audio/chunk_04004.wav|बालीला खूप आनंद झाला.
audio/chunk_04005.wav|मग दोघी आनंदाने तिथनं निघाल्या.
audio/chunk_04006.wav|मग साजरी हरणी ताईच्या बरोबर राहिल्यामुळे त्याच्यापेक्षाही आणखी बदल
audio/chunk_04007.wav|ती खूप छान पैकी जंगलात वागू लागली.
audio/chunk_04008.wav|जंगलात काही शिकारी आले.
audio/chunk_04009.wav|आणि बऱ्याच प्राण्यांना त्यांनी पकडून जाळ्या
audio/chunk_04010.wav|ही बातमी इथं राहिलेल्या प्राण्यांनी येऊन
audio/chunk_04011.wav|बाली लांडगीन ताईला सांगितली.
audio/chunk_04012.wav|बालीने 1 क्षणाचाही न विचार करता आप्पू हत्ती दादा पिटुकले उंदीर मामा
audio/chunk_04013.wav|Raghu Popat Dada यांना घेऊन Bali गेली.
audio/chunk_04014.wav|आणि तिने नियोजन करून सांगितले तिघांना त्याप्रमाणे त्यांनी
audio/chunk_04015.wav|ती शिकाऱ्याच्या जाळ्याजवळ जाऊन गेले.
audio/chunk_04016.wav|राभू पोपट दादा शिकाऱ्यांच्या डोक्यावर नाचू लागले.
audio/chunk_04017.wav|समजेना काय करावे टोचा मारू लागले.
audio/chunk_04018.wav|त्याच वेळी पटकन जाऊन Appu Hatti Dada-नी आपल्या सोंडेचे फटकारे दिले, त्यामुळे ते शिकारी गोंधळले आणि सैरावैरा पळू लागले, तेवढ्यात Pitukale Undir Mama-नी
audio/chunk_04019.wav|दाताने जाळी तोडून कुरतडून सगळ्या प्राण्यांची सुटका केली. त्यात साजरी हरणीताई होत्या.
audio/chunk_04020.wav|मग सुटका झाल्यावर सगळ्या प्राण्यांना आनंद झाला. सगळे प्राणी एकत्र येऊन आनंदाने नाचू लागले.
audio/chunk_04021.wav|आणि जंगलात परत आनंद
audio/chunk_04022.wav|बरोपकारी वृत्ती ठेवून
audio/chunk_04023.wav|एकोप्याने राहून
audio/chunk_04024.wav|कोणत्याही कितीही मोठ्या संकटावर मात करता येते.
audio/chunk_04026.wav|एक सुंदर असे सरोवर होते.
audio/chunk_04027.wav|1 कासव दादा राहत होते त्यांचे नाव होते सत्तू.
audio/chunk_04028.wav|पण हे कासव दादा बुद्धीने अतिशय कमी होते.
audio/chunk_04029.wav|त्यांच्या अंगात समजूतदारपणा नव्हता, संकटाच्या वेळी कसे वागावे, काय करावे अजिबात त्यांना कळत नव्हते. त्या सरोवरात आणखी जलचर प्राणी राहत होते, मासे, मासोळ्या, बेडूक दादा आणि 1 भयंकर अशी दुष्ट मगरही राहत होती.
audio/chunk_04030.wav|तो सत्तू कासव दादांचे 2 मित्र होते.
audio/chunk_04031.wav|1 भरारी बगळे दादा आणि 1 करारी बगळे दादा पण हे दोन्ही मित्र अतिशय चांगले होते.
audio/chunk_04032.wav|ते कासव दादांना वेळोवेळी संकटात मदत करायचे. त्यांना समजावून सांगायचे, अरे सत्तू!
audio/chunk_04033.wav|संकट आले कसे वागायचे, काय करायचे, सगळे समजावून सांगायचे.
audio/chunk_04034.wav|पण या सत्तू कासव दागांच्या डोक्यात काहीही शिरायचे नाही.
audio/chunk_04035.wav|ते अगदी अल्लडपणाने वागायचे आणि सारखे संकटात सापडायचे.
audio/chunk_04036.wav|जास्त भूक लागली म्हणून 1 जिवंत मासा गिळला.
audio/chunk_04037.wav|आणि तो मासा पोटात गेल्यावर तो वळवळू लागला आणि त्यांच्या घशापर्यंत आला.
audio/chunk_04038.wav|Bharari Bagale Dada आणि Karari Bagale Dada आले आणि मग Bharari Bagale Dada-नी आपली चोस त्यांच्या घशात घालून मासा काढला आणि या संकटातून Sattu Kasav Dada-ची सुटका केली.
audio/chunk_04039.wav|मग दोघेही काय म्हणाले? भरारी बगळे दादा आणि करारी बगळे दादा, अरे सत्तू तुला किती समजावायचं?
audio/chunk_04040.wav|संकटाच्या वेळी सावधानतेने वागायचं, संकट आलं की आपण बेसावध राहायचं नाही.
audio/chunk_04041.wav|डोक्यातली बुद्धी वापरून समजूतदारपणा घेऊन पुढच्या संकटाची
audio/chunk_04042.wav|चाऊल आजमावून घ्यायची, कळलं का? असा वागू नको, समजूतदारपणाने वाग. आता आम्ही दोघे होतो म्हणून तुला सोडवलं.
audio/chunk_04043.wav|आता आम्ही दूरच्या जंगलात जाणार आहे, कळलं का? असा आताताईपणाने वागू नकोस.
audio/chunk_04044.wav|हो, Sattu Kasav Dada म्हणाले, त्यांच्या डोक्यात काहीही शिरले नाही.
audio/chunk_04045.wav|मग भरारी बगळत आता
audio/chunk_04046.wav|काय म्हणाले, हे बघ सत्तू, आता आम्ही जंगलातनं फिरणार आहे, कारण आता उन्हाळा जवळ आला आहे. सरोवरातले पाणी आटून जाईल, मग आपल्याला पाणी पाहिजे ना, त्यासाठी आम्ही जंगलात फिरून...
audio/chunk_04047.wav|बारमाही पाणी राहणारे सरोवर शोधणार आहे, त्यासाठी आम्ही दोघे जाणार आहोत.
audio/chunk_04048.wav|सरोवर शोधून झाले की आम्ही परत येणार, कळलं का? तोपर्यंत सावधानतेने व्हा. संकटात सापडू नको, आम्ही येईपर्यंत आता तुला मदत कराय आम्ही दोघेही नाही, कळलं का?
audio/chunk_04049.wav|मी समजूतदारपणाने वागेन. सत्तुकासव दादा बोलले, मग बगळे दादा निघून गेले.
audio/chunk_04050.wav|मग काय झालं? सत्तू कासव दादा पाण्यातनं एके दिवशी असे फिरत होते, भर भर भर भर निघाले. त्यांच्या या भरभर जाण्याने
audio/chunk_04051.wav|पाणी सगळे उसळायला लागले.
audio/chunk_04052.wav|आणि पाण्यात ती दुष्ट मगरी ताई झोपली होती.
audio/chunk_04053.wav|आणि ते उसाळीने पाणी तिच्या तोंडावर गेले, तिची झोप मोड झाली.
audio/chunk_04054.wav|पाहिले समोर तर सत्तू कासव दादा!
audio/chunk_04055.wav|ती मग रागाने काय म्हणाली?
audio/chunk_04056.wav|अरे मूर्खा, मी झोपले असताना माझी झोप मोड केलीस पाणी उडवून, थांब आता तुला गट्टम करून टाकते. असे म्हणून Sattu Kasav Dada-च्या मागे मगर लागली ती. Sattu Kasav Dada घाबरले आणि तिने येऊन पटकन Sattu Kasav Dada-ना तोंडात धरले, तोंडात धरले.
audio/chunk_04057.wav|त्याबरोबर सत्तू कासव दादानी आपले अंग वरच्या कवचात लपून धरले. मग मगरीने चावे घेतले, पण ते वरचं
audio/chunk_04058.wav|कठीण कडक कासव दादांच अंग होतं, त्यामुळे मगरीला त्यांना खाता आलं नाही. ते कवच तिच्या दाताला लागून तिच्या दातातनं रक्त यायला लागले. तिने पटकन सत्तू कासव दादांना तोंडातून सोडून दिले.
audio/chunk_04059.wav|परत तू कासव दादा आपल्या कवचातून बाहेर आले.
audio/chunk_04060.wav|त्यांना समजलेच नाही. समोर मगर असताना कवचातनं बाहेर यायचं नाही त्यांनी, पण ते कवचातून बाहेर आले. त्याबरोबर पटकन मगरी त्यांनी त्यांना पकडलं आणि ती आता खाऊन टाकणार.
audio/chunk_04061.wav|तेवढा सत्तू कासव दादा ओरडायला लागले, वाचवा वाचवा!
audio/chunk_04062.wav|आणखी काय झालं तेवढ्या भरारी आणि करारी बगळे दादा आले.
audio/chunk_04063.wav|त्यांनी पाहिलं, Sattu दादा संकटात आहे.
audio/chunk_04064.wav|भरारी बगळे दादा पटकन खाली आले सरोवरात.
audio/chunk_04065.wav|आणि त्यांनी मगरीच्या शेपटीवर टोचा मारल्या.
audio/chunk_04066.wav|त्यामुळे मगरीची शेपूट दुखायला लागली. तिने पटकन सत्तू कासव दादांना तोंडातून सोडलं आणि शेपटीकडे वळली.
audio/chunk_04067.wav|शेपटीकडे वळल्याबरोबर
audio/chunk_04068.wav|करारी बगळे दादा पटकन खाली आले आणि त्यांनी सत्तू कासव दादांना उचलून आकाशात उंच उडून गेले.
audio/chunk_04069.wav|आणि त्यांच्या पाठोपाठ भरारी बगळी दादाही वर उंच उडून गेले.
audio/chunk_04070.wav|मगरी ताईला कोणीच सापडलं नाही.
audio/chunk_04072.wav|अशा रीतीने Karari Bagale Dada आणि Bharari Bagale Dada-नी या अल्लड
audio/chunk_04073.wav|कासव दादांना संकटातून वाचवलं.
audio/chunk_04074.wav|आणि लांब एका जंगलातल्या
audio/chunk_04075.wav|कायम पाणी असणाऱ्या सरोवराजवळ नेऊन सोडले.
audio/chunk_04076.wav|आणि दोघेही म्हणाले, अरे सत्तू, तुझा बालिशपणा, अल्लडपणा कधी जाणार सांग बरं? तू समजूतदारपणाने कधी वागणार?
audio/chunk_04077.wav|सारखा असा वागून तू सारखा संकटात सापडतोस.
audio/chunk_04078.wav|अरे डोक्याची बुद्धी जरा वापर.
audio/chunk_04079.wav|समजूतदारपणा घे.
audio/chunk_04080.wav|हो, मी आजपासून समजूतदारपणाने वागेन. माफ करा मला, तुम्ही दोघे होता म्हणून मी संकटातून वाचलो. आता मी असा संकटात नाही पडणार, तुम्ही सांगशीला तसे मी वागणार, समजूतदारपणाने.
audio/chunk_04081.wav|बरोबर आहे, भरारी आणि करारी बगळे दादा म्हणाले, अरे सत्तू, समजूतदारपणाने वागून तुझ्यावर आलेले संकट तू परतू शकतोस.
audio/chunk_04082.wav|स्वतःच्या ताकतीने, हिमतीने आणि बुद्धीने दुसऱ्यावर अवलंबून राहायची वेळ येणार नाही, त्यासाठी तू समजूतदारपणाने वाग, कळलं का?
audio/chunk_04083.wav|आम्ही सारखे सारखे नाही येणार तुला सोडवायला.
audio/chunk_04084.wav|कळलं का? हो, मला माफ करा. Bagale Dada, तुम्ही दोघे होता म्हणून माझा प्राण वाचला. आजपासून...
audio/chunk_04085.wav|बुद्धी तल्लब ठेवून समजूतदारपणाने वागून संकट
audio/chunk_04086.wav|परतून लावीन. बरोबर. Karari Bagale Dada आणि Bharari Bagale Dada म्हणाले आणि हे 3 मित्र परत त्या
audio/chunk_04087.wav|सरोवरात आनंदाने राहू लागले.
audio/chunk_04089.wav|Assam-च्या जंगला Sher Singh राजे आणि सगळे प्राणी जमले होते.
audio/chunk_04090.wav|कारण जंगलात आल्यावर आलेल्या संकटाची
audio/chunk_04091.wav|हे जंगल तसे खूप सधनानी संपन्न होते आणि यावर्षी उन्हाळा आल्यामुळे जंगलातले गवत, झाडे, फळे सगळं काही सुकून गेलं होतं आणि सरोवरातले पाणी आटून गेले होते. त्यामुळे Shersingh Maharaj-ना आणि सगळ्या प्राण्यांना प्रश्न पडला होता, आता हे संकट हरण कसे करा?
audio/chunk_04092.wav|यासाठी ते चर्चा करत होते. चिकाटी लांडगीन ताई म्हणाल्या, महाराज मी सांगते. अहो आपल्या जंगलातल्या प्रत्येक प्राण्याने आपल्यासाठी भोजन शोधून आणलं पाहिजे.
audio/chunk_04093.wav|तेव्हा Dabbu Aswal मामा म्हणाले, नाही महाराज.
audio/chunk_04094.wav|यासाठी तुम्ही सोय केली पाहिजे सगळ्या प्राण्यांना, पक्ष्यांना.
audio/chunk_04095.wav|भोजन तुम्ही दिलं पाहिजे शोधून आणून.
audio/chunk_04096.wav|काही प्राणी चिकाटी लांडगींच्या ताईंच्या बाजूने बोलत होते, तर काही प्राणी डब्बू असूल मामांच्या बाजूने बोलत होते. महाराजांना समजेना, अरे ह्याच्यावर उपाय काय करायचा?
audio/chunk_04097.wav|जंगलात असा असंतोष माजला.
audio/chunk_04098.wav|त्यामुळे महाराज चिंतित होते.
audio/chunk_04099.wav|तेव्हा शांत बसलेल्या Sundari Manjari ताई उठून आल्या.
audio/chunk_04100.wav|महाराज म्हणाले बोल Sundari ताई.
audio/chunk_04101.wav|महाराज, मी काय म्हणते?
audio/chunk_04102.wav|आपल्या जंगलात जे धष्टपुष्ट ताकतवन प्राणी आहे
audio/chunk_04103.wav|भोजन शोधून आणून सगळ्या प्राण्यांना
audio/chunk_04104.wav|छोटे छोटे पक्षी प्राणी आहेत त्यांनी जंगलातली फळे गोळा करून आणून सगळ्या प्राण्यात वाटप केलं पाहिजे. आणखी 1 महाराज.
audio/chunk_04105.wav|सरोवरा शेजारी असलेल्या डोंगरापर्यंत 1 चाच खणली पाहिजे म्हणजे 1 नाला केला पाहिजे म्हणजे डोंगरातून पाचरून येणारे पाणी सरोवरात साठेल आणि पाण्याची चिंता मिटेल. अरे वा!
audio/chunk_04106.wav|छान सांगितलंस Sundari ताई तू, किती हुशार आहेस तू.
audio/chunk_04107.wav|आणि Sundari-ताईंने सांगितल्याप्रमाणे महाराजांनी सगळ्या योजना अमलात आणल्या.
audio/chunk_04108.wav|त्यामुळे सगळ्या प्राण्यांना भोजन मिळू लागले.
audio/chunk_04109.wav|सगळ्या पक्षांनी Shersingh Maharaj-नी Sundari Tai-च्या बुद्धिमत्तेची तारीफ केली.
audio/chunk_04110.wav|त्यांनी शांत राहून सगळा विचार करून महाराजांना सूचना दिल्यामुळे जंगलावरचे संकट टळून गेले. सगळ्यांना आनंद झाला.
audio/chunk_04111.wav|सगळे प्राणी आनंदाने राहू लागले.
audio/chunk_04113.wav|Assam-च्या घनदाट जंगलात सगळे प्राणी पक्षी आनंदाने राहत होते आणि या जंगलात 1 साजरी हरणी ताई आणि गोबी ससे भाऊ एकमेकांचे घनिष्ठ जिवलग मित्र होते.
audio/chunk_04114.wav|ते अन्न आणायला जंगलात बरोबर जायचे, गवत खायला बरोबर जायचे, फळे बरोबर जाऊन आणायचे, इतकी त्यांची घनिष्ठ मैत्री होती. एकदा काय झालं, साजरी हरणी ताई हिरव्यागार गवतात गवत खात होत्या, त्यांना खूप भूक लागली होती, म्हणून त्यांचं आजूबाजूला लक्ष नव्हतं, त्या गवत
audio/chunk_04115.wav|खाण्या खूप गुंग झाल्या होत्या.
audio/chunk_04116.wav|दुसऱ्या जंगलातला 1 Tiger वाघोबा आला.
audio/chunk_04117.wav|तो अशक्त होता, थकलेला होता.
audio/chunk_04118.wav|मग त्याने पाहिलं, अरे वा!
audio/chunk_04119.wav|छान ही हरणी दिसते आता हिची शिकार केली पाहिजे.
audio/chunk_04120.wav|असे म्हणून ते वाघोबा साजरी हरणी ताईकडे यायला लागले.
audio/chunk_04121.wav|आणि दुसऱ्या बाजूला Gobi ससेभाऊ होते तेही गवत खात होते त्यांनी पाहिलं अरे
audio/chunk_04122.wav|ते वाघोबा यायला लागलेत.
audio/chunk_04123.wav|आता साजरी हरणी त्याची शिकार करती.
audio/chunk_04124.wav|काय करावे देवा आता साजरी हरणी जायला ते खाऊन टाकतील.
audio/chunk_04125.wav|त्यांना पटकन युक्ती सुचली, ते काय म्हणाले?
audio/chunk_04126.wav|ते जंगलातनं पळत पळत सुटले आणि म्हणायला लागले, अरे पळा पळा, शिकारी यायला लागलाय, पळा पळा, शिकारी यायला लागलाय. असं म्हटल्यावर सगळे प्राणी पळायला लागले, घाबरले सगळे प्राणी. महावाघोबाई घाबरला, त्याला काय वाटलं खरंच शिकारी आला असेल, आपण त्याच्या
audio/chunk_04127.wav|बंदुकीला बळी पडायला नको आणि आपल्याला तर पळता येत नाही आपण खूप अशक्त झालो आहे
audio/chunk_04128.wav|नाहीतर आपण त्याच्या पिंजऱ्यात अडकू असे म्हणून वाघोबाई पळायला लागले.
audio/chunk_04129.wav|मग थोड्या वेळाने काय झालं? हरणी ताईला कळलं तीही पळायला लागली.
audio/chunk_04130.wav|पळत पळत 1 झाडाखाली जाऊन थांबली.
audio/chunk_04131.wav|तो वाघोबा निघून गेल्यावर
audio/chunk_04132.wav|गोबी ससे भाव आले आणि हा मी ताई वेशे येऊन बसले.
audio/chunk_04133.wav|अरे Govir तू कुठे गेला होतास?
audio/chunk_04134.wav|अगं, Sajari ताई, मीच ओरडत होतो, पळा पळा शिकारी आला म्हणून. अरे पण का? कुठे आहे शिकारी? अगं Sajari ताई, शिकारी नाही. शिकारी नव्हता. शिकाऱ्या ऐवजी ते दुसऱ्या जंगलातला 1 tiger वाघोबा आला होता आणि तू गवत खात होतीस, तुझी शिकारी
audio/chunk_04135.wav|करणार होता. म्हणेन मी ही युक्ती केली, पळा पळा शिकारी आला, त्यावर तो भागोबा पळून गेला.
audio/chunk_04136.wav|असं म्हटल्यावर साजरी आर्णी ताईला खूप आनंद झाला. अरे मित्रा, किती तू माझ्यासाठी केलंस, माझा प्राण वाचवलास, जीव वाचवलास. खरा मित्र आहेस तू माझा.
audio/chunk_04137.wav|अगं त्यात काय साजरी संकटाच्या वेळेला
audio/chunk_04138.wav|मित्राचे प्राण वाचवणे कर्तव्यच आहे माझे तेच केले मी. मग
audio/chunk_04139.wav|दोघांनाही खूप आनंद झाला, मग दोघे जंगलातनं चालत चालत निघाले. तेव्हा त्यांना कोण दिसलं? झाडाखाली बसलेला तो Tiger Wagoba दिसला. Tiger Wagoba-नी पाहिलं. अरे, मगाशी थोड्या वेळापूर्वी जो ससा पळत होता तोच आहे आणि तीच हरणी आहे.
audio/chunk_04140.wav|म्हणजे हा ससोबा या हरणी ताईचा मित्र असला पाहिजे.
audio/chunk_04141.wav|तो ससोबा खूप हुशार आहे. आता आपण हरणी ताईच्या वाटेला नाही जायचं कारण तिचा ससोबा हा मित्र
audio/chunk_04142.wav|खूप हुशार आहे, तो आपल्याला हिची शिकार करून देणार नाही.
audio/chunk_04143.wav|असे म्हणून ते Tiger वाघोबा आपल्या जंगलात निघून गेले आणि मग
audio/chunk_04145.wav|संकटात जो मदत करतो तोच खरा मित्र असतो.
audio/chunk_04147.wav|Aranyapuri-च्या जंगलात Rambha Kavali-चा ही राहत होत्या.
audio/chunk_04148.wav|जंगलातल्या 1 विशाल झाडावर त्यांचे घरटे होते.
audio/chunk_04149.wav|घरट्या 6 अंडी होती. एकदा त्या सकाळ सकाळीच
audio/chunk_04150.wav|जंगलात अन्न आणण्यासाठी गेल्या.
audio/chunk_04151.wav|अन्न घेऊन बराच वेळाने त्या आल्या. येऊन पाहता तो त्यांचे घरटे मोडलेले दिसले.
audio/chunk_04152.wav|अर्धे घरटे झाडावर, अर्धे घरटे जमिनीवर.
audio/chunk_04153.wav|गवताच्या काढ्या सगळ्या विखुरल्या होत्या.
audio/chunk_04154.wav|आणि अर्ध्या घट्ट्यात 2 अंडी होती आणि खाली 4 अंडी पडून फुटलेली होती.
audio/chunk_04155.wav|त्यांनी पाहिलं, त्या काय म्हणाल्या, अरे देवा, माझे घरटे कोणी मोडले? माझी अंडी कोणी फोडली?
audio/chunk_04156.wav|Rambha Kawadin Tai घाबरल्या इकडे तिकडे पाहू लागल्या.
audio/chunk_04157.wav|तेव्हा त्यांना समोर झाक खांदीवर साळूची म्हणता येईना असलेल्या दिसल्या.
audio/chunk_04158.wav|मग त्यांनी बेधडक मागचा पुढचा विचार न करता काय म्हणाल्या?
audio/chunk_04159.wav|काय ग साळू, माझे घरटे मोडलेस ना, अंडी फोडलीस? Savi Chiman Tai म्हणाली, नाही ग Rambatai, मी नाही घरटे मोडले, मी आत्ताच येऊन बसले आहे, ते मला काही माहित नाही, तू आत्ताच्या आत्ता Shersing Maharaj-च्याकडे चल, तेच न्याय देतील.
audio/chunk_04160.wav|अगं पण मी तुझे घरटे मोडले नाही ते मला माहीत नाही तू चल बरं पटकन.
audio/chunk_04161.wav|नाविलाजाने साळू चिमनताई रंभा कावळीन ताईंच्या बरोबर शेरसिंग महाराजांच्या गोयेत गेल्या.
audio/chunk_04162.wav|Rambha Kavali-नी घडलेली सगळी हक्केगत Shersingh Maharaj-ना सांगितली. Shersingh Maharaj काय म्हणाले? हे बघ Rambha Tai.
audio/chunk_04163.wav|माझी आता झोपेशी वेळ झाली आहे.
audio/chunk_04164.wav|माझे सल्लागार आणि मंत्री Sattu Kasav Dada आहेत.
audio/chunk_04165.wav|त्यांना जाऊन सगळं सांग आणि न्याय मागून घे कळलं का चल निघ इथून.
audio/chunk_04166.wav|Rambha Kavin Tai Savi Chiman Tai-ला घेऊन सरोवराच्या काठावर गेली.
audio/chunk_04167.wav|सत्तू कासव दादा 1 दगडावर बसले होते. रंभा कावळीन ताईंने घडलेली सगळी हकीकत कासव दादांना सांगितली.
audio/chunk_04168.wav|कासव दादांनी सगळी ऐकून घेतली.
audio/chunk_04169.wav|आणि पुरावा न मागता त्यांनी direct न्याय दिला.
audio/chunk_04170.wav|ते काय म्हणाले, साळू तूच घरटे मोडले आहेस आणि तूच
audio/chunk_04171.wav|Rambha Kavali-n ताईचे घरटे परत बांधून दे. Salu म्हणाली, कासव दादा मी नाही हो मोडले घरटे, असे काय करता? चोर सोडून संन्यासाला बळी देऊ नका, मी नाही मोडले. हे बघ Salu, मी दिलेला निर्णय योग्य आहे, चल निघ इथून.
audio/chunk_04172.wav|असे म्हटल्यावर Rambha Kavali-ताई
audio/chunk_04173.wav|आपल्या झाडावर गेली आणि साळूची म्हणताई घरट्यात येऊन रडत बसली.
audio/chunk_04174.wav|थोड्या वेळाने काय झालं सुती चिमंत आई आल्या
audio/chunk_04175.wav|आणि त्यांनी शाळूला हाक मारली, अगं शाळू अन्न आणायला चल ना.
audio/chunk_04176.wav|साळवी चिमंत ताई म्हणाली, स्वीटी मी आज आई अन्न आणायला येणार नाही. मग घडलेली हकीकत स्वीटी चिमंत ताईला सांगितली.
audio/chunk_04177.wav|मग Sweety Chiman Tai म्हणाली, साळू घाबरू नको, तुला मी न्याय मिळवून देते. असे म्हणून Sweety Chiman Tai
audio/chunk_04178.wav|Rambha कावळीन ताईंच्या झाडाजवळ गेली.
audio/chunk_04179.wav|तेव्हा Rambha Kavalin ताई म्हणाली,
audio/chunk_04180.wav|अगं Sweety कशाला आली आहेस?
audio/chunk_04181.wav|तुझ्या मैत्रिणीने माझे घरटे मोडले, आता अर्धे राहिलेले घरटे तू मोडणार आहेस का?
audio/chunk_04182.wav|तेव्हा Sweety-ची म्हण ताई म्हणाल्या, अगं Rambha कावळीन ताई.
audio/chunk_04183.wav|मी घरटे मोडाय नाही आले ग. अगं मला घरटे कुठे कसे मोडले काय झाले हे पाहायला आले आहे.
audio/chunk_04184.wav|घरट्याभोवतीने फेऱ्या मारून सगळं बघितलं.
audio/chunk_04185.wav|घरट्यातल्या गवताच्या काड्या खाली पडल्या होत्या आणि झाडाच्या 2-3 फांद्या मोडून पडल्या होत्या.
audio/chunk_04186.wav|आणि मोठ्या पक्षाचे चिखलाचे पाय उमटले होते. मग Sweety Chiman ताईंने ओळखलं, हे कोणतेतरी मोठ्या पक्षाचे काम आहे घरटे मोडण्याचे.
audio/chunk_04187.wav|मग Sweety Chiman ताई म्हणाली, चल Rambha ताई आपण Kasav दादांच्याकडे जाऊया.
audio/chunk_04188.wav|चोर कोण आहे मला सापडला आहे.
audio/chunk_04189.wav|मग Sweety-ची म्हणताई, साळूची म्हणताई आणि Lamba Kavali-न ताई कासव दादाकडे गेल्या.
audio/chunk_04190.wav|मग Sweety Chiman ताई म्हणाली, कासव दादा चोर मला सापडला आहे.
audio/chunk_04191.wav|रंभा कावळीन ताईंचे घरटे पडले, त्या घरट्याच्या खाली झाडाच्या खाली 2-3 फांद्या मोडून पडल्या.
audio/chunk_04192.wav|आणि मोठ्या पक्षाचे चिखलातले पाय उमटले आहेत.
audio/chunk_04193.wav|हे पाय Kirti Gharatai-ंचे आहेत.
audio/chunk_04194.wav|त्यामुळे Kirti Gharatai-ने हे घरटे मोडले आहे विनाकारण साळू Chiman Tai-वर आळ घेऊ नका शिक्षा करू नका.
audio/chunk_04195.wav|मग सत्तू कासव दादा म्हणाले, अगं कीर्तीने घरटे मोडले कशावरून तू सांगतेस?
audio/chunk_04196.wav|तेव्हा काय झालं?
audio/chunk_04197.wav|जंगलातले पिटुकले उंदीर मामा पळत पळत आले आणि म्हणाले कासव दादा कासव दादा माझा न्याय करा. सत्तू कासव दादा म्हणाले अरे काय झाले पिटुकले उंदीर मामा काही नाही आज सकाळी माझ्या आईला कीर्ती घायर ताईने पळवून नेले आणि रंभा कावळेन ताई यांच्या घरट्यात बसून
audio/chunk_04198.wav|बसून आईला माझ्या खाऊन टाकलं तुम्ही सांगा काय करायचे?
audio/chunk_04199.wav|मग सगळ्यांना समजलं घरटे मोडणारे पिटिकुली उंदीर मामांच्या आईला नेणारी
audio/chunk_04200.wav|मग कासव दादानी कबुतर काकांना सांगून Kirti Gharatai-ला बोलवून आणले आणि Kirti Tai Gharatai-ला सांगितले आजच्या आज तू जंगल सोडून निघून जायचे.
audio/chunk_04201.wav|कीर्ती कार ताईंनी किती सांगितले?
audio/chunk_04202.wav|मी चुकले पण कासव दादांनी ऐकले नाही, Kirti घाईर ताईला जंगल सोडून जावे लागले.
audio/chunk_04203.wav|मग Rambha Kavali-ne साळूची माफी मागितली आणि परत स्वतःचे घरटे तिने परत बांधले.
audio/chunk_04204.wav|आणि मग सगळे आनंदाने राहू लागले.
audio/chunk_04205.wav|आणि साळू चिमन ताईला योग्य त्या न्याय मिळाला म्हणून
audio/chunk_04206.wav|कसं आहे कुठलीही गोष्ट पुरावा मिळाल्याशिवाय एखाद्यावर आरोप करू नये.
audio/chunk_04208.wav|उत्तर कोरियाच्या जंगलात
audio/chunk_04209.wav|1 शेरसिंग राजे राहत होते.
audio/chunk_04210.wav|ते खूप ताकदवान आणि बलवान होते.
audio/chunk_04211.wav|जंगलचे सगळे प्राणी त्यांना घाबरायचे.
audio/chunk_04212.wav|Sher Singh Maharaj दिसले.
audio/chunk_04213.wav|की सगळे प्राणी, पक्षी सगळे झुडपात लपून बसायचे.
audio/chunk_04214.wav|गुहेत लपून बसायचे.
audio/chunk_04215.wav|बाहेर कोणीही यायचं नाही.
audio/chunk_04216.wav|शेरसिंग महाराजांचा जंगलात खूप दरारा होता.
audio/chunk_04217.wav|आणि त्यांची भीती होती.
audio/chunk_04218.wav|महाराज दिसेल त्या प्राण्याची शिकार करायची.
audio/chunk_04219.wav|त्यामुळे जंगलातले सगळे प्राणी
audio/chunk_04220.wav|घाबरून दबून वावरायचे.
audio/chunk_04221.wav|एकदा सकाळ सकाळीच महाराज
audio/chunk_04222.wav|असे शिकारीला निघाले.
audio/chunk_04223.wav|जंगलातले टुनटुन ससोबा
audio/chunk_04224.wav|ही जंगलात निघाले गवत खाण्यासाठी.
audio/chunk_04225.wav|टुमटुम ससोबा दिसायला अतिशय सुंदर
audio/chunk_04226.wav|आणि बुद्धीने अतिशय चलाक, चतुर आणि हुशार होते.
audio/chunk_04227.wav|त्यांनी आपल्या हुशारीने अनेक संकटे मागे घालवली होती.
audio/chunk_04228.wav|संकट समोर उभे राहिल्यावर
audio/chunk_04229.wav|त्यातून सुटका कशी करून घ्यायची?
audio/chunk_04230.wav|Tuntun ससे भाऊ कडून.
audio/chunk_04231.wav|ससेभाऊ ही सकाळ सकाळीच गवत खाण्यासाठी जंगलात निघाले.
audio/chunk_04232.wav|त्यांना मस्तपैकी सुंदर असे हिरवेगार कवताचे कुरण दिसले.
audio/chunk_04233.wav|आणि ते गवत खात होते.
audio/chunk_04234.wav|कवत खाण्यात गर्क होते.
audio/chunk_04235.wav|पण ससोबांचे डोळे कसे लुकुलुकू इकडे तिकडे करतात.
audio/chunk_04236.wav|त्याचप्रमाणे त्यांचे कानही इकडची तिकडची
audio/chunk_04237.wav|ते खाण्यात गर्क होते पण लांबुडक्या कानाने चाऊल घेत होते.
audio/chunk_04238.wav|मग ससोबा जिथे गवत खात होते तिथे हे Shersingh राजे
audio/chunk_04239.wav|हळू हळू हळू हळू ससोबांच्या पाठीमागे आले.
audio/chunk_04240.wav|Sosoba-ंच्या पाठीमागे Shersingh Raje आल्यावर काय झालं?
audio/chunk_04241.wav|Sasoba-नी कानानी चाहूल घेतली होती.
audio/chunk_04242.wav|अरे शिरसिंग आलेत! आता काय बरं करावं? काय करावं? ससोबा घाबरून गर्भगळीत झाले!
audio/chunk_04243.wav|ते मनात म्हणत होते, अरे देवा, शिरशिंग आले काय करू मी? देवा मी काय करू?
audio/chunk_04244.wav|तेवढ्यात पटकन त्यांना
audio/chunk_04245.wav|1 युक्ती सुचली.
audio/chunk_04246.wav|आणि ते जोरात बोलू लागले.
audio/chunk_04247.wav|पाठीमागे Sher Singh Maharaj येऊन थांबले होते.
audio/chunk_04248.wav|पण ते काय म्हणाले अरे?
audio/chunk_04249.wav|हस हस आहे छान झालं.
audio/chunk_04250.wav|न्याहारीच्या भोजनाची सोय झाली.
audio/chunk_04251.wav|की दुपारपर्यंत मोठी शिकारी शोधायची.
audio/chunk_04252.wav|तोपर्यंत हा चालेल आपल्याला, पण हा ससोबा तर गवत खायला लागलाय.
audio/chunk_04253.wav|जाऊ दे ठीक आहे त्याचे गवत खाऊन झाले.
audio/chunk_04254.wav|आपलं भोजन तयार करून घ्यायचं.
audio/chunk_04255.wav|असे Sher Singh Maharaj
audio/chunk_04256.wav|मनात मन शांत उभे होते ससे गावाचे गवत खाऊन होस परे.
audio/chunk_04257.wav|मग ससोबानी काय केलं?
audio/chunk_04258.wav|ते काय म्हणाले? Sher Singh महाराजांना ऐकू जाईल अशा मोठ्या आवाजात म्हणाले.
audio/chunk_04259.wav|जंगलातल्या डोंगराच्या पायथ्याशी गवत खायला गेलो होतो पण तिथे 4 माणसे आली होती आणि ती एकमेकात बोलत होती काय बोलत होती ती माणसे म्हणत होती त्यांनी मोठमोठी प्राण्यांना पकडण्यासाठी भरपूर जाळी आणली होती आणि
audio/chunk_04260.wav|मी ते आज शिकारी जंगलातल्या सगळ्या प्राण्यांना पकडून नेणार आहेत, अगदी Sher Singh Maharaj-ना सुद्धा!
audio/chunk_04261.wav|चला बाबा आता बाद झाले गवत खाणे जावे आपण पळत
audio/chunk_04262.wav|असे ससे भाऊ म्हणाय लागले.
audio/chunk_04263.wav|केवढ्या Shersingh Maharaj-नी हे सगळं ऐकलं आणि Tuntun Sasebhav-चा पुढचा शब्द ऐकायला Sasebhav थांबल Shersingh Maharaj थांबले नाहीत.
audio/chunk_04264.wav|आणि पळत पळत पळत त्यांनी जी धूम ठोकली
audio/chunk_04265.wav|ती थेट आपल्या गुहीत जाऊन लपून बसले.
audio/chunk_04266.wav|ससे भाऊनी मागे वळून पाहिले.
audio/chunk_04267.wav|Sher Singh Maharaj निघून गेले.
audio/chunk_04268.wav|खो खो खो खो ससोबा हसायला लागले आणि काय म्हणाले?
audio/chunk_04269.wav|पण मी माझ्या बुद्धीच्या चातुर्याने Sher Singh महाराजांना कसे पळवले?
audio/chunk_04270.wav|काय चतुर बुद्धी!
audio/chunk_04271.wav|म्हणून कितीही मोठं संकट समोर असलं
audio/chunk_04272.wav|की डोकं शांत करून विचार करून
audio/chunk_04273.wav|कितीही मोठं संकट घालवता येते.
audio/chunk_04275.wav|आफ्रिकेच्या घनदाट जंगलात
audio/chunk_04276.wav|आणि Tiger वाघोबा यांची घनिष्ठ मैत्री होती.
audio/chunk_04277.wav|पण काय झालं? एकदा Tiger Wagoba-नी Sher Singh Maharaj-चा विश्वासघात केला.
audio/chunk_04278.wav|त्यामुळे दोघांची मैत्री तुटली.
audio/chunk_04279.wav|Tiger वाघोबा दुसऱ्या जंगलात निघून गेले.
audio/chunk_04280.wav|पण Sher Singh महाराजांचा मैत्रीवरचा विश्वास उडला. मग त्यांनी आपल्या राज्यात कायदा काढला, हे पहा जंगलवासियांनो!
audio/chunk_04281.wav|जंगलातल्या एकाही प्राण्याने मैत्री करायची नाही, जो कोणी प्राणी मैत्री करेल
audio/chunk_04282.wav|मृत्युदंडाची शिक्षा होईल.
audio/chunk_04283.wav|हे ऐकल्यावर सगळे प्राणी घाबरले.
audio/chunk_04284.wav|त्यामुळे प्राण्यांनी मैत्री करायचे सोडून दिले.
audio/chunk_04286.wav|पण या जंगलात 1 सुंदर हरीण दादा आणि डब्बो अस्वल मामा
audio/chunk_04287.wav|हे अगदी घनिष्ठ मित्र होते.
audio/chunk_04288.wav|दोघे जंगलात फिरायचे एकत्र, गवत फळे एकत्र खायचे आणि राहायचे देखील एकाच कुहेत.
audio/chunk_04289.wav|इतकी त्यांची घनिष्ठ मैत्री होती.
audio/chunk_04290.wav|म्हणून सगळ्या जंगलच्या प्राण्यांनी ते त्यांना सांगितले.
audio/chunk_04291.wav|अरे मित्रांनो, तुम्ही मैत्री करू नका.
audio/chunk_04292.wav|महाराज शिक्षा करतील पण हे दोघे काय म्हणाले?
audio/chunk_04293.wav|आम्हाला शिक्षा केलेली चालेल पण आमची मैत्री कधी तुटणार नाही.
audio/chunk_04294.wav|हळूहळू ही वार्ता Sher Singh महाराजांच्या कानावर गेली.
audio/chunk_04295.wav|मग Sethsing महाराजांनी आपला मंत्री Landgoba
audio/chunk_04296.wav|याच्या करवी दोघांना बोलवून घेतले.
audio/chunk_04297.wav|आणि सांगितले, Maharaj म्हणाले,
audio/chunk_04298.wav|Harin Dada आणि Aswal Mama
audio/chunk_04299.wav|तुम्ही दोघांनी मैत्री करायची नाही, तुमची मैत्री तोडून द्या, नाही तर मी दोघांना मृत्युदंडाची शिक्षा देईन.
audio/chunk_04300.wav|तेव्हा हे दोघे काय म्हणाले?
audio/chunk_04301.wav|महाराज आम्हाला चालेल शिक्षा पण आमची मैत्री
audio/chunk_04302.wav|मग महाराजांनी थोडा वेळ विचार केला.
audio/chunk_04303.wav|आणि त्यांना जायला सांगितले.
audio/chunk_04304.wav|प्राणी केल्यावर महाराजांच्या डोक्यात 1 विचार आला.
audio/chunk_04305.wav|परत त्या दोघांना बोलवून घेतले पण पाळी पाळीने बोलवून घेतले.
audio/chunk_04306.wav|डब्बू असुबल मामांना बोलवून घेतली आणि काय म्हणाले?
audio/chunk_04307.wav|तू सुंदर हरीण दादाशी असलेली मैत्री तोडून दे.
audio/chunk_04308.wav|मी तुला आपल्या जंगलचा मंत्री करेन.
audio/chunk_04309.wav|Dabbu Asul Mama म्हणाले,
audio/chunk_04310.wav|मला नको तुमचं मंत्रीपद.
audio/chunk_04311.wav|पण सुंदरची असलेली माझी मैत्री कधीही तुटणार नाही.
audio/chunk_04312.wav|म्हणून तुम्ही देईल ती शिक्षा मी भोगायला तयार आहे.
audio/chunk_04313.wav|मी मृत्युदंडाची शिक्षा भोगाय तयार आहे आणि ती शिक्षा मला द्या पण 1 काम मात्र करा महाराज.
audio/chunk_04314.wav|मला मृत्युदंडाची शिक्षा दिल्यावर, मी मेल्यावर,
audio/chunk_04315.wav|माझा मित्र सुंदर याला सांगू नका मी मेलोय म्हणून, त्याला सांगा, डब्बू अस्वल मामांना दुसऱ्या जंगलातल्या राजाने मंत्री केला आहे.
audio/chunk_04316.wav|म्हणजे माझ्या मित्राला, सुंदरला
audio/chunk_04317.wav|मी मेल्याचे दुःख होणार नाही एवढे माझ्यासाठी करा महाराज तुम्ही.
audio/chunk_04318.wav|धब्ब अस्वल मामांना जायला सांगितले.
audio/chunk_04319.wav|थोड्या वेळाने सुंदर Harin दादाला बोलवले.
audio/chunk_04320.wav|महाराज काय म्हणाले, हे पहा सुंदर, मी काय सांगतोय, ढब्बू अस्वल मामाशी असलेली मैत्री तोडून दे, नाही तर...
audio/chunk_04321.wav|पण मी काय सांगतोय ते ऐक.
audio/chunk_04322.wav|तू जर मैत्री तोडलीस का नाही?
audio/chunk_04323.wav|तर तुला मी आपल्या जंगलचा सेनापती करेन.
audio/chunk_04324.wav|मला नको तुमचे सेनापती पद.
audio/chunk_04325.wav|पण माझी डब्बुशी असलेली मैत्री कधीही तुटणार नाही.
audio/chunk_04326.wav|तुम्ही द्याल ती शिक्षा मी भोगायला तयार आहे.
audio/chunk_04327.wav|करा मला मृत्युदंडाची शिक्षा.
audio/chunk_04328.wav|पण 1 मात्र करा माझ्या मित्राला Dabbu-ला सांगू नका मी मेले म्हणून.
audio/chunk_04329.wav|त्याला सांगा तुझा मित्र सुंदर शेजारच्या जंगलचा सेनापती झाला आहे.
audio/chunk_04330.wav|ही आनंदाची वार्ता त्याला सांगा म्हणजे त्याला दुःख होणार नाही.
audio/chunk_04331.wav|माझ्या मित्राला दुःख झालेले मला सहन होणार नाही.
audio/chunk_04332.wav|महाराजांनी सगळं ऐकून घेतलं.
audio/chunk_04333.wav|आणि सुंदरला बाहेर जायला सांगितलं.
audio/chunk_04334.wav|महाराजांचे हृदय
audio/chunk_04335.wav|भरून आले, डोळ्यात अश्रू आले.
audio/chunk_04336.wav|महाराज पटकन बाहेर आले Shersingh.
audio/chunk_04337.wav|मित्रांनो, माफ करा मला!
audio/chunk_04338.wav|आज तुम्ही माझे डोळे उघडले.
audio/chunk_04339.wav|अरे मैत्री असावी.
audio/chunk_04340.wav|सुंदर सारखी आणि डबू अस्वल मामासारखी एकमेकाच्या जीवाला जीव देणारी.
audio/chunk_04341.wav|अगदी अतूट नातं आहे तुमच्या मैत्रीचं.
audio/chunk_04342.wav|आणि पटकन लाडगोबा करवी सगळ्या प्राण्यांना महाराजांनी बोलवून घेतलं.
audio/chunk_04343.wav|आणि सांगितलं सगळे प्राणी आल्यावर
audio/chunk_04344.wav|हे पहा जंगलवासियांनो!
audio/chunk_04345.wav|सुंदर हरीण दादा आणि डब्बू अस्वल मामा यांची मैत्री अगदी अटूट आहे.
audio/chunk_04346.wav|त्यांच्या मैत्रीने मी भारावून गेलो आहे.
audio/chunk_04347.wav|मी जंगलचा
audio/chunk_04348.wav|Dabbu अस्वल मामांना करतो.
audio/chunk_04349.wav|आणि सेनापती पद Harin दादांना देतो.
audio/chunk_04350.wav|मी माझा कायदा मागे घेतो, यापुढे सगळ्या जंगलवासियांनो आपल्या जंगलात मैत्री करा, एकमेकाबरोबर आनंदाने रहा!
audio/chunk_04351.wav|आणि त्या वेळेपासून Sher Singh महाराजांनी सगळ्या प्रजेची
audio/chunk_04352.wav|काळजी घेतली, प्रजेची सुखदुःखे पाहिली आणि सगळे जंगल
audio/chunk_04353.wav|परत आनंदाने
audio/chunk_04354.wav|सगळ्या जंगलात आनंद झाला.
audio/chunk_04355.wav|राज्यकारभार ही शांतपणे Sher Singh राजे करू लागले. ते सगळ्या जंगलवासियांना काय म्हणाले?
audio/chunk_04356.wav|मैत्रीत जरी विश्वासघात झाला असला
audio/chunk_04357.wav|एखाद्या मित्राने खोटी मैत्री केली तर सगळेच मित्र खोटे नसतात.
audio/chunk_04358.wav|जीवाला जीव देणारे खरे मित्र ही
audio/chunk_04359.wav|तीच खरी मैत्री असते.
audio/chunk_04360.wav|असे सांगितले मग सगळे प्राणी आनंदाने आपापल्या
audio/chunk_04362.wav|Assam-चे जंगल खूप सुंदर होते. जंगलात
audio/chunk_04363.wav|भरपूर प्राणी राहत होते आणि या जंगलचे राजे Sher Singh
audio/chunk_04364.wav|वयस्कर झाल्यामुळे काय करायचे?
audio/chunk_04365.wav|3-4 प्राण्यांची एकदम शिकार करायचे आणि आठवडाभर गुहेत ठेवून खात बसायचे. त्यामुळे जंगलचे प्राणी काय म्हणाले, महाराज एकदम 3-4 प्राण्यांची शिकार करू नका, त्यामुळे आमचे मित्र आम्हाला दुरावतात.
audio/chunk_04366.wav|त्यासाठी आम्ही आपणहून 1-1 प्राणी तुमच्या भुयेत येत जाऊ.
audio/chunk_04367.wav|3-4 दिवसातनं एकदा 1 प्राणी येईल त्याची शिकार तुम्ही करून त्याला खा.
audio/chunk_04368.wav|महाराजांनी हे कबूल केले, त्याप्रमाणे
audio/chunk_04369.wav|3-4 दिवसातनं 1 प्राणी Sher Singh महाराजांच्या गुहेत जाऊ लागला.
audio/chunk_04370.wav|एकदा चिकाटी लांडगीन ताईची पाळी आली.
audio/chunk_04371.wav|चिकाटी लांडगीण ताई दबकत दबकत घेत गेली.
audio/chunk_04372.wav|आत जाऊन भाते तो काय?
audio/chunk_04373.wav|Sher Singh Maharaj मरण पावले होते.
audio/chunk_04374.wav|महाराज मरण पावले, आता काय करायचे?
audio/chunk_04375.wav|मग तिने काय ठरवले? आपण हे प्राण्यांना सांगायचे नाही, महाराज मरण पावलेले.
audio/chunk_04376.wav|तिने Sher Singh महाराजांची आयाळ काढली आणि आपल्या डोक्यावर ठेवली आणि गुहेत बसून राहिली.
audio/chunk_04377.wav|त्या दिवशी कोणतीही शिकार आली नाही.
audio/chunk_04378.wav|त्या दिवशी पाळी होती चिकाटी लांडकीन ताईची, त्यामुळे 1-ही प्राणी गुहेत आला नाही.
audio/chunk_04379.wav|परत 3 दिवसांनी 1 प्राणी आला, तो प्राणी आला की चिकाटी लांडगी ताई त्याची शिकार करून खायची.
audio/chunk_04380.wav|असे बरेच दिवस झाले.
audio/chunk_04381.wav|चिकाटी लांडगीन ताईने
audio/chunk_04382.wav|कोणत्याही प्राण्याला सांगितलं नाही.
audio/chunk_04383.wav|शेरसिंग महाराज मरण पावलेत.
audio/chunk_04384.wav|तिला शिकार आयती खायला मिळत होती.
audio/chunk_04385.wav|त्यामुळे ती चिडीच्या गुहेत प्राणी खात बसली होती.
audio/chunk_04386.wav|आणि असे बरेच दिवस झाले. एकदा
audio/chunk_04387.wav|शेरसिंग महाराजांच्या गुहेत जाण्याची पाळी आली नटखट माकड दादांची.
audio/chunk_04388.wav|नटकट माकड दादा घोळ्याजवळ गेले. दबकत दबकत भीत भीत गेले.
audio/chunk_04389.wav|तर त्यांनी गुहेच्या बाहेर पाहिलं.
audio/chunk_04390.wav|आत जाणारे बरेच पावलांचे ठसे उठले होते.
audio/chunk_04391.wav|पण दुसऱ्या बाजूला
audio/chunk_04392.wav|बाहेर येणारे पावलांचे ठसे उठले होते. मग अटकट माकड दादा काय म्हणाले? अरे!
audio/chunk_04393.wav|आपल्या जंगलातले प्राणी महाराजांना खाण्यासाठी आत गुहेत जातात.
audio/chunk_04394.wav|पण बाहेर कोणते प्राणी गेले?
audio/chunk_04395.wav|महाराजांच्या तावडीतनं कसे सुटलेत?
audio/chunk_04396.wav|म्हणून नटकट माकड दादांनी
audio/chunk_04397.wav|बाहेर येणारे पावलांचे ठसे निरखून पाहिले.
audio/chunk_04398.wav|मग ते काय म्हणाले, अरे हे तर ठसे चिकाटी लांडगीन ताईच्या पायाचे आहेत.
audio/chunk_04399.wav|मग नटकट माकड दादा हळूच दबक्या पावलांनी गुहेच्या तोंडाशी गेले आणि त्यांनी वाकून पाहिलं.
audio/chunk_04400.wav|शेरसिंग महाराजांचा मृतदेह पडला होता आणि त्याच्या शेजारी चिकाटी लांडगीण ताई त्यांची आया डोक्यावर घालून बसलेली त्यांनी पाहिले.
audio/chunk_04401.wav|ते हळूच मागं सरले आणि परत वेगात जंगलात पळत गेले आणि त्यांनी सगळ्या प्राण्यांना सांगितलं, अरे चकाटी लाडगीन ताईने आपल्याला फसवला आहे. Shersing महाराज आपले मरण पावलेत, कधी मरण पावलेत आपल्याला माहित नाही, तिने आपल्याला सांगितले.
audio/chunk_04402.wav|नाही आणि Shersingh Maharaj आहेत समजून आपण एक एक प्राणी बळी जातोय हे थांबवाय पाहिजे चला लवकर चिकाटी लांडगीन ताई दुष्ट धूर्त आहे.
audio/chunk_04403.wav|तिला आत घुयेच्या आत गाडून टाकूया.
audio/chunk_04404.wav|सगळे प्राणी पळत आले आणि सगळ्या प्राण्यांनी भर भर भर दगडे जमा केली मोठमोठी आणि घुयेच्या तोंडावर लावली.
audio/chunk_04405.wav|हे कळल्याबरोबर गुहेत अंधार झाला, चिकाटी लांडगीन ताई घाबरली, तिने बाहेरचे आवाज ऐकले, मग ती काय म्हणाली, अरे मित्रांनो माफ करा, मी आत आहे, मला सोडा, मला नका असा आत गुहेत कोंडू, माझा दमछाट होतोय.
audio/chunk_04406.wav|मला भूक लागली आहे. कालपासून मला काही पोट अन्न मिळाले नाही, शिकार मिळाली नाही. त्यामुळे मला बाहेर काढा. मी चुकले, माफ करा. सिंह महाराज मरण पावलेले मी तुम्हाला सांगितले नाही.
audio/chunk_04407.wav|हा माझा डाव होता धूर्तपणाचा म्हणून मी केले मी खूप वाईट आहे पण एवढ्या वेळेला मला माफ करा आणि बाहेर काढा.
audio/chunk_04408.wav|मग सगळे प्राणी काय म्हणाले?
audio/chunk_04409.wav|अरे हिला बाहेर काढलं तर ही आणखी प्राण्यांना त्रास देईल आणि शिकार करून खाऊन टाकेल.
audio/chunk_04410.wav|Shamu Aswal Mama काय म्हणाले, बरोबर आहे मित्रांनो तुमचं, पण कसं आहे या लांडगीन ताईला आपण 1 संधी देऊया.
audio/chunk_04411.wav|दगडे बाहेर काढून तिला बाहेर काढूया आणि तिला जंगलातनं कायमची बाहेर घालूया, हाकलून देऊया.
audio/chunk_04412.wav|हे सगळ्यांना पटले, मग सगळ्या प्राण्यांनी गुहेच्या तोंडावरची दगडे बाहेर काढली.
audio/chunk_04413.wav|आणि मग चिकाटी लांडगीण ताई बाहेर आली.
audio/chunk_04414.wav|आणि म्हणाली माफ करा.
audio/chunk_04415.wav|मी खूप मोठी चूक केली. मी आता जंगल सोडून जाते तेव्हा Shamu अस्वल मामा म्हणाले, अगं बरोबर आहे, तू जाते म्हणू नकोस, तुला मी हाकलून दिलेलं आहे, परत या जंगलात तू अजिबात यायचं नाहीस.
audio/chunk_04416.wav|तू सगळ्या प्राण्यांना खोटं बोलून फसवलंस.
audio/chunk_04417.wav|याचे प्रायश्चित्त तुला मिळालेच पाहिजे.
audio/chunk_04418.wav|चल जा इथून निघतो. असे म्हटल्यावर चकाटी लांडगीन ताई वेगात पळून निघून गेली. मग सगळे प्राणी आनंदाने राहू लागले.
audio/chunk_04419.wav|खोटं बोलून दुसऱ्याला कधी फसवू नये.
audio/chunk_04420.wav|त्यामुळे आपणच फसलं जातो.
audio/chunk_04422.wav|सुंदर असा Rangeela नावाचा पक्षी राहत होता.
audio/chunk_04423.wav|पक्षी दिसाय खूप सुंदर होता.
audio/chunk_04424.wav|लांब निमुळची चोच, गहिरे डोळे, शरीर गुबगुबीत आणि रंगीबेरंगी पंख.
audio/chunk_04425.wav|इतका सुंदर पक्षी होता.
audio/chunk_04426.wav|आणि त्याचे पंख पाहून असे वाटायचे.
audio/chunk_04427.wav|की जणू इंद्रधनुचे रंग त्याच्या पंखात उतरले आहेत.
audio/chunk_04428.wav|जंगलातल्या सगळ्या प्राण्यांना, पक्षांना तू खूप आवडायचा.
audio/chunk_04429.wav|पण Rangeela थोडा गर्विष्ट होता.
audio/chunk_04430.wav|तो आकाशात उंच उंच विहार करायचा.
audio/chunk_04431.wav|जंगलातल्या झाडावरची फळे खायचा.
audio/chunk_04432.wav|आणि झाडाच्या फांद्यावर येऊन झोके घ्यायचा.
audio/chunk_04433.wav|रंगीला एकदा असाच एका झाडाच्या फांदीवर बसला होता.
audio/chunk_04435.wav|रंगीला काय म्हणाला? अरे!
audio/chunk_04436.wav|चिंगी मुंगी ताई काय करतात त्यांच्या डोक्यावर strawberry होती हातात फळांचे कण होते.
audio/chunk_04437.wav|व्हावे तेव्हा कामात असते.
audio/chunk_04438.wav|म्हणून रंगीला उडत उडत चिंगी मुंगी ताईजवळ गेला.
audio/chunk_04439.wav|आणि म्हणाला, अगं Chingi ताई, सारखी कसे की तू कामात असतेस?
audio/chunk_04440.wav|मला काम करायला खूप आवडतं.
audio/chunk_04441.wav|आणि आता पावसाळा तोंडावर आहे त्यामुळे मी
audio/chunk_04442.wav|माझ्या घरात अन्नाची साठवण केली आहे आणि करतेही आहे.
audio/chunk_04443.wav|त्यामुळे हे अन्नकण घेऊन निघाली मी घरात.
audio/chunk_04444.wav|पावसाळ्यात पाऊस पडला.
audio/chunk_04445.wav|म्हणजे अन्न शोधता येत नाही, त्यामुळे आत्ताच तयारी करते.
audio/chunk_04446.wav|अगं पण Chingitai
audio/chunk_04447.wav|काळजी का घेत नाहीस? अरे काळजी घेते मी, काळजी आणखी काय घ्यायची?
audio/chunk_04448.wav|काम करण्याने शरीर कठीण होतं, मजबूत होतं, कळलं का?
audio/chunk_04449.wav|अगं ते नाही म्हणत मी.
audio/chunk_04450.wav|तू जरा आकाशात माझ्यासारखा उंच उडत जा.
audio/chunk_04451.wav|जंगलातनं फिरत जा, मौज मजा करत जा.
audio/chunk_04452.wav|अरे Rangila, मला नाही ते आवडत.
audio/chunk_04454.wav|हे बघ जीवनात आपल्याला भरपूर काम केलं पाहिजे.
audio/chunk_04455.wav|आणि साक्षात बुद्धी पाहिजे आपल्याला.
audio/chunk_04456.wav|म्हणजे आपल्याला कधी काहीही कमी पडत नाही.
audio/chunk_04457.wav|असे म्हणून Chinki Mangi Tai वेगात निघाल्या.
audio/chunk_04458.wav|रंगीला परत झाडावर येऊन बसला.
audio/chunk_04459.wav|त्याला Chingi Mungi ताईचं हे वागणं पटलं नाही.
audio/chunk_04460.wav|आकाशात काळे ढग जमले, वारा सोसाट्याचा सुटला.
audio/chunk_04461.wav|आणि पाऊस पडायला सुरुवात झाली.
audio/chunk_04462.wav|वारे वेगात वाहून जंगलातली झाडे उन्मळून पडायला लागली.
audio/chunk_04463.wav|खाली पडून चढून गेली.
audio/chunk_04464.wav|खायला पक्ष्यांना फळे उरली नाही.
audio/chunk_04465.wav|सारे पक्षी, प्राणी इतरत्र अन्नासाठी फिरू लागले.
audio/chunk_04466.wav|आता काय करायचं? Rangeela-ही एका झाडाच्या फांदीवर बसला होता.
audio/chunk_04467.wav|तो भिजून ओला चिंब झाला होता.
audio/chunk_04468.wav|त्याला कळेना भूक तर लागली होती, आता आपण खायचे काय? Rangila-ला प्रश्न पडला.
audio/chunk_04469.wav|अरे काय करावे आता?
audio/chunk_04470.wav|Chingi Mungi Tai-ची आठवण झाली.
audio/chunk_04471.wav|Rangila Chingi Mungi Tai-च्या घरी गेला.
audio/chunk_04472.wav|मग Chingi Mungi Tai-ला म्हणाला, माफ कर Chingi Mungi Tai, मला खूप भूक लागली आहे ग.
audio/chunk_04473.wav|अरे त्यात काय एवढ्या सरळ गेला? हे बघ मी किती अन्न जमा केलं आहे.
audio/chunk_04474.wav|जोंधळ्याचे कण आहे, स्ट्रॉबेरिया आहे, सफरजन, पेरू, आंबे यांचे कण आहे.
audio/chunk_04475.wav|जोंधळ्याचे कण आहे, तुला रंगीला पाहिजे तेवढे खा, भरपूर आहे अन्नाचा साठा माझ्याजवळ, तू घाबरू नको.
audio/chunk_04476.wav|असे म्हणून Chingi Mungi ताईंने Rangila-ला भरपूर खायला दिले.
audio/chunk_04477.wav|रंगीलाने पोटभर खाल्ले.
audio/chunk_04478.wav|आणि Rangeela म्हणाला, अगं...
audio/chunk_04479.wav|चिंगी मुंगी ताई तू बरोबर वागतेस. मग चिंगी मुंगी ताई म्हणाली, अरे रंगीला!
audio/chunk_04480.wav|कसं आहे? नुसतं सौंदर्य रूप असून उपयोग नाही.
audio/chunk_04481.wav|साक्षाण बुद्धी लागते, कणकर शरीर लागतं.
audio/chunk_04482.wav|आणि कष्ट करण्याची ताकद लागते.
audio/chunk_04483.wav|आणि हे सगळं जर असलं
audio/chunk_04484.wav|तर आपल्या जीवनात अशक्य गोष्ट आपल्याला शक्य करता येते.
audio/chunk_04485.wav|नुसते रूप सुंदर घेऊन नाही बसायचे, त्याच्या जोडीला बुद्धी पाहिजे, काम करण्याची क्षमता पाहिजे.
audio/chunk_04486.wav|हो ग मुंगीताई आज तू माझे डोळे उघडलेस, मी आता तुझ्यासारखा कामाला लागतो.
audio/chunk_04487.wav|नुसतं सौंदर्य असून भाग चालत नाहीये हे मला आता पुरतं समजलं आहे.
audio/chunk_04488.wav|रंगीला उडत उडत अन्न आणण्यासाठी निघून गेला.
audio/chunk_04489.wav|आपल्या घराचा दरवाजा लावून परत जंगलात अन्न आणण्यासाठी गेली.
audio/chunk_04490.wav|सौंदर्याबरोबरच बुद्धी आणि ताकद ही गरजेची असते.
audio/chunk_04492.wav|हुशार चतुर बुद्धिमान बोलू नावाचे हरिंदा दारात होते.
audio/chunk_04493.wav|ते जंगलात जायचे, गवत खायचे, फळे खायचे आणि जंगलात असलेल्या नदीवर जाऊन पटकन पाणी पिऊन येऊन
audio/chunk_04494.wav|लांब वर जाऊन दगडावर बसायचे कारण त्या नदीत 1 दुष्ट काटेरी मगरी ताई राहत होती.
audio/chunk_04495.wav|हे Harin दादा बसले की नदीच्या पलीकडे 1 सुंदर फळांची बाग होती त्या बागेकडे पाहत बसायचे.
audio/chunk_04496.wav|पण त्यांना तिकडे चाका येत नव्हते.
audio/chunk_04497.wav|कारण वाटेत नदी होती.
audio/chunk_04498.wav|त्यांचे हे सगळे रोज बसणे, फळांच्या बागेकडे पाहणे हे Magari Tai-ने पाहिले आणि तिने काय केले? 1 योजना केली. ती काय म्हणाली? या Harin Dada-ला गोड गोड बोलवून पाठीवर न्यायचं.
audio/chunk_04499.wav|आणि पलीकडच्या बागेत सोडायचे.
audio/chunk_04500.wav|की नदीच्या मध्यावर आलो
audio/chunk_04501.wav|हरी दादाचे भोजन करून टाकायचे.
audio/chunk_04502.wav|आणि ती नदीच्या काठावर आली. बोलू हरीण दादा बसले होते.
audio/chunk_04503.wav|मग ती Magari ताई काय म्हणाली? अरे, Harin दादा, असे शांत का बसलाय?
audio/chunk_04504.wav|बोलू म्हणाला नाही ग मगरी ताई मी त्या बागेकडे पाहत बसलो आहे. अरे तुला जायचे आहे का फळे खायचे आहेत का?
audio/chunk_04505.wav|हो ग मगरी ताई, मला खूप फळे आवडतात, खावीशी वाटते.
audio/chunk_04506.wav|पण काय करू मला जाता येत नाही. अरे मग त्यात काय एवढं मी नेते तुला. माझ्या पाठीवर बसून चल पाहिजे तेवढी फळे खा.
audio/chunk_04507.wav|असे म्हटल्यावर Harin दादा खुश झाले.
audio/chunk_04508.wav|आणि Magari ताईच्या पाठीवर बसले.
audio/chunk_04509.wav|मगरी ताईने त्यांना पलीकडे नेऊन सोडलं.
audio/chunk_04510.wav|पलीकडे Harin दादा गेले पोटभर फळे खाल्ली.
audio/chunk_04511.wav|खूप खुश झाले आणि Magari Tai-च्या पाठीवर बसून परत यायला लागले.
audio/chunk_04512.wav|पण पाण्याच्या मध्यावर आल्यावर
audio/chunk_04513.wav|हरीण दादा मनात म्हणाले, ही मगरी तर काही का थांबली?
audio/chunk_04514.wav|तिचा काहीतरी डाव असला पाहिजे.
audio/chunk_04515.wav|मग ते काय म्हणाले, अगं मगरी ताई का ग थांबलीस?
audio/chunk_04516.wav|पण माझ्या पोटाचे काय रे? मला खूप भूक लागली आहे.
audio/chunk_04517.wav|आणि मी खूप थकलेही आहे.
audio/chunk_04518.wav|मग Golu आणि Dada-ने ओळखलं.
audio/chunk_04519.wav|ही आपलं भोजन करणार.
audio/chunk_04520.wav|म्हणून बोलू हरीण दादा म्हणाले
audio/chunk_04521.wav|अगं मग रे ताई एवढ्यात कशी काय ग तू थकलीस?
audio/chunk_04522.wav|अगं मी एकटा तुझ्या पाठीवर बसलो आहे.
audio/chunk_04523.wav|अहो मी तर उद्या माझ्या भावालाही घेऊन येणार होतो.
audio/chunk_04524.wav|पलीकडच्या जंगलातली फळे खायला आणि माझ्या एकट्या वजनानं तू थकलीस. मी तर म्हणतोय 1 5-7 माझ्यासारखी हरणी तुझ्या पाठीवर बसतील. एवढे तुझे वजन आहे. दिसायला किती मोठी आहेस तू?
audio/chunk_04525.wav|पण तू खूप अशक्त आहेस काय?
audio/chunk_04526.wav|मला वाटतंय तुझे दाखवायचे दात वेगळे आणि खायचे दात वेगळे असले पाहिजेत.
audio/chunk_04527.wav|मग असं म्हटल्याबरोबर
audio/chunk_04528.wav|मगरी त्यांच्या डोक्यात प्रकाश पडला. अरे, आपण याला जर एकट्याला खाल्ले तर आपले पोट काही भरणार नाही. उद्या हा याच्या भावाला घेऊन येणार आहे.
audio/chunk_04529.wav|मग ह्या दोघांना जर खाल्ले तर 1-8 दिवस मला भोजन नसले तरी चालेल.
audio/chunk_04530.wav|मग मगरी ताई म्हणाली, नाही रे बोलू तसं काही नाही रे, मी आपली तुझी गंमत करत होते.
audio/chunk_04531.wav|आता तुला सांगतो.
audio/chunk_04532.wav|मी उद्या माझ्या भावाला घेऊन येणार आहे. आम्हाला दोघांना पलीकडे नेऊन सोड. आम्ही दोघे भरपूर फळे खातो आणि मग तुझ्या पाठीवर बसून अलीकडे येतो.
audio/chunk_04533.wav|अरे बोलू होय रे बाबा ये उद्या तुझ्या भावाला घेऊन ये.
audio/chunk_04534.wav|असे म्हणत म्हणत बोलत बोलत Magari Tai नदीच्या काठावर गेली.
audio/chunk_04535.wav|पटकन बोलूने उडी मारली काठावर.
audio/chunk_04536.wav|आणि मागे वळून म्हणाला, अगं मूर्ख मगरी ताई, तुला काय वाटलं?
audio/chunk_04537.wav|हं तू मला फसवलेस.
audio/chunk_04538.wav|विश्वासात घेऊन गोड बोलून मला पलीकडे नेलेस, फळे खायला नेलेस आणि येताना वाटेत माझा विश्वासघात करणार होतीस, माझं भोजन करणार होतीस हे मी ओळखलं.
audio/chunk_04539.wav|जशास तसा मी तुला भेटलो.
audio/chunk_04540.wav|शेरा सव्वाशेर भेटलो माझ्या बुद्धीने अक्कल हुशारीने मी तुला
audio/chunk_04541.wav|काही तर सांगून इथपर्यंत आणलं आणि नदीच्या काठावर मी आलो.
audio/chunk_04542.wav|इतरांना तू फसवू शकशील.
audio/chunk_04543.wav|पण माझ्यासारख्या बोलू हरीण दादाला कोणीही फसवू शकणार नाही. मी खूप हुशार आहे आणि बुद्धिमान आहे, कळलं का?
audio/chunk_04545.wav|असे म्हणून Bolu Harin Dada निघून गेले आणि त्यांच्या पाठमोरीकडे
audio/chunk_04546.wav|काठेरी मगरी ताई आ वासून बघतच राहिली.
audio/chunk_04547.wav|हातचे आलेले मी सोडून दिले.
audio/chunk_04548.wav|बोलूने मला पिसवले.
audio/chunk_04549.wav|असे म्हणून Magaritai पाण्यात निघून गेली.
audio/chunk_04551.wav|आसामच्या जंगला 1 सुंदर असे सरोवर होते.
audio/chunk_04552.wav|हे ज्ञानी नावाचे सुंदर कासव दादा राहत होते.
audio/chunk_04553.wav|नावाप्रमाणेच ते खूप बुद्धिमान आणि हुशार होते.
audio/chunk_04554.wav|खूप तल्लक बुद्धीचे होते.
audio/chunk_04555.wav|त्यांची हुशारी सगळ्या जंगलात पसरली होती.
audio/chunk_04557.wav|आणि त्यांना काय वाटायचे हे जंगल एकोप्याने राहिले पाहिजे, सगळ्या प्राण्यांनी आनंदाने आणि एकत्रितपणे राहायला पाहिजे. यासाठी कासव दादा खूप प्रयत्न करायचे, सगळ्या प्राण्यांना चांगला उपदेश करायचे.
audio/chunk_04558.wav|असे हे कासव दादा होते.
audio/chunk_04559.wav|मग सगळे प्राणी आनंदाने राहत होते, एकोप्याने राहत होते.
audio/chunk_04560.wav|पण या जंगला 1
audio/chunk_04561.wav|लबाड, धूर्त, चिकाटी लांडगी ताई राहत होत्या.
audio/chunk_04562.wav|त्या अतिशय धूर्त आणि काव्यबाज होत्या.
audio/chunk_04563.wav|प्राण्यांना छोट्या मोठ्या प्राण्यांना गोड बोलू
audio/chunk_04564.wav|आमिष दाखवून लांब दूरपर्यंत न्यायच्या आणि त्यांची शिकार करून आपल्या परिवारासोबत खायच्या.
audio/chunk_04565.wav|किती सगळ्यांनी सांगितले पण त्यांच्यात काही बदल झाला नाही, त्यामुळे सगळे जंगलातले प्राणी या चिकाटी लांडगीन ताईपासून दूरच होते.
audio/chunk_04566.wav|मग एकदा काय झालं हे ज्ञानी कासव दादा सरोवराच्या काठावर बसले होते.
audio/chunk_04567.wav|तेव्हा चिकाटी लाडगीन ताई सरोवराच्या काठी पाणी प्यायला आल्या.
audio/chunk_04568.wav|ज्ञानी कासव दादा किती धष्टपुष्ट आहेत.
audio/chunk_04569.wav|आता यांना गोड गोड बोलून यांच्याशी मैत्री करावी आणि 1 दिवस आपल्या परिवारासह यांचं भोजन करावं.
audio/chunk_04570.wav|चिकाटीला आणखीन ताईंनी ठरवले आणि
audio/chunk_04571.wav|त्या हळूहळू कासवदादांच्या जवळ गेल्या.
audio/chunk_04572.wav|आणि काय म्हणाल्या, अरे ज्ञानिक असो दादा काय करताय बरे आहात का?
audio/chunk_04573.wav|ज्ञानी कासो दादा म्हणाले, होय चिकाटी लांडगी ताई मी बरा आहे, तू कशी आहेस?
audio/chunk_04574.wav|मी ही छान आहे, चिकाटीचाई बोलली.
audio/chunk_04575.wav|मग मी काय म्हणते, कासव दादा?
audio/chunk_04576.wav|आपण मैत्री करूया का?
audio/chunk_04577.wav|कासव दादा म्हणाले, आगो चिकाटी ताई, आज तुला माझ्याशी मैत्री का करावीशी वाटते? तसे नाही, तुम्ही खूप हुशार बुद्धिमान आहात आणि अशा कासव दादांशी मैत्री केल्यावर मला...
audio/chunk_04578.wav|खूप आनंद होईल म्हणून म्हणते मी मैत्री करूया का? मग ज्ञानी कासव दादा मनात म्हणाले, ठीक आहे.
audio/chunk_04579.wav|करूया आईच्या बरोबर मैत्री.
audio/chunk_04580.wav|आपण 4 उपदेशाच्या गोष्टी सांगून हिची बुद्धी पालटली तर पालटली.
audio/chunk_04581.wav|ठीक आहे शिकाटी लांडगीन ताई, मी तुझ्याशी मैत्री करायला तयार आहे.
audio/chunk_04582.wav|ठीक आहे, मग दोघांची मैत्री जमली. असेच बरेच दिवस गेले. चिकाटी लांडगीन ताईं कासव दादा जंगलातनं खूप खूप लांब पर्यंत फिरायचे, मौज मजा करायचे.
audio/chunk_04583.wav|असे करता करता एके दिवशी काय झाले?
audio/chunk_04584.wav|चिकाटी लांडगीण ताई काय म्हणाली?
audio/chunk_04585.wav|ज्ञानी कासव दादा आमच्या घरी येणार का?
audio/chunk_04586.wav|आमच्या आईला
audio/chunk_04587.wav|आणि बाबांना तुम्हाला पाहायचे आहे.
audio/chunk_04588.wav|तुम्ही खूप हुशार आहात!
audio/chunk_04589.wav|तुमची त्यांना भेट घ्यायची आहे. मग ज्ञानी कासव दादा काय म्हणाले? अरे हो हो हो ठीक आहे मी यायला तयार आहे.
audio/chunk_04590.wav|चिकाटी लांडगीन बाई ताई बरोबर निघाले बरेच अंतर लांब चालून गेले
audio/chunk_04591.wav|पण शिकाटी लांडगीन ताईचं घर काय आलं नाही.
audio/chunk_04592.wav|त्यामुळे ज्ञानी कासो दादा म्हणाले
audio/chunk_04593.wav|अगं Chikati ताई, तुझं घर कुठे आहे? तुझा परिवार कुठे आहे?
audio/chunk_04594.wav|अहो का सो दादा जरा पुढे गेले की माझे घर आहे, आई बाबा आहेत, माझे सगळा परिवार आहे तिथे.
audio/chunk_04595.wav|पण पुढे जरा चालत गेले पण तो रस्ता लागला निर्जन.
audio/chunk_04596.wav|कासव दादा मनात म्हणाले, अरे हा निर्जन रस्ता, इकडे कसे काय हिचे घर आहे?
audio/chunk_04597.wav|मग कासव दादा म्हणाले, अगं चिकाटी ताई हा तर निर्जन रस्ता आहे. मग चिकाटी ताई हसायला लागली. अरे कासव दादा, तुला एवढे कसे रे कळत नाही? सगळ्या जंगलातनं माहिती आहे मी कशी आहे, माझा स्वभाव कसा आहे, मी कशी खेळ खेळते.
audio/chunk_04598.wav|एवढे माहीत नाही का तुला? अरे इकडे माझे घर वगैरे काही नाही. आता थोड्याच वेळात माझा परिवार येईल आणि आमचा सगळा परिवार...
audio/chunk_04599.wav|आम्ही सगळे मिळून तुझे भोजन करणार आहे.
audio/chunk_04600.wav|हे ऐकल्यावर कासव दादा घाबरले पण त्यांनी डोकं शांत ठेवलं.
audio/chunk_04601.wav|आणि चाक्षान बुद्धीने विचार केला आणि त्यांनी आपले सगळं अंग कवचात झाकून घेतलं आणि वाचवा वाचवा करून ओरडायला लागले.
audio/chunk_04602.wav|तेवढ्या जंगलातले Appu Hatti Dada तिथून निघाले होते. त्यांनी पाहिलं, Chikati Landgin Tai आणि Kasav Dada. अरे रे रे रे घ्या Chikati Tai-ने ज्ञानी Kasav Dada-ना फसवलं असलं पाहिजे. मग वेगात Appu Hatti Dada गेले आपल्या सोंडेचा फटकारा Chikati Landgin Tai-ने.
audio/chunk_04603.wav|यांच्या तोंडावर दिला. त्याबरोबर चिकाटी लांडगी ताईं तिरमिरी येऊन पडल्या. त्यांचा पाय मोडला, मागे न वळता त्या लंगडत लंगडत निघून गेल्या.
audio/chunk_04604.wav|मग ज्ञानी कासव दादा म्हणाले,
audio/chunk_04605.wav|धन्यवाद आप्पू हत्ती हत्ती दादा तुम्ही वेळेवर आलात म्हणून माझा प्राण वाचले.
audio/chunk_04606.wav|पण चुकीच्या पद्धतीने चुकीच्या
audio/chunk_04607.wav|आणि विश्वास हा महत्त्वाचा आहे.
audio/chunk_04608.wav|कधीही खरेपणाने आणि विश्वासाने केलेली मैत्री
audio/chunk_04609.wav|असे म्हणून ज्ञानी कासव दादा आप्पू हत्ती दादा आपल्या गुहेकडे गेले कासव दादा सरोवराकडे गेले.
audio/chunk_04611.wav|एक दुर्त धोकेबाज काव्यबाज
audio/chunk_04612.wav|असे खोटी लांडगो पाय राहत होती.
audio/chunk_04613.wav|ते अतिशय धूर्त होते.
audio/chunk_04614.wav|जंगलातल्या प्राण्यांना धूर्तपणाने फसवून
audio/chunk_04615.wav|त्यांची शिकार करण्यात ते पटाईत होते.
audio/chunk_04616.wav|आणि कमालीचे आळशी होते.
audio/chunk_04617.wav|एकदा ते जंगलातल्या एका झाडाखाली बसले होते.
audio/chunk_04618.wav|आणि स्वतःशीच विचार करत होते.
audio/chunk_04619.wav|अरे बाबा कंटाळा आलाय शिकार करण्याचा.
audio/chunk_04620.wav|त्या प्राण्यांच्या पाठीमागे पळायचं, प्राणी सापडला तर ठीक आहे.
audio/chunk_04621.wav|नाही तर झुडपात लपला निघून गेला की निष्कारण आपली धावपळ.
audio/chunk_04622.wav|आता आपण प्राण्यांच्या मागे लागायचंच नाही.
audio/chunk_04623.wav|डोक्याची बुद्धी वापरूनच शिकार करते.
audio/chunk_04624.wav|असे त्यांनी ठरवलं आणि ते जंगलात निघाले.
audio/chunk_04625.wav|चालक केले गेले तर एका
audio/chunk_04626.wav|छोटे छोटे 2 ससे खेळत होते.
audio/chunk_04627.wav|त्यातल्या 1-ला काय म्हणाले? हे?
audio/chunk_04628.wav|ते दोन्ही ससे काय म्हणाले?
audio/chunk_04629.wav|काय झाले लांडगे काका काय माहित नाही. अरे आज आपल्या
audio/chunk_04630.wav|शेरसिंग महाराजांचा जन्मदिवस आहे, त्यासाठी त्यांनी भोजनाची party ठेवली आहे.
audio/chunk_04631.wav|जंगलच्या सगळ्या प्राण्यांना 1-1 सदस्यांना त्यांनी बोलवलं आहे.
audio/chunk_04632.wav|त्यामुळे तुमच्या दोघांपैकी 1 जण माझ्याबरोबर चला.
audio/chunk_04633.wav|ते party झाल्यावर जेवण झाल्यावर घरच्यांना पण खूप भोजन देणार आहेत.
audio/chunk_04634.wav|ठीक आहे मी येतो.
audio/chunk_04635.wav|1 मोठा ससोबा
audio/chunk_04636.wav|मग तो त्यांच्याबरोबर गेला. लांडगे काकांनी काय केलं? एका निर्जन जागी
audio/chunk_04637.wav|चिटूला नेले आणि तिचे त्याची शिकार करून खाऊन टाकले.
audio/chunk_04638.wav|थोड्या वेळाने ते परत आले.
audio/chunk_04639.wav|Pithu कुठे आले आणि म्हणाले, अरे Pithu चल लवकर काय झालं काका?
audio/chunk_04640.wav|Chitu Dada आला नाही का? अरे तो येणार आहे, तो जेवलाय पोटभर. व Shersingh Maharaj-नी भरपूर भोजन दिले आहे त्याच्याजवळ.
audio/chunk_04641.wav|त्याला एकट्याला ते भोजन आणता येईल ना म्हणून त्याला मदत करायला चल तू. हो काका मी येतो. असे म्हणून
audio/chunk_04642.wav|विठूलाही ह्या खोटे लांडगोबानी एका निर्जन जागी नेलं.
audio/chunk_04643.wav|आणि खाऊन टाकलं. अरे रे किती निर्दयी कृत्य हे.
audio/chunk_04644.wav|लांडगोबा जंगलातनं असेच निघाले ते.
audio/chunk_04645.wav|तेव्हा जंगलातले नटकट माकड दादा पळत येत होते.
audio/chunk_04646.wav|मग लांडगोबा काय म्हणाले?
audio/chunk_04647.wav|अरे माकड दादा काय एवढ्या वेगात पळतो आहेस? अरे
audio/chunk_04648.wav|अरे आपल्या आज जंगलचे
audio/chunk_04649.wav|Sher Singh Maharaj मरण पावले.
audio/chunk_04650.wav|अरे होय पण तू पळतोस का एवढे? काही नाही रे, माझे मित्र.
audio/chunk_04651.wav|आप्पो हाती दादा यांना सांगायला मिळालं निघालो आहे. अरे पण का सांगायला त्यांना माहित नाही का? अरे माहिती आहे पण कसं आहे माहिती आहे का? जंगलचे राजे
audio/chunk_04652.wav|मरण पावले की त्यांचे मांस खायचे, त्यांचे मांस जो खाईल तो या जंगलचा राजा होतो. मग माझी इच्छा आहे Appu Hatti Dada-नी मांस खावावं आणि ते जंगलचे राजे व्हावेत, म्हणून मी पळत निघाला आहे. ठीक आहे, ठीक आहे.
audio/chunk_04653.wav|जा तू! मग हे खोटे लांडगोबा काय म्हणाले? अरे वा!
audio/chunk_04654.wav|हे Appu हत्ती यायच्या अगोदर मी जातो आणि मी Shersingh Maharaj-ची मांस खाऊन टाकतो.
audio/chunk_04655.wav|मी जंगलचा राजा होईन. सगळे जंगल सगळे प्राणी माझ्या हातात. मग काय मस्त मजा रोज 1 शिकार रोज 1 शिकार वाह काय बेत आहे. असे म्हणून ते Sher Singh Maharaj-च्या गुहेकडे निघाले.
audio/chunk_04656.wav|नेमके त्यावेळी Sher Singh महाराज झोपलेले होते.
audio/chunk_04657.wav|लांडूगोबा जवळ गेले आणि म्हणाले
audio/chunk_04658.wav|महाराज मरण पावले वाईट झालं.
audio/chunk_04659.wav|पण महाराज मेल्यासारखे दिसत नाही जणू काही झोपलेत.
audio/chunk_04660.wav|त्यांचं व्यक्तिमत्व मोठं आहे.
audio/chunk_04661.wav|त्यामुळे ते झोपल्यासारख्या दिसतात.
audio/chunk_04662.wav|आपण आता अगोदर मांस खाऊया म्हणजे आपण राजे होऊ. असे म्हणून Ladgoba गेले आणि Shersingh Maharaj-च्या पाठीला चावणार. इतक्या आवाजाने Shersingh Maharaj
audio/chunk_04663.wav|आणि त्यांनी Ladgoba-वर झेप घेतली.
audio/chunk_04664.wav|झेप घेतली तसे लांडगोबा थरथर कापायला लागले.
audio/chunk_04665.wav|आणि आपला पंजा असा जी मारला लांडगोबांच्या पायावर
audio/chunk_04666.wav|ती लाडगोबांचा 1 पाय काडकन मोडला.
audio/chunk_04667.wav|आणि लाडगोबा वाचवा वाचवा! महाराज चुकलो चुकलो म्हण पळायला लागले. मग Shersingh महाराज म्हणाले, अरे!
audio/chunk_04668.wav|पटकन माझ्या जंगलातनं बाहेर हो!
audio/chunk_04669.wav|परत मला जंगलात दिसता कामा नये.
audio/chunk_04670.wav|लांडगोबा मागे न वळता तिथनं पळत सुटले. कसं झालं हे धूर्त लांडगोबा कावेबाजपणा करून धूर्तपणा करून जंगलातल्या प्राण्यांना फसवत होते. त्यांची शिकार करत होते. ही शिकार थांबवण्यासाठी जंगलातल्या सगळ्या प्राण्यांनी युक्ती केली.
audio/chunk_04671.wav|होती त्या लांडगोबाला धडा शिकवण्याची
audio/chunk_04672.wav|म्हणून सगळ्या प्राण्यांनी मिळून हे नाटक केलं आणि या नाटकाला हे लांडगोबा फसले, जसे ते दुसऱ्यांना फसवत होते, तसे ते आता स्वतः फसले.
audio/chunk_04673.wav|त्यांची ही गंमत जंगलातले सगळे प्राणी झुडपा आड लपून बसून पाहत होते. Ladgoba जंगल सोडून निघून गेल्यावर सगळ्या प्राण्यांना आनंद झाला. सगळ्या जंगलावरचे प्राण्यांच्या युक्तीने संकट टळले.
audio/chunk_04674.wav|जसे आपण वाईट कर्म करतो तसेच फळ आपल्याला
audio/chunk_04675.wav|वाईटच मिळते म्हणून नेहमी चांगले कर्म करावे.
audio/chunk_04677.wav|ताडोबाच्या जंगलात एका उंच झाडावर
audio/chunk_04678.wav|काळे कावळे दादा आपले घरटे बांधून राहत होते.
audio/chunk_04679.wav|की आकाशात उंच उंच जाऊन विहार करायचे.
audio/chunk_04680.wav|जंगलात लांब पर्यंत उडत जायचे.
audio/chunk_04681.wav|आणि फळे घेऊन यायचे.
audio/chunk_04682.wav|फळे खाऊन झाडाखाली असलेल्या नदीतले पाणी पिऊन शांत झाडावर झोपायचे.
audio/chunk_04683.wav|संध्याकाळ झाली की परत तेच.
audio/chunk_04684.wav|परत आकाशात उंच उडायचे, जंगलात लांब पर्यंत उडत जाऊन फळे घेऊन यायचे.
audio/chunk_04685.wav|आणि फळे खाऊन नदीतले पाणी पिऊन शांत झोपायचे.
audio/chunk_04686.wav|ते आकाशात उंच उडायचे, लांबपर्यंत उडत जायचे.
audio/chunk_04687.wav|त्यामुळेच उठण्याचा त्यांना गर्व झाला होता.
audio/chunk_04688.wav|ते काय म्हणायचे? अरे, या जंगलात मीच सगळ्यात उंच उडत आकाशात जातो. लांब पर्यंत फळे आणायला मीच उडत लांब पर्यंत जातो. माझ्यासारखं...
audio/chunk_04689.wav|उडणार कोणीही नाही.
audio/chunk_04690.wav|सगळ्यापेक्षा मी उडण्याच्या बाबतीत
audio/chunk_04691.wav|1 नंबर पटायुत आहे.
audio/chunk_04692.wav|असे ते स्वतःला म्हणायचे आणि या गोष्टीचा त्यांना गर्व झाला होता.
audio/chunk_04693.wav|आणि त्या अहंकाराने ती वागत होती.
audio/chunk_04694.wav|एकदा काय झालं? दुपारी झाडावरती बसले होते.
audio/chunk_04695.wav|2 बगळे दादा उडत उडत उडत आले.
audio/chunk_04696.wav|आणि त्या झाडावर बसले ते कसे बसले?
audio/chunk_04697.wav|हास्य भुष्य करत बसली.
audio/chunk_04698.wav|ते दमलेले होते, खूप त्यांना दम लागला होता.
audio/chunk_04699.wav|मग कावळे दादा काय म्हणाले?
audio/chunk_04700.wav|अरे बकळे दादा, एवढा दम तुम्हाला कशाने लागला?
audio/chunk_04701.wav|ते भरारी आणि करारी बगळे दादा होते.
audio/chunk_04702.wav|अरे कावळे दादा, आम्ही खूप लांबून उडत उडत आलो आहे.
audio/chunk_04703.wav|बरंच अंतर लांब होतं.
audio/chunk_04704.wav|त्यामुळे आम्हाला दम लागला, आम्हाला थोडं थांबू दे, विश्रांती घेऊ दे, मग सांगतो.
audio/chunk_04705.wav|अरे पण विश्रांती घ्यायला एवढ्या कुठून लांबून आला तुम्ही?
audio/chunk_04706.wav|अरे तुला काय सांगायचं?
audio/chunk_04707.wav|भरारी बगडे दादा म्हणाले, अरे आम्ही पश्चिम बंगाल मधल्या सुंदरबन जंगलातनं आलो आहे.
audio/chunk_04708.wav|एवढ्या लांबून उडत उडत उडत वाटेत थांबलोही नाही कुठे.
audio/chunk_04709.wav|त्यामुळे आम्हाला दम लागणारच!
audio/chunk_04710.wav|अरे पण जंगल असे कसे लांब आहे सुंदरबनचे एवढे कुठे लांब आहे?
audio/chunk_04711.wav|तुमच्यापेक्षाही मी जास्त लांबपर्यंत उडत जातो जंगलात फळे आणायला आणि आकाशात उंच उंच विहार करायलाही खूप लांब जातो.
audio/chunk_04712.wav|माझ्यासारखे उंच आणि लांब तुम्ही नाही उडवू शकत.
audio/chunk_04713.wav|भरारी बगळी दादा म्हणाले तसे नाही रे.
audio/chunk_04714.wav|अरे दुसऱ्या राज्यातून आलो आहे आम्ही, अंतर ते खूप लांब आहे. ते काही नाही, मला नाही वाटत एवढे लांब अंतर असेल.
audio/chunk_04715.wav|मग मला सांगा चला मी येतो तुमच्याबरोबर उडत.
audio/chunk_04716.wav|माझ्यावर पैस लावा तुम्ही.
audio/chunk_04717.wav|मग करारी बगळी दादा काय म्हणाले? अरे!
audio/chunk_04718.wav|कावळे दादा थांब जरा, मी लावतो तुझ्याबरोबर पे. चल आपण दोघे उडत जाऊया, पण मी जिथेपर्यंत जाईल तिथेपर्यंत उडत जायचं. अरे ते काय?
audio/chunk_04719.wav|ते मला लगेच जमेल, चल!
audio/chunk_04720.wav|आणि मग करारी बगळे दादा आणि कावळे दादा उडत निघाले. उंच उंच उंच उडत उडत उडत उडत उडत बरेच अंतर लांब गेले.
audio/chunk_04721.wav|मग काळे कावळे काका काय करायला लागले आपले करामती दाखवायला लागले.
audio/chunk_04722.wav|कधी वेडे वाकडे व्हायचे, कधी या दिशेला जायचे, कधी उलटे फिरायचे.
audio/chunk_04723.wav|का तर मी किती उडण्यात पटाईत आहे हे दाखवत होते.
audio/chunk_04724.wav|करारी बगळे तर आता तसे नाही ते शांत उडत चालले होते.
audio/chunk_04725.wav|पुढे पुढे पुढे गेल्यावर काय झालं?
audio/chunk_04726.wav|खाली पाहिलं तर समुद्र दिसला निळ्या निळ्या पाण्याचा.
audio/chunk_04727.wav|कावळे दादा घाबरले!
audio/chunk_04728.wav|कारण त्यांचे आता पंख दुखायला लागले होते.
audio/chunk_04729.wav|त्यांना चक्कर यायला लागली होती.
audio/chunk_04730.wav|खाली पाहिलं तर समुद्र अरे देवा आता काय करायचे?
audio/chunk_04731.wav|वाटेत कुठेही झाड नाही. थांबायचे तर कुठं?
audio/chunk_04732.wav|त्यांना यायला लागली चक्कर.
audio/chunk_04733.wav|करारी बगळे दादांना सांगितलं, बगळे दादा थांबा!
audio/chunk_04734.wav|मला नाही उडायला जमणार.
audio/chunk_04735.wav|मला तुमच्या पाठीवर घ्या.
audio/chunk_04736.wav|बगळी दादा म्हणाले, ठीक आहे कवळे दादा, मी तुम्हाला पाठीवर घेतो.
audio/chunk_04737.wav|मग बगळे दादांनी कावळे दादांना पाठीवर घेतलं. कावळे दादा काय म्हणाले? बगळे दादा आता पुढे नाही जायचे, चला आपल्या नदीच्या काठच्या झाडावर, इथं नको थांबायला.
audio/chunk_04738.wav|मग ठीक आहे, बगळे दादा परत उलटे फिरले.
audio/chunk_04739.wav|आणि कावळे दादांना घेऊन
audio/chunk_04740.wav|परत Tadoba-च्या जंगलातल्या झाडावर आले.
audio/chunk_04741.wav|भरारी बगळे दादा होते भरारी बगळे दादा काय म्हणाले अरे करारी तुम्ही का लवकर आला
audio/chunk_04742.wav|मग काळे कावळे काका म्हणाले,
audio/chunk_04743.wav|अरे भरारी बगळे दादा, करारी बगळे दादा, मला माफ करा, माझं चुकलं.
audio/chunk_04744.wav|जरा कुठे मी आकाशात उंच उडत जात होतो.
audio/chunk_04745.wav|फळे घेऊन येत होतो तर मला वाटलं सगळ्यात उंच मीच उडतोय आणि उंच उडत मीच जातो.
audio/chunk_04746.wav|याचा मला गर्व झाला होता.
audio/chunk_04747.wav|पण ते आता माझ्या गर्वाचे हरण झाले आहे.
audio/chunk_04748.wav|अरे तुम्ही किती लांबून आला उडत!
audio/chunk_04749.wav|आणि हास्य हुश्य तर करणार.
audio/chunk_04750.wav|पण मी एवढेशे अंतर गेलो तर मला चक्कर आली.
audio/chunk_04751.wav|त्यामुळे तुम्ही दोघेही महान आहात, मला माफ करा.
audio/chunk_04752.wav|माझ्या उठण्याचा मी गर्व केला, मी असे परत वागणार नाही.
audio/chunk_04753.wav|माझ्यापेक्षा श्रेष्ठ तुम्ही दोघे आहात उंच उडण्यात लांबपर्यंत उडत जाण्यात.
audio/chunk_04754.wav|माझा गर्व नाहीसा झाला.
audio/chunk_04755.wav|मग Karari आणि Bharari
audio/chunk_04756.wav|अरे कावळे दादा जाऊ दे.
audio/chunk_04757.wav|तुझ्या गर्वाचे हरण झाले, तुझी चूक तुला समजली, यात सगळं आलं, त्यात काय?
audio/chunk_04758.wav|परंतु 1 गोष्ट लक्षात ठेव इथून पुढं.
audio/chunk_04759.wav|आपण करत असलेली गोष्ट आपल्याला जर वाटत असलं
audio/chunk_04760.wav|पण हे मात्र लक्षात ठेवायचं.
audio/chunk_04761.wav|आपल्यापेक्षाही श्रेष्ठ गोष्ट दुसरे कोणीतरी करत असते.
audio/chunk_04762.wav|म्हणून शेरा सव्वा शेर कधीही असतो हे लक्षात ठेवायचे.
audio/chunk_04763.wav|असे म्हणून 3 जण झाडावर जाऊन परत फळे खात बसले.
audio/chunk_04765.wav|आफ्रिकेचे जंगल खूप घनदाट होते.
audio/chunk_04766.wav|जंगलात भरपूर प्राणी होते.
audio/chunk_04767.wav|सगळे प्राणी आनंदाने आणि एकोप्याने राहत होते. Shersingh राजे सुरुवातीला चांगले होते.
audio/chunk_04768.wav|पण जसजसे दिवस जातील तसे हे Sher Singh राजे
audio/chunk_04769.wav|प्रजेची काळजी घेणारे राजे गर्विष्ट अहंकारी झाले.
audio/chunk_04770.wav|ते प्रजेवर हुकुमत गाजवायला लागले.
audio/chunk_04771.wav|त्यामुळे जंगलात असंतोष निर्माण झाला.
audio/chunk_04772.wav|ते काय म्हणायचे मी सांगेल तेच ऐकायचे मी सांगेल तसेच वागायचे.
audio/chunk_04773.wav|प्राणी, पक्षी सगळे नाराज होते.
audio/chunk_04774.wav|पण जंगलात अपु आती दादा.
audio/chunk_04775.wav|हे खूप मायाळू प्रेमळ होते.
audio/chunk_04776.wav|ते जंगलातल्या प्राण्यांशी
audio/chunk_04777.wav|प्रेमाने आणि मायेने वागत मदत करत
audio/chunk_04778.wav|संकटाच्या वेळी धावून जा, जंगल एकोप्याने राहावे, सगळ्यांनी मिळून मिसळून राहावे असे त्यांना वाटायचे.
audio/chunk_04779.wav|आणि दुसरे Lambujirap दादा हे ही मायाळू प्रेमळ होते. ते ही प्राण्यांच्या एकोप्यासाठी झटत होते.
audio/chunk_04780.wav|प्राण्यांना मदत करत होते, उंच झाडावरची फळे काढून द्यायचे.
audio/chunk_04781.wav|दोघेही प्राण्यांना खूप मदत करायचे त्यामुळे जंगलचे सगळे प्राणी Appu Hathi Dada आणि Lambu Jiraf Dada यांना खूप मान द्यायचे.
audio/chunk_04782.wav|हे सगळं Sher Singh राजांना समजले.
audio/chunk_04783.wav|लंबू जिराफ दादांचा, आप्पू हत्ती दादांचा राग यायला लागला.
audio/chunk_04784.wav|ते काय म्हणाले मी राजा असून
audio/chunk_04785.wav|प्राणी मला मान देत नाही, पण या दोघांना मान देतात, यांना चांगला आता धडा शिकवायलाच पाहिजे.
audio/chunk_04786.wav|असे म्हणून एकदा Shersingh राजे निघाले जंगलातनं.
audio/chunk_04787.wav|त्यावेळी Lambujirap Dada झाडावरची
audio/chunk_04788.wav|तेव्हा Sher Singh राजे पाठीमागे जाऊन उभा राहिले आणि म्हणाले, ए Lambu Jiraf दादा!
audio/chunk_04789.wav|लंबू जिराफ दादांनी पाठीमागे पाहिलं.
audio/chunk_04790.wav|महाराजांचा जय जयकार असो.
audio/chunk_04791.wav|अरे मूर्खा जय जयकार करू नको माझा.
audio/chunk_04792.wav|मला फळे पाहिजेत झाडावरची.
audio/chunk_04793.wav|लगेच मी तुम्हाला फळे काढून देतो, नाही.
audio/chunk_04794.wav|मला तू काढून द्यायची नाहीस.
audio/chunk_04795.wav|मला तुझ्या पाठीवर घे.
audio/chunk_04796.wav|माझ्या हाताने मी फळे काढून खाणार आहे.
audio/chunk_04797.wav|तुमची आज्ञा मान्य करतो मी.
audio/chunk_04798.wav|मी किती कमजोर प्राणी आहे, एवढी ताकद नाही, मी अशक्त आहे.
audio/chunk_04799.wav|माझ्या हातनं ते शक्य होणार नाही.
audio/chunk_04800.wav|मी तुम्हाला फळे काढून देतो.
audio/chunk_04801.wav|मूर्खा मी तुझ्या पाठीवर बसूनच फळी काढणार.
audio/chunk_04802.wav|तेव्हा Lambujirap दादा काय म्हणाले?
audio/chunk_04803.wav|आपल्या जंगलातल्या नदीच्या काठावर Appu Hatti Dada गवत खात आहेत.
audio/chunk_04804.wav|त्यांना आपण जरा विचारूया ते काय म्हणतात बघूया. ठीक आहे ठीक आहे चल.
audio/chunk_04805.wav|तिथे Appu हत्ती दादा गवत खाण्यात गर्क होते.
audio/chunk_04806.wav|तेव्हा Sher Singh महाराजांनी हाक मारली.
audio/chunk_04807.wav|Appu Hatti Dada-नी मागे वळून पाहिलं.
audio/chunk_04808.wav|मग त्यात तर Sher Singh आणि Lambujirap दादा त्यांनी ओळखलं काहीतरी घडलेलं असलं पाहिजे.
audio/chunk_04809.wav|आप्पू अति दादा म्हणाले महाराजांचा जय जयकार असो अरे मूर्खा
audio/chunk_04810.wav|पाहायला मी आलेलो नाही. अरे, मला काहीतरी सांगायचे आहे, काहीतरी विचारायचे आहे. महाराज, एवढं त्रासू नका तुम्ही.
audio/chunk_04811.wav|तुम्ही शिकारीहून आला तिला.
audio/chunk_04812.wav|नदीचं थंडगार जरा पाणी प्या.
audio/chunk_04814.wav|घायाळून पडले. तेवढ्यात Lambu Giraffe दादा गेले आणि त्यांनी त्यांच्या पाठीवर पाय दिला.
audio/chunk_04815.wav|मग थोड्या वेळाने Sher Singh महाराज उठले.
audio/chunk_04816.wav|पण त्यांना चक्कर करत होती, घायाळ झाले होते.
audio/chunk_04817.wav|मग Appu हाती दादानी
audio/chunk_04818.wav|लंबू जिराफ दादाच्या डोळ्यात पाहिलं, करुणा!
audio/chunk_04819.wav|मायेचा ओलावा दिसत होता.
audio/chunk_04820.wav|ते खूप घाबरलेले दिसत होते Lambujirap दादा.
audio/chunk_04821.wav|Appu Hati दादांनी काही जाणायचे ते जाणले.
audio/chunk_04822.wav|या Shersing महाराजांनी Lambu Jiraf दादांना त्रास दिला आहे.
audio/chunk_04823.wav|आणखी त्यांनी सोंडेचे 2-3 फटकारे दिले. त्याबरोबर Shersingh Maharaj म्हणाले, अरे आप्पूस हत्ती दादा,
audio/chunk_04824.wav|लंबू जिराफ दादा माफ करा माझं चुकलंय.
audio/chunk_04825.wav|मी तुमच्यावर सगळ्या प्राण्यांच्यावर अन्याय केला, हुकुमत गाजवली, मला अहंकार झाला, गर्व झाला.
audio/chunk_04826.wav|त्यामुळे मी असे वागलो सुरुवातीला चांगले वागलो.
audio/chunk_04827.wav|पण मी शेवटी अहंकार केला, गर्व केला, त्याचे फळ मला मिळाले.
audio/chunk_04828.wav|माफ करा, मी जुलूम केला तुमच्यावर.
audio/chunk_04829.wav|तेव्हा Appu Hatti Dada आणि Lambu Jiraf Dada म्हणाले.
audio/chunk_04830.wav|हे पहा Shersingh Maharaj.
audio/chunk_04831.wav|भीतू दाखवून प्रजेला कोणी राजा होत नसतो.
audio/chunk_04832.wav|हुकुमत गाजवून यासाठी राजाने प्रजेवर प्रेम केले पाहिजे, माया केली पाहिजे, त्यांची संकटे अडीअडचणी समजून घेतल्या पाहिजेत.
audio/chunk_04833.wav|प्रसंगी स्वतःचा प्राण देखील प्रजेसाठी पणाला लावला पाहिजे, तर तो खरा राजा असतो.
audio/chunk_04834.wav|तुमच्यासारखा असा हुकुमत गाजवणारा राजा नको आहे प्रजेला, कळलं का?
audio/chunk_04835.wav|अरे आप्पू हत्ती दादा लंबू जिराफ दादा मला माझी चूक कळली
audio/chunk_04836.wav|मला माफ करा, मला अहंकार झाला होता.
audio/chunk_04837.wav|यापुढे मी असा वागणार नाही.
audio/chunk_04838.wav|मग Appu Hatti Dada Lambu Jiraf Dada म्हणाले, अरे महाराज तुम्हाला माफी करणारे आम्ही कोण? आम्ही तुमची प्रजा आहे.
audio/chunk_04839.wav|ह्या सगळ्या जंगलच्या प्राण्यांची माफी मागा.
audio/chunk_04840.wav|आनंदाने सगळ्या प्राण्यांची काळजी घ्या, माया प्रेम करा.
audio/chunk_04841.wav|कळलं का? तरच तुम्ही राजा म्हणून योग्य आहात.
audio/chunk_04842.wav|मग Shersingh महाराज म्हणाले,
audio/chunk_04843.wav|होय बरोबर म्हणालात तुम्ही, आजपासून मी सगळ्या प्रजेशी मायेने, प्रेमाने आणि त्यांची काळजी घेऊन वागेन. अहंकार, गर्व...
audio/chunk_04844.wav|मग सगळे जंगलचे प्राणी आले, Sher Singh महाराजांनी आपले सगळं सांगितलं.
audio/chunk_04845.wav|सगळ्या प्राण्यांची माफी मागितली आणि परत Africa-चे जंगल आनंदाने भरून गेले.
audio/chunk_04846.wav|राजा कसा असावा न्यायप्रिय प्रजेची काळजी घेणारी
audio/chunk_04847.wav|आपल्या प्राण्यापेक्षा प्रजेला जपणारा असा राजा असावा.
audio/chunk_04849.wav|जंगल अतिशय निसर्गरम्य आणि सुंदर असे जंगल होते. या जंगलात सगळे प्राणी पक्षी राहत होते.
audio/chunk_04850.wav|हुशारी लांडगीन ताई, खरु ताई, हरणी ताई,
audio/chunk_04851.wav|आणि राजे होते Sher Singh, सगळे कसे आनंदात
audio/chunk_04852.wav|आणि समाधानात राहत होते.
audio/chunk_04853.wav|बबलू हत्ती दादा खूप प्रेमळ आणि मायाळू होते ते जंगलातल्या सगळ्या प्राण्यांना सदैव मदत करत असायचे
audio/chunk_04854.wav|जंगला सरोवरात जाऊन सोंडेने
audio/chunk_04855.wav|फवारा मारून आंघोळ करायचे.
audio/chunk_04856.wav|नंतर जंगलातल्या झाडांना
audio/chunk_04857.wav|सोंडेने फवारा देऊन पाणी द्यायचे.
audio/chunk_04858.wav|उंच झाडावरची फळे काढायचे आणि सगळ्या प्राण्या पक्षांना द्यायचे.
audio/chunk_04859.wav|त्यामुळे सगळे प्राणी पक्षी खुश व्हायचे.
audio/chunk_04860.wav|एकदा नटकट माकड दादा त्यांना काय म्हणाले, अरे Bablu हत्ती दादा, तुम्ही सगळ्या प्राण्यांना
audio/chunk_04861.wav|प्राणी सगळे खुश होतात.
audio/chunk_04862.wav|तुम्ही झाडावर का चढत नाही हो?
audio/chunk_04863.wav|असे म्हणून नटकट माकड दादा हसायला लागले.
audio/chunk_04864.wav|पण Bablu हत्ती दादाने ओळखले ते काय म्हणाले, अरे नेटकट मी झाडावर चढलो.
audio/chunk_04865.wav|आणि माझा बोजा बघ हा केवढा आहे.
audio/chunk_04866.wav|त्यामुळे मला चढता येईल का? हो हो हो हो.
audio/chunk_04867.wav|तुम्हाला नाही चढता येणार.
audio/chunk_04868.wav|अहो तुमच्या बोज्याने हे झाड मोडून व मुळासकट जमीनदस्त होईल असे म्हणून नटकट माकड जरा हसायला लागले.
audio/chunk_04869.wav|मग बबुला हत्ती दादा काय म्हणाले, अरे माकड दादा नका हसू.
audio/chunk_04870.wav|मला सोंडेने झेपतील थोडे उंच फळे झाडावरची फळे मी काढून देतो.
audio/chunk_04871.wav|त्यामुळे मलाही बरे वाटते, प्राण्यांनाही बरे वाटते.
audio/chunk_04872.wav|मग त्याबद्दल हसण्यासारखं काय आहे? मी
audio/chunk_04873.wav|शरीराच्या ताकतीपेक्षा बुद्धीचा वापर जास्त करतो.
audio/chunk_04874.wav|तुम्हाला मी वेळ आल्यावर दाखवून देईन माझी बुद्धी कशी आहे.
audio/chunk_04876.wav|मग काय झालं? थोड्या दिवसांनी काय झालं? जंगलावर 1 संकट आलं.
audio/chunk_04877.wav|जंगलात 2 शिकारी आले होते आणि ते एका झाडाखाली दबा धरून बसले होते.
audio/chunk_04878.wav|ही माहिती Sher Singh महाराजांना गेली.
audio/chunk_04879.wav|मग Sher Singh Maharaj-ही
audio/chunk_04880.wav|म्हणाले आता काय करायचं जंगलावर संकट आले.
audio/chunk_04881.wav|त्यांनी सगळ्या प्राण्यांना बोलवलं आणि म्हणाले हे बघा जंगलवासियांनो आपल्या जंगलावर संकट आले आहे 2 शिकारी आले आहेत.
audio/chunk_04882.wav|आणि ते आता जाळी टाकून सगळ्यांना पकडून नेतील त्यासाठी शिकाऱ्यांना आपल्याला
audio/chunk_04883.wav|जंगलातनं हाकलून लावायचाय, त्यासाठी काहीतरी केलं पाहिजे.
audio/chunk_04884.wav|कोण जाईल शिकाऱ्यांना हाकलून लावायला?
audio/chunk_04885.wav|तेव्हा नटकट माकड दादा म्हणाले, महाराज मी जातो.
audio/chunk_04886.wav|मी खूप हुशार आहे, ठीक आहे. Shersingh Maharaj म्हणाले,
audio/chunk_04887.wav|जावा नटकट माकड दादा हळू हळू जंगलात गेले त्यांनी पाहिलं शिकारी एका झाडाखाली दबा धरून बसले होते.
audio/chunk_04888.wav|आणि नटकट माकड दादाला पाहिल्याबरोबर शिकारांनी जाळे टाकली.
audio/chunk_04889.wav|नटकट माकड दादा खूप घाबरले आणि कसे बसे त्यांनी त्या जाळ्यातून स्वतःला सोडून घेतलं आणि झाडावर जाऊन चढून बसले.
audio/chunk_04890.wav|आणि थोड्या वेळाने परत महाराजांच्याकडे आले.
audio/chunk_04891.wav|मला जमले नाही शिकाऱ्यांना घालवायला, ठीक आहे.
audio/chunk_04892.wav|मग Bablu Hatti Dada म्हणाले, महाराज मी जातो त्या शिकाऱ्यांना
audio/chunk_04893.wav|हाकलून लावतो पण त्यासाठी मला 1 युक्ती करावी लागेल आणि आपल्या जंगलातल्या प्राण्यांची मदत लागेल.
audio/chunk_04894.wav|Shersingh Maharaj म्हणाले ठीक आहे.
audio/chunk_04895.wav|तुम्ही जावा पाहिजे तेवढे आपल्या जंगलातले प्राणी घेऊन बरोबर जावा.
audio/chunk_04896.wav|मग हत्ती दादाने व्यक्ती केली.
audio/chunk_04897.wav|ते जंगलात गेले त्यांच्याबरोबर लांडगीण ताई, नटकट माकड दादा, हरणी ताई, खारू ताई सगळे गेले.
audio/chunk_04898.wav|आणि ते हे प्राणी सगळे एका झाडीत लपून बसले आणि Bablu Hatti Dada पुढे गेले. Bablu Hatti Dada-ना पाहिल्यावर शिकारी खुश झाली. अरे बघा बघा केवढा सुंदर दिग्पाट हत्ती आहे. झाडे टाका पटकन!
audio/chunk_04899.wav|असे म्हटले आणि शिकाऱ्यांनी जाळे टाकले.
audio/chunk_04900.wav|बबल हत्ती दादांच्या अंगावर.
audio/chunk_04901.wav|चाळे पडल्यावर Bablu Hatti Dada-ने मोठ्यांदा चित्कार केला आणि सोंडेने ते चाळे
audio/chunk_04902.wav|वेगात हुसकावून लावले.
audio/chunk_04903.wav|आणि पटकन जवळच्या सरोवरात गेले आणि सोडेत पाणी घेऊन त्या शिकाऱ्यांच्या अंगावर फवारा केला.
audio/chunk_04904.wav|आणि फवाऱ्यामुळे काय झाले? शिकाऱ्यांच्या पायात चिखल झाला.
audio/chunk_04905.wav|आणि Bablu Hatti दादा इकडे सोंडेने पाण्याचा वर्षाव करत होते.
audio/chunk_04906.wav|तिकडे पटकन हुशारी लांडगीण तयार आली नटकट माकड दादा आले.
audio/chunk_04907.wav|त्यांनी शिकारीच्या गाडीच्या चाव्या घेतल्या आणि लांब नटकट माकड दादांनी झमलात फेकून दिल्या.
audio/chunk_04908.wav|हुशारी लांडगीन ताईंनी येऊन शिकाऱ्यांच्या पायाचे चावे घेतले, त्यामुळे भीतीने आणि वेदनेने शिकारी घाबरून जोरजोरात ओरडायला लागले, त्यांना पळता पण येईना बरोबर. ते म्हणाले, अरे नको बाबा!
audio/chunk_04909.wav|आता इथले प्राणी नकोत न्यायला, आपण चला परत या जंगलात यायचं नाही.
audio/chunk_04910.wav|असे म्हणून ते शिकारी वेगात पळून गेले.
audio/chunk_04911.wav|Bablu हत्ती दादा, हुशारी लांडगीन ताई, माकड दादा सगळे Shersingh महाराजांच्याकडे आले आणि म्हणाले, महाराज आम्ही शिकाऱ्यांना परतून लावलं. Shersingh महाराज म्हणाले, शाब्बास!
audio/chunk_04912.wav|खुश झाले. अरे जंगलवासियांनो, आपल्या जंगलातले संकट तुम्ही परतून लावलेसा?
audio/chunk_04913.wav|मग नटकट माकड दादा म्हणाले, महाराज माझी 1 विनंती आहे तुम्हाला 1 सांगायचं आहे.
audio/chunk_04914.wav|शेरसिंग महाराज म्हणाले, सांगा काय सांगायचं आहे?
audio/chunk_04915.wav|मी आजपर्यंत Bablu Hatti दादांची खूप चेष्टा करत होतो.
audio/chunk_04916.wav|पण ते खूप हुशार आहे.
audio/chunk_04917.wav|त्यांचे शरीर जरी आवाढवे असले,
audio/chunk_04918.wav|तरी नुसते ते ताकदवानच नाही.
audio/chunk_04919.wav|तर त्यांची बुद्धी खूप हुशार आणि चालाक आहे.
audio/chunk_04920.wav|त्यांच्या बुद्धीच्या हुशारीने चालाखीने
audio/chunk_04921.wav|हे शिकारी निघून गेले, आपल्या जंगलावरचे संकट टळले.
audio/chunk_04922.wav|असे नटकट माकड दादा म्हणाले आणि Bablu हत्ती दादांना म्हणाले, Bablu हत्ती दादा मला माफ करा.
audio/chunk_04923.wav|मी तुमच्या बुद्धीचा कधीच विचार केला नाही, पण तुमची बुद्धी
audio/chunk_04924.wav|असे म्हणून सगळे प्राणी
audio/chunk_04925.wav|खुश झाले आणि आनंदाने हसायला लागले.
audio/chunk_04926.wav|जशी ताकतीची गरज असते तशी बुद्धीचीही गरज असते.
audio/chunk_04928.wav|एक दुष्ट क्रूरसिंह राजे राज्य करत होते.
audio/chunk_04929.wav|त्यांना प्रजेबद्दल अजिबात काळजी नव्हती.
audio/chunk_04930.wav|ते प्रजेशी क्रूरतेने वागायचे.
audio/chunk_04931.wav|एकदा काय झालं, भयंकर उन्हाळा आला, जंगलातली झाडे, फळे, गवत सगळे सुकून गेले.
audio/chunk_04932.wav|पाण्याचे स्वर ही आटून गेले.
audio/chunk_04933.wav|सगळ्या प्राण्यांना प्रश्न पडला, अरे
audio/chunk_04934.wav|सुकून उन्हाळ्यानं आता पाणीही जंगलात नाही.
audio/chunk_04935.wav|काय करायचं आपण? सगळ्या प्राण्यांना प्रश्न पडला.
audio/chunk_04936.wav|पण 1 छोटंसं सरोवर होतं, ते Krursingh Maharaj-च्या गुहेजवळ होतं. त्यात फक्त थोडे पाणी होते. मग प्राणी काय म्हणले एकमेकांना, अरे आपल्या Maharaj-च्या गुहेजवळ 1 सरोवर आहे, त्यांना विचारून आपण पाणी पिऊ त्यातलं.
audio/chunk_04937.wav|ठीक आहे सगळे प्राणी म्हणाले.
audio/chunk_04938.wav|मग Dabbu Aswal Mama काय म्हणाले? अरे थांबा, मी आधी जाऊन येतो. Kroshing Maharaj पाणी देतात का पाहून येतो, मग सगळे आपण जाऊ, ठीक आहे. मग Dabbu Aswal Mama गेले.
audio/chunk_04939.wav|Kroshing Maharaj गुहेच्या बाहेर होते.
audio/chunk_04940.wav|मग डब्बू अश्वल मामा काय म्हणाले? महाराज, थोडं मी पाणी पिऊ का सरोवरातलं?
audio/chunk_04941.wav|ए मुर्खा काय विचारतोस?
audio/chunk_04942.wav|हे सरोवर माझं आहे, हे जंगल माझं आहे, हे पाणी माझं आहे.
audio/chunk_04943.wav|आधीच भयंकर उन्हाळा आहे.
audio/chunk_04944.wav|आणि हे छोटंसं सरोवर आहे, त्यात पाणीही थोडंसं आहे.
audio/chunk_04945.wav|मी कुठे जाऊ मला रोज लागणार पाणी ते
audio/chunk_04946.wav|अजिबात मिळणार नाही पाणी, चल निघ इथून.
audio/chunk_04947.wav|असे म्हटल्यावर Dabbu अस्वल मामा
audio/chunk_04948.wav|सगळ्या प्राण्यांच्या विषयी निघून आले. मग
audio/chunk_04949.wav|आता प्राण्यांना प्रश्न पडला, अरे आता आपल्याला जंगल सोडून गेलंच पाहिजे.
audio/chunk_04950.wav|मग हत्ती दादा म्हणाले, मित्रांनो असे काही करू नका, हे पूर्वीपासूनचे आपले जंगल आहे.
audio/chunk_04951.wav|काही तर आपण पाहण्यासाठी पर्याय बघूया.
audio/chunk_04952.wav|चला माझ्याबरोबर सगळे आपण Krusing Maharaj-च्याकडे जाऊया.
audio/chunk_04953.wav|Krudsing महाराजांच्याकडे गेले.
audio/chunk_04955.wav|अरे काय रे कशाला आलात तुम्ही इकडे?
audio/chunk_04956.wav|मग Appu Hati Dada म्हणाले, महाराज जंगलात आपले अन्न नाही.
audio/chunk_04957.wav|सगळं उन्हानं वाळून गेलंय.
audio/chunk_04958.wav|तुमच्या गुहेजवळ थोडं पाणी आहे सरोवरात.
audio/chunk_04959.wav|आम्ही पिऊ का सगळे प्राणी? खूप तहान लागल्या.
audio/chunk_04960.wav|एका प्राण्यालाही या माझ्या सरोवरातलं पाणी मिळणार नाही, चला जा इथून!
audio/chunk_04961.wav|छोट्याशा पिल्ल्याला राहवलं नाही, त्याला खूप तहान लागली होती.
audio/chunk_04962.wav|मग ते पिल्लू हळूहळू सरोवराजवळ गेलं आणि पाण्यात तोंड घालतोय तोपर्यंत त्या Krusing Maharaj-नी
audio/chunk_04963.wav|त्याच्यावर झेप घेतली त्याची शिकार करून त्याला खाऊन टाकलं.
audio/chunk_04964.wav|हे बघून सगळे प्राणी हळळायला लागले. अरे काय हे महाराज!
audio/chunk_04965.wav|प्रजेची काळजी करता, कशी काळजी करतात बघा. सगळ्या प्राण्यांना संताप आला, पण करणार काय?
audio/chunk_04966.wav|Harni Tai रडायला लागल्या.
audio/chunk_04967.wav|मग Appu Atti Dada म्हणाले, आता नाही मित्रांनो, आता आपण जंगल सोडून जायचंच, इथं थांबायचं नाही.
audio/chunk_04968.wav|मग सगळे प्राणी हळूहळू चालत चालत चालत
audio/chunk_04969.wav|जंगल सोडून निघाले.
audio/chunk_04970.wav|चालत मजल दर मजल करत करत दुसऱ्या दिवशी ते दुसऱ्या जंगलात आले.
audio/chunk_04971.wav|हो नशिबाने ते जंगल इतके संपन्न होतं.
audio/chunk_04972.wav|हिरव्यागार फळांनी, फुलांनी, झाडांनी भरलेलं जंगल.
audio/chunk_04973.wav|भरपूर पाणी असलेले सरोवर, मऊ मऊ गवत.
audio/chunk_04974.wav|सगळे प्राणी खुश झाले.
audio/chunk_04975.wav|आणि सगळ्या प्राण्यांना आनंद झाला मग सगळ्यांनी ठरवलं आता या जंगलात राहायचं हे जंगल सोडून
audio/chunk_04976.wav|जायचं नाही मग सगळे प्राणी त्या आनंदाने जंगलात राहायला लागले.
audio/chunk_04977.wav|हरणी ताईला आपल्या पिल्ल्याची खूप आठवण होत होती.
audio/chunk_04978.wav|तिचा जीव सारखा कासावीस व्हायचा पिल्ल्याच्या आठवणीने.
audio/chunk_04979.wav|त्या दुष्ट क्रूरसिंगचा भयंकर तिला संताप आणि राग यायचा.
audio/chunk_04980.wav|पण सगळे प्राणी म्हणायचे, हरणी ताई तू काळजी करू नकोस.
audio/chunk_04981.wav|त्या दुष्ट सिंहाने विनाकारण तुझ्या बाळाचा बळी घेतला पण त्याचे तो प्रायश्चित्त फेडेल.
audio/chunk_04982.wav|मग इकडे काय झालं? सगळ्या प्राणी
audio/chunk_04983.wav|दुसऱ्या जंगलात जाऊन निवांत राहू लागले.
audio/chunk_04984.wav|इकडे काय झालं? भयंकर ऊन असल्यामुळे
audio/chunk_04985.wav|त्या क्रूरसिंग महाराजांच्या गुहेजवळ जे सरोवर होतं ना
audio/chunk_04986.wav|थोड्या पाण्याचं तेही आटून गेलं.
audio/chunk_04987.wav|आणि अतिशय उन्हामुळे
audio/chunk_04988.wav|सूर्याच्या आग ओकण्यामुळे काय झाले?
audio/chunk_04989.wav|आणि हे Krushin महाराज हुएत झोपले होते.
audio/chunk_04990.wav|आपोआप त्यांच्या भुयेभोवतीचे सगळे गवत पेटले.
audio/chunk_04991.wav|वाऱ्याने आग सगळ्या जंगलात पसरली.
audio/chunk_04992.wav|आगीच्या ज्वाळा यायला लागल्या, Purusing महाराज गुहेच्या बाहेर आले, त्यांना बाहेर पडता येईना.
audio/chunk_04993.wav|कसे बसे त्या आगीतनं उडी घेतली, पण त्यांची आयाळ भाजली, पाय भाजले.
audio/chunk_04994.wav|पण ते कसेतरी धडपडत
audio/chunk_04995.wav|तिथून निघून गेले आणि दुसऱ्या जंगलात जखमी अवस्थेत लंगडत कसे तर राहून आपले पोट भरू लागले.
audio/chunk_04996.wav|म्हणून कधीही चांगले कर्म करावे.
audio/chunk_04997.wav|म्हणजे आपल्याला चांगले फळ मिळते.
audio/chunk_04999.wav|लबाडी आणि धूर्त लांडगिणताई राहत होत्या.
audio/chunk_05000.wav|जंगलातले सगळे प्राणी आनंदाने आणि समाधानाने जीवन जगत होते.
audio/chunk_05001.wav|पण या लांडगीन ताईंना ते भावत नव्हते.
audio/chunk_05002.wav|ते काही ना काही युक्ती करून जंगलातल्या प्राण्यांच्या
audio/chunk_05003.wav|सगळ्या प्राण्यांचे अन्न पळवून आणायच्या.
audio/chunk_05004.wav|त्यांनी जंगलातले भोले अति दादा आपल्या परिवारासह सरोवरात पाणी प्यायला आले. पाणी पिऊन झाल्यावर सोंडेने ते फवारे मारून आंघोळ करत होते.
audio/chunk_05005.wav|हे लांडगीन ताईंनी बघितले आणि त्या काय म्हणाल्या, अरे वा! भोले हत्ती दादा, शाही स्नान चालले वाटतं.
audio/chunk_05006.wav|जणू काही सरोवर आपल्या एकट्याच आहे.
audio/chunk_05007.wav|अशा भावात
audio/chunk_05008.wav|असे म्हणून त्या पळत पळत आल्या आणि Sherkhan महाराजांना म्हणाल्या, महाराज महाराज, अहो आपल्या जंगलातले अपवाद की दादा, सरोवर माझे एकट्याच आहे म्हणतात आणि या जंगलवर हे राज्य करणार म्हणतात, जंगलचा राजा मी होणार, ते सरोवर काबीज करणार आहेत.
audio/chunk_05009.wav|अरे असे करणार आहेत? भोले हत्ती दादा असे म्हणून मंत्र्याकरवी भोले हत्ती दादांना Sherkhan महाराजांनी बोलवून घेतले.
audio/chunk_05010.wav|मग भोले हत्ती दादा आले आणि म्हणाले, महाराज असे काही नाही.
audio/chunk_05011.wav|मी माझ्या परिवारासह आपल्या सरोवरात स्नान करत होतो.
audio/chunk_05012.wav|आणि पाणी प्यायला आलो होतो सरोवर काबीज करणे जंगलचा राजा होणे असे काहीही माझ्या मनात नाही
audio/chunk_05013.wav|तुम्ही एवढे चांगले प्रजादक्ष जंगलचे राजे आहात, दयाळू मायाळू आहात.
audio/chunk_05014.wav|आणि मी कशाला राजा हो असे माझ्या मनात काही नाही.
audio/chunk_05015.wav|Shirkhan महाराजांनी Labadi Tai-ला बोलवले पण Labadi Tai तिथे नव्हती.
audio/chunk_05016.wav|वेगात पळत जाऊन झाडीत लपून बसली आणि Sherkhan महाराज आणि Bhole आत्ती दादांचं बोलणं ऐकत बसली.
audio/chunk_05017.wav|एकदा तर तिने काय केले? Ladoba कोल्ह्यांच्या विषयी सांगितलं. तिने सांगितले, महाराज महाराज, जंगलाच्या बाहेर असलेल्या शेतातले ऊस Ladoba कोल्लोबा चोरून आणतात.
audio/chunk_05018.wav|त्यामुळे त्या शेताचा मालक येणार आहे.
audio/chunk_05019.wav|आपल्या जंगलातल्या सगळ्या प्राण्यांच्यावर जाळे टाकून पकडून नेणार आहे.
audio/chunk_05020.wav|लांडगोबाला बोलवून घेतले. लांडगोबा म्हणाला, महाराज असे मी काही केलेलं नाही. मी त्या शेतात गेलेलोच नाही. आपल्या जंगलातली आंबट बोरे, द्राक्षे खातो मी. एवढे जंगल आपले सुजलाम सुफलाम आहे. मी कशाला ऊस खायला जाऊ?
audio/chunk_05021.wav|तेव्हाही महाराज गप्प बसले.
audio/chunk_05022.wav|ह्या लांडवीण ताईने अगदी कहरच चालवला होता.
audio/chunk_05023.wav|Doctor Chinki Makad Dada, Lakhan Makad Dada-ना सांगितलं, अरे झाडावरची सगळी फळे Lambu Giraf Dada काढून सगळ्या प्राण्यांना वाटतात, ते म्हणतात...
audio/chunk_05024.wav|Chinki Makad Dada, Lakhan Makad Dada यांची उपासमार व्हावी म्हणून.
audio/chunk_05025.wav|मग माकड दादा आणि
audio/chunk_05026.wav|Lambujira यांच्यात भांडणे झाली.
audio/chunk_05028.wav|चंचला खारुताईची छोटी छोटी बाळे आणून सुंदरी मांजरीन ताईच्या बिळात ठेवली आणि दोघींच्यात भांडण लावलं.
audio/chunk_05029.wav|अशा सारखी ही लबाडी लांडगीन ताई कला करायची आणि कागाळ्या महाराजांना सांगायची त्यामुळे जंगलात भांडणे पेटू लागली असंतोष निर्माण झाला आनंद हिरावून गेला सगळे जंगल भांडायला लागले.
audio/chunk_05030.wav|हे बरेच दिवस झाडावर बसून भरारी गरुड दादा पाहत होते आणि या लांडगीन ताईचा पराक्रम ऐकत होते. त्यांना आता राहवले नाही.
audio/chunk_05031.wav|ते पटकन उडत उडत आले आणि Sherkhan Maharaj-च्या जवळ गेले आणि म्हणाले, महाराज महाराज जंगलात असंतोष पसरला आहे, आनंद निघून गेला आहे. Sherkhan Maharaj म्हणाले, बरोबर आहे Garud Dada मलाही कळेना काय करावे. अहो महाराज कशामुळे पसरला आहे माहिती आहे.
audio/chunk_05032.wav|ऐका, आपल्या जंगलातली लबाडी लांडगीण ताई अतिशय दुष्ट आहे. सगळ्या प्राण्यांच्यात ती भांडणे लावते, त्यामुळे आनंद निघून गेला आहे, काहीतरी करा. मग महाराजांनी लांडगीण ताईला बोलवून घेतलं.
audio/chunk_05033.wav|पण लांडगीन ताईंने कानावर हात ठेवले, महाराज मी नाही तशी, मी काही केलेलं नाही.
audio/chunk_05034.wav|मग Shirkan महाराज म्हणाले,
audio/chunk_05035.wav|लांडगीन ताई खरे बोल नाहीतर जंगलातल्या काळ्या पाण्याच्या विहिरीत तुला ढकलून देईन.
audio/chunk_05036.wav|नाहीतर तू जंगल सोडून निघून जा.
audio/chunk_05037.wav|महाराज मी नाही काही केलेले, मी नाही केलेले. मग शेवटी लाडगीण ताई कबूल झाली आणि म्हणाली, हो महाराज, मी जंगलात असंतोष पसरवत होते, भांडण लावत होते, कारण मला जंगलचा आनंद पाहावत नव्हता. मला एकटीला जंगलात राहायचे होते.
audio/chunk_05038.wav|आणि काही दिवसांनी तुम्हालाही जंगलातून हाकलून लावायचे होते, म्हणून मी करत होते.
audio/chunk_05039.wav|Shirkhan Maharaj म्हणाले, दुष्टे!
audio/chunk_05040.wav|चल माझ्या डोळ्यासमोरून तू निघून जा. तू क्षणभर इथं थांबू नको, नाहीतर...
audio/chunk_05041.wav|तुझी शिकार करून तुला खाऊन टाकीन.
audio/chunk_05042.wav|असे म्हटल्यावर भीत भीत लांडगीन ताई जंगल सोडून निघून गेली. मग जंगलात परत आनंद निर्माण झाला आणि सगळे प्राणी जंगलात आनंदाने राहू लागले. म्हणून म्हणतात
audio/chunk_05043.wav|कधीही दुसऱ्याचे वाईट करू नये, वाईट चितू नये, वाईट कर्माचे फळ
audio/chunk_05045.wav|आसामच्या जंगलात पावसाळी वातावरण होते.
audio/chunk_05046.wav|नुकताच पाऊस पडून गेला होता आणि पाऊस आल्याचे दिवस होते.
audio/chunk_05047.wav|त्यामुळे सगळे जंगल कसे हिरवेगार झाले होते.
audio/chunk_05048.wav|हळा फुलांनी भरले होते, प्राण्यांना पक्षांनाही खूप आनंद झाला होता. सगळे प्राणी पक्षी आनंदाने इकडून तिकडे बागडत होते. आकाशात ढग मेघ गर्जना करत होते. वातावरण अगदी छान होते. तेव्हा सगळ्या प्राण्यांना काय वाटले? अरे!
audio/chunk_05049.wav|अशा या सुंदर वातावरणात Moru Mor Dada-ना नाच करायला लावला पाहिजे.
audio/chunk_05050.wav|मग त्यांनी सगळ्यांनी Moru Moru दादाला बोलवून नाच करायला लावला. Moru Moru दादाही आपले सुंदर पिसारा फुलवून नाचायला लागले.
audio/chunk_05051.wav|खूप छान नाचायला लागले. सगळ्या प्राण्यांना खूप आनंद झाला.
audio/chunk_05052.wav|सगळे प्राणी वाहवा करायला लागले आणि
audio/chunk_05053.wav|नाचत नाचत मोर दादा गाणे म्हणू लागले ते काय म्हणाले मी आहे सुंदर सुंदर मोर दादा रूपाने करतो सर्वांना फिदा
audio/chunk_05054.wav|मी आहे राष्ट्रीय पक्षी, सौंदर्याचा आहे साक्षी. वा वा, किती छान, किती छान, सगळे प्राणी पक्षी म्हणायला लागले आणि त्यांच्या या नाचाने मेघराजाही बरसू लागले. धो धो पाऊस पडायला सुरुवात झाली.
audio/chunk_05055.wav|पण सगळे प्राणी, पक्षी आनंदात पावसाची मजा घेऊ लागले.
audio/chunk_05056.wav|पण ह्या मोठ्या पडणाऱ्या पावसामुळे काय झाले? जेती
audio/chunk_05057.wav|जितू कासव दादांना खूप थंडी वाजू लागली, ते थंडीने कुडकुड लागले.
audio/chunk_05058.wav|तेव्हा नाचत नाचत पिसारा फुलवत Moru Mor Dada पुढे आले आणि ते त्यांनी आपल्या पिसाऱ्याचा फटका Jitu Kasav Dada-च्या तोंडावर दिला. अरे Jitu Kasav Dada तुम्ही वा वा का करत नाही? छान छान का म्हणत नाही? तेव्हा Jitu Kasav Dada म्हणाले
audio/chunk_05059.wav|अरे मोर दादा, मी वा वा केली, छान छान म्हटले, पण आता पावसामुळे मी गारठलो आहे, थंडी वाजू लागली, म्हणून मी शांत बसलोय, पण तू माझ्या तोंडावर फटकारा दिलास पिसांचा, माझ्या डोळ्यातनं पाणी यायला लागले, हे असे करणे तुझे उपयोगाचे नाही, अरे तुझ्या सुंदर पिसाऱ्याचा काय?
audio/chunk_05060.wav|काय उपयोग मला तू फटकारा दिलास असे म्हणून
audio/chunk_05061.wav|Jitu Kasav Dada तिथून निघून गेले. मग थोड्या वेळाने Moru Moru Dada-ंचा नाद संपला. सगळे प्राणी पक्षी आपापल्या घरी गेले.
audio/chunk_05062.wav|मोरू मोर दादाई आपला सुंदर पिसारा फुलवत ऐटीत ऐटीत सरोवराच्या काठावर गेले.
audio/chunk_05063.wav|बघळे दादा सरोवरात पाणी पीत होते.
audio/chunk_05064.wav|त्यांचे नाव होते Ritu.
audio/chunk_05065.wav|Ritu Pagale Dada खाली वाकून पाणी पीत होते.
audio/chunk_05066.wav|तेव्हा Moru Moru दादा काय म्हणाले, अरे!
audio/chunk_05067.wav|पाय बघा याचे किती उंच, मान बघा किती उंच. दिसायला किती बेकार प्राणी आहे, कोण असेल हा?
audio/chunk_05068.wav|Ritu Bagale दादांनी ऐकले.
audio/chunk_05069.wav|अरे Moru Moru दादा काय म्हणताय?
audio/chunk_05070.wav|आणि तुझे पाय बघ किती उंच, मान बघ किती उंच. अरे दिसायला किती बेकार आहेस तू!
audio/chunk_05071.wav|अरे मोर दादा, माझे पाय उंच असले, मान उंच असली, मी दिसाय जरी बेकार असलो, तर खरं सौंदर्य माझ्या पंखात आहे.
audio/chunk_05072.wav|ते तुझ्या पिसाऱ्यात नाही.
audio/chunk_05073.wav|बघ तुला आत्ताच दाखवतो असे म्हणून Ritu Bagale दादा आपले
audio/chunk_05074.wav|पंख उभारले त्यांनी, फडफड केली आणि उंच आकाशात उडत गेले, अतिशय उंच गेले आणि विहार करत करत
audio/chunk_05075.wav|आकाशातली ताजी हवा खात खात खात परत खाली आले.
audio/chunk_05076.wav|पाहिलं का Amor Dada?
audio/chunk_05077.wav|माझं सौंदर्य कशात आहे?
audio/chunk_05078.wav|अहो रूप जरी माझं कुरूप असलं तरी पंखात माझे खरे सौंदर्य आहे, कळलं का? आणि तुमच्या पिसाऱ्यात काय आहे?
audio/chunk_05079.wav|अहो एवढा मनमोहक तुमचा सुंदर पिसारा पण त्याचा काही उपयोग आहे का तुम्हाला?
audio/chunk_05080.wav|नुसता दिखाऊपण आहे.
audio/chunk_05081.wav|उडू शकशील का माझ्यासारखे उंच आकाशात?
audio/chunk_05082.wav|काय बोलणार Moru Moru दादा?
audio/chunk_05083.wav|शर्मेने त्यांनी मान खाली घातली आणि म्हणाले,
audio/chunk_05084.wav|Ritu Bagale दादा, मी चुकलो, मला माफ करा.
audio/chunk_05085.wav|आजपर्यंत माझ्या डोळ्यावर सौंदर्याची पट्टी बांधली होती, ती आता तुम्ही काढलीसा?
audio/chunk_05086.wav|मला माझा पश्चाताप होते, मला माझ्या रूपाचा...
audio/chunk_05087.wav|गर्व झाला, अहंकार झाला.
audio/chunk_05088.wav|त्यामुळे मी इतरांना तुच्छ लेखत होतो, मला माफ करा, चुकलो मी.
audio/chunk_05089.wav|ते सरोवराकडे गेले आणि
audio/chunk_05090.wav|Jitu Kasav Dada-ना बोलवून घेतले.
audio/chunk_05091.wav|मोरू मोरू दादा म्हणाले, जितू कासव दादा मला माफ करा.
audio/chunk_05092.wav|मी तुम्हाला माझ्या पिसाऱ्याचा फटकारा मारला.
audio/chunk_05093.wav|मला माफ करा, मी गर्वाने धुंद झालो होतो, अंध झालो होतो.
audio/chunk_05094.wav|अहंकार आला होता, पण आता मी तो काढून टाकला. एका बगडे दादानी माझा अहंकार बाजूला केला.
audio/chunk_05095.wav|मी इथून पुढे सगळ्याशी प्रेमाने आणि मायेने वागेन, मी अहंकार कधी करणार नाही.
audio/chunk_05096.wav|मोरू मोर दादा आपल्या घरी गेले.
audio/chunk_05097.wav|म्हणून कधीही कुणीही सौंदर्याचा गर्व कधी करू नये.
audio/chunk_05099.wav|आसामच्या जंगलातले लटकट माकड दादा आणि सुंदरी हरणी ताई लहान होते त्यावेळची गोष्ट आहे ही.
audio/chunk_05100.wav|हे दोघे लहान असताना खूप बालिश होते.
audio/chunk_05101.wav|खूप खोड्या करायचे आणि जंगलातल्या सगळ्या प्राण्यांना खूप त्रास द्यायचे.
audio/chunk_05102.wav|बाल हट्ट होता म्हणून प्राणी पक्षी कोणीही त्यांच्याकडे लक्ष द्यायचे नाही.
audio/chunk_05103.wav|मग हे दोघे काय करायचे? नटकट माकड दादा झाडावर चढायचे आणि झाडावरची फळे जंगलातल्या सरोवरात टाकायचे.
audio/chunk_05104.wav|त्यामुळे सरोवरातल्या Anju Manju Masali Tai भीतीने सरोवराच्या तळाशी जाऊन बसायच्या. Satu Kasav Dadai त्रस्त व्हायचे.
audio/chunk_05105.wav|मोर नटकट माकड दादा साळू चिमंत ताईच्या घरटेतली अंडे उचलायचे आणि रंभा कवळे ताईच्या घरात ठेवायचे.
audio/chunk_05106.wav|आणि दोघींच्यात लागलेल्या भांडणांची गंमत पाहत बसायचे.
audio/chunk_05107.wav|सुंदरी हरणी ताई काय करायच्या? डब्बो आस्वल मामा आपल्या गुहेत झोपले.
audio/chunk_05109.wav|पण Sundari हरणी ताई
audio/chunk_05110.wav|झाडीत लपून बसायच्या अशा हसायच्या आणि म्हणायच्या कशी झाली गंमत?
audio/chunk_05111.wav|डब्बा असं बोलाव मा, कुहे चावून परत झोपायचे. मग त्या काय करायच्या? गवताची काडी घ्यायच्या आणि Appu Hatti Dada झोपले असले की त्यांच्या कानात फिरवायच्या. त्यामुळे गुदगुल्या झाल्या की Appu Hatti Dada उठायचे, पाहायचे.
audio/chunk_05112.wav|मग सुंदरी हरणी ताई वाऱ्याच्या वेगाने जाऊन लपून बसायच्या.
audio/chunk_05113.wav|नटकट माकड दादा काय करायचे?
audio/chunk_05114.wav|ते Appu Hatti Dada गवत खात असलेले दिसले की हळूच जायचे आणि जंगलातली वेल घेऊन त्यांच्या शेपटीला बांधायचे आणि ती वेल परत झाडाला बांधायचे.
audio/chunk_05115.wav|आपोआप ती दादांचे गवत खाऊन झाली.
audio/chunk_05116.wav|ते पुढे जायला निघायचे पण मागे
audio/chunk_05117.wav|त्यांना पुढे जाता यायची नाही, मागे वळून पाहतात तो शेपूट बांधलेली झाडाच्या बुंद्याला, मग बाजूला उभा राहिलेले नटकट माकड दादा.
audio/chunk_05118.wav|कशी केली गंमत, असे म्हणून हसायचे आणि हळूच शेपूट सोडून द्यायचे. असे दोघे खूप खूप गंमाडी जंमत करायचे.
audio/chunk_05119.wav|हळू हळू हे दोघे मोठे व्हायला लागले.
audio/chunk_05120.wav|त्यांना समज यायला लागली.
audio/chunk_05121.wav|पण खोड्या काही थांबल्या नव्हत्या. एकदा ते जंगलातल्या एका झाडाखाली बसले होते.
audio/chunk_05122.wav|गंमत करायची योजना कर.
audio/chunk_05123.wav|तेव्हा आले सत्तू कासव दादा तिथे.
audio/chunk_05124.wav|असं तू कासव दादा काय म्हणाले?
audio/chunk_05125.wav|हे पहा बाळांनो, आता तुम्ही मोठे व्हायला लागला, खोडे करणे बंद करा. अरे बालिशपणा सोडून द्या.
audio/chunk_05126.wav|अरे वेळ काही सांगून येत नाही, कधी कोणती वेळ येईल सांगता येत नाही, त्यामुळे आता खोड्या बंद करून चांगले वागा.
audio/chunk_05127.wav|नाहीतर परत पश्चाताप
audio/chunk_05128.wav|असे म्हणून कासव दादा निघाले पण नटखट माकड दादा त्यांना काय म्हणाले अरे अरे अरे!
audio/chunk_05129.wav|नका करू आम्हाला उपदेश.
audio/chunk_05130.wav|कसे वागायचे काय वागायचे?
audio/chunk_05131.wav|तुम्ही जावा पाण्यात, आम्ही खोड्या करतो जोमात.
audio/chunk_05132.wav|सत्तू कासव दादा काही न बोलता निघून गेले.
audio/chunk_05133.wav|थोड्या दिवसांनी उन्हाळा आला.
audio/chunk_05134.wav|जंगलातली झाडे सुकू लागली, फळे सुकू लागली.
audio/chunk_05135.wav|सरोवरातले पाणी आटून गेले.
audio/chunk_05136.wav|सगळे प्राणी, पक्षी अन्नाविना, पाण्याविना हैराण झाले. कोणाला काही कळेना. इकडे नटकट माकड दादा आणि सुंदरी हरणी ताई.
audio/chunk_05137.wav|यांनाही पाणी नाही, अन्न नाही, त्यामुळे तेही हैराण झाले. अरे देवा, आता काय करायचे?
audio/chunk_05138.wav|त्यांना इतका अशक्तपणा आला.
audio/chunk_05139.wav|2 पाऊलेही चालवेना.
audio/chunk_05140.wav|दोघे अगदी निस्तेज होऊन एका झाडाखाली बसले होते.
audio/chunk_05141.wav|त्यांना बोलणेही शक्य नव्हते, इतका अशक्तपणा आला होता.
audio/chunk_05142.wav|थोड्या तिथे
audio/chunk_05143.wav|सत्तू का सौदात आले ते काय म्हणाले?
audio/chunk_05144.wav|अरे बाळांनो पाहिलं का मी काय सांगितलं होतं वेळ कधी सांगून येत नाही.
audio/chunk_05145.wav|म्हणून आज असलेल्या वेळेचा चांगला उपयोग करावा.
audio/chunk_05146.wav|तुम्हाला मी सांगितले होते.
audio/chunk_05147.wav|तुम्ही आता मोठे झाला.
audio/chunk_05148.wav|वेळेचं महत्त्व जाणून घ्या!
audio/chunk_05149.wav|आता जंगलातल्या प्राण्यांना मदत करा.
audio/chunk_05150.wav|या दुष्काळात त्यांना अन्न पाणी आणून द्या, शोधून द्या, नसेल तिथे तिथून आणून द्या.
audio/chunk_05151.wav|अंगात अजिबात बोलायला त्रास नव्हते.
audio/chunk_05152.wav|मग Sattu Kasav Dada निघून गेल्यावर Sundari Harani Tai Natkat Makad Dada
audio/chunk_05153.wav|अगदी जोमात कामाला लागले, Janish!
audio/chunk_05154.wav|सगळे जंगल शोधून पाणी आणले, फळे आणली आणि सगळ्या जंगलातल्या प्राण्यांना पाणी पाजले, पक्ष्यांना
audio/chunk_05155.wav|फळे खायला घातली, जे वयस्कर प्राणी पक्षी होते त्यांची खूप सेवा केली. एकदा तर छोटे ससे भाऊ जखमी अवस्थेत पडलेले दिसला, दिसले मग
audio/chunk_05156.wav|नटकट माकड दादानी त्यांना खांद्यावरून आणलं आणि सुंदरी हरणी ताईने जिभेने जखम चाटून स्वच्छ केली आणि त्याच्यावर जडीबुटी लावली. ते चांगले काम करू लागले.
audio/chunk_05157.wav|खूप सेवा केली त्यांनी दोघांनी, त्यांना आपल्या केलेल्या कृत्याचा पश्चाताप झाला होता, त्यामुळे सगळ्या प्राण्यांना त्यांनी खूप खूप मदत केली, त्यामुळे सगळे प्राणी अगदी आनंदित झाले.
audio/chunk_05158.wav|थोड्याच दिवसात जंगलात पाऊस पडला, परत झाडे, फळे फुलली.
audio/chunk_05159.wav|सरोवर पाण्याने भरले, मग सगळ्या प्राण्या पक्षांना आनंद झाला, पण तरीही नटकट माकड दादा आणि सुंदरी ताईने सेवेचे वृत्त खाली ठेवले नाही.
audio/chunk_05160.wav|तरी ते सगळ्यांना मदत करत होते आता त्यांनी ठरवले चांगले वागायचे.
audio/chunk_05161.wav|त्यामुळे ते परत चांगले वागू लागले. सगळ्या प्राण्या पक्षांची आणखी जोमाने सेवा करू लागले. कुणाला हवे नको नको ते पाहू लागले. त्यामुळे सगळे प्राणी आनंदित झाले. सगळे म्हणाले, अरे बाळांनो तुम्ही खूप सेवा केली.
audio/chunk_05162.wav|मग असे झाल्यावर
audio/chunk_05163.wav|सगळ्या प्राण्यांनी त्यांचे कौतुक केले.
audio/chunk_05164.wav|अगोदर जरी वाईट कर्म केले
audio/chunk_05165.wav|तर नंतर चांगले कर्म केले की फळ हे चांगलेच मिळते.
audio/chunk_05167.wav|जंगलातले प्राणी सगळे एकोपाने आणि आनंदाने राहत होते.
audio/chunk_05168.wav|Shivveer Singh Maharaj-ancha
audio/chunk_05169.wav|शूरवीर महाराज उठले आणि शिकारीला जायला तयारी करू लागले.
audio/chunk_05170.wav|तेव्हा त्यांचा मंत्री खोट्या
audio/chunk_05171.wav|महाराज महाराज करत आला.
audio/chunk_05172.wav|Shirkar महाराजांनी बघितलं.
audio/chunk_05173.wav|खोट्या धापा टाकीत आला होता.
audio/chunk_05174.wav|अरे खोट्या काय झालं एवढा का तू वेगात आलायस आणि एवढ्या धापा का टाकतोयस?
audio/chunk_05175.wav|तेव्हा खोट्या म्हणाला, महाराज, महाराज काय सांगू तुम्हाला? अरे बोल लवकर, काय सांगायचं आहे तुला?
audio/chunk_05176.wav|महाराज तुमच्यासाठी आनंदाची बातमी आहे. अरे काय आहे बोलल्याशिवाय मला काय कळणार?
audio/chunk_05177.wav|मग कोट्या म्हणाला, महाराज आपल्या जंगलात 1 नवीन हरणांचा कळप आला आहे.
audio/chunk_05178.wav|अरे होय का? हां
audio/chunk_05179.wav|आणि दुसरी आनंदाची बातमी आपल्या नदी पलीकडे 1 झेबऱ्याचा कळप आलाय.
audio/chunk_05180.wav|बरेच दिवस खूप चांगले मांस मिळणार खायला.
audio/chunk_05181.wav|छान बात मेरी लीस्वर का खोटे तू?
audio/chunk_05182.wav|असे Shurveer Maharaj म्हणाले.
audio/chunk_05183.wav|खोट्यालाही खूप आनंद झाला.
audio/chunk_05184.wav|मग खोट्या काय म्हणाला पण महाराज
audio/chunk_05185.wav|मी हे काय सांगणार आहे ते ऐका, मग
audio/chunk_05186.wav|शूरभीर महाराज म्हणाले, अरे खोट्या बोल लवकर, मला आता दम निघत नाहीये.
audio/chunk_05187.wav|महाराज हरणांचा कळप
audio/chunk_05188.wav|कालच आपल्या जंगलात आला आहे.
audio/chunk_05189.wav|त्यामुळे त्यांना आपण त्रास द्यायचा नाही.
audio/chunk_05190.wav|ती निर्धास्तपणे आपल्या जंगलात राहिली पाहिजे.
audio/chunk_05191.wav|मी आता जाऊन सगळ्या जंगलातल्या प्राण्यांना सांगून येतो, त्यांना काही त्रास द्यायचा नाही.
audio/chunk_05192.wav|मग त्या हरणांना कळेल आपल्याला या जंगलात काहीही त्रास होत नाही व ते निर्धास्तपणे राहतील.
audio/chunk_05193.wav|ती निर्धाष्टपणे राहिली की आपण काय करायचे?
audio/chunk_05194.wav|8 दिवसाला 2 हरीण, 8 दिवसाला 2 हरीण अशी शिकार करून आपलं पोट भरायचं.
audio/chunk_05195.wav|आणि हरणे संपली की नंतर आपण नदीच्या पलीकडे जाऊन
audio/chunk_05196.wav|झेबऱ्यांची शिकार करायची महिन्यातनं 15 दिवसातनं आपल्याला भरपूर मांसाची मेजवानी आहे महाराज.
audio/chunk_05197.wav|कळलं का? अरे खोट्या!
audio/chunk_05198.wav|खूप छान बातमी दिल्यास आणि तुझं डोकं मात्र छान चालतंय.
audio/chunk_05199.wav|बोल तुला काय बक्षीस देऊ? खोट्या म्हणाला, महाराज मला बक्षीस काही नको.
audio/chunk_05200.wav|तुम्ही ज्या वेळेला शिकार हरणाची कराल, झेबऱ्याची कराल,
audio/chunk_05201.wav|त्यावेळी त्यातले थोडंसं मांस माझ्यासाठी ठेवा. अरे खोट्या ठीक आहे ठीक आहे. थोडं का मी जास्तच मांस तुला ठेवीन.
audio/chunk_05202.wav|असे शूरवीर महाराज म्हणाले.
audio/chunk_05203.wav|दोघांचेही बोलणे चालले होते.
audio/chunk_05204.wav|तेव्हा खोट्या काय म्हणायला महाराज पण 1 सांगतो.
audio/chunk_05205.wav|आपण 4 दिवसांनी हरणाची शिकार कराय जायचं.
audio/chunk_05206.wav|पण तुम्ही त्यासाठी 4 दिवस उपाशी राहिला पाहिजे. अरे ते का? Shirveer Maharaj म्हणाले.
audio/chunk_05207.wav|अशी हरणाची मांस खायला परत मिळणार नाही.
audio/chunk_05208.wav|कारण एवढा कळपच्या कळप आपण खाणार आहोत 8-15 दिवसाला.
audio/chunk_05209.wav|त्यामुळे तुम्हाला पोटात जागा पाहिजे आणि भूकही छान लागली पाहिजे, त्यासाठी तुम्ही 4 दिवस उपाशी राहायचे.
audio/chunk_05210.wav|4 दिवस का मी 8 दिवस उपाशी राहायला तयार आहे कारण एवढी छान मेजवानी मला मिळणार आहे.
audio/chunk_05211.wav|ठीक आहे मला कबूल आहे हे.
audio/chunk_05212.wav|मग महाराज आजपासून तुम्ही 4 दिवस उपाशी राहायचे.
audio/chunk_05213.wav|मग Shivrajir महाराज म्हणाले, ठीक आहे.
audio/chunk_05214.wav|शूरवीर महाराज 4 दिवस उपाशी राहिले.
audio/chunk_05215.wav|5वा दिवस उघड उजाडला.
audio/chunk_05216.wav|मुखोट्या आणि शूरवीर महाराज हरणाच्या शिकारीसाठी जाणार होते.
audio/chunk_05217.wav|तेवढ्यात आभाळात काळे ढग जमू लागले.
audio/chunk_05218.wav|पाऊस पडायला सुरुवात झाली.
audio/chunk_05219.wav|पण तरीही पावसाला न पिता असेल.
audio/chunk_05220.wav|शूरवीर महाराज आणि खोट्या शिकारीसाठी निघाले.
audio/chunk_05221.wav|त्यांनी बघितलं ते जंगलात गेले.
audio/chunk_05222.wav|थोड्या थोड्या अंतरावर हरणे मऊ मऊ गवत खात होती. ती निर्धावली होती. त्यांना आता या जंगलात कशाचीही भीती वाटत नव्हती, त्यामुळे ते निर्दास्त गवत खात होती.
audio/chunk_05223.wav|मग खोट्यानी
audio/chunk_05224.wav|थांबले आणि त्यांनी बघितलं आता आपल्याला हरणांची शिकार कराय हरकत नाही असे दोघांनी ठरवले.
audio/chunk_05225.wav|पण पुढे गेले तर बघत्यात काय?
audio/chunk_05226.wav|जिथे हरणेच चरत होती.
audio/chunk_05227.wav|त्यापासून थोड्या अंतरावर तिथून
audio/chunk_05228.wav|पिंजरे लावलेले दिसले.
audio/chunk_05229.wav|मग शूरवीर महाराज म्हणाले, अरे खोट्या!
audio/chunk_05230.wav|कोणीतरी शिकारी आलेले दिसतात.
audio/chunk_05231.wav|अरे बघ की! अरे बरेच पिंजरे लावलेत.
audio/chunk_05232.wav|ज्या त्या झाडाखाली पिंजऱ्या ठेवलेल्या दिसल्या.
audio/chunk_05233.wav|अरे खोट्या आपल्याला तिथे जाणे धोक्याचे आहे.
audio/chunk_05234.wav|आपण नाही केली पाहिजे हरणाची शिकार.
audio/chunk_05235.wav|चल इथून निघून जाऊ आणि खरोखरच जंगलात शिकारी आले होते.
audio/chunk_05236.wav|आणि त्यांनाही सुंदर हरणाचा कळप आवडला होता. मग शिकाऱ्यांनी जिथे तिथे पिंजरे लावले ते हरणासाठी.
audio/chunk_05237.wav|आणि ती सगळी हरणी घेऊन जाणार होती.
audio/chunk_05238.wav|त्यामुळे त्यांनी पिंजरे लावले होते. हे शूरवीर महाराजांनी खोट्याने बघितले.
audio/chunk_05239.wav|आणि Shurveer Maharaj म्हणाले, खोट्या, आपण नाही आता हरणाची शिकार करायची, आपण आता नदीच्या पलीकडे जाऊन...
audio/chunk_05240.wav|झेबरेची शिकार करूया आणि तिथेच राहूया आपण.
audio/chunk_05241.wav|खोट्या मनाला ठीक आहे महाराज.
audio/chunk_05242.wav|असे म्हणून ते दोघे नदीकडे निघाले.
audio/chunk_05243.wav|पण पाऊस इतका पडला होता.
audio/chunk_05244.wav|की नदीला पाणी आलं होतं, भरपूर पाणी आणि पूर आला होता.
audio/chunk_05245.wav|त्या पाण्यातनं पलीकडे जाणे त्यांना शक्य नव्हते.
audio/chunk_05246.wav|Shurveer Maharaj म्हणाले, खोट्या आता काय करायचे रे आपण?
audio/chunk_05247.wav|खोट्या म्हणाला, महाराज मलाही कळेना काय करावं.
audio/chunk_05249.wav|काय करायचं महाराज मलाही कळेना.
audio/chunk_05250.wav|मग Shurveer महाराज म्हणाले, चल आपण
audio/chunk_05251.wav|आपण आपल्या गुहेकडे परत जाऊ.
audio/chunk_05252.wav|पण पाऊस इतका पडत होता त्यामुळे खोट्या आणि शूरवीर महाराज एका झाडाच्या आडोशाला थांबले.
audio/chunk_05253.wav|दोघे थांबले त्याच झाडावर ते 2 शिकारी बसले होते.
audio/chunk_05254.wav|त्यांच्या हातात 2 चापळे होते.
audio/chunk_05255.wav|त्यांनी पिंजरे खाली ठीक ठिकाणी लावले होते हरणासाठी.
audio/chunk_05256.wav|पण सापळे त्या दोघांच्या हातात होते कारण ते झाडावर बसले होते.
audio/chunk_05257.wav|आणि झाडाखाली एखादं हरण आलं किंवा दुसरं एखादा प्राणी आला तर जाळे टाकून त्या प्राण्याला पकडण्यासाठी त्यांच्या हातात जाळे होते.
audio/chunk_05258.wav|शूरवीर महाराजांनी खोट्या तिथे उभा राहिलेल्या बघितल्यावर पटकन त्या दोन्ही शिकाऱ्यांनी जाळी टाकले.
audio/chunk_05259.wav|शूरवीर महाराज आणि खोट्या
audio/chunk_05260.wav|अरे देवा हे काय झालं?
audio/chunk_05261.wav|शूरवीर महाराज मनाशी पश्चाताप करू लागले.
audio/chunk_05262.wav|1 जाळ्यात अडकल्यामुळे आणि
audio/chunk_05263.wav|शूरवीर महाराजांच्या भीतीमुळे.
audio/chunk_05264.wav|या खोट्याची कल्पना, सल्ला ऐकला मी आणि संकटात पडलो.
audio/chunk_05265.wav|खोट्या मनात म्हणत होता.
audio/chunk_05266.wav|मी महाराजांना उपाशी ठेवलं, शिकारासाठी आणलं आणि तेच आता जाळ्यात अडकले.
audio/chunk_05267.wav|आणि महाराज पश्चाताप करू लागले.
audio/chunk_05268.wav|आता काय करायचं? मग शेवटी ते शिकारी खाली उतरले.
audio/chunk_05269.wav|आणि जंगलाबाहेर त्यांनी गाडी लावली होती, ती गाडी घेऊन आले.
audio/chunk_05270.wav|आणि त्या गाडीतून आणखी 4 माणसे उतरली.
audio/chunk_05271.wav|शूरवीर महाराजांचं जाळं आणि खोट्याचं जाळं ओढत ओढत नेऊन लोखंडी पिंजऱ्यात टाकलं.
audio/chunk_05272.wav|निघून गेले Sherkhan महाराजांना आणि खोट्यांना.
audio/chunk_05273.wav|बिचारी हरणे काही
audio/chunk_05274.wav|हरणी जीवानिशी सुटली आणि झेबराही सुटला त्यांची शिकार झालीच नाही.
audio/chunk_05275.wav|पण जाळ्यात अडकले शूरवीर महाराज आणि खोट्या
audio/chunk_05276.wav|मग Shivveer महाराजांना हरणेही मिळाली नाहीत.
audio/chunk_05277.wav|आणि Zebra-ही मिळाला नाही. शेवटी ते 4 दिवस उपाशी राहिले खोट्याच्या सांगण्यावरून.
audio/chunk_05278.wav|की शूरवीर महाराजांना
audio/chunk_05279.wav|खूप पश्चाताप झाला. त्याच्या त्याच्याहुनी जास्त पश्चाताप खोट्याला झाला.
audio/chunk_05280.wav|दोघेही पश्चाताप करू लागले.
audio/chunk_05281.wav|तेलही गेलं आणि तूपही गेलं, हाती दुपाट ना आलं.
audio/chunk_05282.wav|तसे हरणेही हातची गेली, झेबराही गेला आणि उपाशी राहिले शेर.
audio/chunk_05284.wav|सगळे प्राणी, पक्षी, जलचर प्राणी सगळे कसे आनंदात राहत होते.
audio/chunk_05285.wav|कारण त्यांचे राजे Sherkhan महाराज
audio/chunk_05286.wav|मायाळू कणवाळू होते ते प्रजेची नीट काळजी घ्यायचे, त्यामुळे सगळे प्राणी आनंदात आणि एकत्र न भांडता राहत होते. ते कसे करायचे?
audio/chunk_05287.wav|आणि एकमेकांना विकून आपला उदरनिवा करायचे.
audio/chunk_05288.wav|जसे Gangaram Popat Kaka, Gangi Popat Tai पेरू आणायच्या आणि त्या सगळ्यांना विकायच्या. त्याच्या बदल्यात आपले पोट भरायच्या.
audio/chunk_05289.wav|नंतर Champa Haran Tai, Chanchala Kharu Tai, Champa Haran Tai आकरून आणायच्या, Chanchala Kharu Tai अंजीर आणायच्या.
audio/chunk_05290.wav|छोटे उंदीर मामा शेंगा आणून विकायचे.
audio/chunk_05291.wav|सुगरण कोंबडी ताई सगळ्या प्राण्यांना जेवण करून द्यायची.
audio/chunk_05292.wav|Sundari Manjari ताई दूध विकायची.
audio/chunk_05293.wav|एकमेकांना काही ना काही विकून आपला उद्या निर्वाह सगळे करत होते
audio/chunk_05294.wav|तर जरचर प्राण्यात का नाही?
audio/chunk_05295.wav|सुंदरगुनच्या निळ्या सरोवरात जितू कासव दादा, सतू कासव दादा, अंजू, मंजू, परी...
audio/chunk_05296.wav|आणि त्या तळ्यात 1
audio/chunk_05297.wav|राजा Hans Dada राहत होते.
audio/chunk_05298.wav|तेही स्वभावाने छान होते.
audio/chunk_05299.wav|सगळे कसे आनंदाने एकत्र राहून सगळ्यांचं चांगलं चाललं होतं.
audio/chunk_05300.wav|मग Sundari Manjari ताई सगळ्यांना दूध द्यायच्या.
audio/chunk_05301.wav|तर एकदा काय झालं सुंदरी मांजरी त्यांना गिरायत खूप वाढलं.
audio/chunk_05302.wav|त्यांना कळेना, अरे आपल्याला दूध विकाय कमी पडायला लागलंय.
audio/chunk_05303.wav|आता काय बरं करावं? म्हणून त्यांच्या डोक्यात 1 युक्ती आली, त्यांनी काय ठरवलं? अरे वाह! आपण आता दुधात
audio/chunk_05304.wav|पाणी मिसळून दूध विकूया.
audio/chunk_05305.wav|अशा अशी कल्पना त्यांच्या डोक्यात आली आणि त्यांनी पाणी मिसळून दूध विकाय सुरुवात केली.
audio/chunk_05306.wav|सगळ्या प्राण्यांच्या पक्षांच्या ते काही लक्षात आलं नाही डोक्यात आलं नाही.
audio/chunk_05307.wav|पण निळ्या सरोवरातले राजा हंस दादा यांनी ते ओळखले.
audio/chunk_05308.wav|त्यांच्या साक्षान बुद्धीला
audio/chunk_05309.wav|दुधात मिसळलेले पाणी ओळखले.
audio/chunk_05310.wav|एका दिवशी ते दूध प्यायला गेले.
audio/chunk_05311.wav|त्यांनी दूध फक्त पिलं भांड्यातलं.
audio/chunk_05312.wav|भांड्यात पाणी शिल्लक राहिलं.
audio/chunk_05313.wav|त्यामुळे त्यांनी ओळखलं सुंदरी मांजरी ताई दुधात पाणी मिसळत्या.
audio/chunk_05314.wav|मग त्यांनी Sattu, Jitu, Beduk दादांना, Anju, Manju, Masol यांना बोलावलं.
audio/chunk_05315.wav|आणि राजा Hansdada काय म्हणाले?
audio/chunk_05316.wav|हे बघ सत्तू जितू
audio/chunk_05317.wav|अगं सुंदरी मांजरी ताई आता दुधात पाणी मिसळायला लागल्या मग हे काय म्हणाले कसं हंसदा तुम्ही कसं ओळखलं
audio/chunk_05318.wav|अरे हे बघा मी आजच दूध पिले दूध तेवढं पिलं पण या भांड्यात पाणी शिल्लक राहिलंय
audio/chunk_05319.wav|एवढं पाणी सुंदरी मांजरी ताई घालतात.
audio/chunk_05320.wav|आणि सगळ्या प्राण्या पक्षांना फसवतात.
audio/chunk_05321.wav|काय बरं करायचं आता सांगा बरं?
audio/chunk_05322.wav|मग तू जितू अंजू मंजू काय म्हणाल्या?
audio/chunk_05323.wav|हंसदा दादा तुम्ही काही काळजी करू नका आपण सुंदरी मांजरी विरुद्ध शेरखान महाराजांच्याकडे तक्रार करूया.
audio/chunk_05324.wav|ठीक आहे. मग ते सगळे जण Sherkhan महाराजांच्याकडे गेले.
audio/chunk_05325.wav|आणि सगळं Sundari Manjari ताई बद्दल Sherkhan महाराजांना सांगितलं.
audio/chunk_05326.wav|अरे कोल्लोबा आत्ताच जा आणि जंगलात सुंदरी मांजरी ताईंना इथं बोलवून घेऊन ये.
audio/chunk_05327.wav|आणि इतर प्राण्यांनाही घेऊन या.
audio/chunk_05328.wav|ठीक आहे मग Ladoba Kolhoba गेले आणि सगळ्या प्राण्यांना बोलवून घेऊन आले.
audio/chunk_05329.wav|मग सगळे प्राणी पक्षी आल्यावर Sherkhan महाराज म्हणाले, हे बघा, आपण सगळे प्राणी पक्षी एकत्र राहतो. अगदी गुण्या गोविंदाने राहतोय. कुणी कोणाला त्रास देत नाही.
audio/chunk_05330.wav|सगळेजण व्यापार करतात, एकमेकांना फळे काय असेल ते विकतात आणि आपला उदरनिवा करतात. माझी त्याला मान्यता आहे.
audio/chunk_05331.wav|आपल्या जंगलातल्या सुंदरी मांजरी ताई काय करायला लागल्यात?
audio/chunk_05332.wav|सगळे प्राणी पक्षी दूध घेतात कधी तक्रार करत नाही
audio/chunk_05333.wav|पण दूध पुरेसे नाही म्हणून त्या दुधात पाणी घालतात.
audio/chunk_05334.wav|हे मात्र त्या चुकीच्या वागतात.
audio/chunk_05335.wav|असे Shirkan महाराज म्हणाल्यावर
audio/chunk_05336.wav|Sundari Manjari ताई आल्या होत्या.
audio/chunk_05337.wav|मग Sherkhan महाराज म्हणाले,
audio/chunk_05338.wav|बोला सुंदरी मांजरीन ताई तुम्ही दुधात पाणी मिसळता ना आणि पाणी घातलेले दूध सगळ्या पक्षांना प्राण्यांना देता.
audio/chunk_05339.wav|हे बरोबर आहे का सांगा बरं?
audio/chunk_05340.wav|Musundari Manjari ताई घाबरल्या होत्या.
audio/chunk_05341.wav|त्या खोटं वागतच होत्या, दुधात पाणी मिसळत होत्या.
audio/chunk_05342.wav|बोला Sundari Manjari ताई चुकले म्हणू नका.
audio/chunk_05343.wav|तुम्ही दुधात पाणी मिसळता ना?
audio/chunk_05344.wav|माझी चूक झाली, मला माफ करा.
audio/chunk_05345.wav|मग Sherkhan महाराज म्हणाले, अगं Sundari ताई, इतर प्राण्यांना तुझ्याजवळ जास्त दूध द्यायला नाही, व नाही म्हणायचे. असे पाणी घालून तू दूध का विकतेस? हे चुकीचं वागतेस तू. असं करणं बरोबर नाही.
audio/chunk_05346.wav|तुला आता शिक्षा झालीच पाहिजे.
audio/chunk_05347.wav|किंवा राजा Hansdada काय म्हणाले, महाराज, Sundari Manjari ताईकडून चूक झाली, मान्य आहे मला. तिला आता शिक्षा करू नका. एवढ्या वेळेला तिला माफी द्या आणि तिच्याकडून वचन घ्या, परत असं करणार नाही म्हणून.
audio/chunk_05348.wav|मग Sherkhan महाराज म्हणाले, हे बघ Sundari Manjari ताई.
audio/chunk_05349.wav|तुला ह्या वेळेला मी माफी करतो परत अशी वागू नको आणि दुधात पाणी मिसळून दूध प्राण्यांना पक्षांना विकू नको.
audio/chunk_05350.wav|त्यामुळे सगळ्यांच्या तब्येतीवर परिणाम होतो पाण्याचे दूध पिऊन.
audio/chunk_05351.wav|अगं थोडंच देत जा पण चांगलं देत जा थोडंच खावं पण चांगलं खावं कळलं का?
audio/chunk_05352.wav|हो महाराज, मी चुकले, मी आता असं वागणार नाही, माफ करा मला. अशी म्हणून Sundari Manjari ताईंन Sherkhan महाराजांची माफी मागितली.
audio/chunk_05353.wav|मग Sherkhan महाराज म्हणाले, सांगा Hans Dada.
audio/chunk_05354.wav|तुम्ही कसे काय दुधातले पाणी ओळखले?
audio/chunk_05355.wav|मग Hans दादांनी बरोबर भांड आणलं होतं आणि Sundari मांजरी ताईंनी नुकतेच आणून दिलेले दूध त्यात ओतले.
audio/chunk_05356.wav|सगळे प्राणी, पक्षी Sherkhan महाराज बघायला लागले, Hansdada काय करतात?
audio/chunk_05357.wav|मग Hansdada-नी त्या दुधाच्या भांड्यात आपली चोच घातली.
audio/chunk_05358.wav|आणि त्या भांड्यातले नुसते दूध पिऊन टाकले.
audio/chunk_05359.wav|भांड्यात अर्ध भांड पाणी राहिलं.
audio/chunk_05360.wav|सगळे आश्चर्याने थक्क झाले बघायला लागले अरे हे काय झालं?
audio/chunk_05361.wav|हंसू दादांनी नुसते दूध कसे पेले आणि पाणी कसं काय शिल्लक राहिलं त्यात?
audio/chunk_05362.wav|तुम्ही कसं काय हो ह्यातलं नुसतं दूध पिलं आणि पाणी शिल्लक कसं काय राहिलं? कसं शक्य आहे तुम्हाला हे?
audio/chunk_05363.wav|मग राजा Hans Dada म्हणाले,
audio/chunk_05364.wav|आमच्या जातीला ही गोष्ट ओळखता येते.
audio/chunk_05365.wav|दूध मिश्रित पाणी आम्हाला वेगळं करता येतं.
audio/chunk_05366.wav|चोचीनं नुसतं दूध पिलं.
audio/chunk_05367.wav|बुद्धी परमेश्वराने आम्हाला दिली आहे.
audio/chunk_05368.wav|त्यामुळे आमच्याकडून हे शक्य होतं.
audio/chunk_05369.wav|यातून मी काय सांगतो महाराज?
audio/chunk_05370.wav|कसं आहे चांगलं तेवढं घ्यावं.
audio/chunk_05371.wav|आणि काही वाईट असेल ते टाकून द्यावं, घेऊ नये.
audio/chunk_05372.wav|याचा अर्थ मी तुम्हाला सांगितला महाराज.
audio/chunk_05373.wav|ज्या चांगल्या गोष्टी आहेत त्या घ्याव्या.
audio/chunk_05374.wav|वाईट गोष्टी आत्मसात करू नये.
audio/chunk_05375.wav|म्हणून चांगले तेवढे
audio/chunk_05376.wav|असे Hans Dada म्हटल्यावर सगळ्या प्राण्यांनी टाळ्या वाजवल्या. Sherkhan Maharaj म्हणाले, वा वा Hans Dada! आज सगळ्या प्राण्यांचे पक्षांचे तुम्ही डोळे उघडले.
audio/chunk_05377.wav|असे म्हणून Sherkhan महाराजांनी राजा Hansdada-ना शाब्बासकी दिली.
audio/chunk_05378.wav|आणि सगळे प्राणी, पक्षी Hansdada-ची स्तुती करून आपापल्या घरी निघून गेले.
audio/chunk_05379.wav|सुंदरी मांजरीन ताईंनी सांगितलं, मी इथून पुढे अशी वागणार नाही.
audio/chunk_05380.wav|बरोबर आहे, चांगले तेवढे घ्यावे वाईट टाकून द्यावे.
audio/chunk_05382.wav|सुंदरबनच्या जंगलात गोली गाढव दादा राहत होती.
audio/chunk_05383.wav|ते कधी गावात राहायचे कधी जंगलात राहायचे.
audio/chunk_05384.wav|जंगला शेजारी 1 छोटंसं गाव होतं.
audio/chunk_05385.wav|मग गोली गाढव दादा जंगलचा कंटाळा आला की त्या गावात ते एका मालकाकडे
audio/chunk_05386.wav|काम करायला राहायचे. गावातला कंटाळा आला की जंगलात यायचे असे त्यांचे चालले होते. एकदा ते गावात मालकाकडे काम करायला राहिले होते.
audio/chunk_05387.wav|आणि मालकाची ओझी घेऊन गावातनं असे रस्त्याने चालले होते.
audio/chunk_05388.wav|तेव्हा त्यांना मागून 1 उमदा तरुण रुआबदार
audio/chunk_05389.wav|राजा नावाचा सैन्यातला घोडा आलेला दिसला.
audio/chunk_05390.wav|गोली गाढव दादा, चला वाटेतनं बाजूला व्हा, मला रस्ता द्या.
audio/chunk_05391.wav|चला चला बाजूला व्हा बरं.
audio/chunk_05392.wav|गोली गाढव दादांनी बघितलं, ते पटकन बाजूला व्हायला लागले.
audio/chunk_05393.wav|कोण राजा काय म्हणाला, अहो चला म्हणतोय ना, पटकन बाजूला व्हा, नाहीतर माझ्या पायाखाली येऊन चिरडून फुकट प्राणाला मुखशीला.
audio/chunk_05394.wav|मग घोडी गाढव दादा बाजूला झाले.
audio/chunk_05395.wav|गपवाणी इथे काही बोलले नाही आणि राजा घोडाट धिमाका रुबाबदारपणे निघून गेला.
audio/chunk_05396.wav|मग गोळी गाढव दादा देवाला काय म्हणाले?
audio/chunk_05397.wav|पुढच्या जन्मी मला जर जन्म दिलास का नाय?
audio/chunk_05398.wav|तर असा ह्या राजा घोड्यासारखा देईल.
audio/chunk_05399.wav|किती सुंदर, देखणा, रुबाबदार घोडा आहे.
audio/chunk_05400.wav|मला खूप आवडलाय, असाच मला जन्म दे, पण 1 मात्र कर हो देवा.
audio/chunk_05401.wav|मला मात्र राजा घोड्याचा उर्मटपणा काही देऊ नकोस.
audio/chunk_05402.wav|असे म्हणून घोडी घोडी गाढव दादा आपल्या घरी
audio/chunk_05403.wav|थोड्याच दिवसांनी काय झालं?
audio/chunk_05404.wav|राजाला घेऊन रणांगणात लढाईसाठी गेला.
audio/chunk_05405.wav|लढाईत राजा घोड्याला पायाला जखम झाली.
audio/chunk_05406.wav|मग मालकाने औषध उपचार केला तरी जखम बरी होईना.
audio/chunk_05407.wav|थोड्या दिवसांनी जखम बरी झाली.
audio/chunk_05408.wav|पण राजाचा पाय अधू झाला.
audio/chunk_05409.wav|मग त्या सैनिकाला काय वाटले?
audio/chunk_05410.wav|आता ह्या घोड्याचा रणांगणावर काही उपयोग होणार नाही, त्यापेक्षा आपण याला विकून टाकूया.
audio/chunk_05411.wav|म्हणून राजाच्या मालकाने त्या सैनिकाने
audio/chunk_05412.wav|राजाने 1 व्यापाराला विकून टाकलं.
audio/chunk_05413.wav|व्यापाऱ्याचं ओझं इकडून तिकडून या गावावरून त्या गावी न्यायचं असं काम होतं.
audio/chunk_05414.wav|राजाची जखम जरी बरी झाली तरी त्याचा पाय दुखत होता, अधू होता.
audio/chunk_05415.wav|मग तो मालक राजाच्या पाठीवर ओझे घालून एका गावाहून दुसऱ्या गावी न्यायचा.
audio/chunk_05416.wav|राजाला खूप त्रास व्हायचा पण तो काही न बोलता निमूटपणे सगळी कामे करायच्या.
audio/chunk_05417.wav|यामुळे ओजीव होऊन होऊन तो खूप आश्युक्त झाला होता.
audio/chunk_05418.wav|Goli ज्या गावात राहत होता, त्या गावातनं राजा आपल्या पाठीवर ओझे घेऊन निघाला होता. त्यावेळी Goli गाढव दादाही तिथे होते, तेही ओझे घेऊन निघाले होते.
audio/chunk_05419.wav|त्यांनी पाहिलं, अरे राजा घोडा किती रुबाबदार देखणा होता!
audio/chunk_05420.wav|आणि आता हे काय त्याच्या पाठीवर ओझं आणि अशक्त किती झालाय हा?
audio/chunk_05421.wav|कोळी गाढव दादा मनाशी म्हणाले, देवा काय केलंस रे हे? किती रुबाबदार देखणा उमदा घोडा होता राजा.
audio/chunk_05422.wav|पण त्याची अवस्था काय केलीस देवा तू?
audio/chunk_05423.wav|असे देवाला गोडी गाढव दादा म्हणाले.
audio/chunk_05424.wav|बघा ज्या वेळेला सुखाचा काळ होता
audio/chunk_05425.wav|किती रुबाबदार होता हा
audio/chunk_05426.wav|पण उन्मत होता, उन्मत होता.
audio/chunk_05427.wav|त्यावेळी त्याने दुसऱ्या विषयी अजिबात दयाळूपणा सहानभूती दाखवली नाही.
audio/chunk_05428.wav|मग आता त्याचे कर्म असे दिवस आले त्याला.
audio/chunk_05429.wav|देवा नको रे बाबा आधी सुखाचा काळ नंतर दुःखाचा किंवा आधी दुःखाचा नंतर सुखाचा असं काही नको देवा.
audio/chunk_05430.wav|आहे हेच बरं आहे. देवा मला घोड्याचा जन्म नको देऊस. माझा आहे हा गाढवाचा जन्म मला बरा आहे.
audio/chunk_05431.wav|कष्ट करणे हेच चांगले, आधी सुख भोगून परत दुःख भोगणेपेक्षा सुरुवातीपासून शेवटपर्यंत कष्टात जगणे हेच चांगले.
audio/chunk_05432.wav|आयुष्यभर थोडे थोडे कष्ट करून आयुष्य जगणे म्हणजे सुखाचा परमोच्च गाठणे आहे. मला हे कष्टाचे जीवनच बरे आहे.
audio/chunk_05433.wav|असे म्हणून गोडी गाढव दादा तिथून ओझे घेऊन आपल्या मालकाच्या घरी निघून गेले. म्हणून म्हणतात आधी सुख भोगून परत दुःख येण्यापेक्षा...
audio/chunk_05434.wav|कायम सतत कष्ट करून खाणे हेच चांगले हेच उत्तम.
audio/chunk_05436.wav|सुंदरबनच्या जंगलात 1 मोठे विशाल असे
audio/chunk_05437.wav|ते भरपूर फळांनी लगडलेले होते.
audio/chunk_05438.wav|आणि ह्या वडाच्या झाडाखाली
audio/chunk_05439.wav|छोटे उंदीर मामा, त्यांचा परिवार आणि जात बहिणी भरपूर घरे बांधली होती.
audio/chunk_05440.wav|हे सगळे उंदीर मामा त्या वड्याच्या झाडाच्या बुंध्याशी राहत होते.
audio/chunk_05441.wav|त्या वडाच्या झाडावर चढायचे आणि वडाची फळे खायची.
audio/chunk_05442.wav|रोज असे करायचे, वर चढायचे, खाली उतरायचे, चढायचे, खाली उतरायचे आणि फळेही त्यांना ताजी खायला मिळत होती. इतरत्र जाण्याचा प्रश्नच येत नव्हता.
audio/chunk_05443.wav|त्यामुळे सगळा परिवार आणि जात बायक खुश होते.
audio/chunk_05444.wav|1 त्यातला Tiku नावाचा तरुण उंदीर होता.
audio/chunk_05445.wav|तो इतर उंदरांना काय म्हणायला? अरे मित्रांनो,
audio/chunk_05446.wav|असे रोज चढ उतर करायचे मला तर नको वाटते बुवा.
audio/chunk_05447.wav|म्हणताना ते तरुण उंदीर काय म्हणाले, होय रे, आम्हालाही तसेच वाटते. रोज झाडावर चढायचं, खाली उतरायचं. रोज फळे खायला चढायचं, खाली उतरायचं. आम्हाला पण कंटाळा आलाया.
audio/chunk_05448.wav|मग Tiku काय म्हणाला, त्यापेक्षा आपण असं करूया का?
audio/chunk_05449.wav|हे वडाच्या झाडाच्या मुळे आहेत का नाही त्या कुरतोडून टाकूया.
audio/chunk_05450.wav|मुळ्या पुरतडल्या की झाड हे झाड पडेल.
audio/chunk_05451.wav|झाड खाली पडले की आपल्याला खालच्या खाली फळे खाता येतील.
audio/chunk_05452.wav|चढ उतार होणार नाही आपल्याला त्रासही होणार नाही.
audio/chunk_05453.wav|मग ही इतर तरुण उंदरांना ही कल्पना पटली.
audio/chunk_05454.wav|कोण छोटे उंदीर मामा?
audio/chunk_05455.wav|शेजारी बसून सगळे ऐकत होते.
audio/chunk_05456.wav|छोटे उंदीर मामा काय म्हणाले? अरे मुलांनो, टिकू काय चाललंय तुमचं?
audio/chunk_05457.wav|हे झाड तुम्ही कुरतडणार, पाडणार खाली. अरे असा अविचार करू नका.
audio/chunk_05458.wav|अरे तुम्ही रोज झाडावर चढताय, फळे खाताय, खाली उतरताय, तुमचा व्यायाम होतोय.
audio/chunk_05459.wav|आणि व्यायामानं तुमची पचनशक्ती सुधारत्या.
audio/chunk_05460.wav|शरीर तुमचं कणखर बनतंय.
audio/chunk_05461.wav|असं आणि रोज ताजी फळे मिळतात.
audio/chunk_05462.wav|असं असताना झाड पाडण्याचा मुळे कुरतडण्याचा अजिबात विचार करू नका, कळलं का?
audio/chunk_05463.wav|रोज वर चढा, फळे ताजी ताजी खावा.
audio/chunk_05464.wav|आणि खाली या हे तुमच्या प्रकृतीला शरीराला चांगलं आहे.
audio/chunk_05466.wav|छोट्या उंदीर मामांच्या पुढे तात्पुरती सगळे उंदीर मामा होय म्हणाले, ठीक आहे.
audio/chunk_05467.wav|पण काही कामासाठी छोट्या उंदीर मामांना
audio/chunk_05468.wav|दुसऱ्या जंगलात जावे जायचे होते ते थोड्या दिवसांनी येणार होते.
audio/chunk_05469.wav|ही संधी साधून टिकूनी आणि त्याच्या दोस्तांनी काय केलं? काही नाही, आपण आता मुळे खणायची.
audio/chunk_05470.wav|छोटे उंदीर काका नाही तोपर्यंत हे झाड पाडायचं असं त्यांनी ठरवलं.
audio/chunk_05471.wav|आणि त्याप्रमाणे ते कामाला लागले.
audio/chunk_05472.wav|त्या झाडाच्या मुळ्या सगळ्या कुरतुडून टाकल्या.
audio/chunk_05473.wav|मुळा कुरतडल्यावर थोड्या दिवसात ते झाड खाली पडले.
audio/chunk_05474.wav|झाड खाली पडल्यावर सगळ्या उंदीर मामांना आनंद झाला.
audio/chunk_05475.wav|आता चढ उतार करायचा नव्हता.
audio/chunk_05476.wav|जमिनीवरच ताजी फळे खायला मिळत होती.
audio/chunk_05477.wav|पण 1 किंवा 2 दिवस त्यांना फळे मिळाली, नंतर हळूहळू फळे ती वाळायला लागली.
audio/chunk_05478.wav|ज फळाला चव लागेनाशी झाली.
audio/chunk_05479.wav|आणि हळूहळू ते झाडही वाळायला लागले.
audio/chunk_05480.wav|फळे चवीला नाही, झाड वाळायला लागले.
audio/chunk_05481.wav|हा काय आपण अविचार केला छोट्या उंदीर काकांनी आपल्याला सांगितलं होतं.
audio/chunk_05482.wav|मुळे कुरतोडू नका, झाड पाडू नका, वर चढा, व्यायाम होतोय पण आपण ऐकलं नाही.
audio/chunk_05483.wav|आणि थोड्या दिवसात छोटे उंदीर मामा दुसऱ्या जंगलात आले.
audio/chunk_05484.wav|त्यांनी बघितलं झाड खाली पडलेलं मग ते म्हणाले अरे मुलांनो तुम्हाला मी सांगितलं होतं का नाही मुळ्या पुरतोडू नका झाड पाडू नका
audio/chunk_05485.wav|तुमचे खायचे वांदे होईल तसंच झालं तुम्ही माझं ऐकलं नाही आता काय खाणार तुम्ही?
audio/chunk_05486.wav|चला आता दुसऱ्या झाडाच्या मुळाशी आपली घरे बांधूया.
audio/chunk_05487.wav|मग टिकु आणि इतर तरू उंदीर म्हणाले छोटे उंदीर मामा
audio/chunk_05488.wav|आम्ही चुकलो, आम्हाला माफ करा.
audio/chunk_05489.wav|तुमचा सल्ला आम्ही मानला नाही, तुम्ही चांगले सांगितले पण आम्ही ऐकले नाही, आम्ही अविचार केला.
audio/chunk_05490.wav|त्यामुळे ही वेळ आली आता मी असे वागणार.
audio/chunk_05491.wav|वयोवृद्ध व्यक्तीने सल्ला
audio/chunk_05492.wav|दिला की तो नेहमी नेहमी अमलात आणावा, पाळावा.
audio/chunk_05494.wav|सुंदरबनच्या जंगलातल्या निळ्या निळ्या सरोवरात.
audio/chunk_05495.wav|जितू बेडूक दादा, सतू बेडूक दादा, त्यांचे आजोबा डराव बेडूक दादा.
audio/chunk_05496.wav|नंतर इतर जलचर प्राणी, मासे.
audio/chunk_05497.wav|कासव दादा सगळे कसे अगदी आनंदाने राहत होते.
audio/chunk_05498.wav|तर त्यातले सत्तू बेडूक दादा
audio/chunk_05499.wav|काही तर करायची सारखी लहर यायची.
audio/chunk_05500.wav|तरुण असल्यामुळे हे करावे, ते करावे, हे करून दाखवावं. पण त्यांचं सगळं हे व्यर्थ असायचं. कारण जे अंगी गुण आहे ते दाखवण्या ऐवजी...
audio/chunk_05501.wav|अंगी नसलेली गुण दाखवण्याचं
audio/chunk_05502.wav|त्या सरोवरात त्यांना
audio/chunk_05503.wav|काही वनस्पतीच्या मुळ्या सापडल्या.
audio/chunk_05504.wav|ते काय म्हणाले, अरे वा!
audio/chunk_05505.wav|ह्या मुळ्या सापडल्यात आपल्याला, आता ह्याचा आपण डोकं लढवून
audio/chunk_05506.wav|आणि सगळ्या प्राण्यांना, पक्षांना सांगितलं, हे बघा, मला ह्या तळ्यात मुळ्या सापडल्या आहे. ह्या मुळ्या खूप औषधी आहेत.
audio/chunk_05507.wav|तुम्ही कधी आजारी पडणार नाही.
audio/chunk_05508.wav|तुमच्या शरीरात कसले व्यंग असले तर ते निघून जाईल आणि व्यंग येणारही नाही.
audio/chunk_05509.wav|असे सगळ्या प्राण्यांना ते सांगायचे, सगळ्या प्राण्यांनाही खरे वाटून, सगळे प्राणी, पक्षी...
audio/chunk_05511.wav|असे बरेच दिवस चालले होते.
audio/chunk_05512.wav|आणि हे औषध ही चांगलं आहे.
audio/chunk_05513.wav|असे ते सगळ्या प्राण्यांना, पक्षांना सांगायचे.
audio/chunk_05514.wav|त्यांना खूप हुशारी वाटली.
audio/chunk_05515.wav|सगळे प्राणी, पक्षी आपल्याला कोणतरी मानतात.
audio/chunk_05516.wav|Vaidyaraj म्हणतात हे बघून तर
audio/chunk_05517.wav|सत्तू बेडूक दादांना खूप आनंद झाला.
audio/chunk_05518.wav|ते धिमाकार सरोवराच्या काठावर बसायचे.
audio/chunk_05519.wav|आणि येण्या जाणाऱ्या
audio/chunk_05520.wav|पक्षांना, पशूंना, प्राण्यांना मुळ्या द्यायचे. सगळे प्राणी पक्षी पण निमूटपणे मुळ्या घेऊन जायचे आणि खायचे.
audio/chunk_05521.wav|असे बरेच दिवस चालले होते.
audio/chunk_05522.wav|असे करता करता काय झाले?
audio/chunk_05523.wav|एकदा Moru Moru दादा तिथनं निघाले होते.
audio/chunk_05524.wav|मोरू मोरू दादांना पाहिल्यावर सत्तू बेडूक दादा काय म्हणाले?
audio/chunk_05525.wav|अरे अरे वा! Moru Moru दादा या या या मी तुमचीच वाट पाहत होतो. अहो सगळे प्राणी पक्षी माझ्याकडून मुळ्या घेऊन गेले.
audio/chunk_05526.wav|पण तुम्हीच आला नाही. पण मला वाटते आता तुम्हाला माझ्या मुळ्यांची महती कळली असली पाहिजे आणि मी वैद्य राजा आहे हे ही समजले असेल म्हणून तुम्ही आलात तिला.
audio/chunk_05527.wav|या या या आणि माझ्याकडून या मुळ्या घेऊन जावा.
audio/chunk_05528.wav|कसलाही आजार होत नाही किंवा आजार झाला असेल तर तो या मुळ्या खाल्ल्यावर निघून जातो, व्यंग निघून जातं, म्हणून
audio/chunk_05529.wav|तुम्ही या मुळ्या घेऊन जावा, बरं झालं तुम्हीच तेवढं राहिला होता असा, बऱ्याच दिवसातून फिरकला नाही.
audio/chunk_05530.wav|मी ओळखलं होतं तुम्ही नाही आला ते.
audio/chunk_05531.wav|हे शांतपणे सत्तू बेडूक दादाचं मोरु मोरु दादांनी ऐकून घेतलं.
audio/chunk_05532.wav|मग Moru Mor Dada काय म्हणाले?
audio/chunk_05533.wav|मोरू मोरू दादा म्हणाले
audio/chunk_05534.wav|तू प्रसिद्ध वैद्यराज आहेस मला हे सगळं कळलंय.
audio/chunk_05535.wav|प्राण्यांच्याकडून, पक्षांच्याकडून
audio/chunk_05536.wav|मी तुझ्या मुळ्या घेतल्या असत्या, खाल्ल्या असत्या.
audio/chunk_05537.wav|पण कसं आहे, मला कोणताच आजार नाही, रोग नाही, काही नाही माझ्यात व्यंगही कुठलं नाही.
audio/chunk_05538.wav|मी बघ कसा सशक्त
audio/chunk_05540.wav|तेव्हा सत्तू बेडूक दादा जरा चमकले.
audio/chunk_05541.wav|आणि आपल्या शरीराकडे बघायला लागले.
audio/chunk_05542.wav|मग Moru Moru दादा म्हणाले, अरे सत्तू!
audio/chunk_05543.wav|बघ, तुला मुळ्याची गरज आहे.
audio/chunk_05544.wav|सगळे पाय बघ कसे बेडूक जातीचे फेंगडे आहे.
audio/chunk_05545.wav|रंग तर कसा सर्व शरीरावर मोठे मोठे डाग पडलेले आहेत.
audio/chunk_05546.wav|तुमच्या जमातीचं तुझं व्यंगादी नाहीसं कर.
audio/chunk_05547.wav|आणि मग इतर पक्षांना प्राण्यांना मुळा दे.
audio/chunk_05548.wav|वैद्यराज कसे पाहिजे? स्वतः निरोगी पाहिजे.
audio/chunk_05549.wav|मग patient-ही त्यांच्याकडे आलेला निरोगी राहतो.
audio/chunk_05550.wav|सशक्त राहतो, कळलं का?
audio/chunk_05551.wav|सत्तूने चेहरा पाडला, शर्मेने मान खाली घातली, मग पुढे मोर मोर दादा म्हणाले,
audio/chunk_05552.wav|अरे माझ्यासारखा छानसा तुरा सुंदर पिसारा
audio/chunk_05553.wav|आणि मी सशक्त असल्यामुळे पाऊस पडल्यावर छान नाचतोय, माझा नाच सगळे प्राणी पक्षी बघतात.
audio/chunk_05554.wav|त्यामुळे मी खूप निरोगी आनंदी आहे.
audio/chunk_05555.wav|मला काही या मुळ्यांची गरज नाही.
audio/chunk_05556.wav|कळलं का? असे म्हणून Moru Mor Dada धिमाकात निघून गेले.
audio/chunk_05557.wav|आणि सत्तू बेडूक दादा शर्मेने मान खाली घालून आपल्या तळ्यात निघून गेले.
audio/chunk_05558.wav|कसं झालं आपल्या जवळ कोणतीही कुवत नसताना
audio/chunk_05559.wav|असे समजून त्या गोष्टीचा आपण
audio/chunk_05560.wav|त्यामुळे आपण दुसऱ्याला फसवाय जातो पण आपण स्वतःच त्यात फसतो.
audio/chunk_05562.wav|हे एक आपलं छोटंसं गाव होतं.
audio/chunk_05563.wav|ते गाव होतं उंदीर मामांचं.
audio/chunk_05564.wav|तिथे बरीच उंदीर मामा राहायचे.
audio/chunk_05565.wav|प्रत्येक घरातनी जाऊन धान्य, शेंगा असं काय काय आपल्या तोंडातनं धरून आणून आपल्या बिळात साठवून ठेवायचं.
audio/chunk_05566.wav|आणि ते खात इकडून तिकडं फिरायचे.
audio/chunk_05567.wav|असा 1 उंदीर मामा होता.
audio/chunk_05568.wav|तो पण या सगळ्यांच्या बरोबर प्रत्येक घरात जायचा, धान्य आणायचा.
audio/chunk_05569.wav|शेंगा घेऊन यायचा सगळी मिळून मग आनंदानं खायची.
audio/chunk_05570.wav|पण यो जरा उंदीर मामा जास्तच आगा होता.
audio/chunk_05571.wav|त्याला वाटायचं मी खूप हुशार आहे.
audio/chunk_05572.wav|त्याने एकदा एका घरात जाऊन
audio/chunk_05573.wav|सोन्याची माळ आणली चोचीत धरून आपल्या तोंडातनं आणि आपल्या बिळात लपून ठेवली.
audio/chunk_05574.wav|त्याला नटा मुरडायचा लय नाद होता.
audio/chunk_05575.wav|एकदा तो असाच रस्त्याने निघाला होता.
audio/chunk_05576.wav|आणि जाता जाता रस्त्यात काय दिसलं माहिती आहे का त्याला?
audio/chunk_05577.wav|1 लाल कापड, 1 पिवळं कापड आणि 1 पांढरं कापड दिसलं.
audio/chunk_05578.wav|ही कापड बघितल्यावर उंदीर मामाला खूप आनंद झाला.
audio/chunk_05579.wav|त्याच्या डोक्यात 1 कल्पना आली.
audio/chunk_05580.wav|ही सगळी माणसं घालत्यात तशी आपण कपडे शिवावेत.
audio/chunk_05581.wav|आणि कपडे घालून राजाकडे चांगल्या थाटात जावं आणि राजाला आपली
audio/chunk_05582.wav|कपडे दाखवावी, आपला रुबाब दाखवावा.
audio/chunk_05583.wav|ती लाल कापड, पांढरं कापड, पिवळं कापड आपल्या चोचीत धरलं.
audio/chunk_05584.wav|आणि तो शिंप्याकडे गेला.
audio/chunk_05585.wav|आणि जाऊन धडक त्याच्या machine-वर बसला.
audio/chunk_05586.wav|आणि शिंप्यावर मनुष्यवाणीने बोलू लागला.
audio/chunk_05587.wav|शिंपी दादा शिंपी दादा
audio/chunk_05588.wav|आणि ही लावताना ही कपड्यासनी चकचक करते तसली जर पण लावून द्या.
audio/chunk_05589.wav|मी कपडे घालून रुबाबात राजाकडे जाणार आहे.
audio/chunk_05591.wav|शिंपी म्हणाला, ह्यो कसा काय बोलतोय उंदीर?
audio/chunk_05592.wav|खूपच हुशार दिसतोय. मग शिंपी दादा काय म्हणाला?
audio/chunk_05593.wav|अरे बाबा होय तुझं सगळं खरं आहे पण मला भरपूर शिलाई आहे
audio/chunk_05594.wav|मी आता तुझे कपडे कधी शिवणार?
audio/chunk_05595.wav|मग उंदीर मामांना म्हणालं,
audio/chunk_05596.wav|नाही हो शिंपी दादा असं करू नका मी आजच कपडे घालून राजाकडे जाणार आहे.
audio/chunk_05597.wav|आणि राजाला माझा रुबाब दाखवणार आहे, माझे कपडे, माझी टोपी सगळं राजाला दाखवणार आहे.
audio/chunk_05598.wav|राजाच्या मुगुटापेक्षा माझी टोपी किती भारी आहे हे राजाला मी सांगणार आहे.
audio/chunk_05599.wav|तुम्ही देणार का नाही सांगा मला Shimpi दादा?
audio/chunk_05600.wav|तर माझ्याकडे 1 सोन्याची माळ आहे.
audio/chunk_05601.wav|मी तुम्हाला ते आणून देतो.
audio/chunk_05602.wav|माळ म्हणल्यावर शिंपी दादांनी कबुली दिली.
audio/chunk_05603.wav|मग शिंपी दादांनी shirt, विजार
audio/chunk_05604.wav|मस्तपैकी उंदीर मामांना शिवून दिलं.
audio/chunk_05605.wav|सगळ्या कपड्यांना जर लावली, टोपी शिवली, टोपीलाही जर लावली.
audio/chunk_05606.wav|मग सगळी कपडे उंदीर मामाने घातली आणि उंदीर मामा आपल्या घरला गेले.
audio/chunk_05607.wav|आणि बिड्यात लपवून ठेवलेली सोन्याची माळ तोंडात धरून आणली आणि शिंपी दादासनी दिली. शिंपी दादा खुश झाले.
audio/chunk_05608.wav|मग रुबाबात IT-त चालत उंदीर मामा निघाले राजवाड्यात.
audio/chunk_05609.wav|उंदीर मामा गेले राजवाड्यात.
audio/chunk_05610.wav|गेल्यावर राजा मंत्र्याबरोबर कसली ती राजाची चर्चा चालली होती महत्त्वाची.
audio/chunk_05611.wav|मग उंदीर मामा तडक गेले दरबारात.
audio/chunk_05612.wav|अनेका सिंहासनावर जाऊन बसले.
audio/chunk_05613.wav|आणि एकटेच इकडून तिकडं इकडून तिकडं खेळायला लागले.
audio/chunk_05614.wav|त्या उंदीर मामाकडं राजाचं लक्ष गेलं.
audio/chunk_05615.wav|राजाने शिपायाला सांगितले.
audio/chunk_05616.wav|अरे, हा बघा उंदीर इकडून तिकडं पळतोय. आमची चर्चा होताना विघ्न यायला लागले. शिपायाला म्हणले, शिपाई ये त्या उंदराला पकडून ने.
audio/chunk_05617.wav|मग उंदीर मामा काय म्हणाले?
audio/chunk_05618.wav|मी काय शिपायाला घावणार नाही.
audio/chunk_05619.wav|आणि ही बघ मी कसली जरीची टोपी घातल्या कपडे बघ माझे तुझ्या कपड्यापेक्षा भारी कपडे आहेत जरीची टोपी बघ तुझा मुकुट तर आहे का एवढा चांगला
audio/chunk_05620.wav|तुझ्या मुगुटापेक्षा माझी जरीची टोपी बघ किती छान आहे.
audio/chunk_05621.wav|असं म्हणायला लागला आणि उंदीर मामा काय ऐकेना.
audio/chunk_05622.wav|राजा म्हणाला, शिपायाला या उंदराची सगळी कपडे काढून घ्या.
audio/chunk_05623.wav|मग शिपायाने 2 शिपाय आले त्यांनी धरलं उंदीर मामासनी आणि टोपी, शर्ट, विचार सगळंच काढून घेतलं.
audio/chunk_05624.wav|काढून घेतल्यावर उंदीर मामासनी पण राग आला.
audio/chunk_05625.wav|राजा माझी कपडे दे माझी टोपी दे
audio/chunk_05626.wav|राजा माझे कपडे दे, माझी टोपी दे.
audio/chunk_05627.wav|राजा काही उंदराकडे लक्ष देईना.
audio/chunk_05628.wav|म्हणताना उंदीर मामा नाचायला लागला.
audio/chunk_05629.wav|हैया राजा भिकारी राजा भिकारी माझी टोपी कपडे घेतली माझी टोपी कपडे घेतली असं म्हणून नाचायला लागला आणि जास्त उंदीर मामानं गोंधळ घातला.
audio/chunk_05630.wav|राजाची काय चर्चा होईना.
audio/chunk_05631.wav|मग राजा सैनिकाला शिपायाला म्हणाला, अरे बाबा दे त्याचे कपडे, जाऊ दे त्याला.
audio/chunk_05632.wav|मग शिपायाने उंदीर मामाची टोपी दिली, शर्ट विजार दिली, उंदीर मामाने घातली.
audio/chunk_05633.wav|आणि उंदीर मामा दरबारातून बाहेर पडला.
audio/chunk_05634.wav|आणि असं सारखं म्हणत रस्त्याने निघाला, राजा भिकारी, राजा भिकारी, माझी टोपी घेतली, माझी कपडे घेतली, असं म्हणत म्हणत म्हणत म्हणत...
audio/chunk_05635.wav|आपल्या घरात गेला, आपल्या बिळात गेला.
audio/chunk_05636.wav|असा होता आगाऊ उंदीर मामा.
audio/chunk_05637.wav|साळुबाई गोष्ट आवडली?
audio/chunk_05638.wav|Sport-ची आवडली मला.
audio/chunk_05640.wav|Tripuri-च्या जंगलात Viru आणि Biru नावाचे 2 माकड दादा राहत होते.
audio/chunk_05641.wav|November-December खूप थंडी पडली होती, सगळीकडेही थंडी होती आणि जंगलातही भरपूर थंडी होती.
audio/chunk_05642.wav|दोघे थंडीने कुडकुडत जंगलातनं निघाले होते.
audio/chunk_05643.wav|सगळे प्राणी, पक्षी आपापल्या घरट्यात आणि गुहेत बसले होते, बाहेर कोणीही नव्हतं आणि हे दोघे अरे Viru Dada, Viru Dada असे कुडकुडत निघाले. मग Viru Dada काय म्हणाला, अरे Viru थांब जरा आपण कुठेतरी जाऊन थांबूया.
audio/chunk_05644.wav|भयंकर थंडी पडली आहे. मग दोघे थंडीने कुडकुडत कुडकुडत पुढे निघाले आणि एका झाडाखाली येऊन थांबले. बिरू दादा काहीतरी कर ना रे असा बिरू म्हणायला लागला.
audio/chunk_05645.wav|अरे मलाही समजेना.
audio/chunk_05646.wav|Viru काय करायचं? भयंकर थंडी आहे. मग Viru म्हणाला आपण झाडाच्या आडोशाला थांबूया. Viru म्हणाला नाही, झाडाच्या आडोशाला उभं राहिलं तरी थंडी वाजणार. भयंकर थंडी आहे. त्यासाठी आपण काहीतरी केलं पाहिजे.
audio/chunk_05647.wav|Viru काय म्हणाला? अरे Viru, आपण झाडाची वाळके पाने आणूया आणि या झाडाखाली ढिग करूया आणि विस्तव पेटवूया. ठीक आहे. मग दोघांनी झाडाची वाळके पाने गोळा केली आणि त्या झाडाखाली ढिग घातला. अरे विस्तव कशाने पेटवायचा?
audio/chunk_05648.wav|हो रे Viru Dada मलाही समजेना.
audio/chunk_05649.wav|तेवढ्यात काय झालं? जंगलातले चमचम काचवे दादा तिथे आले.
audio/chunk_05650.wav|आणि ते काय म्हणाले, अरे विरुद्धात विरुद्धात काय करता?
audio/chunk_05651.wav|काही नाही रे, थंडी खूप पडली आहे. आम्हाला बोलायला सुद्धा नको वाटते तुझ्याबरोबर, कारण खूप खूप थंडी पडली आहे.
audio/chunk_05652.wav|अरे मग हा पाला गोळा केलाय विस्तव पेटवा अरे तेच आम्हाला समजेना विस्तव कशाने पेटवायचा
audio/chunk_05653.wav|आली आई ती. असे म्हणून Veeru-ने काय केले? चमचम काजवे दादाला असे घट्ट पकडले आणि Veeru-ला म्हणाला, अरे या काजवे दादाला आपण या झाडाच्या
audio/chunk_05654.wav|पानांच्या ढिगात घालूया.
audio/chunk_05655.wav|आणि फुंकर मारूया म्हणजे विस्तव पेटेल.
audio/chunk_05656.wav|हो हो, मलाही तेच वाटतंय दादा. तेवढ्यात चमचम काजवे दादा म्हणाले, अरे Viru Viruda, काय करता हे तुम्ही? मला या पानात घातलं तर तुमचा विस्तव नाही भेटणार, फक्त माझ्यापासून उजेर मिळेल. तुम्ही नाही ते करू नका, मला बाहेर काढा. Viru दादा, Viru दादा, मला बाहेर काढा.
audio/chunk_05657.wav|काढा पण त्यांनी ऐकलं नाही ते फुंकर मारायलाच लागले.
audio/chunk_05658.wav|दोघेही दोन्ही बाजूनं असे फुंकर मारायला लागले.
audio/chunk_05659.wav|तेवढ्यात त्या झाडावर
audio/chunk_05660.wav|चिमुताई बसल्या होत्या, बराच वेळ झालो त्या हा प्रकार पाहत होत्या. मग त्या काय म्हणाल्या, अरे Viru Dada Viru Dada थांबा रे, असे करू नका, त्या Kajave Dada-ना बाहेर काढा.
audio/chunk_05661.wav|विनाकारण त्यांचे हाल करू नका.
audio/chunk_05662.wav|त्यांच्या त्यांचा फक्त उजेड मिळेल.
audio/chunk_05663.wav|हे ऐकल्याबरोबर Viru Dada आणि Viru Dada चिडले. Viru Dada म्हणाला, ए चिनी चिमूताई गप्प बैस.
audio/chunk_05664.wav|तुझी बडबड नको सांगू आम्हाला.
audio/chunk_05665.wav|तुझे ज्ञान तुझ्या जवळच ठेव, आम्हाला नको सांगूस.
audio/chunk_05666.wav|किती हुशार आहेस ते माहिती आहे आम्हाला. नको बकबक करूस, चुप बैस.
audio/chunk_05667.wav|चिनी चिमूताई बिचारी काय बोलणार ती गप्प बसली.
audio/chunk_05668.wav|परत ते दोघे
audio/chunk_05669.wav|अशी फुंकर मारायला लागले.
audio/chunk_05670.wav|मग त्या बिचारीचा चिनी चिमुताईचा जीव राह्येना.
audio/chunk_05671.wav|ती काय म्हणाली, अरे Biru Dada Biru Dada नका रे फुंकोर मारुसा.
audio/chunk_05672.wav|तुम्हाला मी सांगते विस्तव कसा पेटवायचा अरे 2 छोटे छोटे दगड घ्या आणि एकामेकाला घासा विस्तव पेटेल.
audio/chunk_05673.wav|हे तिने सांगितलेलं ऐकायला थांबलेच नाही दोघे.
audio/chunk_05674.wav|Virudada उठला आणि
audio/chunk_05675.wav|चिनी चिमु ताईला असं हातात
audio/chunk_05676.wav|आणि म्हणाला, अगं चिनी, तुझी बडबड, तुझ्या तोंडाची बकबक बंद कर. तुझ्या हातात चोचच मी बंद करतो. सारखी वट वट वट वट काय चालवली आहेस?
audio/chunk_05677.wav|तू जास्त ज्ञानी झालीस काय?
audio/chunk_05678.wav|असे म्हणला Viru Dada Viru Dada.
audio/chunk_05679.wav|फेकल्याबरोबर चिमुताईला वेदना झाल्या.
audio/chunk_05680.wav|तिचे पंख दुखू लागले.
audio/chunk_05681.wav|मग ती बिचारी हळूहळू उठली.
audio/chunk_05683.wav|आणि शांत पडून राहिली आणि म्हणाली, अरे मी पण मी काही कुणाला पण कशी सल्ला देत बसली आहे? एखाद्या शहाण्याला मी सल्ला दिला असता तर उपयोग तरी झाला असता.
audio/chunk_05684.wav|पण या मूर्खांना सल्ला देणे योग्य नाही.
audio/chunk_05685.wav|असे म्हटल्याबरोबर हे दोघे आणखी संतापले.
audio/chunk_05686.wav|चिनी चिमूट आई बरोबर भांडायला लागले.
audio/chunk_05687.wav|तेवढ्या हळूच काजवे दादा बाहेर आले आणि उडून निघून गेले.
audio/chunk_05688.wav|हे चिनी चिमुताईने पाहिले, ती काय म्हणाली, अरे वा बरे झाले, काजवे दादा तुमची सुटका झाली.
audio/chunk_05689.wav|पण माझी नाही झालेली. हे दोघे जोपर्यंत या झाडाखाली आहेत,
audio/chunk_05690.wav|तोपर्यंत माझी सुटका नाही.
audio/chunk_05691.wav|मी अशीच बसते शांत, त्यांच्याकडे आता लक्ष देणार नाही.
audio/chunk_05692.wav|ती मान घरट्यात ठेवून झोपी गेली.
audio/chunk_05693.wav|Viru आणि Piru दोघेही
audio/chunk_05694.wav|पण विस्तव काही पेटलाच नाही.
audio/chunk_05697.wav|Sundarban-चे जंगल हे अतिशय निसर्गरम्य जंगल होते.
audio/chunk_05698.wav|आणि जंगलातले प्राणी, पक्षी, जंगलचे राजे
audio/chunk_05699.wav|हे सगळे एकत्र आनंदाने राहत होते.
audio/chunk_05700.wav|या जंगलातले भोले हत्ती दादा आणि राणी हत्ती ताई यांना छोटासा पिल्लू होतं.
audio/chunk_05701.wav|हे Pittu Hatti दादा खूप दिसायला छान होते, अगदी गोंडस होते.
audio/chunk_05702.wav|अगदी गोंडस होते, चेहरा मोहक होता.
audio/chunk_05703.wav|गाल गुबगुबीत होते आणि शरीरही गुबगुबीत होते. गालावरून सोंड फिरवायचे खूपच ते छान दिसायचे.
audio/chunk_05704.wav|इतके मनमोहक पिठू हत्ती दादा होते सगळ्यांना ते आवडायचे सगळे प्राणी अगदी Sherkhan महाराज सुद्धा त्याचे कौतुक करायचे.
audio/chunk_05705.wav|एकदा काय झालं छोट्या छोट्या प्राण्यांच्या बरोबर आमचे हे Pittu Hatti दादा
audio/chunk_05706.wav|खेळत होते गुहेसमोर, तेवढ्यात काय झालं? त्यांना आवाज ऐकू आला.
audio/chunk_05707.wav|आवाज आला, वाचवा वाचवा! अरे, पिट्टू हत्ती दादा म्हणाले कोण ओरडायला लागले?
audio/chunk_05708.wav|म्हणून ते आवाजाच्या दिशेने पळत गेले. बघतात तर काय जंगलातल्या
audio/chunk_05709.wav|चुणचुण खारुताई एका झाडावर शेंड्यावर चढून बसल्या आणि खाली झाडाच्या बिरला मांजर दादा.
audio/chunk_05710.wav|पिट्टू हत्ती दादा म्हणाले
audio/chunk_05711.wav|ह्या Birla मांजर दादानी तिचा पाठलाग केला असला पाहिजे. मग हळू हळू हळू पाय टाकत चांगल्या डवलदार चालीत Pittu हत्ती दादा गेले आणि आपल्या सोंडेने 2 झपाटे Birla मांजर दादाच्या पाठीत घातले.
audio/chunk_05712.wav|त्याबरोबर फिरला मांजर दादा ओय ओय ओय करत पळून गेले. मग
audio/chunk_05713.wav|Pittu Hatti दादांनी Chunchun Khari ताईला बोलावलं.
audio/chunk_05714.wav|मग खाली ताई झाडावरून सरसर आली.
audio/chunk_05715.wav|मग Pittu Hatti Dada म्हणाले, अगं काय झालं Chunchun Kharu Tai? काही नाही रे Pittu Hatti Dada.
audio/chunk_05716.wav|Chanchala खारुताई जंगलात अन्न आणण्यासाठी गेली आणि मला वाटलं आपणही जरा जंगलातनं फिरावं म्हणून मी आले तर हे भिरला मांजर दादा माझ्या पाठीमागे लागले मग काय करू मी झाडावर चढून बसले त्यांना काय झाडावर चढता येईना आणि तू आलास त्यामुळे माझा जीव वाढला.
audio/chunk_05717.wav|वाचला नाहीतर मला किती वेळ ताटकळत बसायला लागलं असतं वरती
audio/chunk_05718.wav|किती तू खूप चांगला आहेस रे! चल तुला तुझ्या घरी
audio/chunk_05719.wav|सोडवतो. ठीक आहे. मग Pittu Hatti दादानी
audio/chunk_05720.wav|चुनचुन खारुताईला तिच्या घरी नेऊन सोडलं आणि परत ते आपल्या घरी आले.
audio/chunk_05721.wav|परत काय झालं? थोड्या दिवसांनी पावसाळा आला.
audio/chunk_05722.wav|जंगलात पाऊस पडला, दलदल झाली.
audio/chunk_05723.wav|आणि जंगलातले सर्व तुडुंब पाण्याने भरले, जंगलातली नदी तुडुंब भरली, नदीला पूर आला.
audio/chunk_05724.wav|आणि अशा वेळेला काय झालं माहिती आहे?
audio/chunk_05725.wav|जंगलात पूर आल्यावर
audio/chunk_05726.wav|गुट्टू ससे भाऊंचा चिट्टू जंगलाच्या कडेला
audio/chunk_05727.wav|कडेला नदीच्या शेजारी
audio/chunk_05728.wav|चिट्टू गाजर आणायला गेला.
audio/chunk_05729.wav|आणि त्याने गाजरे काढली, पाऊस पडल्यामुळे दलदल झाली होती, त्याचे पाय दोन्ही पंजे हाताचे राड झाले आणि गाजरे ही राड झाली. अरे देवा हे काय?
audio/chunk_05730.wav|चला आपण नदीत जाऊ.
audio/chunk_05731.wav|धुया आपले पंजे पण आणि गाजरे पण घरी जाऊया.
audio/chunk_05732.wav|असे Chittu म्हणाला आणि
audio/chunk_05733.wav|तो नदीच्या काठावर गेला, अलगद पंजे बुडवायला लागला, तेवढ्यात काय झालं त्याचा तोल गेला आणि पाण्यात पडला.
audio/chunk_05734.wav|मग तो घाबरला.
audio/chunk_05735.wav|त्याने काय केले Chitu-ने? त्याला पटकन 1 दगड दिसला आणि त्या दगडाला घट्ट आवळून धरलं आणि ओरडायला लागला, वाचवा वाचवा! मी पडलो, मी पडलो वाचवा, कुणीतरी वाचवा! असं म्हटल्यावर जंगलातनं
audio/chunk_05736.wav|Champa आणि Tai निघाल्या होत्या, त्यांनी पाहिलं. अरे, Kuttu ससेभाऊंचा चिट्टू पाण्यात पडलाय. नदीला पाणी किती आहे, पूर आला आहे, आता काय करायचं? मग त्या पळत पळत गेल्या जंगलातल्या सगळ्या प्राण्यांना सांगितलं. अगदी Sherkhan Maharaj-ना सुद्धा. मग सगळे प्राणी Sherkhan Maharaj आले.
audio/chunk_05737.wav|आणि आता काय करायचं? असल्या महापुरात कोण जाणार आणि कोण Chitu-ला वाचवणार? सगळे प्राणी म्हणाले, आम्हाला नाही जमणार.
audio/chunk_05738.wav|नदीला पूर बघा किती आहे आणि ह्या महापुरात Chitu-ला कोण वाचवणार? काय करायचं? मग Guttu Sasebhau रडायला लागले, माझ्या Chitu-ला कोणीतरी वाचवा पण कोणीच जाईना. महापुरात कोण जाणार?
audio/chunk_05739.wav|पण आमचा Pittu हत्ती दादा
audio/chunk_05740.wav|अरे घाबरू नका मी जातो भोले हत्ती दादा म्हणाले अरे बाळ तू
audio/chunk_05741.wav|तुला जमेल का? नाही, मी जाणार. आणि मग?
audio/chunk_05742.wav|पाण्यात गेला आणि पोहत पोहत पोहत पोहत
audio/chunk_05743.wav|Jhuttu ससे मोपुशाला
audio/chunk_05744.wav|Pittu-ने काय केले? अलगत आपली सोण
audio/chunk_05745.wav|Chittu-च्या मानेजवळ टाकली आणि सोंडेने Chittu-ला उचलून आपल्या पाठीवर घेतले आणि परत Pitu पोहत पोहत नदीच्या काठावर आला.
audio/chunk_05746.wav|अरे सगळे प्राणी, Sherkhan सगळे अचंबित झाले!
audio/chunk_05747.wav|अरे काय एवढे एवढे पिटून हे महापुरातनं
audio/chunk_05748.wav|शेरखान महाराज म्हणाले, काही नाही, बोले हत्ती दादा, राणी हत्ती ताई.
audio/chunk_05749.wav|तुमचा Pithu खूप हुशार आहे, जरी तो छोटा असला तरी खूप हुशार साहसी आहे, कोणतेही अवघड काम करायला माघार नाही त्याची.
audio/chunk_05750.wav|खरंच तुम्ही नशिबाण आहात.
audio/chunk_05751.wav|त्यामुळे Bhole Hatti Dada म्हणाले, आहेच आमचा Pitoo तसा. आणि मग Bhole Hatti Dada-नी Rani Hatti Tai-ने Pitoo-ला जवळ घेतले आणि सगळ्या प्राण्यांनी त्याचे कौतुक केले. Sherkhan Maharaj-नी केले. सगळ्यांनी Pitoo-चा जय जयकार केला आणि
audio/chunk_05752.wav|सगळ्या प्राण्यांना आनंद झाला मग सगळे काय म्हणाले आनंदाने?
audio/chunk_05753.wav|पिटूच्या आमच्या वय आहे छोटे छोटे
audio/chunk_05754.wav|पण साहस आहे खूपच मोठे मोठे चुनचुन खारुताईला सोडवले Birla मांजराच्या तावडीतून.
audio/chunk_05755.wav|चिटूला सोडवले नदीच्या महापुरातून असे म्हणून सगळ्या प्राण्यांनी
audio/chunk_05756.wav|पिटूचे कौतुक केले, मग सगळे प्राणी आपापल्या घरी गेले. म्हणून म्हणतात,
audio/chunk_05757.wav|छोटं वय जरी असलं तरी अंगात हुशारी.
audio/chunk_05758.wav|बुद्धी मोठी असते.
audio/chunk_05759.wav|म्हणूनच Pitu-नं
audio/chunk_05760.wav|मग म्हणून म्हणतात मूर्ती लहान आणि कीर्ती महान.
audio/chunk_05762.wav|Assam-च्या जंगलातले Sher Singh Maharaj
audio/chunk_05763.wav|अतिशय बुद्धिमान, हुशार आणि ताकतवान होते.
audio/chunk_05764.wav|जंगलातले सगळे प्राणी पक्षी त्यांना घाबरायचे.
audio/chunk_05765.wav|दिलेला शब्द कधीही मोडायचे नाही.
audio/chunk_05766.wav|खूप ताकतवान आणि हुशार होते.
audio/chunk_05767.wav|आणि Sher Singh महाराजांनी आपल्या ताकतीचा हुशारीचा गर्व होता.
audio/chunk_05768.wav|ते म्हणायचे माझ्यासारखा ताकदवान हुशार मीच आहे.
audio/chunk_05769.wav|सगळ्या जगातला हुशार म्हणल्यावर मीच.
audio/chunk_05770.wav|असे ते स्वतःला समजायचे.
audio/chunk_05771.wav|ते जंगलातनं फिरत होते.
audio/chunk_05772.wav|फिरता फिरता ते नदीच्या काठी आले.
audio/chunk_05773.wav|बसल्या असताना त्यांनी नदीत पाहिलं तर नदीत 4-5 मासोळ्या
audio/chunk_05774.wav|कधी त्या प्रवाहाबरोबर वाहत जायच्या, कधी नदीच्या वरती यायच्या, कधी नदीच्या काठाला, कधी
audio/chunk_05775.wav|पटकन नदीत जाऊन गडप व्हायच्या, परत वरती यायच्या असा खेळ खेळत होत्या.
audio/chunk_05776.wav|मग Shersingh महाराज मग काय म्हणाले, अरे बघा या मासोळ्या कशा मस्त खेळ खेळतात, आपलं जीवन आनंदाने जगतात.
audio/chunk_05777.wav|त्यांना कोणाची भीती नाही, कोणाचे बंधन नाही, अगदी मनमुराद खेळायला लागल्या.
audio/chunk_05778.wav|पण मी राजा आहे, जंगलचा राजा आहे.
audio/chunk_05779.wav|ही नदी माझ्या जंगलात आहे.
audio/chunk_05780.wav|म्हटल्यावर मी या नदीचाही राजा आहे आणि त्या मासोळ्यांचाही राजा आहे.
audio/chunk_05781.wav|मग तिने काय केलं? 1 मोठी गर्जना केली.
audio/chunk_05782.wav|गर्जनाच्या आवाजानं
audio/chunk_05783.wav|नदीतलं पाणी जरा थरथरलं आणि मासोळे घाबरल्या.
audio/chunk_05784.wav|आणि त्या नदीत खाली पाण्यात गेल्या आणि लपून बसल्या.
audio/chunk_05785.wav|मग Sher Singh महाराज म्हणाले,
audio/chunk_05786.wav|अरे वा बघा ह्या मासोळ्या सुद्धा मला घाबरल्या मग मी आहे का नाही मी आता या नदीचाही राजा आहे.
audio/chunk_05787.wav|जसा जमिनीवरचा राजा आहे.
audio/chunk_05788.wav|तसा या नदीतल्या पाण्याचाही मीच राजा आहे, या मासोळ्यांचाही मीच राजा आहे.
audio/chunk_05789.wav|तेवढ्यात त्या मासोळ्या वर आल्या.
audio/chunk_05790.wav|आणि त्यातल्या एकीने काय सांगितलं?
audio/chunk_05791.wav|त्यांनी सगळं बोलणं Sher Singh महाराजांचं ऐकलं होतं.
audio/chunk_05792.wav|त्यातली मासोळी 1 काय म्हणाली?
audio/chunk_05793.wav|जंगलचे राजा आहात, सगळे प्राणी पक्षी तुम्हाला घाबरतात, भितात, ठीक आहे.
audio/chunk_05794.wav|तुम्ही जंगलचे राजा आहात, पण या नदीचे किंवा या पाण्याचे किंवा आमचे राजे नाहीत.
audio/chunk_05795.wav|तेव्हा Shersingh महाराज म्हणाले,
audio/chunk_05796.wav|अगं मासोळी असं काय बोलतेस?
audio/chunk_05797.wav|जरा पाण्याच्या वर या तुम्ही, मी तुम्हाला खाऊन तुमचा चट्टामट्टा करतो, मी तुमचा राजा आहे.
audio/chunk_05798.wav|ती बुद्धिमान मासोळी 1 होती, ती काय म्हणाली? नाही, तुम्ही आमचे राजे नाही.
audio/chunk_05799.wav|आम्ही पाण्याच्या वरही येणार नाही कारण हे पाणी म्हणजे
audio/chunk_05800.wav|आमची duniya आहे, आमचं जीवन आहे, आमचं जग आहे, कळलं का?
audio/chunk_05801.wav|त्यामुळे तुम्ही या नदीचे पाण्याचे किंवा आमचे राजे नाही.
audio/chunk_05802.wav|समजलं का Sethsingh Maharaj?
audio/chunk_05803.wav|मी खूप ताकदवान आहे, हुशार आहे, त्यामुळे मी या पाण्याचाही राजा आहे, तुमचा राजा आहे.
audio/chunk_05804.wav|तेव्हा ती मासोळी म्हणाली, महाराज,
audio/chunk_05806.wav|पण ती तुमची हुशारी, ताकद तुमच्या जंगलापुरती मर्यादित आहे, पाण्यात नाही.
audio/chunk_05807.wav|नाही माझी ताकद पाण्यातही आहे.
audio/chunk_05808.wav|असे म्हटले आणि Shersingh महाराज पाण्यात उतरले. उतरले पण त्यासनी
audio/chunk_05809.wav|पाण्यातनं नीट चालता येईना.
audio/chunk_05810.wav|पुढे गेले पण चालता येईना, पाय लटपटायला लागले आणि प्रवाहाबरोबर खाली वाहत गेले.
audio/chunk_05811.wav|वाहत गेले त्यांनी कसा कसा 1 दगड पकडला पंजाने आणि त्याला धरून उभे राहिले.
audio/chunk_05812.wav|पुढं पाणी खूप खोल होतं.
audio/chunk_05813.wav|आता जर हात सुटला तर ते पाण्यात जाणार.
audio/chunk_05814.wav|ते घाबरले तेव्हा मासोळ्या येऊन म्हणाल्या,
audio/chunk_05815.wav|बघितलं? Shersingh Maharaj, तुमची ताकद फक्त जमिनीवर चालते, पाण्यात नाही, समजलं का?
audio/chunk_05816.wav|मग Sher Singh महाराजांनी हळूहळू जगड पकडला आणि नदीच्या काठाने वर आले आणि काठावरनं येऊन
audio/chunk_05817.wav|एका गवतावर असे
audio/chunk_05818.wav|कुडकुडू लागले, थंडी वाजू लागली आणि ते शांत पडून राहिले.
audio/chunk_05819.wav|मग थोड्या वेळाने त्यांनी डोळे उघडले, बघितले तर परत मासोळ्या त्या खेळत होत्या.
audio/chunk_05820.wav|शेरसिंग महाराज काय म्हणाले?
audio/chunk_05821.wav|मासोळ्यांनो माझं चुकलं ग.
audio/chunk_05822.wav|मी राजा आहे, ताकद आहे, ती माझी ताकद
audio/chunk_05823.wav|जमिनीपुरतं मर्यादित आहे.
audio/chunk_05824.wav|पाण्यात माझी ताकद चालत नाही, त्यामुळे मी तुमचा राजा नाही.
audio/chunk_05826.wav|आणि तुम्ही चुकलं म्हणला ह्यातच तुमची ताकद आहे, कळलं का?
audio/chunk_05827.wav|परमेश्वरानं प्रत्येकाला निर्माण केलेलं असतं, बुद्धी दिलेली असती, हुशारी दिलेली असती.
audio/chunk_05828.wav|पण ती मर्यादित जागेवर आणि मर्यादित असते.
audio/chunk_05829.wav|तुमची मर्यादा फक्त जमिनीवर आहे आणि आमची मर्यादा पाण्यात आहे. आम्ही पाण्याच्या बाहेर आलो की तडफडून मरून जातो.
audio/chunk_05830.wav|पण पाण्यात राहिलो की आमचं जीवन जगतं, आम्ही जीवन जगू शकतो, आमची मर्यादा पाण्यात आहे आणि तुमची जमिनीवर आहे.
audio/chunk_05831.wav|देवाने प्रत्येकाला
audio/chunk_05832.wav|असा प्राणी निर्माण केलेला असतो.
audio/chunk_05833.wav|जिथे जागा आहे तिथेच त्याला दिलेली असते आणि त्या जागेची मर्यादा पण आखून दिलेली असते देवाने.
audio/chunk_05834.wav|शेखसिंग महाराजांना हे पटलं?
audio/chunk_05835.wav|आणि ते शांतपणे आपल्या जंगलात निघून गेले.
audio/chunk_05836.wav|आणि मासोळ्या परत पाण्यात खेळू लागल्या.
audio/chunk_05837.wav|देवाने प्रत्येकाला
audio/chunk_05838.wav|कोणत्या ना कोणत्या गोष्टीची मर्यादा घालून दिलेली असली बुद्धी बरोबर ताकती बरोबर ज्याची त्याची मर्यादा असते.
audio/chunk_05840.wav|ताडोबाच्या जंगलाजवळ 1 सुंदर असं
audio/chunk_05841.wav|छानसं गाव होतं.
audio/chunk_05842.wav|यांच्यामध्ये थोडंसं अंतर होतं.
audio/chunk_05843.wav|मग Sundari Manjari ताई Tadoba-च्या जंगलात राहायच्या.
audio/chunk_05844.wav|कधी गावात राहायच्या, गावही त्यांना आवडायचं आणि जंगलही आवडायचं.
audio/chunk_05845.wav|मी एकदा त्यांनी काय ठरवलं Sundari Manjari ताईंनी आपण आता गावात राहायला जायचं.
audio/chunk_05846.wav|गाव छोटंसं असलं तरी खूप छान होतं, घरे छान होती, घराभोवती बागा होत्या फळांच्या फुलांच्या.
audio/chunk_05847.wav|त्यामुळे सुंदरी मांजरी ताईंना ते गाव खूप आवडायचं.
audio/chunk_05848.wav|मग त्या वरचे वर त्या गावात राहायला यायच्या. अशाच त्या एकदा गावात राहायला आल्या. त्यांनी 1 घर पाहिलं, घरही छान होतं, घराभोवती सुंदर बाग होती. फळांची, फुलांची झाडे होती, घरची माणसेही प्रेमळ होती. मग सुंदरी मांजरी ताई त्या घरात येऊन राहिल्या. मग एकदा काय होतं?
audio/chunk_05849.wav|घरातलं सगळं आटपल्यावर त्या दुपारी काय करायच्या?
audio/chunk_05850.wav|बागेत जाऊन बागेतल्या कट्ट्यावर बसायच्या.
audio/chunk_05851.wav|एकदा त्या कट्ट्यावर अशाच बसले असताना
audio/chunk_05852.wav|वर झाडावर त्यांना 1 चिमणीताई दिसली. त्या होत्या साळू चिमणताई.
audio/chunk_05853.wav|त्या पण नुकत्याच त्या बागेत राहायला आल्या होत्या.
audio/chunk_05854.wav|मग दोघींची साळू चिमन ताई आणि सुंजरी मांजरी ताईंची मैत्री झाली.
audio/chunk_05855.wav|दोघी एकमेकीच्या खूप जवळच्या मैत्रिणी झाल्या.
audio/chunk_05856.wav|दुपारी घरातलं आटपलं की Sundari Manjari Tai येऊन त्या कट्ट्यावर बसायची, मग झाडावरून साळू आणि Sundari Manjari Tai एकमेकीबरोबर गप्पा मारायच्या, एकमेकीची दुःखे एकमेकींना सांगायच्या.
audio/chunk_05857.wav|त्यामुळे त्या खूप जवळ आल्या होत्या.
audio/chunk_05858.wav|दोघींना एकमेकीशिवाय कर्मायचं नाही. साळूची म्हणताई तब्येतीने जरा अशक्त होत्या, लहान होत्या.
audio/chunk_05859.wav|तर एकदा काय होतं, साळूची म्हणताई ज्या झाडावर राहिल्या होत्या, त्याच झाडावर
audio/chunk_05860.wav|मिनू चिमणी ताई म्हणून 1 गलेलट्ट चिमणू ताई राहायला आल्या.
audio/chunk_05861.wav|पण त्या खूप आगाव आणि भांडखोर होत्या.
audio/chunk_05862.wav|1 दिवस छान वागल्या, नंतर दुसऱ्या दिवशीपासून त्या साळू चिमंत ताईशी भांडण करू लागल्या मिनी चिमंत ताई.
audio/chunk_05863.wav|कारणाशिवाय भांडायच्या.
audio/chunk_05864.wav|मग साळूची म्हणताई बिचाऱ्या गप निमूटपणे सगळं सहन करायच्या.
audio/chunk_05865.wav|Meenu Chiman ताईंनी कहर केला.
audio/chunk_05866.wav|त्यांनी येऊन साळू चिमन ताईंना
audio/chunk_05867.wav|चोचीनं जखमी केलं.
audio/chunk_05868.wav|नंतर संध्याकाळ झाल्यावर झाडावर आल्या.
audio/chunk_05869.wav|साळू चिमनताई बिचाऱ्या रडत होत्या.
audio/chunk_05870.wav|चोचीने मारलेला मेनू चिमन ताईंने जखमी केलेला भाग दुखत होता.
audio/chunk_05871.wav|मग दुपारी सुंदरी मांजरीताई आल्या.
audio/chunk_05872.wav|आणि त्या म्हणाल्या, साळू, अगं एवढी का रडतेस? काय झालं तुला? तू दुःखी का आहेस?
audio/chunk_05873.wav|मग साळूची म्हण ताई काय म्हणाल्या? काय सांगू सुंजरी मांजरी ताई तुला?
audio/chunk_05874.wav|अगं मी राहते या झाडावरच 1 मिनू चिमन ताई म्हणून आल्या.
audio/chunk_05875.wav|त्या ताकदवान आहेत, गलेलोट आहेत, त्या माझ्यावर सारख्या भांडण करतात.
audio/chunk_05876.wav|आपल्या चोचीने जखमी केले, माझी जखम खूप दुखत्या बघ, मी काय करू सांग बरं?
audio/chunk_05877.wav|मला Minu Chiman ताई फार त्रास देत्यात.
audio/chunk_05879.wav|मग सुंदरी मांजरी ताई म्हणाल्या, तू काही काळजी करू नको साळूची म्हणताई, मी बघते मीनेची म्हणताईला.
audio/chunk_05880.wav|कशी तुला नंतर ती मारते ती.
audio/chunk_05881.wav|असं म्हणून थोड्याच दिवसांनी Sundari Manjari ताईंनी काय केलं?
audio/chunk_05882.wav|मिनू चिमंत ताई झाडाच्या फांदीवर बसल्या होत्या, त्याने आणलेले फळ खाण्यात त्या गर्क होत्या.
audio/chunk_05883.wav|मग ही संधी साधून Sundari Manjari-ताईंनं काय केलं?
audio/chunk_05884.wav|भर कोण झेप घेतली वरच्या फांदीवर झाडाच्या आणि Minu Chimuntai-चा मानेचा भाग आपल्या तोंडात धरला.
audio/chunk_05885.wav|त्यांना जखमी केलं दाताने.
audio/chunk_05886.wav|आणि गट्टम करून मेनू चिमु ताईला खाऊन टाकलं.
audio/chunk_05887.wav|मग साळू चिमंतायचा त्रास संपला.
audio/chunk_05888.wav|साळू चिमन ताईला खूप आनंद झाला.
audio/chunk_05889.wav|त्या म्हणाल्या, सुंदरी मांजरी ताई माझा त्रास वाचवलास ग.
audio/chunk_05890.wav|खूप वाईट होती, मला खूप त्रास द्यायची आणि ताकदहार होती.
audio/chunk_05891.wav|तिचा बंदोबस्त तू केलास, खूप छान केलंस ग, पण मी तरी काय करू सांग? मला सुद्धा वाटत होतं, Minu मावशीला माराय नको, पण ती मला खूप त्रास द्यायची.
audio/chunk_05892.wav|असं म्हटल्यावर सुंदरी मांजरी ताई म्हणाली, अगं साळू आता तुझा त्रास संपला!
audio/chunk_05893.wav|आता तू काळजी करू नको.
audio/chunk_05894.wav|तू अगदी खाऊन पिऊन छान पैकी रहा, तुझी तब्येत सुधार.
audio/chunk_05895.wav|हो हो कसुंदरी मांजरी ताई, मी आता माझी तब्येत सुधारते.
audio/chunk_05896.wav|मग सुंदरी मांजरी ताईनं काय आखलं होतं माहितीये? सुंदरी मांजरी ताईनं Minu मावशीचं मांस खाल्ल्यावर तिला खूप छान लागलं होतं मांस. सुंदरी मांजरी ताई काय मनात म्हणाली?
audio/chunk_05897.wav|अरे वा Minu मावशीचं
audio/chunk_05898.wav|मांस इतकं छान आहे, Minu मावशी इतकी गलेलट्ट वयस्कर असून तिचं मांस मला इतकं चविष्ट लागलं, मग साळूची म्हणता ही लहान आहे.
audio/chunk_05899.wav|तिचं शरीर कोवळं आहे, तिचं मांस किती सुंदर लागेल मला, काही नाही, साळू चिमन ताईलाही गटम करायचं.
audio/chunk_05900.wav|मग नेहमीप्रमाणे सुंदरी मांजरी ताई आणि साळू चिमन ताई गप्पा मारत बसायच्या.
audio/chunk_05901.wav|मग साळू चिमन ताईलाही सुंदरी बरोबर बोलल्यावर बरं वाटायचं, म्हणायची, सुंदरी मांजरी ताई तू खूप छान केलंस बघ, मिनू मावशीला मारून माझं रक्षण केलंस.
audio/chunk_05902.wav|तुझी मैत्री खूप खूप खूप ग सांग सांगूने इतकं माझ्याशी घनिष्ठ मैत्री आहे.
audio/chunk_05903.wav|तू खूप मायाळू आहेस, प्रेमळ आहेस.
audio/chunk_05904.wav|आणि मैत्री निभावणारी आहेस.
audio/chunk_05905.wav|असं साळू चिमन ताई म्हणल्यावर सुंदरी मांजरी ताई मनातल्या मनात म्हणाली.
audio/chunk_05906.wav|साळुताई, माझी मैत्री खूप घनिष्ठ आहे.
audio/chunk_05907.wav|पण ती आता तू पण माझ्या पोटात घट्टम होणार आहेस, कळलं?
audio/chunk_05908.wav|पण वर वर सुंदरी मांजरी ताई म्हणाली, हो ग साळूची म्हणताई, मैत्री निभवायला लागते, करायला लागते, संकटात एकमेकांना मदत करायला लागते, तुझ्यावरच संकट मी घालवलं. आपण अशीच आपली मैत्री टिकूया आणि मग रोज दोघी गप्पा मारत बसायच्या.
audio/chunk_05909.wav|मग सुंदरी मादुरी ताईंनी एके दिवशी डाव साधला. दुपारी बागेत आल्यावर
audio/chunk_05910.wav|मग सुंदरी मांजरी ताई
audio/chunk_05911.wav|तोंड जरा वाईट दुःखी करून म्हणाली, अगं साळू चिमू ताई, ये ग बघू.
audio/chunk_05912.wav|मिनू मावशीने कुठे घायाळ केलं?
audio/chunk_05913.wav|हो हो आले Sundari ताई.
audio/chunk_05914.wav|म्हणून साळूची म्हणताई हळूच सुंदरी मांजरी ताईच्या पुढे येऊन बसल्या. बघ ना ग, Minu मावशीने माझ्या मानेला किती जखम केल्या चोच मारून सांग बरं. हो हो, आता तुझी जखम मी बरी करते. ती कशी काय ग सुंदरी ताई? बघ ना, आता मी तुझी जखम बरं करते.
audio/chunk_05915.wav|असं म्हणून सुंदरी माजरी ताईंने आपल्या तोंडाचा आ करून साळू चिमन ताईंना पोटात घेऊन गट्टम केलं.
audio/chunk_05916.wav|खरी मैत्री नव्हती.
audio/chunk_05917.wav|सुंदरी मांजरी ताईंन मैत्रीच सोंग केलं कारण चिमुताईची सुंदरी मांजरी ताई
audio/chunk_05918.wav|आणि तिने आपला शेवटी डाव सफल केला Sundari Manjari ताईंने.
audio/chunk_05919.wav|मैत्रीचे सोंग करून
audio/chunk_05920.wav|Meenu मावशीला खाऊन टाकलं.
audio/chunk_05921.wav|साळूची म्हणताईला खाऊन टाकलं.
audio/chunk_05922.wav|फसव्या मैत्रीला साळू चिमंत ताई भुल्ली आणि सुंदरी मांजरी ताईशी मैत्री तिने केली.
audio/chunk_05923.wav|मग Sundari Manjari ताईंनी तिला फसवलं.
audio/chunk_05924.wav|म्हणून कधीही आपल्या दुष्टाशी आपल्याबरोबर वाईट वागणाऱ्याशी मैत्री करू नये कधी ना कधी आपण फसतो.
audio/chunk_05925.wav|मित्र किंवा मैत्रीण निवडावी कशी?
audio/chunk_05926.wav|अगदी विचार करून मित्र किंवा मैत्रीण निवडावी.
audio/chunk_05927.wav|म्हणजे आपले नुकसान होणार नाही.
audio/chunk_05929.wav|सुंदरबनच्या जंगलात प्रजादक्ष Sherkhan महाराजांच्यामुळे
audio/chunk_05930.wav|जंगलवासीय अगदी सुखसमाधानात होते प्राणी पक्षी आनंदात होते शेरखान महाराज प्रजेची काळजी खूप चांगल्या प्रकारे घेत होते
audio/chunk_05931.wav|काही नको पाहिजे सगळं बघायचे.
audio/chunk_05932.wav|भांडण असले प्रजेचे भांडण मिटवायचे योग्य तो न्याय द्यायचे
audio/chunk_05933.wav|प्राण्यांना कुठल्या काही गरज वाटली लगेच ते द्यायचे.
audio/chunk_05934.wav|सगळ्यांची अगदी मनापासून काळजी घेत होते त्यांना वाटत होते आपलं जंगल हे
audio/chunk_05935.wav|सुजलाम सुफलाम असावं प्रजा सुखी असावी म्हणून ते सारखे प्रयत्न करायचे.
audio/chunk_05936.wav|एकदा काय होतं, सुंदरबनच्या जंगलात 1 नवीन दुसऱ्या जंगलातला डमरू नावाचा 1 हत्ती येतो.
audio/chunk_05937.wav|जंगलच्या प्राण्यांना त्रास द्यायला लागला.
audio/chunk_05938.wav|छोटे छोटे ससेभाऊ, कोल्लोबा, माकडदादा,
audio/chunk_05939.wav|झाडावरी पक्षांची घरे पाडू लागला, अंडी फोडू लागला, झाडे पाडू लागला, मोठ्या प्राण्याने त्रास देऊ लागला. त्याचे हे वागणं बघून सगळे प्राणी भ्यायले, घाबरले.
audio/chunk_05940.wav|मग ते एकत्र जमले आणि Sherkhan Maharaj-च्याकडे गेले. मग त्यांनी सगळी तक्रार Sherkhan Maharaj-ना सांगितली, महाराज आपल्या जंगलात 1 डमरू नावाचा दुष्ट हत्ये आलाय. तो आम्हा सगळ्या प्राणांना त्रास देतोय. काही तर उपाय करा. मग Sherkhan Maharaj म्हणाले,
audio/chunk_05941.wav|ठीक आहे ठीक आहे मी उपाय करतो मी काय सांगतो ऐका
audio/chunk_05942.wav|उद्या तो हत्ती जिथे आहे तिथे मी येतो आणि तुम्ही सगळ्यांनी यायचं आणि मी त्याला आव्हान करतो युद्ध करायचं.
audio/chunk_05943.wav|मी युद्ध करायचं त्याला आव्हान केलं की तुम्ही सगळ्या प्राण्यांनी त्याच्या भोवतीने फिरायचं आणि वेगवेगळे आवाज काढायचे, कालवा करायचा म्हणजे त्याला काही सुचणार नाही त्याची मती...
audio/chunk_05944.wav|गुंग होईल असं करायचं ठीक आहे का?
audio/chunk_05945.wav|सगळे प्राणी एका सुरात म्हणाले, ठीक आहे महाराज, आम्ही असेच करतो, उद्या या तुम्ही. मग सगळे प्राणी आपापल्या गुहेत गेले. दुसऱ्या दिवशी जिथे डमरू हत्ती गवत खात होता, तिथे Sherkhan महाराज गेले.
audio/chunk_05946.wav|त्यांनी त्याला चेतावणी केली.
audio/chunk_05947.wav|अरे धमक असली तर माझ्यावर युद्ध कर, माझ्या जंगलवासियांना त्रास देऊ नको, तू जंगलातनं निघून जा.
audio/chunk_05948.wav|असे बोलले. डमरू हत्ती म्हणाला, मी जंगल सोडणार नाही. मी सगळ्या प्राण्यांना, पक्षांना त्रास देणार, त्यात मला आनंद मिळतो.
audio/chunk_05949.wav|Sherkhan महाराज म्हणाले, मग माझ्याशी युद्धाला तयार हो.
audio/chunk_05950.wav|तेव्हा सगळे प्राणी त्या हत्तीच्या भोवतीने आले आणि त्यांनी ओरडायला आणि कालवा करायला सुरुवात केली.
audio/chunk_05951.wav|मग Sherkhan महाराज काय म्हणतात आपली शक्ती ताकद काय आहे हे त्या हत्तीला काहीच समजेना कारण सगळ्या प्राण्यांनी ओरडायला सुरुवात केली.
audio/chunk_05952.wav|त्यामुळे त्यांचं डोकं भिरभिरायला लागलं, त्यांना काही सुचेना डमरू हत्तीला.
audio/chunk_05953.wav|तिची शक्ती क्षीण झाली.
audio/chunk_05954.wav|आणि तो Sherkhan महाराजांना म्हणाला, महाराज मला माफ करा.
audio/chunk_05955.wav|मी आजपर्यंत खूप त्रास दिला जंगलवासियांना, पक्ष्यांना, प्राण्यांना.
audio/chunk_05956.wav|पण मी आता तुम्हाला त्रास देणार नाही कारण तुम्ही सगळे प्राणी एकत्र आहात.
audio/chunk_05957.wav|एकजुटीने माझ्याबरोबर लढायला आलाय पण मी पडलो एकटा आणि त्यात ह्या सगळ्यांच्या
audio/chunk_05958.wav|प्राण्यांच्या आवाजाने तुम्ही मला चेतावणी देता ह्याने मला काहीच कळेना असं झालं, माझी मती गुंग झाल्या, शक्ती क्षीण झाल्या, त्यामुळे मला काही समजत नाही, मला माफ करा, मी तुमचे जंगल सोडून माझ्या जंगलात निघून जातो.
audio/chunk_05959.wav|मग Sherkhan महाराज म्हणाले ठीक आहे.
audio/chunk_05960.wav|आणि म्हणाले परत असा गर्व करू नको आणि गर्व म्हणजे तू ताकतीचा गर्व करतोयस ताकतीच्या गर्वाच्या बळावरच आमच्या जंगलवास यांना त्रास द्यायला लागलाय तुला घमेंड झाली ताकतीची
audio/chunk_05961.wav|तुला काय वाटतंय मी सगळ्यात ताकदवान आहे असं तुला वाटतंय तो त्यामुळे तू हा त्रास देतोयस छोट्या छोट्या प्राण्यांना त्यामुळे पुढे असे करू नको.
audio/chunk_05962.wav|आणि जा माझं हे जंगल सोडून जा.
audio/chunk_05963.wav|ठीक आहे, महाराज मी चुकलो माफ करा, असा डमरू हत्ती म्हणाला आणि जंगल सोडून निघून गेला. तो गेल्यावर सगळ्या प्राण्यांना पक्षांना आनंद झाला त्यांनी Sherkhan महाराजांचे
audio/chunk_05964.wav|खूप खूप आभार मानले. महाराज तुमची बुद्धी किती तल्लक आहे, तुम्ही काही ना काही युक्ती करून आम्हाला संकटातून वाचवता.
audio/chunk_05965.wav|शेरखान महाराज आले म्हणाले, ठीक आहे मित्रांनो, अहो राजाचं कर्तव्यच आहे तुम्हाला वाचवणं ते मी केलं.
audio/chunk_05966.wav|मग सगळे प्राणी Sherkhan Maharaj आपापल्या गुहेत
audio/chunk_05967.wav|आनंदाने निघून गेले, प्राण्यांच्या वरीचे संकट ठळले, निर्धास्त मनाने प्राणी पक्षी आपापल्या गुहेत घरात
audio/chunk_05968.wav|यावरून असं वाटतं.
audio/chunk_05969.wav|राजा अतिशय चांगला पाहिजे प्रजेला.
audio/chunk_05970.wav|राजा चांगला असला की प्रजेचे रक्षण
audio/chunk_05971.wav|कशाचीही प्रजेला चिंता राहत नाही.
audio/chunk_05973.wav|Sundarban-चे जंगल नावाप्रमाणे सुंदर होते.
audio/chunk_05974.wav|मोठमोठे डेरेदार फळांचे वृक्ष.
audio/chunk_05975.wav|रंगीबेरंगी फुलांची झाडे
audio/chunk_05976.wav|मऊ मऊ गालीच्या सारखे गवत
audio/chunk_05977.wav|आणि मध्यभागी सुंदर असे निळ्या निळ्या पाण्याचे सरोवर.
audio/chunk_05978.wav|या पाण्यात अनेक जलचर प्राणी राहत होते आणि झाडावर सुंदर रंगीबेरंगी पक्षी राहत होते. जंगलात
audio/chunk_05979.wav|सगळे कसे अगदी आनंदाने आणि गुण्या गोविंदाने राहत होते
audio/chunk_05980.wav|जंगलची हवा अशी सुंदर जादू केल्याप्रमाणे होती.
audio/chunk_05981.wav|त्यामुळे सगळ्यांना कसे या जंगलात प्रसन्न वाटायचे.
audio/chunk_05982.wav|तर निळ्या सरोवराच्या काठावर 1 सुंदर असे मोठे विशाल डेरेदार आंब्याचा वृक्ष होता.
audio/chunk_05983.wav|वर्षातनं एकदा त्याला सुंदर असा मोहर यायचा.
audio/chunk_05984.wav|सुंदर सुंदर गोड गोड आंबे लागायचे, सगळे पक्षी
audio/chunk_05985.wav|मनुष्य प्राणी येता जाता घेऊन जायचा.
audio/chunk_05986.wav|असं ते जंगल अतिशय सुंदर होतं.
audio/chunk_05987.wav|वाऱ्याचा झोत आला आणि त्या वाऱ्याच्या झोताने 1 भोपळ्याची बी येऊन
audio/chunk_05988.wav|त्या आंब्याच्या वृक्षाच्या मुळाशी पडली.
audio/chunk_05989.wav|ती बी जमिनीत रुजली. रुजल्यावर त्यातनं अंकुर फुटून 1 सुंदर असा वेला झाला.
audio/chunk_05990.wav|मग तो वेल भरभर वाढू लागला.
audio/chunk_05991.wav|आणि तो वेगात वाढून त्या आंब्याच्या झाडावर चढला.
audio/chunk_05992.wav|आणि सगळ्या फांद्यावरनी पसरला.
audio/chunk_05993.wav|आणि थोड्याच दिवसात त्याला फुले आली, फळेही आली.
audio/chunk_05994.wav|आम्रवृक्षाला May महिन्याच्या season-मध्ये
audio/chunk_05995.wav|मोहर यायचा आणि गोड गोड आंबे लागायचे, आंब्याचे फळ इतके गोड होते.
audio/chunk_05996.wav|आणि सुंदर होते सगळ्यांना ते हवे हवेसे वाटायचे.
audio/chunk_05997.wav|म्हणून फळांचा राजा कोण? आंबा! असे त्या वृक्षाचे नाव पडले होते राजा म्हणून.
audio/chunk_05998.wav|मग सगळे त्याला अंबा राजा वृक्ष म्हणायचे.
audio/chunk_05999.wav|मग ह्या भोपळ्याच्या वेलाला
audio/chunk_06000.wav|फुले आली, फळे आली.
audio/chunk_06001.wav|वेलाला खूप आनंद झाला. तो काय म्हणाला, अरे हा आंब्याचा वृक्ष इतका वर्ष उभा आहे, याला अजून फुल पण नाही, फळ पण नाही.
audio/chunk_06002.wav|आणि मी थोड्याच दिवसात येऊन मला बघा भरभर वाढलो मी, मला फुले आली.
audio/chunk_06003.wav|अय्या किती छान आहे, मला खूप आनंद झाला आहे.
audio/chunk_06004.wav|असा म्हणून तो वेड गर्वाने फुगून गेला.
audio/chunk_06005.wav|वृक्षाकडे बघू लागला आणि 1 दिवस तो आम्र राजा वृक्षाला काय म्हणाला?
audio/chunk_06006.wav|काय रे हे? तू किती दिवस उभा आहेस इथे? किती वर्षे उभा आहेस? मी बघ.
audio/chunk_06007.wav|परवा परवा तुझ्या झाडाच्या बुंद्याशी येऊन पडलो.
audio/chunk_06008.wav|मला अंकुर फुटून माझा वेल झाला.
audio/chunk_06009.wav|आधारासाठी तुझ्याच हाडावर चढलो.
audio/chunk_06011.wav|मग आम्रवृक्ष काय म्हणाला?
audio/chunk_06012.wav|तुझे हे सगळे बरोबर आहे, मी मान्य करतो, पण ऐक.
audio/chunk_06013.wav|इतका वर्ष मी इथे ताट मानेने उभा आहे.
audio/chunk_06014.wav|पावसाळे बघितले, हिवाळे बघितले, उन्हाळे बघितले.
audio/chunk_06015.wav|पण मी आहे तसा ताठ मानेने उभा आहे.
audio/chunk_06016.wav|मला वर्षातनं एकदाच मोहर येतो.
audio/chunk_06017.wav|पण कायम लक्षात राहील अशी गोड गोड फळे मी प्राण्यांना, पक्षांना, मनुष्याला देतो. माझ्या विशाल वृक्षाची सावली मनुष्याला, प्राण्यांना, पक्षांना मिळते. त्यामुळे सगळे आनंदात असतात.
audio/chunk_06018.wav|तुला हा मिळालेला आनंद
audio/chunk_06019.wav|क्षणभंगुर आहे, कळलं का भोपळ्याच्या वेला?
audio/chunk_06020.wav|तू क्षणभरात वाढलास, मोठा झाला, फुले आली, फळे आली, पण हा तुझा आनंद क्षणभंगुर आहे, कायम टिकणारा नाही. त्यामुळे थोड्याशा क्षणभर मिळणारा आनंदाने तू खुलून जाऊ नकोस.
audio/chunk_06021.wav|आणि दुसऱ्याची निंदा करू नकोस.
audio/chunk_06022.wav|उघड उघड माझी निंदा करतोयस.
audio/chunk_06023.wav|कसा आहे माहिती आहे का? क्षणभर मिळालेल्या गोष्टीच्या आनंदाने, अभिमानाने
audio/chunk_06024.wav|हे कायम टिकणार नाही, कळलं का तुला?
audio/chunk_06025.wav|हा आनंद तुझा क्षणभंगुर आहे.
audio/chunk_06026.wav|त्यामुळे तू गर्व करू नको, माझी निंदा करू नकोस.
audio/chunk_06027.wav|थोड्याच वेळात 1 मोठा वाऱ्याचा झोत आला.
audio/chunk_06028.wav|आणि त्या झोताने भोपळ्याचा वेल आम्रवृक्षावरून खाली गळून पडला, त्याची फुलेही पडली, फळेही पडली.
audio/chunk_06029.wav|मग आम्रवृक्ष काय म्हणाला? पाहिलंस?
audio/chunk_06030.wav|भोपळ्याच्या वेळेला हा आनंद तुझा क्षणभर होता तरी तू गर्व केलास.
audio/chunk_06031.wav|अरे कायमस्वरूपी टिकणारा आनंद नव्हता. कुठलीही वस्तू, गोष्ट कायम टिकणारी असली
audio/chunk_06032.wav|तर गर्वानं तरी पण गर्व करायचा नाही. अभिमान येतो आपल्याला, मान्य आहे, पण तो कायमचा आनंद, अभिमान कायम आपला आपण दुसऱ्याला आनंद देणारा कायमस्वरूपी असावा.
audio/chunk_06033.wav|तुला मिळालेला आनंद हा क्षणभंगुर होता. एवढ्याशा आनंदाने तू फुलून फुगून गेलास.
audio/chunk_06034.wav|एका साध्याच्या वाऱ्याच्या झोताने तू गळून पडलास.
audio/chunk_06035.wav|मग भोपळ्याच्या वेलाला आपली चूक कळली.
audio/chunk_06036.wav|तो म्हणाला, चुकले रे मी, आम्रवृक्षा मी चुकलो. मी आता क्षणभर मिळणाऱ्या आनंदाने कधी फुगून फुलून जाणार नाही, दुसऱ्याची निंदा करणार नाही. तू म्हणतोस ते बरोबर आहे, गर्वाचे घर नेहमी खाली असते.
audio/chunk_06037.wav|मी गर्व केला आणि शेवटी कोलमडून पडलो. म्हणजे माझं तेच झालं, गर्वाचे घर माझे खाली झाले.
audio/chunk_06038.wav|मी चुकलो आता मी असा वागणार नाही असं म्हणून भोपळ्याचा वेल आम्रवृक्षाच्या पायाशी पडून राहिला.
audio/chunk_06039.wav|थोड्याशा मिळणाऱ्या आनंदाने गर्वाने कधी कुकून जाऊन दुसऱ्याची निंदा करू नये, गर्व कधी
audio/chunk_06040.wav|थोड्याशा आनंदाचा गर्व कधी करू नये, म्हणून म्हणतात गर्वाचे घर नेहमी खाली असते.
audio/chunk_06042.wav|Nilgiri नावाचे 1 सुंदर असे तेजोमय जंगल होते.
audio/chunk_06043.wav|जंगलात झाडे, फळे सगळं काही तेजोमय होतं, मऊ मऊ गवर.
audio/chunk_06044.wav|अद्भुत असल्यासारखं ते जंगल होतं आणि अतिशय सुंदर होतं.
audio/chunk_06045.wav|मन प्रसन्न करणारं असं ते जंगल होतं.
audio/chunk_06046.wav|Shiba नावाचे खत्ती दादा राहत होते.
audio/chunk_06047.wav|ते खूप देखणी आणि सुंदर होते.
audio/chunk_06048.wav|त्यांचे निळे डोळे ताऱ्यासारखे चमकायचे.
audio/chunk_06049.wav|चालायला लागले की सोंडेतून बासरीचा सूर ऐकू याचा.
audio/chunk_06050.wav|पाय त्यांचे मोमो होते.
audio/chunk_06051.wav|खूप तेजस्वी हत्ती दादा होते शिबा.
audio/chunk_06052.wav|आणि त्यांचे मित्र कोण होते माहिती आहे? त्यांचे मित्र होते Bunty Makad Dada. दोघे एकमेकांचे अतिशय जिवलोक मित्र होते. एकमेकापासून त्यांना अजिबात चैन पडायचा नाही.
audio/chunk_06053.wav|दोघे खायचे बरोबर पाणी प्यायला बरोबर जायचे
audio/chunk_06054.wav|राहायचे एका गुहेत सगळं काही एकत्र इतके जिवलग मित्र होते.
audio/chunk_06055.wav|तर दोघे काय म्हणाले?
audio/chunk_06056.wav|Shiva दादा आपण जंगल फिरून येऊया का?
audio/chunk_06057.wav|मग Shivbharti Dada म्हणाले, होय रे Bunty, मला पण खूप वाटतंय. बऱ्याच दिवसापासून आपण जंगल फिरलेलं नाही. फिरून येऊया आणि जंगलात आज लांबपर्यंत जाऊया. काहीतरी शोध लावूया कशाचा तरी. ऐतिहासिक काही पुराणिक दिसते का बघूया. ठीक आहे. म्हणून Bunty म्हणाला मग दोघे जंगल safari-ला गेले.
audio/chunk_06058.wav|निघाले त्यांच्या जंगलाजवळून जरा बऱ्याच अंतरावर गेले.
audio/chunk_06059.wav|आणि खूप झाडी तिथे होती. मग दोघे थांबले व Shiba काय म्हणाला, अरे Bunty ही तर खूप झाडी आहे.
audio/chunk_06060.wav|पण ती हळू हळू पुढे गेला बघतोय तर त्या झाडीच्या खाली 1 सुंदर अशी
audio/chunk_06061.wav|मग तो काय म्हणाला, अरे Shibba दादा इथे 1 सुंदर गुहा आहे त्या गुहेला पायऱ्या आहेत.
audio/chunk_06062.wav|मग शिब्बात्ती दादाही पुढे आले, दोघांनी बघितलं, अरे वा सुंदर सुंदर गुहा, गुहेच्या दारा, छान छान फुलांची, फळांची झाडे, छान पायऱ्या, दोघांनाही ते खूप आवडलं.
audio/chunk_06063.wav|मग Shiba हत्ती दादा म्हणाले, अरे Bunty जाऊया का आपण ग आत गुहेत?
audio/chunk_06064.wav|मग पण ती काय म्हणाला होय जाव्या
audio/chunk_06065.wav|मग Shibhatti दादा म्हणाले, अरे!
audio/chunk_06066.wav|तू भिनार नाहीस ना? नाही रे, Shiva दादा.
audio/chunk_06067.wav|तू एवढा माझा जिवलग मित्र आहेस.
audio/chunk_06068.wav|तो असल्यावर मला अजिबात कशाची भीती वाटत नाही.
audio/chunk_06069.wav|मग दोघे पायऱ्या चढून त्या भुयेजवळ गेले. खूप बरं वाटलं, खूप छान होतं ते सगळं.
audio/chunk_06070.wav|मग बघतात तर त्या गुहेच्या तोंडावर 1 दरवाजा होता.
audio/chunk_06071.wav|आणि तो दरवाजा बंद होता. मसिबात ती दादा म्हणाले, अरे Bunty दरवाजा तर बंद आहे, कसा उघडायचा?
audio/chunk_06072.wav|शिबा हत्ती दादा तू बघ की त्या दरवाजावर काहीतरी लिहिलेलं आहे वाच तू तुला येतंय ना वाचता
audio/chunk_06073.wav|मग Shibati दादा म्हणाले हो रे वाचतो मी.
audio/chunk_06074.wav|मग Shiva Hatti Dada वाचू लागले त्या दरवाजावर
audio/chunk_06076.wav|शिबा हत्ती दादांनी ती लिपी वाचली.
audio/chunk_06077.wav|हत्ती दादा काय आहे त्या दरवाजावर काय लिहिलंय?
audio/chunk_06078.wav|अरे Bunty रायचीन लिपीत लिहिलंय.
audio/chunk_06079.wav|की हा जो दरवाजा जो कोणी उघडेल
audio/chunk_06080.wav|त्या त्याने शक्तीचा आपल्या त्याग करावा.
audio/chunk_06081.wav|अरे मग तो उघडणार दरवाजा?
audio/chunk_06082.wav|हो उघडतो की मला शक्तीचे काही वाटत नाही.
audio/chunk_06083.wav|पण तुझी शक्ती काही नाही होत रे चल.
audio/chunk_06084.wav|मग हत्ती दादांनी तार उघडलं.
audio/chunk_06085.wav|आणि ते दोघे आत गेले, गुहेत आत गेले. आत तर अतिशय सुंदर.
audio/chunk_06086.wav|भरपूर फळांची फुलांची झाडे हिरवेगार गवस सुंदर सरोवर खूप खूप छान होतं कमळाची फुले
audio/chunk_06087.wav|फुललेली सरोवरात भरपूर छान छान सगळं होतं दोघांना बघून ते सगळं खूप खूप आनंद झाला.
audio/chunk_06088.wav|न शिबा हत्ती दादानी 1 कमळाचं फूल सोंडेने उचललं आणि सरोवरात टाकलं सरोवरात फूल टाकल्यावर काय झालं?
audio/chunk_06089.wav|ते फुल कमळाचं सरोवरात पडल्यावर
audio/chunk_06090.wav|सरोवराला दिव्य तेज आलं, ते सरोवर चमकायला लागलं.
audio/chunk_06091.wav|मग ते काय म्हणाले असे बघती दादा, अरे बंटी फुल अद्भुत आहे, खूप छान आहे, बघ सरोवर कसं तेजोमय झालं, तुला देऊ का फुल ते?
audio/chunk_06092.wav|मग Bunty काय म्हणाला? नको रे सी बात ती दादा, मला फुल नको, ती तेजोमय नको, सोनेरी
audio/chunk_06093.wav|दिसायला काही नको, मला काही काही सुद्धा नको, मला फक्त तू पाहिजेस.
audio/chunk_06094.wav|तुझी शक्ती जायला नको एवढा माझा चांगला मित्र आहे तो फक्त मला पाहिजे.
audio/chunk_06095.wav|अरे मी आहेस तुला मी कुठे जाणार आहे पण अद्भुत तू बघितलंस का नाही बघ फुल टाकल्यावर
audio/chunk_06096.wav|त्या सरोवरात किती सोनेरी color आला छान झालं सोनेरी
audio/chunk_06097.wav|सरोवर चमकायला लागलं. होय रे, शिंभा हत्ती दादा. सरोवर चमकतंय मला मान्य आहे, पण मला त्या सगळ्याही पेक्षा...
audio/chunk_06098.wav|बरं ठीक आहे मी आहेच रे असे म्हणून दोघे बाहेर आले परत आपल्या जंगलात आले.
audio/chunk_06099.wav|बंटी माकड दादाला आपला हत्ती दादा पाहिजे होता मित्र म्हणून.
audio/chunk_06100.wav|त्याला ते सरोवर नको होतं, सोनेरी.
audio/chunk_06101.wav|कमळाची फुले नको होती, फक्त आपला प्रिय मित्र पाहिजे होता.
audio/chunk_06102.wav|मग किती मित्रावर त्याचं प्रेम होतं?
audio/chunk_06103.wav|Bunty Makad Dada-चं Shiba Hatti-वर हे सगळं प्राण्यांना कळल्यावर जंगलातल्या सगळ्या प्राण्यांनी Shiba Hatti Dada-ची आणि Bunty Makad Dada-ची खूप...
audio/chunk_06104.wav|आणि म्हणाले मैत्री असावी तर Shiba हत्ती दादासारखी आणि Bunty माकड दादासारखी.
audio/chunk_06105.wav|खूप जिवलग मित्र आहेत ते.
audio/chunk_06107.wav|Sundarban-च्या जंगलात काळे कावळे
audio/chunk_06108.wav|खूप जंगल फिरले फळे खाल्ली पाणी प्यायले
audio/chunk_06109.wav|आणि उंच उंच आकाशात जाऊन त्यांनी विहारही केला.
audio/chunk_06110.wav|पण ते जेव्हा खाली आले आणि जंगलातल्या सरोवराजवळ गेले.
audio/chunk_06111.wav|तर बघत्यात तर सरोवरात एक
audio/chunk_06112.wav|सुंदर असा पांढरा शुभ्र
audio/chunk_06113.wav|हंस क्रीडा करत बसला होता.
audio/chunk_06114.wav|त्याला बघितल्यावर कावळे दादांना काय वाटलं?
audio/chunk_06115.wav|अरे किती सुंदर हंस आहे हा!
audio/chunk_06116.wav|किती देखणा आहे, पांढरा शुभ्र रंग, चोच किती छान आहे.
audio/chunk_06117.wav|अरे अरे अरे रे किती हा सुंदर आहे!
audio/chunk_06118.wav|हा हंस खूप खुश असेल.
audio/chunk_06119.wav|असे कावळे दादा मनाला म्हणाले.
audio/chunk_06120.wav|म्हणून ते हंसाजवळ गेले आणि हंसाला काय म्हणाले?
audio/chunk_06121.wav|तू किती सुंदर आहेस दिसायला.
audio/chunk_06122.wav|पांढरा शुभ्र रंग, चोच.
audio/chunk_06123.wav|पंख सगळंच तुझं छान आहे त्यामुळे तू
audio/chunk_06124.wav|मग Hans काय म्हणाला, अरे मित्रा!
audio/chunk_06125.wav|मी खुश होतो माझा रंग पाहून माझं रूप पाहून मी खुश होतो.
audio/chunk_06126.wav|तेव्हापासून मी माझ्यावर खुश नाही कारण माझ्यापेक्षा सुंदर पोपटदादा आहेत.
audio/chunk_06127.wav|असं म्हटल्यावर कावळे दादा म्हणाले काय म्हणाले चला पोपट दादा कसे आहेत बघून येऊया खुश आहेत का विचारूया
audio/chunk_06128.wav|म्हणून तो उडत उडत Popat Dada-ंच्याकडे गेला.
audio/chunk_06129.wav|अरे पोपट दादा तुम्ही किती सुंदर आहात
audio/chunk_06130.wav|तुमची पोपटी हिरवे रूप
audio/chunk_06131.wav|गळ्यात लाल गोफ लाल चोच किती व छान दिसता निसर्गाच्या रंगासारखा तुमचा रंग आहे.
audio/chunk_06132.wav|हिरव्या झाडासारखा आणि लाल फुलासारखा किती सुंदर आहात तुम्ही खुश असशील ना?
audio/chunk_06133.wav|मग Popat Dada काय म्हणाले?
audio/chunk_06136.wav|माझ्यापेक्षाही सुंदर मोर आहे.
audio/chunk_06137.wav|मग कावळे दादा काय म्हणाले?
audio/chunk_06138.wav|चला आता मोराकडे जाऊया आणि त्याला विचारूया म्हणून कावळे दादा मोराकडे निघाले.
audio/chunk_06139.wav|पण जंगलातनं फिरले त्यांना 1-ही कावळा दिसला नाही.
audio/chunk_06140.wav|आता काय करायचं कावळ्याला कुठे शोधायचं विचार करत करत कावळे दादा काय म्हटले आपण गावात जाऊया
audio/chunk_06141.wav|आणि तिथे 1 चिडियाघर असते.
audio/chunk_06142.wav|तिथं सगळे प्राणी त्यांनी एकदा बघितलं होतं पिंजऱ्यात कोंडलेले.
audio/chunk_06143.wav|तिथं जाऊया तिथं मोर सापडेल.
audio/chunk_06144.wav|म्हणून कावळे दादा गावात गेले.
audio/chunk_06145.wav|आणि चिडियाघराजवळ गेले.
audio/chunk_06146.wav|फक्त तर सगळे प्राणी पिंजऱ्यात कोंडलेले होते
audio/chunk_06147.wav|कावळी दादाने बघितलं पण आणि परत त्यांना थोड्या वेळाने मोर दादा दिसले.
audio/chunk_06148.wav|मोर दादांना पिंजऱ्यातनं काढून नाचायला लावलं होतं.
audio/chunk_06149.wav|बरीच माणसं तिथं जमली होती.
audio/chunk_06150.wav|ती मोर दादासनी नाचायला लावत होती, त्यांचे फोटो काढत होती.
audio/chunk_06151.wav|सगळं असं छान चाललं होतं. तेव्हा बघितल्या कावळे दादा काय म्हणाले, अरे हे मोर दादा किती छान सुंदर आहेत.
audio/chunk_06152.wav|लोक त्यांची photo काढतात.
audio/chunk_06153.wav|किती नशीबवान आहेत मोर दादा आणि सुंदरी आहेत
audio/chunk_06154.wav|सगळी लोकं निघून गेली, लोकं निघून गेल्यावर कावळे दादा मोर दादा जवळ गेले आणि म्हणाले, अरे मोर दादा, तुम्ही किती सुंदर आहे, तुमचा पिसारा किती रंगीबेरंगी आहे!
audio/chunk_06155.wav|तुमची मान ही छान आहे, चोच ही छान आहे, किती छान दिसता.
audio/chunk_06156.wav|आणि तुम्ही सुंदर सुंदर नाचही करता.
audio/chunk_06157.wav|आणि असा नाच बघून तुम्हाला बघून
audio/chunk_06158.wav|ही जमलेली लोकं तुमचं फोटो काढत्यात, किती नशीबवान आहात! असं म्हटल्यावर मोरदादा काय म्हणाले?
audio/chunk_06159.wav|कावळे दादा असं काही नाही.
audio/chunk_06160.wav|मी खुश नाही.
audio/chunk_06161.wav|माझा रंग एवढा सुंदर आहे, पिसारा आहे सुंदर, मी नाचतोय छान, सगळं माझं छान आहे, पण मी खुश नाही, मी दुःखी आहे.
audio/chunk_06162.wav|कारण ह्या माणसाने मला पिंजऱ्यात कोंडून घातलं आहे.
audio/chunk_06163.wav|ते पाहिजे तेव्हा खायला देतात.
audio/chunk_06164.wav|त्यांच्या मनाला येईल तेव्हा पाणी देतात पिंजऱ्यातनं मनाला येईल तेव्हा मला बाहेर काढतात
audio/chunk_06165.wav|त्यांना पाहिजे तेव्हा नाचायला लावतात पाहिजे तेव्हा photo काढतात त्यांच्या
audio/chunk_06166.wav|बंदीखान्यात मी आहे मला स्वातंत्र्य कसलंही नाही.
audio/chunk_06167.wav|माझ्या रूपाचं मला काही वाटत नाही, कारण मी पारतंत्र्यात आहे, स्वातंत्र्यात नाही. बघ ह्या चिड्याघरातल्या इतर पक्षी बघ, सगळे पिंजऱ्यात आहेत, हे सगळे पारतंत्र्यात आहेत.
audio/chunk_06168.wav|ह्या लोकांनी डांबून ठेवले.
audio/chunk_06169.wav|आम्हा प्राण्यांना मनाप्रमाणे वागता येत नाही, काहीच करता येत नाही, त्यामुळे मी खूप दुःखी आहे रे.
audio/chunk_06170.wav|असे म्हटल्यावर कावळे दादा म्हणले, मोर दादा दुःखी होऊ नका, असे म्हणू नका. नाही रे कावळे दादा, तू कसा उंच उंच आकाशात उडतोस?
audio/chunk_06171.wav|पाहिजे तिथं विहार करतोस.
audio/chunk_06172.wav|पाहिजे तिकडे फिरतोस, पाहिजे तेव्हा पाणी पितोस.
audio/chunk_06173.wav|पाहिजे तेव्हा झोपतोस उठतोस सगळं काही मनाप्रमाणे करतोस
audio/chunk_06174.wav|ह्या इतर प्राण्यांना मला मनासारखं काही करता येत नाही.
audio/chunk_06175.wav|त्यामुळे मी खूप दुःखी आहे.
audio/chunk_06176.wav|अरे पारतंत्र्याच्या पिंजऱ्यात राहून सुखाचे स्वातंत्र्य
audio/chunk_06177.wav|मला भोगता येत नाही कावळे दादा.
audio/chunk_06178.wav|मग ठीक आहे म्हणत कावळे दादा तिथनं उडत उडत परत जंगलात आले आणि ते काय मनाला म्हणाले?
audio/chunk_06179.wav|बरोबर आहे मोर दादाचो.
audio/chunk_06180.wav|व नुसतं रूप सुंदर असून चालत नाही.
audio/chunk_06181.wav|रूप जरी सुंदर असलं किंवा नसलं तरी चालतंय पण स्वातंत्र्य पाहिजे.
audio/chunk_06182.wav|खाण्याचे, पिण्याचे, फिरण्याचे
audio/chunk_06183.wav|आकाशात विहार करण्याचे मनाप्रमाणे आपल्याला वागता आलं पाहिजे तेच खरं सुंदर रूप आहे.
audio/chunk_06184.wav|असे कावळे दादा मनाला म्हणाले.
audio/chunk_06185.wav|आणि त्यांना आपल्या काळ्या रंगाचा तिरस्कार वाटून असा
audio/chunk_06186.wav|नाही वाटला ते म्हणाले ठीक आहे माझा काळा रंग जरी असला
audio/chunk_06187.wav|तर मी स्वातंत्र्यात आहे.
audio/chunk_06190.wav|Sundarban-च्या जंगलातले
audio/chunk_06191.wav|जंगल फिरायला गेले होते.
audio/chunk_06192.wav|ते बऱ्याच दिवसांनी येणार होते तेव्हा 1 तोत्या Sherkhan
audio/chunk_06193.wav|दुसऱ्या जंगलातला येऊन
audio/chunk_06194.wav|मी राजा आहे असे म्हणून
audio/chunk_06195.wav|त्याला जंगलवासियांची काळजी नव्हती.
audio/chunk_06196.wav|तो विनाकारण शिकार करायचा.
audio/chunk_06197.wav|रोज रोज प्राण्यांना त्रास द्यायचा.
audio/chunk_06198.wav|मग त्याच्या जोडीला जंगलातला
audio/chunk_06199.wav|तोही या Sherkhan-ला
audio/chunk_06200.wav|दोघे मग Sarja आणि नवीन आलेला तोत्या Sherkhan एकमेकांचे मित्र झाले.
audio/chunk_06201.wav|मग दोघे मिळून शिकार करू लागले.
audio/chunk_06202.wav|सर्जा चित्ता शिकार कुठे आहे हे काय आहे प्राणी काय करतो हे सगळं?
audio/chunk_06203.wav|या नवीन Sherkhan-ला सांगायचा आणि दोघे मिळून शिकार करून
audio/chunk_06204.wav|दोघे आपापसात वाटून खायचे.
audio/chunk_06205.wav|ह्या दोघांच्या त्रासाला सगळे प्राणी पक्षी कंटाळले होते.
audio/chunk_06206.wav|काय करेना त्यांना कळेना.
audio/chunk_06207.wav|मग एके दिवशी सगळे इतर पाणी एकत्र जमले
audio/chunk_06208.wav|आणि त्यांनी ठरवलं जंगल सोडून जावं.
audio/chunk_06209.wav|पण भोले हत्ती दादा म्हणाले अरे मित्रांनो
audio/chunk_06210.wav|ह्या नवीन तोतया शेरखानला आणि त्या सर्जा चित्त्याला घाबरून आपण नाही जंगल सोडायचं कारण हे जंगल आपलं आहे.
audio/chunk_06211.wav|कसे असेल तसे असेल आपण पाण्याचा शोध घेऊया.
audio/chunk_06212.wav|तेव्हा गुट्टू ससे भाऊ म्हणाले, बोले हत्ती दादा दुसऱ्या जंगलात जावे का आपण पाणी शोधायला आणि राहायला पण जावे. मग बोले हत्ती दादा म्हणाले, बरोबर आहे गुट्टू तुझं पाणी नाही ठीक आहे मला मान्य आहे पण राहायला नाही आपण जायचं आपलं जंगल आपण कधीही सोडायचं नाही.
audio/chunk_06213.wav|थोड्या दिवसांनी मिळेल पाणी आपल्याला.
audio/chunk_06214.wav|अशी प्राण्यांची स्थिती चालली होती तेव्हा ह्या Sarja चित्ताने बघितलं.
audio/chunk_06215.wav|ज्या जंगलाच्या जरा बाहेरच्या बाजूला
audio/chunk_06216.wav|तू एकदा शिकारीला Sarja Chitta गेला असताना
audio/chunk_06217.wav|पाण्याचं सरोवर दिसलं आणि त्याने Sherkhan महाराजांनी येऊन सांगितलं, महाराज आपल्या जंगलाच्या जरा बाहेरच्या बाजूला 1 सरोवर आहे.
audio/chunk_06218.wav|पाणी खूप भरलेलं आहे सर्व.
audio/chunk_06219.wav|आपण दोघे जाऊन पिऊन येऊया.
audio/chunk_06220.wav|शेरखान महाराज म्हणाले, अरे होय का? ठीक आहे. जावे आपण रोज दोघं जाऊन तिथनं पिऊन यायचं मग सरजा वाघ.
audio/chunk_06221.wav|चित्ता काय म्हणायला, महाराज हे इतर प्राण्यांना पाणी पिऊन द्यायचं नाही, आपण दोघांनीच प्यायचं, कुणी जर पेला तरी त्याला शिक्षा करायची.
audio/chunk_06222.wav|असं दोघांचं बोलणं झालं.
audio/chunk_06223.wav|शेरखान आणि सर्जा चित्ता दोगेच जाऊन
audio/chunk_06224.wav|त्या सरोवरातलं पाणी पिऊन यायचं आहे.
audio/chunk_06225.wav|पाण्याविना तळमुळ लागले.
audio/chunk_06226.wav|बोले हत्ती दादा रोज जाऊन पाण्याचा शोध घ्यायचे पण पाणी सापडत नव्हतं.
audio/chunk_06227.wav|आणि ह्या जिथे पाणी होतं त्या सरोवरात तोंड लावायचं नव्हतं.
audio/chunk_06228.wav|Sherkhan नवीन आलेला आणि तो Sarjchitta.
audio/chunk_06229.wav|तर एकदा काय झालं छोट्या Manju-ला खूप तहान लागली आणि ती काय म्हणाली?
audio/chunk_06230.wav|Anjutai Anjutai मला खूप ताण लागली अगं मला ताण सहन होईना मी काय करू सांग की.
audio/chunk_06231.wav|Anju काय म्हणाली? अगं Manju!
audio/chunk_06232.wav|जरा आपण थोड्या वेळात जाऊन पाणी दुसरीकडे कुठे आहे का बघूया.
audio/chunk_06233.wav|कारण एकच एकाच सरोवरात पाणी आहे पण ते आपल्याला पाणी पिण्याला बंदी आहे.
audio/chunk_06234.wav|मला पण कसं तर व्हायला लागलंय, पाणी नाही माझ्याही पोटात.
audio/chunk_06235.wav|काय करू माझे डोळे झाकायला लागलेत.
audio/chunk_06236.wav|अशी Anju म्हणाली, मग Manju काय म्हणाली, अगं ताई.
audio/chunk_06237.wav|तुझे डोळे झाकाय लागलेत मान्य आहे तुझ्या पोटात पण अन्न नाही पाणी नाही त्यामुळे तुझे डोळे झाकाय लागलेत
audio/chunk_06238.wav|पण मला राहवे ना गं मला खूप ताण लागल्या काय करू मी मला खूप ताण लागल्या.
audio/chunk_06239.wav|असं बोलत असतानाच Anju-चं डोळं झाकलं आणि ती झोपली.
audio/chunk_06240.wav|मग ताई बोलेना म्हणताना Manju म्हणाली काय व्हायचं ते व्हायचं होऊ दे आपण त्या सरोवरात जाऊन पाणी प्यायचं म्हणून ती सरोवरात पाणी प्यायला गेली.
audio/chunk_06241.wav|पोटभर पाणी पिली तिला खूप बरं वाटलं मनात म्हणाली आमच्या सगळ्या प्राण्यांना असं पाणी प्यायला मिळालं असतं बरं झालं असतं
audio/chunk_06242.wav|उगीच त्या Sher Khan नवीन आलेला आणि तो Sarja चित्ता
audio/chunk_06243.wav|आम्हाला त्रास द्यायला लागल्यात, पाण्याविना तळमळायला लावले.
audio/chunk_06244.wav|अशी म्हणून Manju पाणी प्यायला लागली.
audio/chunk_06245.wav|ती अशी पाणी पिऊन सरोवराच्या काठा इतक्या
audio/chunk_06246.wav|तो Sarja चित्तात इथं आला आणि काय म्हणाला?
audio/chunk_06247.wav|अगं Manju तुला काय सांगितलंय तुम्हाला यायला बंदी आहे हे सरोवर फक्त माझ्यासाठी आणि Sherkhan महाराजांच्यासाठी आहे.
audio/chunk_06248.wav|तुम्ही इथं पाणी प्यायला यायचं नाही म्हणताना Manju म्हणाली.
audio/chunk_06249.wav|चित्तोबा मला माफ कर माझी चूक झाली आहे.
audio/chunk_06250.wav|मला खूप ताण लागली होती, माझा जीव पाक जायला लागला होता, म्हणून मी पाणी प्यायला आले.
audio/chunk_06251.wav|ते मला काही माहिती नाही असे म्हणून
audio/chunk_06252.wav|संध्या चित्त्याने मंजूवर झेप घेतली आणि तिला मारून टाकलं.
audio/chunk_06253.wav|आणि शिकार वळत वळत Sherkhan महाराजांना आणि त्याला खायला घेऊन गेला.
audio/chunk_06254.wav|हे बघितलं कोणी? Lakhan Makad दादांनी.
audio/chunk_06255.wav|आणि Anju-ला उठवलं Anju Tai Anju Tai उठ अगं Manju Tai-ला त्या सरीच्या चित्त्याने मारलं.
audio/chunk_06256.wav|Anjutai उठली आणि इतरही जंगलातले प्राणी त्या सरोवराच्या काठाकडे आले.
audio/chunk_06257.wav|बघत्यात तर शिकार पण नेली होती सर जेव्हा चित्त्याने.
audio/chunk_06258.wav|अंजी खूप रडायला लागली माझ्या बहिणीला मारलं म्हणून तिला खूप दुःख झालं इतर प्राण्यांनाही खूप दुःख झालं.
audio/chunk_06259.wav|हे काय चाललंय प्यायला पाणी नाही आणि जीवानिशी आपण मरतोय सगळ्यांना चिंता वाटू लागली आता काय करायचं?
audio/chunk_06260.wav|परी नावाची मासोळी होती त्या सरोवरात.
audio/chunk_06261.wav|काठावरच्या प्राण्यांच्या सगळ्या बोलणं ऐकलं आणि ती वर आली.
audio/chunk_06262.wav|Harni Tai, तुम्ही खूप काळजीत दिसत्या.
audio/chunk_06263.wav|मला समजले सगळा प्रकार मी रोज बघते म्हणले.
audio/chunk_06264.wav|चित्ता आणि नवीन आलेला शेरखान तुम्हाला पाणी पिऊन देत नाही, तुमच्यावर अत्याचार करतोय, तुम्हाला बंधने घातल्यात.
audio/chunk_06265.wav|मग तुम्ही काय करा सांगते.
audio/chunk_06266.wav|आज Manju-ला सकट मारलं त्यांनी.
audio/chunk_06267.wav|हे चांगलं केलं नाही मी तुम्हाला 1 युक्ती सांग सांगते मग Lakhan Makad Dada म्हणाले काय?
audio/chunk_06268.wav|Anju Harini ताई म्हणाली काय?
audio/chunk_06269.wav|हे बघा तुम्ही आता
audio/chunk_06270.wav|त्या तोतया Sherkhan-च्या पुढे ही जावा.
audio/chunk_06271.wav|आणि Sarja चित्त्याच्या पुढेही जावा.
audio/chunk_06272.wav|आणि Sarja चित्त्याला काय सांगायचं?
audio/chunk_06273.wav|अहो Sarjerao Sherkhan Maharaj का नाही?
audio/chunk_06274.wav|तुम्हाला मारणार आहे ते तुमच्याबरोबर गोड गोड बोलत्यात.
audio/chunk_06275.wav|तुम्हाला त्यांचा मंत्री केलाय.
audio/chunk_06276.wav|तुम्हाला आता ते मारणार आहेत.
audio/chunk_06277.wav|शेरखान महाराजांना काय सांगायचं? महाराज महाराज तुमच्या मागनं फिरणारा तो सर्जा चित्ता
audio/chunk_06278.wav|खूप दुष्ट आहे, तो गोड गोड बोलून तुम्हाला मारणार आहे.
audio/chunk_06279.wav|तुमच्याबरोबर मैत्रीचं नाटक करतोय.
audio/chunk_06280.wav|त्यामुळे तो कधी मारेल तुम्हाला सांगता येत नाही असे सांगा. मग दोघांनाही असं सांगितलं की दोघेही एकमेकांच्या अंगावर जातील, एकमेकाला मारतील मग तुमचं संकट टळेल.
audio/chunk_06281.wav|मग Lakhan Makad Dada म्हणाले, अगं Pari Masi Tai, तू आम्हाला खूप छान युक्ती दिलीस. इतक्या दिवस आम्ही कसं का दिवस काढतोय आम्हाला कळत नाही.
audio/chunk_06282.wav|मग परी मासोळी म्हणाली, ठीक आहे, तुम्हाला विजय मिळू दे, म्हणून ती पाण्यात निघून गेली.
audio/chunk_06283.wav|Anju, हरीण ताई आणि इतर प्राणी
audio/chunk_06284.wav|सरजा चित्ताकडे गेले.
audio/chunk_06285.wav|आणि राहिलेले प्राणी त्या Totay Sherkhan महाराजांच्याकडे गेली आणि जसं
audio/chunk_06286.wav|परी मासोळीने जसं सांगितलं
audio/chunk_06287.wav|तसं त्यांना एकमेकाच्या विरुद्ध एकमेकाचं कारस्थान सांगितलं.
audio/chunk_06288.wav|त्याबरोबर दोघांना खूप राग आला आणि दोघे चवताळले आणि एकमेकांच्या अंगावर धावून गेले. एकमेकांना त्यांनी जीवानिशी मारून टाकलं.
audio/chunk_06289.wav|अशा तऱ्हेने जंगलाच्या प्राण्यांचे संकट टळले, सगळे प्राणी आनंदाने राहू लागले.
audio/chunk_06290.wav|पाण्याने तुडुंग भरलेल्या सरोवराकडे आपला जीव वाचवण्यासाठी पाणी प्यायला जाऊ लागले.
audio/chunk_06291.wav|मुक्त हस्ताने राहू लागले. त्यांना आता कसलीही चिंता काळजी नव्हती कारण त्यांचं
audio/chunk_06292.wav|मासोळी परी मासोळी
audio/chunk_06293.wav|म्हणून इतरांना कुणालाही त्रास देऊ नये, शेवटी आपल्याला त्रास होतो.
audio/chunk_06296.wav|फार पूर्वीची गोष्ट आहे ही.
audio/chunk_06297.wav|हे छोटंसं गाव होतं.
audio/chunk_06298.wav|आणि त्या गावाला लागूनच 1 घनदाट जंगल होतं.
audio/chunk_06299.wav|आणि त्या जंगलाच्या पलीकडे एक छोटंसं गाव होतं.
audio/chunk_06300.wav|पहिल्या छोट्या गावात 1 म्हातारी राहत होती, एकटीच होती.
audio/chunk_06301.wav|मुलगी त्याची सासरी गेली होती.
audio/chunk_06303.wav|त्या शेतात ती स्वतःपुरते धान्य करायची.
audio/chunk_06304.wav|आणि उदरनिर्वाह करायची. त्यातले थोडे धान्य ती मुलीलाही द्यायची.
audio/chunk_06305.wav|तर म्हातारी एकदा अशीच तांदूळ पाकडत बसली होती.
audio/chunk_06306.wav|तांदूळ पाखडता पाखडता तिच्या मनात काय विचार आले?
audio/chunk_06307.wav|अरे आपण बरेच दिवस झाले मुलीकडे गेलेले नाही, मुलगी आपल्याकडे आलेली नाही.
audio/chunk_06308.wav|काय करावं? जावावं का मुलीकडे?
audio/chunk_06309.wav|असं म्हातारीच्या मनात आलं.
audio/chunk_06310.wav|मग तिच्या मनात आल्यावर काय वेळ लागतोय?
audio/chunk_06311.wav|तिने लगेच जायची तयारी सुरू केली.
audio/chunk_06312.wav|त्या पिशवीत आपली कपडे घेतली आणि मुलीसाठी नातवंडासाठी खाऊ घेतला.
audio/chunk_06313.wav|आणि म्हातारी घराच्या बाहेर पडली.
audio/chunk_06314.wav|घराचं दार बंद केलं, शेजाऱ्यांना सांगितले, म्हणली, अहो मी माझ्या मुलीकडे जाऊन येते 4 दिवसासाठी, माझ्या घरावर लक्ष ठेवा. ठीक आहे, शेजारी म्हणाले.
audio/chunk_06315.wav|मग म्हातारी निघाली.
audio/chunk_06316.wav|चालत चालत चालत म्हातारी
audio/chunk_06317.wav|म्हातारी अगदी हाडकुळी बारीक होती.
audio/chunk_06318.wav|पण ती अगदी काटक होती.
audio/chunk_06319.wav|आणि बुद्धीने हुशार होती.
audio/chunk_06320.wav|जंगलाजवळ आल्यावर ती घाबरायला लागली.
audio/chunk_06321.wav|कारण तिला माहिती होतं ह्या जंगलात भयंकर प्राणी आहेत.
audio/chunk_06322.wav|म्हातारी घाबरत घाबरत जंगलात
audio/chunk_06323.wav|गेली. चालत चालत चालत जरा अंतर गेल्यावर
audio/chunk_06324.wav|तिला कोण दिसलं माहिती आहे?
audio/chunk_06326.wav|वाघोबाला पाहिल्यावर म्हातारीला धडकी भरली.
audio/chunk_06327.wav|ती खूप घाबरली.
audio/chunk_06328.wav|तिला बोलता येईना.
audio/chunk_06329.wav|वाघोबा काय म्हणाले?
audio/chunk_06330.wav|थांब म्हातारे, कुठं चाललीस तू?
audio/chunk_06331.wav|म्हातारीला बोलता येईना.
audio/chunk_06332.wav|ती च च प प करायला लागली.
audio/chunk_06333.wav|म्हातारी काय म्हणाली? वा वा गो वा मी माझ्या मुलीकडे निघाले आहे लेकीकडे.
audio/chunk_06334.wav|मागोबा म्हणाले, ते काही नाही, मी तुला खाणार आहे.
audio/chunk_06335.wav|असं म्हटल्यावर म्हातारी आणखी घाबरली, पण स्वतःला सावरत पिता गिणे म्हणाली, तिच्या डोक्यात 1 कल्पना आली.
audio/chunk_06336.wav|अरे वाघोबा मला खा!
audio/chunk_06337.wav|पण कसं आहे माझी हाडं आणि कातडं 1 झालंय.
audio/chunk_06338.wav|माझ्या शरीरात रक्त नाही, मांस नाही.
audio/chunk_06339.wav|मग तू मला कसा खाणार? सांग बरं, मी लेकीकडे निघाले, लेकीच्या गावी जाते, तूप रोटी खाते, धाटी मोठी होते, मग येते आणि मग मला खा.
audio/chunk_06340.wav|मग वाघोबा म्हणाले, ठीक आहे ठीक आहे म्हातारे.
audio/chunk_06341.wav|पण 4 दिवसांनी मला फसवायचं नाही, कळलं का?
audio/chunk_06342.wav|हो असे म्हणे म्हातारी पुढे निघाली.
audio/chunk_06343.wav|पुढे चालत चालत चालत म्हातारी भ्यायली होती खूप. ती चालत चालत गेली तर बघता तर तिला दिसले लांडगोबा.
audio/chunk_06344.wav|परत पुढे संकट, म्हातारी परत घाबरली.
audio/chunk_06345.wav|पण जरा म्हातारी धीट झाली होती.
audio/chunk_06346.wav|लांडगोबा म्हणाले, ए म्हातारे कुठं चाललीस?
audio/chunk_06347.wav|म्हातारी म्हणाली, लांडगोबा, मी लेकीच्या गावाला चालले आहे.
audio/chunk_06348.wav|थांब, मी तुला खाणार आहे.
audio/chunk_06349.wav|अरे लांडगोबा, माझा हाडण कातडं 1 झाले, मला तू कसा खाणार सांग बरं?
audio/chunk_06350.wav|मी लेकीकडे जाते, तूप रोटी खाते, धाटी मोठी होते आणि मग येते आणि मग मला खा.
audio/chunk_06351.wav|पण जरी तू आता खाल्लंस का नाही तरी मला त्याचं दुःख नाही.
audio/chunk_06352.wav|कारण उद्याचं मरण आज येईल.
audio/chunk_06353.wav|मग काय करतोस बघ खाणार असला खा. ठीक आहे ठीक आहे.
audio/chunk_06354.wav|नानगुवा म्हणले, ही म्हातारी फारच हाडपुळी आहे, हिच्या शरीरात मांस नाहीये.
audio/chunk_06355.wav|जा जा 4 दिवसांनी ये मी तुला 4 दिवसांनी खाणार आहे.
audio/chunk_06356.wav|म्हातारी मग ठीक आहे म्हणत
audio/chunk_06357.wav|तिथनं भीत भीत भीत पुढे गेली.
audio/chunk_06358.wav|पुढे गेली तर तिसरं संकट!
audio/chunk_06359.wav|समोर बसले होते सिंह महाराज.
audio/chunk_06360.wav|त्यांना बघितलं तर म्हातारीला कापरं सुटलं.
audio/chunk_06361.wav|आता हे Shiv महाराज आपल्याला खाणार. म्हातारी खूप घाबरली होती, तिला बोलता येईना.
audio/chunk_06362.wav|ती ढिटाईनं उभी राहिली, सिंह महाराज म्हणाली,
audio/chunk_06363.wav|ए म्हातारे कुठे चाललीस?
audio/chunk_06364.wav|सिंह महाराज मी लेकीकडे निघाले.
audio/chunk_06365.wav|अगं थांब, मी तुला खाणार आहे. बरं झालं, मला आज किती दिवसानं माणसाचं मांस खायला मिळणार आहे. त्यामुळे तू थांब, मी आता तुला खाऊन टाकतो.
audio/chunk_06366.wav|मग म्हातारीने
audio/chunk_06367.wav|लांडगोबाला, वाघोबाला जे सांगितलं तेच सिंह महाराजांना सांगितलं. म्हातारी काय म्हणाली?
audio/chunk_06368.wav|सिंह महाराज मला खाऊ नका, माझं हाडं कातडं 1 झालंय, माझ्या शरीरात रक्त नाही, मांस नाही.
audio/chunk_06369.wav|मी लेकीकडे जाते, तूप रोटी खाते, धाटी मोठी होते, मग येते, मग मला खा.
audio/chunk_06370.wav|मग Shivaji Maharaj म्हणाले, ठीक आहे ठीक आहे, 4 दिवसांनी ये, आम्हाला फसवू नको.
audio/chunk_06371.wav|नाही नाही असे म्हणत म्हातारी तिथने पळाली.
audio/chunk_06372.wav|जंगलाच्या बाहेर गेल्यावर तिने निश्वास सोडला.
audio/chunk_06373.wav|मग म्हातारी आपल्या लेकीकडे गेली.
audio/chunk_06374.wav|आईला पाहून लेकीला खूप आनंद झाला.
audio/chunk_06375.wav|मग लेकीने आईला चांगलं 4 दिवस ठेवून घेतले आणखी राह म्हणत होती पण म्हातारी म्हणाली नाही.
audio/chunk_06376.wav|मी आज मला आता गेलंच पाहिजे. 4 दिवसात म्हातारीला लेकीने भरपूर छान छान पदार्थ करून घातले, खूप विश्रांती दिली.
audio/chunk_06377.wav|म्हातारीने खूप विश्रांती घेतली, भरपूर खाल्लं.
audio/chunk_06378.wav|मग म्हातारी लेकीला म्हणाली, मुली मी आता जाते.
audio/chunk_06379.wav|मग मुलगी काय म्हणाली, आई का ग, तू लगेच का निघालीस, रहा ना आणखी. नाही ग, आता मला गेले पाहिजे.
audio/chunk_06380.wav|आणि मी जर पुढच्या वर्षी जगले वाचले तर तुझी माझी भेट होईल.
audio/chunk_06381.wav|मग मुलगी म्हणाली, आई असे का ग बोलतेस? असं बोलू नकोस तू. मग म्हातारीने जंगलात घडलेली वाघाची, लांडगोबाची आणि सिंहाची कहाणी सांगितली मुलीला.
audio/chunk_06382.wav|मग मुलगी काय म्हणाली, आई एवढंच ना ग, थांब.
audio/chunk_06383.wav|या म्हातारीचीच लेक मी आहे, बघ मी काय करते ते.
audio/chunk_06384.wav|असे म्हणून म्हातारीच्या
audio/chunk_06385.wav|मुलगीने 1 मोठा भोपळा आणला.
audio/chunk_06386.wav|आणि तळातनं भोपळा असा म्हातारीचं डोकं बसेल एवढा कापला. मग म्हातारीचं डोकं बसून बघितलं आणि म्हातारीचा चेहरा जिथे येत होता तिथेही भोपळा गोलाकार कापला आणि म्हातारीच्या डोक्यावर ठेवला आणि मुलगी म्हणाली आई आता हा भोपळा डोक्यावर घे.
audio/chunk_06387.wav|हे आणि तू जंगलातनं पळत सुट म्हणजे वाघोबाला लांडगोबाला शिव महाराजांना तू दिसणार नाहीस.
audio/chunk_06388.wav|त्यामुळे त्यांना सापडणारच नाहीस. ठीक आहे, म्हणून म्हातारी निघाली.
audio/chunk_06389.wav|म्हातारी जंगलाजवळ आल्यावर घाबरली पण धाडसाने पुढे गेली आणि
audio/chunk_06390.wav|भोपळा डोक्यावर घेऊन म्हातारी पळत पळत पळत सुटली. शिव महाराजांनी बघितले, अरे भोपळा पळतोय!
audio/chunk_06391.wav|पण खाली तर पाय दिसतात, भोपळ्याच्या कडेला हात दिसतात, हे काय आहे? मग सिंह महाराज भोपळ्याचा पाठलाग करू लागले.
audio/chunk_06392.wav|पुढे गेले Ladgoba भी पाठलाग करू लागले, म्हातारी पळतच होती.
audio/chunk_06393.wav|वाघोबानी बघितलं, अरे हा भोपळा पळतोय!
audio/chunk_06394.wav|वाघोबानी उभा राहून त्या भोपळ्याला धरलं.
audio/chunk_06395.wav|भोपळा ओढल्यावर वाघोबांच्या हातात भोपळा आला आणि म्हातारी तिघांनाही दिसली. लांडगोबाला, सिंह महाराजांना आणि वाघोबांना. मग तिघेही म्हणाले, अगं म्हातारे आम्हाला फसवून निघालीस?
audio/chunk_06396.wav|आता तुझी सुटका नाही.
audio/chunk_06397.wav|म्हातारीला कळेना, म्हातारी खूप घाबरली होती.
audio/chunk_06398.wav|तेवढ्यात तिच्या डोक्यात 1 युक्ती आली, तिने काय केले?
audio/chunk_06399.wav|म्हातारी म्हणाली, अरे बाबांनो तुम्ही मला खावा, मी नाही म्हणत नाही, पण कसा आहे मला 1 सांगा, कोण माझे डोके कोण खाणार, पाय कोण खाणार?
audio/chunk_06400.wav|मग Shiv महाराज म्हणाले मी डोके खाणार, लांडकोबा म्हणाले मी डोके खाणार.
audio/chunk_06401.wav|वाघोबा म्हणाले मी डोके खाणार.
audio/chunk_06402.wav|मग म्हातारी म्हणाली, अरे समजुतीने घ्या, असे भांडू नका.
audio/chunk_06403.wav|पण नाही तिघे भांडायला लागले.
audio/chunk_06404.wav|मग तिघांची आपोआपसात जोरात लढाई चालू झाली.
audio/chunk_06405.wav|वेगात एकमेकांना मारत होते वाघोबा, लाडगोबा आणि शिवमहाराज.
audio/chunk_06406.wav|जोरात त्यांचं युद्ध सुरू झालं.
audio/chunk_06407.wav|ही म्हातारीनं संधी साधली आणि पटकन खाली पडलेला भोपळा घातला आणि डोक्यावर घातला आणि जंगलातनं म्हातारी वेगात पळत सुटली ती काय म्हणाली?
audio/chunk_06408.wav|चल रे भोपळ्या टुणुक टुणुक चल रे भोपळ्या टुणुक टुणुक असे म्हणत म्हणत म्हणत म्हातारी थांबली कुठे थेट गावात जाऊन आपल्या घराच्या अंगणात
audio/chunk_06409.wav|अंगणात गेल्यावर म्हातारीने भोपळा डोक्यावरून काढला आणि दीर्घ निश्वास सोडला. म्हातारीला आपल्या घरात आल्यावर बरं वाटलं. मग परत म्हातारीने भोपळा डोक्यावर घातला, घराचं दार उघडलं आणि आत जात जात म्हातारी काय म्हणाली, चल रे भोपळ्या टुणूक टुणूक!
audio/chunk_06410.wav|बुद्धीची दाखवली चुणक चुणक.
audio/chunk_06411.wav|म्हणून संकटात न घाबरता
audio/chunk_06412.wav|बुद्धीची हुशारी दाखवून संकटावर मुकाबला करता येतो.
audio/chunk_06414.wav|Maya Dharatai आपल्या पिल्ल्यासह बसल्या होत्या.
audio/chunk_06415.wav|त्यांचं पिल्लू छोटं होतं, हळूहळू त्याला पंख फुटले होते आणि ते
audio/chunk_06416.wav|तेव्हा ते पिल्लू आईला म्हणत होतं, आई, मला आता उडता येते का ग?
audio/chunk_06417.wav|आई म्हणाली, हो बाळा, आता तुला उडायला लागलंय.
audio/chunk_06418.wav|असे म्हणाले त्याला खूप मजा वाटली परत ते आकाशात उंच उडत जायचे परत खाली यायचे.
audio/chunk_06419.wav|असेच एकदा दोघे झाडावर बसले असताना त्या झाडाखालून 1 लांडके मामा निघाले.
audio/chunk_06420.wav|त्यांना बघून पिल्लू काय म्हणालं, आई ते लांडगे मामा निघाले.
audio/chunk_06421.wav|मला त्यांचं मांस खायला खूप आवडतं, मी त्यांची शिकार करू का?
audio/chunk_06422.wav|आई म्हणाली नाही बाळा, नांदगे मामांची शिकार तू आत्ताच नाही करायचीस.
audio/chunk_06423.wav|त्यापेक्षा तू छोट्या उंदीर मामाची शिकार कर.
audio/chunk_06424.wav|ठीक आहे. पिल्लू उडत उडत गेले आणि त्याने छोटा उंदीर मामा पकडून आणला.
audio/chunk_06425.wav|मग आईला म्हणाला बघ आई मी उंदीर मामाला आणलं. आई म्हणाली छान केलंस बाळा ठीक आहे.
audio/chunk_06426.wav|परत 2-4 दिवसांनी ती दोघे झाडावर बसली असताना
audio/chunk_06427.wav|परत झाडाखालून लांडगे मामा निघाले.
audio/chunk_06428.wav|मग ते पिल्लू आईला काय म्हणाले, आई?
audio/chunk_06429.wav|आता करू का ग मी शिकार लांडगे मामांची?
audio/chunk_06430.wav|आई म्हणाली नाही बाळा, त्यापेक्षा तू
audio/chunk_06431.wav|ससेभाऊची शिकार कर, ठीक आहे, असे म्हणून पिल्लू उडत उडत गेले आणि त्याने 1 ससा पकडून आणला.
audio/chunk_06432.wav|आईला म्हणाला, बघ आई, मी सश्याची शिकार केली, मला आली, जमली शिकार करायला. आई म्हणाली, होय रे बाळा, तुला आता हळूहळू जमायला लागलंय.
audio/chunk_06433.wav|परत एके दिवशी दोघे माया लेकरे बसले असताना
audio/chunk_06434.wav|परत तो लांडगे मामा झाडाखालून निघाला.
audio/chunk_06435.wav|तेव्हा ते पिल्लू काय म्हणालं, आई आता करू का शिकार मी लांडगे मामांची?
audio/chunk_06436.wav|आई म्हणाली नाही बाळा त्यापेक्षा हरणी ताईची कर.
audio/chunk_06437.wav|मग जंगलातनं निघालेल्या हरणीला भायाळ करून टोचा मारून
audio/chunk_06438.wav|ते पिल्लू शिकार करून आले. आई, आता मला जमली शिकार करायला.
audio/chunk_06439.wav|जमते का नाय? हो रे बाळा, आता तुला शिकार कराय जमायला लागल्या.
audio/chunk_06440.wav|हळू हळू तुझ्या आत्मविश्वास यायला लागलाय, म्हणूनच तुला मी सांगितलं आधी छोट्या छोट्या प्राण्यांची शिकार करायची परत मोठ्या.
audio/chunk_06441.wav|त्यामुळे आपल्यात आत्मविश्वास वाढतो.
audio/chunk_06442.wav|परत दुसऱ्या दिवशी दोघे बसले असताना परत तो लांडग्या तिथनं निघाला.
audio/chunk_06443.wav|आई, आता करू का ग शिकार मी त्या लांडगे मामांची?
audio/chunk_06444.wav|आई हसायला लागली आणि म्हणाली, अरे बाळा विचारतोस कशाला? जा पटकन शिकार कर. पिल्लू उडत उडत गेलं आणि लांडग्याला टोचा मारून घायाळ केलं.
audio/chunk_06445.wav|आणि त्याचे मांस तोचा मारून मारून खाऊन आले आणि आईला म्हणाले, आई बघ मी लांडगे शिकार केली. आई म्हणाली, हो रे बाळा छान केलंस. आता तुझ्या ताकद आली, आत्मविश्वास आला.
audio/chunk_06446.wav|म्हणून छोट्या छोट्या गोष्टीतून शिकत जायचं.
audio/chunk_06447.wav|म्हणजे आपण मोठ्या गोष्टीपर्यंत जातो म्हणजे छोटं छोटं शिकर मोठं मोठं होतं उंच भरारी घेतो आपण.
audio/chunk_06448.wav|कधीही छोट्या गोष्टीतूनच मोठ्या गोष्टी मिळतात.
audio/chunk_06449.wav|म्हणून सुरुवातीला अगोदर छोटं छोटं ज्ञान शिकावं मग आपली झेप अवकाशात गवसणी घालते उंच जाते.
audio/chunk_06451.wav|सुगरण कोंबडी ताई आणि सुंदरी मांजरीन ताई राहत होत्या.
audio/chunk_06452.wav|दोघी अगदी जिवलग मैत्रिणी होत्या.
audio/chunk_06453.wav|जंगलात फिरायचे एकत्र, फळे आणा एकत्र जायचे.
audio/chunk_06455.wav|सगळं काही एकत्र करायच्या इतक्या जिवलग मैत्रिणी होत्या.
audio/chunk_06456.wav|आणि त्यांचं घरही शेजार शेजारीच होतं.
audio/chunk_06457.wav|घरापासून थोड्याच अंतरावर 1 छानस आंब्याचं झाड होतं.
audio/chunk_06458.wav|आणि या या जाण्याचा 1-च त्यांच्या त्या झाडापासून त्यांच्या घरी येण्याचा 1-च रस्ता होता.
audio/chunk_06459.wav|तर एकदा काय झालं Sugran Kondi-ताईंनी अंडी उबवली.
audio/chunk_06460.wav|दुसऱ्या दिवशी जाऊन बघ त्यात तर अंडी नाही.
audio/chunk_06461.wav|परत 2 दिवसांनी त्यांनी परत अंडी उबवली ती पण गायब झाली.
audio/chunk_06462.wav|मग त्या काय म्हणाल्या, अरे देवा माझी अंडी गायब कशी होतात? एकदा नाही, दोनदा नाही, तीनदा अंडी गायब झाली, कोण चोर येत आहे?
audio/chunk_06463.wav|कोणी इकडे येत नाही, माझ्या मैत्रिणीशिवाय सुंदरीशिवाय इकडे कोण येत नाही, माझी अंडी गायब कशी होत्या असं म्हटल्यावर
audio/chunk_06464.wav|काय झालं? तेवढ्यात तिकडून Sundari Manjari ताई येत होत्या.
audio/chunk_06465.wav|आणि त्या म्हणाल्या, अगं सुग्रंताई काय झालं का ओरडतेस तू?
audio/chunk_06466.wav|काही नाही, तू बोलू नको माझ्याबरोबर. चोर कुठली?
audio/chunk_06467.wav|Sundari Manjari ताईंना काही कळेना.
audio/chunk_06468.wav|ती म्हणाली, अगं सुग्रं ताई काय झालं? चोर? कोण चोर? का तू अशी बोलतेस? तू चोर आहेस. तू माझी अंडी चोरलीस.
audio/chunk_06469.wav|काय झालं असं विचारतेस मला?
audio/chunk_06470.wav|चोर ती चोर आणि वर शिर चोर
audio/chunk_06471.wav|अगं Sugran ताई मी चोर नाही.
audio/chunk_06472.wav|मी आणली नाही तुझी चोरलेली.
audio/chunk_06473.wav|तू काही नाही ते मनात शंका घेऊ नकोस.
audio/chunk_06474.wav|आणि ही चोर वगैरे म्हणलेले मला नाही आवडत, माझ्यावर नाही ते आरोप करू नकोस.
audio/chunk_06475.wav|मला हे तुझे आरोप आवडत नाहीत.
audio/chunk_06476.wav|नाही तूच चोर आहेस, तूच अंडी चोरलीस. Sugran ताईचं तोंड काही बंद होत नव्हतं. ते बघून Sundari Manjari ताई म्हणाल्या,
audio/chunk_06477.wav|म्हणाला, चला ह्यांचं तोंड बंद होणार नाही, आपण गेलेलं बरं.
audio/chunk_06478.wav|घरात जाऊन बघत्यात तर काय?
audio/chunk_06479.wav|त्यांनीही काल 2 छोट्या अशा पिल्ल्यांना जन्म दिला होता, अगदी छोटीशी पिल्ली होती काल जन्माला आलेली.
audio/chunk_06480.wav|बघत्यात तर घरात पिल्ली नाहीयेत.
audio/chunk_06481.wav|अरे माझी पिल्ली कुठे गेली?
audio/chunk_06482.wav|म्हणून त्या घरात इकडे तिकडे शोधू लागल्या.
audio/chunk_06483.wav|पण त्यांना 1-ही पिल्लू दिसेना.
audio/chunk_06484.wav|पण पिल्ली काही सापडली नाही त्यांना खूप दुःख झालं.
audio/chunk_06485.wav|मग त्या Sugran Kombdi ताईकडे आल्या आणि म्हणाल्या अगं Sugran ताई Sugran ताई ऐकलंस का?
audio/chunk_06486.wav|मी काही तुझं ऐकणार नाही.
audio/chunk_06487.wav|तू मला काही सांगू नको. अगं तसं नाही ग. जरा माझं ऐकून घे ना. मी घरात गेले आणि माझी दोन्ही छोटी पिल्ले ही नाहीशी झाल्या. कोणीतरी चोरून नेली.
audio/chunk_06488.wav|तुझी पिल्ले चोरून नेली असं सांगतेस मला?
audio/chunk_06489.wav|आणि एकदा नाही 3 वेळा माझी अंडी चोरीला गेली आहेत मला किती दुःख झालं असेल सांग बरं
audio/chunk_06490.wav|जवळ नसल्या आपल्याला किती दुःख होतं?
audio/chunk_06491.wav|हो ग Sugrand Tai, मला समजतंय, पण मी तुझी अंडी नाही चोरलेली.
audio/chunk_06492.wav|Sugran ताई तुला 1 सांगू का?
audio/chunk_06493.wav|तू शांत डोकं ठेवून विचार कर.
audio/chunk_06494.wav|अगं तुझी अंडी गायब झाली च्या 3 वेळा.
audio/chunk_06495.wav|माझी पिल्ली काल काल गायब काल जन्माला आलेली आज गायब झाली पिल्ली माझी
audio/chunk_06496.wav|हा चोर कोण आहे कोण गायक करतोय हे आपल्याला शोधलं पाहिजे ग
audio/chunk_06497.wav|सुग्रंथ ताई ऐक माझं तू शांत डोकं ठेव
audio/chunk_06498.wav|मग Sugrand ताईंने विचार केला, ठीक आहे म्हणाली.
audio/chunk_06499.wav|मग सुंदरी मांजरी ताई म्हणाली आपण 1 युक्ती करूया दोघी एकत्र येऊया आता भांडण वगैरे काही नको.
audio/chunk_06501.wav|ठीक आहे, काय युक्ती करणार तू? Sugran Kombdi Tai म्हणाली, अगं Sugran Tai, आपण एक माझ्या डोक्यात एक युक्ती आल्या, आपण एक युक्ती करायची तुला सांगते आई.
audio/chunk_06502.wav|आपल्या घरासमोर हे आंब्याचं झाड आहे का नाही?
audio/chunk_06503.wav|अगं ऐक तरी आपण दुपारी गावात जाऊया.
audio/chunk_06504.wav|आणि 1 मोठं नकली अंड आणूया.
audio/chunk_06505.wav|आणि जाड दोरा आणूया.
audio/chunk_06506.wav|परत आपण घरात येऊन
audio/chunk_06507.wav|त्या आंब्याच्या झाडाच्या पुढं 1 फरलांब ते अंड ठेव्या आणि त्या अंड्याला दोरा बांधायचा.
audio/chunk_06508.wav|आणि तो दोरा लांबडा करून
audio/chunk_06509.wav|त्या झाडाच्या पाठीमागं आपण दोघींनी दडून बसायचं. दोरा दोघींच्या हातात असला पाहिजे. त्या झाडाजवळ 1
audio/chunk_06510.wav|आणि आज संध्याकाळीच हा प्रयोग करूया.
audio/chunk_06511.wav|म्हणजे आपल्या घरासमोर एकच येणारी वाट आहे जाणारी एकच तीच वाट आहे.
audio/chunk_06512.wav|त्यामुळे जो कोण चोर येतो तो एकाच वाटेने आलेला आपल्याला दिसेल.
audio/chunk_06513.wav|दोघींच्या घरात शिरतो तो एकाच वाटेने येऊन शिरतो मग जो कोण चोर असेल तो त्या वाटेने येईल.
audio/chunk_06514.wav|अंडी खाणारा जो असेल तो अंडी अंड्याच्या वासाने येईल.
audio/chunk_06515.wav|ते मोठे अंडे बघून तो खायला नक्कीच येणार.
audio/chunk_06516.wav|की आपण दोघींनी झाडामागे लपून बसून तो दोरा हळू हळू हळू मागे ओढायचा.
audio/chunk_06517.wav|झाडापर्यंत ते अंड ओढत आणायचं.
audio/chunk_06518.wav|दोऱ्याला बांधलेलं अंड पण घोडलं जाणार.
audio/chunk_06519.wav|मग ते अंड झाडापर्यंत ओढत आणायचं, चोर झाडापर्यंत येईल त्या अंड्याच्या मागं लागून.
audio/chunk_06520.wav|खड्ड्यात पडेल असं करायचं, अंड खड्ड्यात पडलं.
audio/chunk_06521.wav|की चोरी खड्ड्यात पडेल, चोर सापडेल आपल्याला, कळलं का?
audio/chunk_06522.wav|अगं बाई, सुंदरी मांजरी ताई, तुझी युक्ती मला खूप आवडली, खूप खूप खूप.
audio/chunk_06523.wav|असं म्हटल्यावर दोघी मैत्रिणींना मग खूप आनंद झाला दुपारीच त्या गावात गेल्या त्यांनी 1 दोरा मोठं नकली अंड आणलं
audio/chunk_06524.wav|आणि त्यांनी संध्याकाळ झाल्यावर
audio/chunk_06525.wav|त्या आंब्याच्या झाडाच्या समोर 1 फरलांगभर ते अंड ठेवलं. त्या अंड्याला दोरा बांधला.
audio/chunk_06527.wav|संध्याकाळ झाल्यावर काय झालं?
audio/chunk_06528.wav|एक भयंकर मोठा
audio/chunk_06529.wav|आणि ते अंड बघून त्या सरड्याला खूप आनंद झाला.
audio/chunk_06530.wav|आज इतकी मोठी मेजवानी!
audio/chunk_06531.wav|त्या सुगरण कोंबडी ताईची एवढीशी अंडी.
audio/chunk_06532.wav|आणि त्या सुंदरी मांजरी त्यांची एवढीशी पिल्ली.
audio/chunk_06533.wav|खाऊन माझे काय पोट भरत नाही बुवा.
audio/chunk_06534.wav|हे अंड किती मोठं आहे?
audio/chunk_06535.wav|4-5 दिवस मला
audio/chunk_06536.wav|काही खाण्याची गरज नाही हे 1 अंडे मी खाल्ले तर.
audio/chunk_06537.wav|वाह काय बेत आहे
audio/chunk_06538.wav|केवढं मोठं मला भोजन मिळालं.
audio/chunk_06539.wav|असा म्हणत सरडा त्या अंड्याजवळ आला.
audio/chunk_06540.wav|सरडा आलाय 1 चोर कोण आहे तर 1 सरडा आहे मोठाच्या मोठा रानटी सरडा होता तो.
audio/chunk_06541.wav|मग Sugran Kombadi ताई काय म्हणाली अगं सुंदरी
audio/chunk_06542.wav|तो बघ तो चोर आलाय. Sundari Manjari ताई म्हणाली, अगं गोप Sugran ताई, बोलू नको. आपला आवाज ऐकला का नाही? मग तो
audio/chunk_06543.wav|ठीक आहे ठीक आहे नाही मी बोलत
audio/chunk_06544.wav|तो सरडा अंड्याजवळ आल्या.
audio/chunk_06545.wav|की त्यांनी अंड ओढ दोरा ओढायला सुरुवात केली.
audio/chunk_06546.wav|त्या अंड्याच्या पाठीमागे लागून सरडा पुढे यायचा.
audio/chunk_06547.wav|असं ओढत ओढत ओढत ओढत त्यांनी
audio/chunk_06548.wav|आंब्याच्या झाडापर्यंत आणलं.
audio/chunk_06549.wav|आणि तो सरडाही आंब्याच्या झाडापर्यंत आला.
audio/chunk_06550.wav|खड्ड्यात अंडे पडेल असा दोरा ओढला.
audio/chunk_06551.wav|ते अंडे खड्ड्यात पडलं. खड्ड्यात पडल्यावर काय झालं? सरडाही खड्ड्यात उडी मारली त्यानं अंड्यासाठी.
audio/chunk_06552.wav|मग पटपट दोघींनी
audio/chunk_06553.wav|कटक्या पाला पचोळा गोळा केला आणि त्या खड्ड्यात टाकला.
audio/chunk_06554.wav|सुगरण कोंबडी ताई आपल्या घरात गेल्या.
audio/chunk_06555.wav|चूल पेटलेली होती. चूलीतलं जळकं लाकूड घेऊन बाहेर आल्या आणि ते त्या खड्ड्यात टाकलं. त्याबरोबर सगळ्या काटक्या पेटल्या, खड्ड्यात जाळ झाला आणि तो भयंकर सरडा...
audio/chunk_06556.wav|हे बघून दोघींना खूप आनंद झाला.
audio/chunk_06557.wav|मग दोघींचे सुगरण कोंबडी ताईंचे अंडे
audio/chunk_06558.wav|सो सुंदरी मांजरी ताईंची पिल्ले
audio/chunk_06559.wav|चोरणारा चोर त्यासनी सापडला.
audio/chunk_06560.wav|मारून मारून खड्ड्यात ढकलून त्याला जाळून टाकलं.
audio/chunk_06561.wav|मग Sugrandh Kombdi Tai म्हणाली,
audio/chunk_06562.wav|सुंदरी ताई मी विनाकारण तुझ्या आळ घेतला ग मला माफ कर. मग सुंदरी मांजरीन ताई म्हणाली अगं तसं नाहीस.
audio/chunk_06563.wav|सुग्रंथाई, त्यात तुझी काय चूक नाही?
audio/chunk_06564.wav|3 वेळा असं झाल्यावर मी त्या ठिकाणी असते तर मी असंच बोलले असते.
audio/chunk_06565.wav|तुझा काही दोष नाही, त्यामुळे
audio/chunk_06566.wav|तू मनाला लावून घेऊ नकोस असं म्हणून दोघींनी एकमेकींना मिठी मारली आणि परत एकत्र मैत्रिणी झाल्या जिवलग मैत्रिणी मग सुंदरी मांजरीन ताई काय म्हणाली?
audio/chunk_06567.wav|हे बघ Sugran ताई तुला 1 सांगते.
audio/chunk_06568.wav|सुग्रंताई म्हणाली काय ग सुंदरी?
audio/chunk_06569.wav|अगं आपल्या मित्राचा आपण कधी विश्वासघात करायचा नसतो म्हणजे कसं आहे बघ आपला जिवलक जर मित्र किंवा मैत्रीण असली
audio/chunk_06570.wav|तर आपला त्याच्यावर पूर्ण विश्वास असला पाहिजे.
audio/chunk_06571.wav|नाहीतर त्याच्यावर नाही ते आरोप केले का नाही?
audio/chunk_06572.wav|संशय आपल्या मनात नुसत्या संशयानं आपला खरा मित्र आपण गमवू शकतो.
audio/chunk_06573.wav|जसा तुझा माझ्यावर संशय आला तसा
audio/chunk_06575.wav|सुंदरबनच्या जंगलात सगळे प्राणी पक्षी आनंदाने राहत होते.
audio/chunk_06576.wav|आज काळे कावळे काका का नाही?
audio/chunk_06577.wav|सगळे जंगलचे प्राणी त्यांना मान द्यायचे कारण ते
audio/chunk_06578.wav|जंगलात Sherkhan महाराजांचा संदेश पोहोचवायचे.
audio/chunk_06579.wav|आणि नवीन प्राणी पक्षी कोण जंगलात आला की शेरखान महाराजांना जाऊन ते खबर द्यायचे.
audio/chunk_06580.wav|तर एकदा काय झालं काळे कावळे काका शिकारीला बाहेर पडले.
audio/chunk_06581.wav|खूप शोधलं तरी त्यांना शिकार सापडेना.
audio/chunk_06582.wav|बराच प्रयत्न केला त्यांनी शिकारीसाठी पण शिकार त्यांना मिळाली नाही.
audio/chunk_06583.wav|आता काय बरं करावं म्हणून विचार करत चिंताग्रांत
audio/chunk_06584.wav|चेहरा करून ते एका झाडावर बसले.
audio/chunk_06585.wav|तेवढ्यात काय झालं त्या झाडाखाली एक लांडगोबा आले.
audio/chunk_06586.wav|अरे काळे कावळे काका एवढे चिंताग्रंत का बसला आहे काय झालं?
audio/chunk_06587.wav|काय करू मला भूक सहन होईना.
audio/chunk_06588.wav|भुकेने जीव माझा कासावीत झालाय.
audio/chunk_06589.wav|मग लांडगोबा काय म्हणाले? अरे त्यात काय एवढंसं?
audio/chunk_06590.wav|मी तर बाबा सकाळ सकाळी
audio/chunk_06591.wav|मस्तपैकी हरणाचं मांस खाल्लं, खूप मजा आली मला.
audio/chunk_06592.wav|तू हरणाचे मांस खाल्लेस तुला मज्जा आली.
audio/chunk_06593.wav|माझ्यापुढे हरणाच्या मांसाची गोडवे गाऊ नकोस.
audio/chunk_06594.wav|माझ्या भुकेचं काय? मला भूक लागल्या.
audio/chunk_06595.wav|मग लांडगोबा म्हणाले, अरे तुझ्या भुकेची काय म्हणजे?
audio/chunk_06596.wav|काय शिका आणि जरी नाही मिळाली तर तू काय मरणार आहेस का?
audio/chunk_06597.wav|असे बोलल्यावर कावळे काका काय म्हणाले, तू काय माझ्या मरणाची वाट बघतोयस काय?
audio/chunk_06598.wav|हो हो मरणाची वाट बघतोय.
audio/chunk_06599.wav|त्यावेळी जवळच मंगू बकरी गवत खात होती तिने दोघांचे संभाषण सगळे ऐकले.
audio/chunk_06600.wav|मंगू काय मनात म्हणाली? अरे काळे कावळे काकांना शिकार मिळाली नाही.
audio/chunk_06601.wav|त्यामुळे त्यांचा जीव भुकेने कासावीत झालाय.
audio/chunk_06602.wav|काय होतंय कोण जाणे त्यांना असे म्हणत ती निघून गेली.
audio/chunk_06603.wav|कावळे काकांना भूक सण होईना
audio/chunk_06604.wav|मग ते दुसऱ्या एका झाडावर जाऊन बसले.
audio/chunk_06605.wav|आणि त्या झाडावर गेले तर तिथे त्यांना 1 box दिसला.
audio/chunk_06606.wav|त्यांना वाटलं त्या box-मध्ये काहीतरी खायला असेल.
audio/chunk_06607.wav|म्हणून त्यांनी तो त्या box-वर तुची मारली.
audio/chunk_06608.wav|खुर्ची मारल्यावर काय झालं? त्या box-मधनं
audio/chunk_06609.wav|पांढरा रंग बाहेर आला आणि सगळा रंग कावळे काकांच्या अंगावर.
audio/chunk_06610.wav|कावळे काकांच्या अंगाचा रंग सगळा पांढरा झाला.
audio/chunk_06611.wav|अरे देवा हे काय झाले म्हणून कावळे काका उठले आणि दुसऱ्या झाडावर जाऊन बसले.
audio/chunk_06612.wav|तो Forest खात्याच्या अधिकाऱ्यांनी
audio/chunk_06613.wav|झाडांना सरकारच्या मालकीची जेवढी झाडी होती
audio/chunk_06614.wav|त्यांना पट्टे ओढण्यासाठी तो रंग आणून तिथं ठेवला होता.
audio/chunk_06615.wav|तोच रंग कावळे काकांच्या अंगाला लागला.
audio/chunk_06616.wav|त्यांचा सगळा रंग पांढरा झाला, ते दुसऱ्या झाडावर जाऊन बसले.
audio/chunk_06617.wav|काळे कावळे काका दिसेना.
audio/chunk_06618.wav|इथं पांढरे कावळे काका दिसतात.
audio/chunk_06619.wav|कावळे काकांना भुकसण झाली नसल.
audio/chunk_06621.wav|असो लांडगे काका म्हणायला लागले.
audio/chunk_06622.wav|तेवढ्यात Mangu बकरी तिथे आली आणि ती काय म्हणाली?
audio/chunk_06623.wav|तर लांडगे काका म्हणाले, अगं मंगू बकरी!
audio/chunk_06624.wav|कावळे काकांना खूप भूक लागली होती.
audio/chunk_06625.wav|भूक सहन न झाल्यामुळे ते मेले वाटतं आणि त्यांचं भूत झालंय ते बघ पांढरे कावळे काका दिसत्यात.
audio/chunk_06626.wav|असे म्हटल्यावर Mangu बकरीने बघितली. अरे हो रे हो
audio/chunk_06628.wav|काळे कावळे काका तुम्ही मरण पावला हे बघून आम्हाला खूप दुःख होतंय.
audio/chunk_06629.wav|तुमच्या आत्म्याला शांती मिळू दे.
audio/chunk_06630.wav|तेवढ्यात कावळे काका काय म्हणाले?
audio/chunk_06631.wav|मी मेलो हे खरं आहे, पण माझ्या भुक्याचे काय?
audio/chunk_06632.wav|मला खूप भूक लागल्या, मला खायला आणून दे.
audio/chunk_06633.wav|असं म्हटल्यावर लांडगोबा घाबरले लठलठ कापायला लागले.
audio/chunk_06634.wav|कावळे काकांचे भूत झाले बघून थरथर कापायला लागले.
audio/chunk_06635.wav|मग बकरी ताई कापायला लागल्या त्या हळूच तिथून निघून गेल्या.
audio/chunk_06636.wav|मग लांडगोबानी जाऊन उंदीर आणले.
audio/chunk_06637.wav|कावळे काकांना खायला दिले. कावळे काकांनी ते उंदीर खाल्ले.
audio/chunk_06638.wav|परत म्हणाले आणखी आण मला खूप भूक लागली.
audio/chunk_06639.wav|परत आणखी उंदीर आणले तेही खाल्ले.
audio/chunk_06640.wav|लांडगोबा आणखी उंदे राहण माझी भूक.
audio/chunk_06641.wav|Landgoa परत उंदीर आणायला गेले.
audio/chunk_06642.wav|म्हणून ते सरोवरात पाणी प्यायला गेले.
audio/chunk_06643.wav|पाणी प्यायताना बघत्यात तर त्यांचं प्रतिबिंब पांढरं दिसलं.
audio/chunk_06644.wav|ते box-ातला रंग उडून आपलं रंग पांढरं झाले.
audio/chunk_06645.wav|आता याचा आपण फायदा करून घ्यायचा.
audio/chunk_06646.wav|असे त्यांनी मनाशी ठरवले आणि सगळ्या प्राण्यांना आता भूत आपण झालोय असे दाखवायचो.
audio/chunk_06647.wav|म्हणून ते परत झाडावर येऊन बसले.
audio/chunk_06648.wav|तेवढ्यात लांडगोबा पुढे निघाले.
audio/chunk_06649.wav|लांडगुवा पुढे निघाले तर त्यांना
audio/chunk_06650.wav|मग दादांना बघितल्यावर लांडगोबा घाबरले.
audio/chunk_06651.wav|कोण तू? तू तू तू तू तू भूत नाहीस ना?
audio/chunk_06652.wav|बबुळोबा म्हणाले, अरे लाडगोबा हे काय बोलतोस तू?
audio/chunk_06653.wav|अरे पांढरा रंग आमचा बगळ्यांचाच असतो.
audio/chunk_06654.wav|आम्ही काय मी काय भूत भीत नाही.
audio/chunk_06655.wav|कुठलं भूताचं खूळ डोक्यात घेऊन बसलास?
audio/chunk_06656.wav|आपल्या जंगलात कावळे काका भूक सहन न झाल्याने मरण पावलेत.
audio/chunk_06657.wav|जंगलातल्या झाडावर बसले.
audio/chunk_06658.wav|किती उंदर खायला त्यांना दिले तरी त्यांची भूक भागेना.
audio/chunk_06659.wav|म्हणून त्यांनी परत मला उंदीर आणायला पाठवले.
audio/chunk_06660.wav|मग बगळी दादा काय म्हणाले?
audio/chunk_06661.wav|चला सगळ्या प्राण्यांचा विचार घेऊया.
audio/chunk_06662.wav|मग तोपर्यंत मंगू बकरीने जाऊन ही वार्ता सगळ्या प्राण्यांच्यात पसरली होती.
audio/chunk_06663.wav|मग तिथं बगळे दादा आणि लांडगोबा गेले. त्यांनी सांगितलं होय. काळे कावळे काका भूत झाले. सगळ्या प्राण्यांना आश्चर्य वाटलं.
audio/chunk_06664.wav|आता काय करायचं हे भूत जर झाले तर आपल्या सगळ्या प्राण्यांना त्रास देतील.
audio/chunk_06665.wav|मग लखन माकड दादा चिंकी माकड दादा काय म्हणाले अरे त्यांचे भूत झाले म्हटल्यावर आपल्याला त्रास होणार
audio/chunk_06666.wav|किती खायला दिलं त्यांना तरी त्यांचं पोट भरणार नाही.
audio/chunk_06667.wav|त्यांच्या आत्म्याला शांती दिव्या
audio/chunk_06668.wav|त्यासाठी त्यांना खायला नेऊन देऊया भरपूर आणि मग आत्म्याला शांती देऊया म्हणजे ते निघून जातील.
audio/chunk_06669.wav|असे सगळे प्राणी बोलायला लागले.
audio/chunk_06670.wav|मग बगळे दादांना 1 संशय आला.
audio/chunk_06671.wav|अरे भूत भीत असलं काही नसते.
audio/chunk_06672.wav|तुम्ही काही कोणी घाबरू नका आपण एक माझ्या डोक्यात एक युक्ती आल्या ती आपण करूया.
audio/chunk_06673.wav|हे बघा सगळ्यांनी थोड्या वेळानं मी कावळे काका जिथं बसले आहेत तिथं जातो आणि त्यांच्याबरोबर बोलतो.
audio/chunk_06674.wav|तुम्ही सगळे प्राणी माझ्याबरोबर या सगळ्यांनी झाडीत लपून राहायचं.
audio/chunk_06675.wav|मी जेव्हा बोलवील तेव्हा बाहेर यायचं, ठीक आहे.
audio/chunk_06676.wav|मग सगळे प्राणी बगळे दादा सगळे गेले.
audio/chunk_06677.wav|सगळे प्राणी झाडीत लपले आणि Bagale Dada, Kawale Kaka जिथं बसले होते त्या झाडाखाली गेले.
audio/chunk_06678.wav|काळे कावळे काकांच्या आत्म्याला शांती मिळो.
audio/chunk_06679.wav|त्यांच्या आत्म्याला शांती द्या, त्यांचा आत्मा मुक्त होऊ द्या.
audio/chunk_06681.wav|अरे Bagale दादा हे काय बोलताय मला खूप भूक लागल्या.
audio/chunk_06682.wav|आत्म्याला शांती भिंती तसं काही नाही आधी मला पोट भर
audio/chunk_06683.wav|मग माझ्या आत्म्याला शांती मिळेल.
audio/chunk_06684.wav|जावा पटकन मांस घेऊन या.
audio/chunk_06685.wav|असं म्हटल्यावर बगळे दादा काय म्हणाले?
audio/chunk_06686.wav|खवळे दादा मी तुम्हाला मांस देतो भरपूर मांस देतो.
audio/chunk_06687.wav|पण कसा आहे मी आधी सरोवरात जाऊन आंघोळ करून येतो.
audio/chunk_06688.wav|मग तुम्हाला मांस देतो आणि सगळ्या प्राण्यांना बोलवून तुमच्या आत्म्याला शांती देतो, ठीक आहे ठीक आहे.
audio/chunk_06689.wav|जा पटकन आंघोळ करून येईन मला मांस आणून दे.
audio/chunk_06690.wav|जवळच्या सरोवरात आंघोळीला गेले.
audio/chunk_06691.wav|बुडण्याचं नाटक केलं ते काय म्हणाले?
audio/chunk_06692.wav|1 बुडी मारली आणि खाली बुडली.
audio/chunk_06693.wav|आणि काय म्हणाले, अरे अरे बुडलो मी, मला वाचवा, मी बुडलो, मला वाचवा, जोरजोरात ओरडायला लागले.
audio/chunk_06694.wav|तिथे कोणीच नव्हतं, सगळे प्राणी लपून बसले होते.
audio/chunk_06695.wav|मग कावळी दादाने बघितलं.
audio/chunk_06696.wav|अरे हे बगळे दादा बुडायला लागले आहेत हे जर बुडले तर आपल्याला मांस मिळणार नाही.
audio/chunk_06697.wav|झाडावरची काटकी घेतली आणि ती काटकी धरून ते उडत उडत सरोवरात गेले आणि उडणाऱ्या बगळे दादांना त्यांच्या पंखाला चोचीने धरलं आणि म्हणाले बगळे दादा या काटकी काठीवर बसा.
audio/chunk_06698.wav|मग बघळे दादांनी नाटक केलं होतं. त्यांनी काठीवर बसायचं नाटक केलं. कावळे काठीवरती कावळे दादांच्या हातात. मग त्यांनी काठीसकट बघळे दादा बुडले.
audio/chunk_06699.wav|काठी बुडल्या कावळी दादा पण बुडले.
audio/chunk_06700.wav|त्यांच्या अंगाचा सगळा रंग धुऊन गेला.
audio/chunk_06701.wav|परत पहिल्यासारखे काळे कावळेदार काका झाले.
audio/chunk_06702.wav|मग बगडी दादा त्यांना घेऊन
audio/chunk_06703.wav|सरोवराच्या काठावर असलेल्या झाडाजवळ आले.
audio/chunk_06704.wav|सगळ्या प्राण्यांना बोलवून घेतलं, सगळे प्राणी आले. बगळे दादा म्हणाले, बघा, अहो आपले काळे कावळे
audio/chunk_06705.wav|काका मेलेले नव्हते, ते जिवंत होते.
audio/chunk_06706.wav|मग कावळे काकांनी सगळी कहाणी सांगितल्या, मग सगळ्यांना पटलं.
audio/chunk_06707.wav|मग कावळे काका काय म्हणाले, अहो मी तर काय करू?
audio/chunk_06708.wav|मग तुम्हाला बनवायचं मी नाटक केलं.
audio/chunk_06709.wav|युक्ती केली आणि तुम्हाला बनवलं.
audio/chunk_06710.wav|पण Bagale दादांनी माझी युक्ती
audio/chunk_06711.wav|सफल होऊन दिली नाही, माझं सत्य बाहेर पडलं. मग सगळे प्राणी म्हणाले, बरोबर आहे. कावळे काका, तुम्ही किती दिवस नाटक करणार करणार होता ना आम्हाला फसवणार होता, आम्हाला संकटात पाडणार होता?
audio/chunk_06712.wav|चूक लांडगे दादांची झाली, त्यांनी तुम्हाला तसं बोलायला पाहिजे नको होतं, ते आम्हालाही पटतंय.
audio/chunk_06713.wav|पण तुम्ही असं नाही करायचं.
audio/chunk_06714.wav|त्याच वेळेला सरोवरात जाऊन अंग धुऊन यायला पाहिजे होतं.
audio/chunk_06715.wav|पण तुम्ही आम्हाला बनवलंत पण शेवटी तुमची चोरी उघडकीला आली असे म्हणून सगळे प्राणी
audio/chunk_06716.wav|हो हो हसायला लागले परत आपापल्या
audio/chunk_06717.wav|गुहे झाडावर निघून गेले.
audio/chunk_06718.wav|काळे कावळे काकांची चोरी उघड करायला आली.
audio/chunk_06719.wav|म्हणून म्हणतात खरे कधी बुडत नाही, सत्य लपून राहत नाही.
audio/chunk_06721.wav|1 टोपी विका आपल्या बायको मुलासह राहत होता.
audio/chunk_06722.wav|त्याचा टोपी विकायचा व्यवसाय होता.
audio/chunk_06723.wav|आणि आपल्या बायको मुलांचा पोट भरत होता.
audio/chunk_06724.wav|सकाळी लवकर उठून बायको त्याला शिदोरी बांधून द्यायची.
audio/chunk_06725.wav|टोप्या विकायला गावोगावी जायचा.
audio/chunk_06726.wav|असंच एकदा तो सकाळी लवकर उठून टोप्या विकण्यासाठी निघाला. जवळच बायकोने शिदोरी बांधून दिली होती. तो दुसऱ्या गावात निघाला.
audio/chunk_06727.wav|चालत चालत चालत गेला वाटेत जंगल लागलं ऊन फार होतं.
audio/chunk_06728.wav|चालून चालून थकल्यामुळे टोपी विकायला काय वाटलं तिथे 1 आंब्याचं झाड होतं.
audio/chunk_06729.wav|आणि त्या झाडाखाली आपण जरा
audio/chunk_06730.wav|बसावं, विश्रांती घ्यावी, जेवण करावं.
audio/chunk_06732.wav|तो गेला आंब्याच्या झाडाखाली.
audio/chunk_06733.wav|बसला जरा मग आपली शिदोरी उघडली.
audio/chunk_06734.wav|पाणी प्यायला आणि
audio/chunk_06735.wav|पाणी फेकल्यावर जेवल्यावर त्याला
audio/chunk_06736.wav|टोप्याचं गाठोडं उशाला ठेवलं आणि तो झोपला. त्याला शांत निवांत झोप लागली.
audio/chunk_06737.wav|1 तासाभरानं टोपी विक्या उठला.
audio/chunk_06738.wav|उठल्यावर बघतोय तर तो काय म्हणला, आता आपण पुढच्या गावाला जायचं.
audio/chunk_06739.wav|उठला आणि तो आपल्या गाठोड्याकडे गेला.
audio/chunk_06740.wav|बघतोय तर त्या गाठोड्यात 1-ही टोपी नव्हती.
audio/chunk_06741.wav|अरे देवा हे काय झालं म्हणला आपल्या टोप्या काय झाल्या
audio/chunk_06742.wav|त्याने आजूबाजूला बघितलं कोणी चोरवीर आलाय का त्यानं आपले टोपे नेलेत का म्हणून त्यानं आजूबाजूला बघितलं.
audio/chunk_06743.wav|मग त्याचं लक्ष वर गेलं.
audio/chunk_06744.wav|झाडावर आंब्याच्या झाडावर लक्ष गेल्यावर बघतोय तो.
audio/chunk_06745.wav|तिथं बरीच माकडे बसली होती.
audio/chunk_06746.wav|भला मोठा घोळका होता माकडांचा.
audio/chunk_06747.wav|आणि त्यांच्या डोक्यावर टोप्या होत्या.
audio/chunk_06748.wav|आता टोपीवाल्याला काय समजेना.
audio/chunk_06749.wav|ह्या माकडानीच आपल्या टोप्या नेल्या त्या प्रत्येक माकडानं टोपी डोक्याला घातली होती.
audio/chunk_06750.wav|आता काय करायचं टोपी व्यायला प्रश्न पडला. आता या माकडांच्या कडून टोप्या कशा घ्यायच्या?
audio/chunk_06751.wav|मग त्यानं काय केलं? 1 झाडाची फांदी घेतली.
audio/chunk_06752.wav|आणि त्या माकडांच्याकडे वर झाडावर भिरकावली.
audio/chunk_06753.wav|मग त्या माकडाने पण काय केलं?
audio/chunk_06754.wav|आंब्याच्या झाडाच्या ढाप्या तोडल्या आणि त्यांनी पण खाली टाकल्या.
audio/chunk_06755.wav|झाडाखालची दगडं घेतली आणि ती झाडावर भिरकावली.
audio/chunk_06756.wav|झाडावरचं आंब काढलं आणि खाली फिरकावलं.
audio/chunk_06757.wav|टोपीवाल्याच्या डोक्यात युक्ती आली.
audio/chunk_06758.wav|आपल्या डोक्यावरची टोपी घेतली खाली टाकली.
audio/chunk_06759.wav|मग सगळ्या माकडांनी झाडावरच्या
audio/chunk_06760.wav|टोप्या आपल्या डोक्यावरच्या काढल्या आणि खाली फेकल्या.
audio/chunk_06761.wav|खाली फेकल्यावर सगळ्या टोप्या आंब्याच्या झाडाखाली पडल्या. मग टोपी विक्याने भराभरा भराभरा टोप्या गोळ्या केल्या, गाठोड्यात बांधल्या.
audio/chunk_06762.wav|आणि पटकन तिथनं निघाला.
audio/chunk_06763.wav|आणि चालत चालत दुसऱ्या गावात गेला.
audio/chunk_06765.wav|शक्ती पणाला लावली नाही.
audio/chunk_06766.wav|युक्तीने माकडांच्या कंठी टोप्या घेतल्या.
audio/chunk_06767.wav|अशी युक्ती करावी लागते, म्हणून म्हणतात शक्तीपेक्षा
audio/chunk_06769.wav|Ramu असोल मामांनी फळांचं दुकान चालू केलं होतं.
audio/chunk_06770.wav|वेगवेगळ्या प्रकारची फळे
audio/chunk_06771.wav|सफरचंद, केळी, संत्री, मोसंबी, अंजिरे, गाजरे
audio/chunk_06772.wav|डाळिंबे, शिचाफळ,
audio/chunk_06773.wav|त्यासाठी त्यांनी 1 छोटीशी
audio/chunk_06774.wav|ते शेजारच्या जंगलात जाऊन
audio/chunk_06775.wav|फळांची खरेदी करायची आहे.
audio/chunk_06776.wav|ट्रेनने घेऊन यायचे आणि आपल्या दुकानात फळे ठेवून
audio/chunk_06777.wav|जंगलात विकायचे जंगलातले सगळे प्राणी पक्षी त्यांच्या दुकानात फळाला गर्दी करायचे
audio/chunk_06778.wav|एखाद्या वेळेला प्राण्यांना शिकार नाही मिळाली.
audio/chunk_06779.wav|Ramu Asmal मामांच्या दुकानला खूप गर्दी असायची.
audio/chunk_06780.wav|दुकान छान चाललं होतं. पण 1 खोड मात्र Ramu Aswal मामांना
audio/chunk_06781.wav|चांगली नव्हती, वाईट खोड होती, ती म्हणजे
audio/chunk_06782.wav|Rama Solama-मा दुकान उघडायचे.
audio/chunk_06783.wav|ते झोपल्यावर दुकानात गिऱ्हाईक आलं.
audio/chunk_06784.wav|Ram असवल मामा मला फळे पाहिजे.
audio/chunk_06785.wav|फळे द्या असे Girat म्हंटल.
audio/chunk_06786.wav|अरे जा जा माझी झोप पूर्ण होऊ दे मी झोपून उठल्यावर.
audio/chunk_06787.wav|मी झोपून उठल्याशिवाय फळ देणार नाही.
audio/chunk_06788.wav|असं म्हटल्यावर ते प्राणी निराशेने निघून जायचे.
audio/chunk_06789.wav|ही खोड त्यांची सगळ्या प्राण्यांना माहिती होती.
audio/chunk_06790.wav|एकदा काय झालं भोले हत्ती दादांना खूप भूक लागली होती.
audio/chunk_06791.wav|म्हणून ते Ramu आस्वल मामांच्या दुकानात आले.
audio/chunk_06792.wav|बघत्यात तर Ramu आस्वान मामा झोपले.
audio/chunk_06793.wav|Ramu अस्वल मामा Ramu अस्वल मामा
audio/chunk_06794.wav|असे 2-3 वेळा
audio/chunk_06795.wav|विचारलं हाक मारली
audio/chunk_06796.wav|पण Ramu अस्वल मामा अजिबात उठायला तयार नव्हते.
audio/chunk_06797.wav|मग ते हळूच उठले.
audio/chunk_06798.wav|आणि भोले हत्ती दादांना बघून म्हणाले, अरे भोले हत्ती दादा!
audio/chunk_06799.wav|मी आता झोपलोय ना माझी झोप पूर्ण झाल्याशिवाय फळे मिळणार नाही.
audio/chunk_06800.wav|मग बोलले हत्ती दादा म्हणाले असं काय करताय Ramu असं म्हणे मामा मला खूप भूक लागल्या.
audio/chunk_06801.wav|भुकेने माझा जीव कासावीस होते.
audio/chunk_06802.wav|द्या की ये, मला फळे देऊन झोपा.
audio/chunk_06803.wav|तर बघा बोले हत्ती दादा, मी आता झोपेतून उठणार नाही, माझी तुम्ही झोप मोड केलीसा.
audio/chunk_06804.wav|छान मला झोप लागली होती मी तुम्हाला
audio/chunk_06805.wav|फळे देऊ शकत नाही.
audio/chunk_06806.wav|जाताय का नाय सांगा मला?
audio/chunk_06807.wav|काय बोलणार भोले हत्ती दादा ते गप बिचारे निघून गेले.
audio/chunk_06808.wav|असे बरेच प्राणी येऊन फळे बघून गेले पण हे
audio/chunk_06809.wav|Ramavasul मामा झोपले होते.
audio/chunk_06810.wav|तसेच ते रिकाम्या हाताने सगळे प्राणी निघून गेले.
audio/chunk_06811.wav|रामो अस्वल मामांना झोपेपुढे
audio/chunk_06812.wav|गिऱ्हाईकाची कदर नव्हती.
audio/chunk_06813.wav|सगळे प्राणी येऊन
audio/chunk_06814.wav|Ramu अस्वल मामांना
audio/chunk_06815.wav|बेदागी देऊन फळे घेऊन जायचे पण ह्याचं काही नव्हतं त्यांना.
audio/chunk_06816.wav|मग सगळ्या प्राण्यांनी काय ठरवलं?
audio/chunk_06817.wav|ही सगळी Ramaswal मामांची कहाणी Sherkhan महाराजांना सांगावी.
audio/chunk_06818.wav|म्हणून सगळे प्राणी Sherkhan महाराजांच्याकडे गेले.
audio/chunk_06819.wav|आम्ही फळे विकत घ्यायला गेलो तर Ramu असोल मामा आम्हाला फळे देत नाहीत.
audio/chunk_06820.wav|एखाद्या वेळेला शिकार नाही मिळाली तर भूक लागते आम्हाला, भुकेने जीव कासावीस होतो.
audio/chunk_06821.wav|पण त्यांना त्याचं काही नाही ते आम्हाला फळे देत नाहीत.
audio/chunk_06822.wav|आम्ही त्यांना विकत फळे मागतो.
audio/chunk_06823.wav|त्यांच्याकडून फुकट काही फळे घेत नाही.
audio/chunk_06824.wav|तरी ते ते आम्हाला देत नाहीत.
audio/chunk_06825.wav|गोळी घाली जाता का नाही?
audio/chunk_06826.wav|माझी झोप पूर्ण होऊ दे असे बोलतात असं सगळ्या प्राण्यांनी Sherkhan महाराजांना सांगितलं.
audio/chunk_06827.wav|एवढा कसला अहंकार आलाय?
audio/chunk_06828.wav|त्यांना त्यांच्या झोपेपुढे
audio/chunk_06829.wav|समोर आलेले गिराईक दिसत नाही.
audio/chunk_06830.wav|असे Sherkhan महाराज रागाने बोलले.
audio/chunk_06831.wav|Lakhan Makad Dada इकडे या.
audio/chunk_06832.wav|मग त्यांनी Lakhan Makad दादांना सांगितलं.
audio/chunk_06833.wav|तुम्ही आत्ताच्या आत्ता जावा.
audio/chunk_06834.wav|आणि Ram असोल मामांना
audio/chunk_06835.wav|असा धडवा शिकवा त्यांच्या पुरेपूर कायम लक्षात राहिला पाहिजे.
audio/chunk_06836.wav|मग Lakhan माकड दादा म्हणाले ठीक आहे.
audio/chunk_06837.wav|मग Lakhan माकड दादा गेले.
audio/chunk_06838.wav|त्या वेळेला Ram असोल मामा दुकानात नव्हते ते फळे आणण्यासाठी
audio/chunk_06839.wav|Ramu असोल मामा फळांची भरलेली train घेऊन येत होते.
audio/chunk_06840.wav|मग Lakhan Makad Dada-नी काय केलं?
audio/chunk_06841.wav|ते Ramu अस्वल मामांना कळू न देता हळूच जाऊन train-मध्ये बसले लखन माकड दादा.
audio/chunk_06842.wav|अगोदर त्यांनी जंगलातल्या सगळ्या प्राण्यांना सांगितलं होतं.
audio/chunk_06843.wav|Ramu Aswal मामांची train दिसली की सगळ्यांनी
audio/chunk_06844.wav|रस्त्याच्या कडेला येऊन थांबायचं, सगळे प्राणी पक्षी रस्त्याच्या कडेला येऊन थांबले होते.
audio/chunk_06845.wav|मग Lakhan Makad Dada trainमध्ये चढले.
audio/chunk_06846.wav|लांडगे मामासनी टाकली.
audio/chunk_06847.wav|लांडगे मामा म्हणाले,
audio/chunk_06848.wav|खूप छान केलंस रे मला खूप भूक लागली होती.
audio/chunk_06849.wav|ओल्या हत्ती दादांना टाकली.
audio/chunk_06850.wav|परत अंजिरे चंचला खारी ताईंना टाकली.
audio/chunk_06851.wav|गुट्टू ससे भाऊंना गाजरे टाकली असे बरेच जंगलातले प्राणी उभा राहिले होते सगळ्या प्राण्यांना train-मधली सगळी फळे
audio/chunk_06852.wav|एक दोन डबे शिल्लक राहिले नाही सगळी फळे
audio/chunk_06853.wav|Lakhan Makad Dada-नी प्राण्यांना वाटून टाकली.
audio/chunk_06854.wav|Ramu असुल मामांना हे काय माहीत नव्हतं.
audio/chunk_06855.wav|थोड्या वेळाने त्यांचं पाठीमागे लक्ष गेलं.
audio/chunk_06856.wav|वक्त्या तर Lakhan Makad दादा train-मध्ये बसले.
audio/chunk_06857.wav|Ramu आस्वल मामा म्हणाले,
audio/chunk_06858.wav|अरे Lakhan माकड दादा तुम्ही काय करताय माझ्या train-मध्ये आणि train-मधली फळे काय झाली?
audio/chunk_06859.wav|लखन माकड दादा म्हणाले, राम अस्वल मामा तुमची फळे केव्हा संपली?
audio/chunk_06860.wav|2 डबे शिल्लक राहिलेत, मी प्राण्यांना वाटून टाकली.
audio/chunk_06861.wav|जंगलातल्या सगळ्या प्राण्यांना दिली.
audio/chunk_06862.wav|असं म्हणून रागाने Ramu आस्वल मामा train चालवू लागले.
audio/chunk_06863.wav|तेवढ्यात Lakhan माकड दादा उतरले.
audio/chunk_06864.wav|आणि त्यांनी engine-पासून डबे सोडवले.
audio/chunk_06865.wav|Ramu अस्वल मामांना माहीत नाही.
audio/chunk_06866.wav|गाडीचे ढबे राहिले मागं.
audio/chunk_06867.wav|Lakhan Makad Dada-नी सगळ्या प्राण्यांना बोलवलं.
audio/chunk_06868.wav|आणि सगळ्यांना सांगितलं सगळ्यांनी सगळी फळे घेऊन जावा.
audio/chunk_06869.wav|सगळे प्राणी फळे घेऊन जायला लागले.
audio/chunk_06870.wav|रिकामे झाले आणि engine-बसनं डबे बाजूला झाल्यात.
audio/chunk_06871.wav|हे बघितल्यावर Rama अस्वल मामा Lakhan माकड दादांच्यावर चिडले आणि हे काय केलंस तू? माझी फळ सगळी संपवलीस, engine-पासून डबे बाजूला केलेस, असं का केलंस?
audio/chunk_06872.wav|असं ओरडू लागले आणि ते Lakhan Makad Dada-ंच्या अंगावर माराय धावून आले.
audio/chunk_06873.wav|तेवढ्यात Lakhan Makad Dada काय म्हणाले?
audio/chunk_06874.wav|अहो Ram असोल मामा
audio/chunk_06875.wav|तुम्ही मला मारू नका, त्याचा उपयोग काही होणार नाही.
audio/chunk_06876.wav|हे करतोय हे मी सगळं मी माझ्या मनाने करत नाही.
audio/chunk_06877.wav|Sherkhan महाराजांची आज्ञा आहे, त्यांच्या आज्ञेवरूनच मी करतोय.
audio/chunk_06878.wav|तुमचं नशीब समजा, Sherkhan महाराज आले नाहीत.
audio/chunk_06879.wav|माझे आभार माना नाहीतर तुमची काय गत झाली असती तुम्हालाही कळली नसती.
audio/chunk_06880.wav|Ramu आस्वल मामा ना
audio/chunk_06881.wav|मग डोक्यात प्रकाश पडला.
audio/chunk_06882.wav|आपल्या दुकानात फळे न्यायला आले की आपण त्यांना
audio/chunk_06883.wav|माझी झोप झाल्यावर या म्हणतो.
audio/chunk_06884.wav|हे सगळं ऐकलं असेल Sherkhan महाराजांनी प्राण्यांच्याकडून.
audio/chunk_06885.wav|म्हणूनच त्यांनी मला धडा शिकवण्यासाठी Lakhan Makad Dada-ला पाठवले.
audio/chunk_06886.wav|Ramu आसवला मामा उमजले.
audio/chunk_06887.wav|आणि मग ते म्हणाले, Lakhan, Sherkhan महाराजांना जाऊन सांग.
audio/chunk_06888.wav|मी आता इथून पुढे असे वागणार नाही.
audio/chunk_06889.wav|वेळच्या वेळी सगळ्या प्राण्यांना फळे देईन.
audio/chunk_06890.wav|असे म्हणून रिकामी झालेली train घेऊन
audio/chunk_06891.wav|परत दुसऱ्या जंगलात फळे आणण्यासाठी गेले.
audio/chunk_06892.wav|सगळ्या प्राण्यांना भरपूर फळे मिळाली, सगळ्या प्राण्यांना
audio/chunk_06893.wav|आनंद झाला त्यांनी Lakhan Makad दादांचे आणि Sherkhan महाराजांचे आभर मानले.
audio/chunk_06894.wav|आणि परत Ramu आस्वल मामा
audio/chunk_06895.wav|असे झोपेचे प्रिय झाले नाहीत.
audio/chunk_06896.wav|ते वेळचे वेळी दुकान उघडायचे.
audio/chunk_06897.wav|साऱ्या प्राण्यांना फळे द्यायचे.
audio/chunk_06898.wav|सगळे प्राण्या सगळ्या प्राण्यांना पण आनंद व्हायचा.
audio/chunk_06899.wav|आता Ramu असलो मामा छान सुधारले होते.
audio/chunk_06901.wav|हिरव्यागार झाडांनी, फळांनी
audio/chunk_06902.wav|भरलेले जंगलात खूप मोठं सरोवर होतं.
audio/chunk_06903.wav|आणि प्राणी भरपूर होते, पक्षी भरपूर होते.
audio/chunk_06904.wav|जंगलातल्या प्राण्यांचे पक्षांचे
audio/chunk_06905.wav|सगळे मिळून मिसळून वागत होते.
audio/chunk_06906.wav|नंदन नावाचा राजहंस अतिशय सुंदर आणि देखणा होता
audio/chunk_06907.wav|त्याचे पंकही खूप छान होते.
audio/chunk_06908.wav|आणि जसा तो देखणा होता तसाच
audio/chunk_06909.wav|तो मायाळू प्रेमळ होता.
audio/chunk_06910.wav|सगळ्याशी प्रेमाने वागायचा, मायेने वागायचा, संकट खाली प्रत्येक
audio/chunk_06911.wav|पक्षाला, प्राण्याला मदत करायचा.
audio/chunk_06912.wav|त्यामुळे सगळे प्राणी पक्षी त्याला खूप मान देत होते, त्याचा सन्मान करत होते.
audio/chunk_06913.wav|आणि सरोवरात त्याने 1 आपली
audio/chunk_06914.wav|स्थान निर्माण केले तिथे तो
audio/chunk_06915.wav|तर एकदा काय झालं जंगलात 1 काळे कावळे दादा आले.
audio/chunk_06916.wav|ते सगळे जंगल फिरले आणि सरोवराच्या काठावर दगडावर येऊन बसले.
audio/chunk_06917.wav|बसले त्यांनी बघितले सरोवरातले पक्षी किती आहेत पोहणारे
audio/chunk_06918.wav|आकाशात उडणारे, जंगलात प्राणी किती आहे सगळं बघितलं आणि ते काय म्हणाले, अरे वा जंगल खूप छान आहे, जलचर प्राणी भरपूर आहेत, पक्षी भरपूर आहेत, प्राणी भरपूर आहेत, इथं आपण थांबायला हरकत नाही, म्हणून ते थांबले जंगलात.
audio/chunk_06919.wav|आणि मग ते रोज काय करायचे सरोवराच्या काठावर 1 मोठा दगड होता त्या दगडावर येऊन बसायचे आणि सरोवरातले
audio/chunk_06920.wav|हा Nandan नावाचा राजहंस.
audio/chunk_06921.wav|मग ते काय म्हणाले, अरे किती शहाणा आहे हा Rajhans!
audio/chunk_06922.wav|किती पांढरा शुभ्र आहे, पंख त्याचे किती छान आहेत.
audio/chunk_06923.wav|त्यामुळे हे सगळे प्राणी, पक्षी त्याला मान सन्मान देतात.
audio/chunk_06924.wav|मग त्याची जागा जर आपल्याला मिळाली तर काय होईल?
audio/chunk_06925.wav|काही नाही त्याची जागा आपल्याला मिळाली पाहिजे.
audio/chunk_06926.wav|असा दुष्टेतू
audio/chunk_06927.wav|काळे कावळे दादांच्या मनात आला.
audio/chunk_06928.wav|ते काय मनात म्हणाले, आपण ह्या Nandanrajhans-शी मैत्री करूया.
audio/chunk_06929.wav|राजहंसाकडे गेले आणि म्हणाले, अरे मित्रा,
audio/chunk_06930.wav|किती तू हुशार आहेस, दिसायला सुंदर आहेस, प्रामाणिक आहेस, सगळ्या पक्षांना, प्राण्यांना मदत करतोस, मला तुझा स्वभाव खूप आवडतो, माझ्याशी मैत्री करशील का?
audio/chunk_06931.wav|नंदनराज हंस गर्विष्ट नव्हता.
audio/chunk_06932.wav|त्यामुळे तो काय म्हणाला, अरे मित्रा त्यात काय एवढेसे?
audio/chunk_06933.wav|करीन मी तुझ्याशी मैत्री आजपासून तू आणि मी दोघे मित्र इतर मित्राप्रमाणे.
audio/chunk_06934.wav|मग कावळे दादांना आपला दृष्टी हेतू साध्य करायचा होता, मग ते रोज रोज राय नंदन राजहंसा विषयी जायचे, बोलायचे, बसायचे, राजहंस जसा वागतोय तसे वागायला बघायचे.
audio/chunk_06935.wav|मग एकदा काय होतं जंगलात
audio/chunk_06936.wav|पाऊस पडत नाही, दुष्काळ पडतो, झाडे
audio/chunk_06937.wav|जंगलातली वाळून जातात, फळे लागेनाशी होतात.
audio/chunk_06938.wav|गवत वाळून जाते सरोवरातले पाणी ही
audio/chunk_06939.wav|मग Nandan राजहंसाला कोडं पडलं, अरे जंगलातले प्राणी काय पाणी पिणार?
audio/chunk_06940.wav|फळे खायला नाहीत, पाणी नाही प्यायला.
audio/chunk_06941.wav|याचे Nandan-ला खूप वाईट वाटले.
audio/chunk_06942.wav|नंदनराज हंस काळजी करू लागला.
audio/chunk_06943.wav|ह्याला उपाय काय करायचा Nandan-ला समजेना.
audio/chunk_06944.wav|ज्या वेळेला नेमके काळे कावळे दादा तिथे गेले.
audio/chunk_06945.wav|अरे Nandan, बघ की जंगलात आपल्या
audio/chunk_06946.wav|कसं होणार प्राण्यांचं, पक्षांचं?
audio/chunk_06947.wav|Nandan Rajhans काय म्हणाला?
audio/chunk_06948.wav|अरे होय कवळे दादा मी तेच म्हणतोय
audio/chunk_06949.wav|खायला फळे नाही, दुसरं काही नाही, प्यायला पाणी सुद्धा नाही. कसं होणार प्राण्यांचं, पक्षांचं? मलाही चिंता रागून राहिली आहे, काय करावं बरं?
audio/chunk_06950.wav|मी 1 युक्ती सांगतो ऐकणार का?
audio/chunk_06951.wav|नंदन डांस हंस काय म्हणाला? सांग!
audio/chunk_06952.wav|थोडे दिवस मी हा जंगलचा आणि सरोवरातला कारभार बघतो, तू थोडे दिवस विश्रांती घे.
audio/chunk_06953.wav|नंदन राजहंस काय म्हणाला? ठीक आहे. तू बघ येच.
audio/chunk_06954.wav|सरोवरातलं जंगलातलं सगळ्या प्राण्यांचं
audio/chunk_06955.wav|असे म्हणून Nandanraj Hans आपल्या विश्रांतीच्या ठिकाणी निघून गेला.
audio/chunk_06956.wav|काळे कावळ का कावळे दादांनी काय केलं?
audio/chunk_06957.wav|सरोवरात पाणी प्यायला प्राणी आले पक्षी आले
audio/chunk_06958.wav|की काळे कावळे दादा सांगायचे, अरे मित्रांनो भरपूर पाणी आहे, भरपूर पाणी प्या, पाण्याची चिंता करू नका आणि पाण्यात काही काटकसर करू नका.
audio/chunk_06959.wav|असं म्हटल्यावर पाणी भ प्राणी भरपूर पाणी प्यायचे पक्षीही भरपूर प्यायचे
audio/chunk_06960.wav|आणि काळे कावळे दादा काय म्हणायचे?
audio/chunk_06961.wav|एकदा आंघोळ करताय ना 3-3 वेळेला आंघोळ करा.
audio/chunk_06962.wav|असं केल्यावर सगळे प्राणी सारखी आंघोळ करायला लागले, पाण्याचा कसा पण वापर करायला लागले.
audio/chunk_06963.wav|त्यामुळे सरोवरातले पाणी तर अतिशय थोडं शिल्लक उरलं.
audio/chunk_06964.wav|परिस्थिती आणखी बिकट झाली, आता काय करावे कळेना.
audio/chunk_06965.wav|मग Nandan Rajhans आला आणि
audio/chunk_06966.wav|काळे कावळे दादांना म्हणाला, अरे कावळे दादा सरोवरातलं तर पाणी सगळं आटलंय आता काय करायचं?
audio/chunk_06967.wav|मग काळे कावळे दादा काय म्हणाले?
audio/chunk_06968.wav|नंदन इथून जवळच 1 दुसरं सरोवर आहे.
audio/chunk_06969.wav|तिथं आपण सगळ्या प्राण्यांना पक्ष्यांना घेऊन जाऊया का?
audio/chunk_06970.wav|तेव्हा Nandan Rajhans काय म्हणाला, नको रे!
audio/chunk_06971.wav|दुसऱ्या जंगलात नको तिथेही तीच स्थिती असणार तिथे तर जाऊन काय करणार
audio/chunk_06972.wav|नको आई इथेच थांबूया.
audio/chunk_06973.wav|पण आता तू कारभार माझ्याकडे दे, मी प्राण्यांना, पक्ष्यांना
audio/chunk_06974.wav|Handle करतो ठीक आहे.
audio/chunk_06975.wav|मग Nandan-ने काय केले? सगळे प्राणी, पक्षी सरोवरात पाणी प्यायला आले की त्यांना Nandanrajhans काय म्हणायचा?
audio/chunk_06977.wav|3-3-दा आंघोळ करताय तर आता एकदा सुद्धा आंघोळ करू नका फक्त पाणी पिण्यासाठी वापरा.
audio/chunk_06978.wav|प्राण्यांनाही सांगत होता आणि पक्षांनाही सांगत होता.
audio/chunk_06979.wav|पाण्याचा दुरुपयोग करू नका.
audio/chunk_06980.wav|त्यामुळं आंघोळ न करता नुसतं पिण्यापुरतं पाणी वापरा.
audio/chunk_06981.wav|त्यामुळं पिण्यासाठीच पाण्याचा वापर करा.
audio/chunk_06982.wav|असे सांगितल्यावर सगळे प्राणी, पक्षी Nandan-च्या आज्ञा मानून
audio/chunk_06983.wav|पिण्यासाठीच फक्त वापर करा करू लागले.
audio/chunk_06984.wav|त्यामुळे फक्त पिण्यापुरते पाणी सरोवरात उरले आणि तेही पक्षांच्या प्राण्यांच्या पिण्यापुरते.
audio/chunk_06985.wav|त्यांचा जीव वाचण्यापुरता पाणी उरले.
audio/chunk_06986.wav|मग काय झालं? Rajhans काय म्हणाला?
audio/chunk_06987.wav|आपल्याला आवश्यक तेवढंच पाणी वापरलं पाहिजे.
audio/chunk_06988.wav|विनाकारण त्याचा गैरवापर नाही झाला पाहिजे.
audio/chunk_06989.wav|असं सांगितल्यावर मग सगळ्या पक्षांना प्राण्या प्राण्यांना पाणी मिळू लागलं त्यांचा जीव वाचला थोड्याच दिवसात मग पाऊस पडला
audio/chunk_06990.wav|पाऊस पडल्यावर मग जंगल हिरवेगार झाले सरोवरातही पाणी भरपूर आले.
audio/chunk_06991.wav|मग काळे कावळे काकांना आपली चूक कळली आणि ते
audio/chunk_06992.wav|नंदनराज हंस जवळ जाऊन काय म्हणाले, मित्रा मला माफ कर.
audio/chunk_06993.wav|पाणी अजून पुरलं असतं.
audio/chunk_06994.wav|पाऊस पडे पडायच्या अगोदर सुद्धा पाणी पुरलं असतं.
audio/chunk_06995.wav|पण मी दुष्ट हेतू घेऊन मी प्राण्यांना पक्षांना मुद्दाम सांगितलं पाण्याचा गैरवापर करा कारण
audio/chunk_06996.wav|मला मी दुष्ट हेतू घेऊन आलो होतो आणि तुझी जागा मला पाहिजे होती म्हणून मी हे केलं मला माफ कर.
audio/chunk_06997.wav|तुझी जागा कोणीही घेऊ शकत नाही.
audio/chunk_06998.wav|आचार सगळंच वेगळं आहे.
audio/chunk_06999.wav|त्यामुळे मी दुष्ट हेतू घेऊन आला पण परत तू आल्यामुळे परत आपल्या जंगलातल्या प्राण्यांचे पक्षांचे प्राण वाचले.
audio/chunk_07000.wav|मग Nandan Rajhans काय म्हणाला, अरे मित्रा जाऊ दे.
audio/chunk_07001.wav|तुझी चूक तुला कळली का नाही ह्यातच सगळे तुला माफी आली.
audio/chunk_07002.wav|माफीची काही गरज नाही पण इथून पुढे दुष्ट हेतू धरून कुठलंही काम करू नको.
audio/chunk_07003.wav|पाण्याची, अन्नाची कोणत्याही गोष्टीची किंमत
audio/chunk_07004.wav|असे म्हणून Nandanraj हंस सरोवरात गेला.
audio/chunk_07006.wav|एके दिवशी ते झाडावर बसून फळे खात होते.
audio/chunk_07007.wav|कसा आहे Lakhan माकड दादांना काय वाटायचं जंगलातला सगळ्यात हुशार प्राणी मी आहे माझ्यासारखा कोणी हुशार नाही
audio/chunk_07008.wav|त्यामुळे Sherkhan महाराजांचे प्रत्येक काम मी करतो, मी खूप हुशार आहे असे ते स्वतःला समजायचे.
audio/chunk_07009.wav|इतर सगळे त्यांना मूर्ख वाटायचे.
audio/chunk_07010.wav|फळे त्यांना खूप आवडायची ते झाडावर सारखे चढून फळे खात बसायचे.
audio/chunk_07011.wav|मग त्यांना सारखं वाटायचं आपण कोणालातरी मूर्ख बनवावं.
audio/chunk_07012.wav|मग एकदा काय होतं ते झाडावर फळे खात बसले असताना तिथे Niku गाढव दादा आले.
audio/chunk_07013.wav|त्यांना बघितल्यावर Lakhan Makad Dada काय म्हणाले, अरे Niku Gadhav Dada कुठे चाललात?
audio/chunk_07014.wav|काही नाही रे Lakhan आपण जंगल फिरून येऊ नये का?
audio/chunk_07015.wav|तर Lakhan Makad Dada म्हणाले हीच वेळ आहे आता.
audio/chunk_07016.wav|Niku Gadhav Dada-ला आपण मूर्ख बनवायचं.
audio/chunk_07017.wav|कुठलीही गोष्ट विचारपूर्वक करायची.
audio/chunk_07018.wav|बोलताना सुद्धा विचार करून बोलायचे.
audio/chunk_07019.wav|ते दिसायला भोळे होते पण समजूतदार होते.
audio/chunk_07020.wav|असे हे Nico Gadav दादा होते.
audio/chunk_07021.wav|आणि Lakhan Makad Dada-ना त्यांना मुर्खात काढायची होती.
audio/chunk_07022.wav|म्हणून Lakhan Makad Dada काय म्हणाले?
audio/chunk_07023.wav|अरे Niku गाढव दादा जंगल फिरण्यापेक्षा
audio/chunk_07024.wav|तुम्हाला जंगलाच्या बाहेर
audio/chunk_07025.wav|हे छान असं फळानं भरलेलं झाड आहे.
audio/chunk_07026.wav|तिथं आपण जाव्या सुंदर सुंदर फळे आहेत.
audio/chunk_07027.wav|आणि तुम्ही त्या झाडाची फळे खा काय होतं माहिती आहे का त्या झाडाची फळे खाल्ली
audio/chunk_07028.wav|ही प्राण्याचा माणूस होतो आणि माणसाचा प्राणी होतो कळलं का असं ते अद्भुत झाड आहे तिकडे जाऊया का आपण
audio/chunk_07029.wav|गाढव दादा काय म्हणाले?
audio/chunk_07030.wav|अरे Lakhan एवढ्या लांब कशाला?
audio/chunk_07031.wav|चला मी म्हणतोय म्हणून चला खूप सुंदर फळे आहेत आणि ते झाड रहस्यमय अद्भुत आहे.
audio/chunk_07032.wav|ठीक आहे तू म्हणतोयस तर चल
audio/chunk_07033.wav|गाढव दादा कसा आहे माहिती आहे का? ही वाट अगदी खडतर आहे, वाटेत खूप...
audio/chunk_07034.wav|ताठ जंगल आहे, खड्डे आहेत.
audio/chunk_07035.wav|असे म्हणल्यावर निको गाढव दादा काय म्हणाले ठीक आहे जावे आपण.
audio/chunk_07036.wav|मग ते दोघे चालत चालत चालत त्या जंगलातनं वाट काढत
audio/chunk_07038.wav|बघितलं तर झाड मोठेच्या मोठं होतं आणि भरपूर फळे लागली त्याला.
audio/chunk_07039.wav|Lakhan माकड दादा काय म्हणाले?
audio/chunk_07040.wav|निकू गाढव दादा आता तुम्ही थांबा मी झाडावर चढतो आणि तुम्हाला फळे खायला देतो.
audio/chunk_07041.wav|Niku Kadav Dada काय म्हणाले? अरे नको नको तू बैस इथे शांत बैस.
audio/chunk_07042.wav|मी छानसं मोठं फळ तुला तोडून देतो.
audio/chunk_07043.wav|आणि ते झाड एवढं मोठं विशाल होतं त्याच्या फांद्या खालीपर्यंत लोंबत होत्या फळे फांद्या
audio/chunk_07044.wav|Niku गाढव दादानी आपल्या तोंडाने 1 फांदी खाली ओढली.
audio/chunk_07045.wav|आणि 1 मोठं फळ काढून Lakhan Makad Dada-ना दिलं आणि म्हणाले Lakhan Dada तुम्ही हे फळ खावा.
audio/chunk_07046.wav|Niku गाढव दादांना मूर्ख बनवायचं होतं.
audio/chunk_07047.wav|Niku गाढव दादांनीच आपल्याला फळ खायला दिलं.
audio/chunk_07048.wav|आपण जर फळ नाही खाल्लं तर त्यांना संशय येईल.
audio/chunk_07049.wav|खोळ खाल्लं ना विलाजाने खाल्लं.
audio/chunk_07050.wav|आणि थोड्या वेळाने काय झालं?
audio/chunk_07051.wav|त्यांच्या डोळ्याला अंधार आली, त्यांना चक्कर आली, काही दिसेनासे झालं आणि ते झाडाच्या फांदीवर निपचीप पडून राहिले.
audio/chunk_07052.wav|मग Niku गाढव दादा ते शुद्धी येण्याची वाट बघत बसले.
audio/chunk_07053.wav|मग बऱ्याच वेळानं Lakhan Makad Dada Shiddhiwale
audio/chunk_07054.wav|आणि मग निको गाढव दादा काय म्हणाले अरे लखन दादा तुम्ही शुद्धीवर आला का नाही?
audio/chunk_07055.wav|मग डोळे उघडले बघत्यात तर त्यांना सगळं आठवलं Lakhan Makad दादांना.
audio/chunk_07056.wav|आपण मूर्ख बनवण्यासाठी Niku Gadhav दादांना इकडे घेऊन आलोय म्हणून.
audio/chunk_07057.wav|पण त्यांनीच आपल्याला मुरखात काढलं.
audio/chunk_07058.wav|असं मनात ते म्हणले आणि म्हणाले.
audio/chunk_07059.wav|निको गाढव दादा काय म्हणाले कसं होतं फळ आवडलं का?
audio/chunk_07060.wav|हो छानच होतं आवडलं तुम्हाला देऊ का?
audio/chunk_07061.wav|नको रे बाबा मला नाही आवडत ते फळ.
audio/chunk_07062.wav|असे Niku Gadhav Dada म्हणाले.
audio/chunk_07063.wav|Lakhan Makad Dada, Niku Gadhav Dada-ना मुरकात काढायला गेले.
audio/chunk_07064.wav|पण समजतदारपणानं Niku Gadhav दादांनी Lakhan दादांनाच महामूर्खात काढलं.
audio/chunk_07065.wav|कारण ते फळाचं झाड
audio/chunk_07066.wav|ते विषारी नव्हतं आणि ते झाडही अद्भुत नव्हतं.
audio/chunk_07067.wav|Miku गाढव दादांना Lakhan माकड दादासनी मुरखात काढायचं होतं त्यामुळे Lakhan माकड दादांनी हे केलं.
audio/chunk_07068.wav|त्या झाडाची फळे खाल्ल्यावर फक्त मळमळ चक्कर यायची एवढाच काय तो त्रास व्हायचा पण ते फळ विषारी नव्हतं.
audio/chunk_07069.wav|हे सगळं कळल्यावर Lakhan Makad Dada काय म्हणाले?
audio/chunk_07070.wav|Niko गाढव दादा मला माफ करा.
audio/chunk_07071.wav|तुम्ही मूर्ख नाही, तुम्ही खूप हुशार आणि बुद्धिमान आहात.
audio/chunk_07072.wav|मला माझ्या हुशारीचा गर्व होता म्हणून मी ठरवले ते तुम्हाला मुर्खात काढायचे पण तुम्हीच मला मुर्खात काढलं मला माफ करा.
audio/chunk_07073.wav|तेव्हा समजूतातपणाने
audio/chunk_07074.wav|Niku Gadhav Dada म्हणाले, अरे Lakhan Dada,
audio/chunk_07075.wav|तुम्हाला तुमची चूक कळली.
audio/chunk_07076.wav|ह्यातच तुम्हाला माफी मिळाली त्याचं काय चला?
audio/chunk_07077.wav|एवढं धरून लावू नका मनाला.
audio/chunk_07078.wav|चला, आपण आपल्या जंगलात जावया आणि परत असं मला फसवलं तसं इतरांना फसवू नका आणि मुर्खात काढू नका.
audio/chunk_07079.wav|असे म्हणून दोघे आपल्या जंगलाकडे निघून गेले.
audio/chunk_07081.wav|यांची खूप घनिष्ठ मैत्री होती दोघे एकमेकांचे जिवलग मित्र होते
audio/chunk_07082.wav|Champa Harin Tai सरोवराच्या काठावर जायच्या, Jitu Dada बरोबर गप्पा मारत बसायच्या, Jitu Dada ही जंगलात यायचे, दोघे जंगलातनं मोह मोह गवतातनं फिरायचे, Harin Tai गवत खायच्या.
audio/chunk_07083.wav|असे दोघांचे चालले होते.
audio/chunk_07084.wav|एकदा Champa Harin ताई एक Jitu Kasav दादाला काय म्हणाला?
audio/chunk_07085.wav|अरे जी तू दादा इथून जवळच 1 मऊ मऊ
audio/chunk_07086.wav|मी ठरवलंय तिथं जाऊन
audio/chunk_07087.wav|भरपूर गवत खाऊन पण यायचं आणि घेऊन पण यायचं.
audio/chunk_07088.wav|मी जायचा विचार करते तेव्हा Jitu Kasav Dada काय म्हणाले?
audio/chunk_07089.wav|होय ग Champatai, तू जा पण सांभाळून जा.
audio/chunk_07090.wav|धोका असू शकतो आणि ते
audio/chunk_07091.wav|गवताचे कुरणकण आहे आपल्या जंगलाच्या जरा बाहेरच्या बाजूला आहे.
audio/chunk_07092.wav|मनुष्य प्राण्यापासून धोका होऊ शकतो आपल्याला त्यामुळे सांभाळून जा.
audio/chunk_07093.wav|मग Champa Harin Tai काय म्हणाल्या, होय रे Jitu Dada, मी सांभाळून जाते, तू काहीही काळजी करू नको.
audio/chunk_07094.wav|असे म्हणून Champa Haran Tai
audio/chunk_07095.wav|त्या गवताच्या कुरणाकडे निघाल्या.
audio/chunk_07096.wav|बराच वेळ चालल्यानंतर ते कुरण जवळ आलं आणि त्या मस्तपैकी हिरवेगार मऊ मऊ लुसलुशीत गवत खाऊ लागल्या.
audio/chunk_07097.wav|पण इकडं Jitu दादांचा जीव राहीना.
audio/chunk_07098.wav|इथून जरा बाहेर गेल्यावर त्या गवताच्या कुरणाजवळ मनुष्यवस्ती आहे.
audio/chunk_07099.wav|त्यामुळे Champatai-च्या जीवाला धोका आहे म्हणून तेही पाठोपाठ हळू हळू हळू चालत गेले आणि एका झाडाखाली बसले.
audio/chunk_07100.wav|त्यांच्या नजरेच्या कप्प्यात
audio/chunk_07101.wav|जी Champa Haran Tai त्यांना दिसत होत्या.
audio/chunk_07102.wav|आता त्यांनी विचार केला थोडे गवत घरी न्यावे.
audio/chunk_07103.wav|ह्या त्या नादात होत्या.
audio/chunk_07104.wav|तेवढ्यात काय झालं 1 शिकारी आला.
audio/chunk_07105.wav|आणि हरणाला बघून म्हणाला, अरे वा छान हरण आहे याची शिकार केलीच पाहिजे. ह्याला जाळ टाकतो आणि पकडून नेतो. असे म्हणून त्याने Champa Harin Tai-च्या अंगावर जाळ टाकलं.
audio/chunk_07106.wav|हे Jitu Kasav दादांनी बघितलं. आता ते म्हणाले, आता Champa Haran ताई अडकल्या शिकाऱ्याच्या जाळ्यात, आता काय बरं करावे? मग
audio/chunk_07107.wav|ते Champa Haran Tai-जवळ गेले आणि म्हणाले,
audio/chunk_07108.wav|चंपाताई तू काळजी करू नको, मी 1 युक्ती करतो, मी शिकाऱ्याला त्या
audio/chunk_07109.wav|आणि तोपर्यंत तू मी शिकाऱ्याला माझ्याबरोबर घेऊन जातो.
audio/chunk_07110.wav|तोपर्यंत तू जाळ्यातनं सुटका कर आपल्या ताकतीनिशी.
audio/chunk_07111.wav|असं म्हणून Jitu Kasav Dada त्या शिकाऱ्याजवळ आले आणि काय म्हणाले?
audio/chunk_07112.wav|त्या हरणाला तुम्ही कशाला पकडले?
audio/chunk_07113.wav|भयंकर आत पोटात रोग झालाय शरीरात तिच्या तिचे जर मांस तुम्ही खाल्लं
audio/chunk_07115.wav|मग शिकारी म्हणाला असं होय ठीक आहे ठीक आहे.
audio/chunk_07116.wav|या, मी आहे चालत जातो पुढे, असे म्हणून Jitu Kasav Dada भर भर भर भर भर चालत गेले आणि एका झाडीजवळ जाऊन सगळे आपले पाय पोटात घेतले आणि दगडासारखे निचल पडून राहिले.
audio/chunk_07117.wav|जंगलात ऊन पण भरपूर होतं.
audio/chunk_07118.wav|शिकारी दादाने हरणाचा नाद सोडला आणि कासव दादाच्या मागं लागले. ते कासव दादाला शोधाय निघाले, पण उन्हामुळे त्यांच्या डोळ्यांना त्रास होऊ लागला शिकाऱ्याच्या.
audio/chunk_07119.wav|त्याला कासव काही दिसेना, त्याने खूप शोधलं शेवटी तो शिकारी कंटाळून
audio/chunk_07120.wav|आपण हरणीला जाळ्यात पकडले पण त्या हरणीच्या शरीरात रोग आहे तिला पण नेता येत नाही.
audio/chunk_07121.wav|आता कासव हे नेलंच पाहिजे परत ते शोधायला लागले.
audio/chunk_07122.wav|पण कासव दादा शिकाऱ्याला कुठेही सापडले नाही.
audio/chunk_07123.wav|मग शेवटी शोधून शोधून कंटाळून शिकारी निघून गेला.
audio/chunk_07124.wav|शिकारी निघून गेल्यावर Jitu Kasav Dada आले बघत्यात तर
audio/chunk_07125.wav|चंपा हरीण ताईंने आपल्या ताकतीनिशी पिंजऱ्यातून सोडवणूक करून घेतली होती.
audio/chunk_07126.wav|मग दोघेजण आपल्या जंगलात आले आणि
audio/chunk_07127.wav|चंपा हरण ताई काय म्हणाल्या, जितू दादा तुझ्या युक्तीमुळे माझे प्राण वाचले काय सांगितले शिकारेला?
audio/chunk_07128.wav|अगं काही नाही ग Champatai, मी तुला सांगितलं हिला आजार झालाय, मांस खाऊ नका.
audio/chunk_07129.wav|त्यामुळे तो शिकारी घाबरला, मला न्या म्हणलं, पण तो शिकारी येईसपर्यंत मी दूर जाऊन
audio/chunk_07130.wav|सगळे पाय पोटात घेतले आणि दगडासारखा निश्चल पडून राहिलो.
audio/chunk_07131.wav|आणि उन्हामुळे शिकाऱ्याला मी सापडेना, तो निघून गेला.
audio/chunk_07132.wav|अशा तऱ्हेने आपल्या दोघांची सुटका झाली, संकट गेले.
audio/chunk_07133.wav|मग Champaran ताई म्हणाल्या, अरे Jitu दादा, किती कौतुक करावं तेवढं थोडं आहे तुझ्या हुशारीचं.
audio/chunk_07134.wav|खरंच तुझ्या हुशारीमुळे आपण दोघे वाचलो आणि ते पण कसं?
audio/chunk_07135.wav|अगदी संकट जवळ उभं असताना तू पटकन
audio/chunk_07136.wav|हुशारी दाखवलीस त्यामुळे आपण सुटलो.
audio/chunk_07137.wav|म्हणून संकटाच्या वेळेला पटकन डोकं शांत ठेवून
audio/chunk_07138.wav|उपाय शोधायचा, उपाय सापडतो आणि आपली संकटातून सुटका होते.
audio/chunk_07140.wav|रायपूरच्या जंगलात 1 लबाड लांडगा राहतो.
audio/chunk_07141.wav|लबाडी करायचं, जंगलातल्या प्राण्यांना खोटं नाटं सांगून फसवायचं.
audio/chunk_07142.wav|कुठलीही गोष्ट किंवा बातमी खरी नसली
audio/chunk_07143.wav|तरी अर्धवट ऐकून त्या
audio/chunk_07144.wav|गोष्टीला तिखट मीठ लावून सगळ्या प्राण्यांना सांगून फसवायचा घाबरवायचा त्यांना.
audio/chunk_07145.wav|असंच काय झालं एकदा
audio/chunk_07146.wav|तो लबाड लांडगा जंगलातनं फिरत होता.
audio/chunk_07147.wav|फिरता फिरता तो 1 घरा बसी थांबला ते घर होतं.
audio/chunk_07148.wav|आणि Ladoba Kolhoba घरात नव्हते ते बाहेर गेले होते.
audio/chunk_07149.wav|आणि त्यांची बायको लाडी आपल्या मुलाबरोबर बोलत होती.
audio/chunk_07150.wav|लाडी काय मुलाला सांगत होती?
audio/chunk_07151.wav|तर समोरचा डोंगर दिसतोय ना त्या डोंगरावर अजिबात जायचं नाही.
audio/chunk_07152.wav|दुष्ट कोल्हा राहतोय तो अतिशय दुष्ट आहे.
audio/chunk_07153.wav|आणि तू गेलास का नाही तुला खाऊन टाकल मारून टाकल तुझी शिकार करल
audio/chunk_07154.wav|त्यामुळे त्या डोंगरावर जायचं नाही.
audio/chunk_07155.wav|ते पिल्लू काय म्हणालं, आई बरोबर आहे ग तुझं, पण तो डोंगर मला खूप आवडतो.
audio/chunk_07156.wav|मला तिथं खूप जायला आवडतं.
audio/chunk_07157.wav|आणि तू तशी म्हणतेस तर मी
audio/chunk_07158.wav|आपल्या बाबांना घेऊन डोंगरावर जाईन.
audio/chunk_07159.wav|मग लाडी काय म्हणाली, नाही बाबांना घेऊन सुद्धा जायाचं नाही.
audio/chunk_07160.wav|तो कोल्हा खूप दुष्ट आहे कसा आहे माहिती आहे का तुझे बाबा एकदा गेले होते
audio/chunk_07161.wav|बाबांनी त्याला दटवल्यावर बाबांच्या अंगावर आला.
audio/chunk_07162.wav|खूप भयंकर आहे बाबांना त्यानं मारलं.
audio/chunk_07163.wav|म्हणून बाबांना पण घेऊन जाऊ नको आणि तू पण जाऊ नको कळलं का?
audio/chunk_07164.wav|होय आई मी नाही आता त्या डोंगरावर जाणार.
audio/chunk_07165.wav|आपल्या इथल्या जवळच्या जंगलात खेळणार.
audio/chunk_07166.wav|ठीक आहे बाळा अशी ती म्हणाली.
audio/chunk_07167.wav|त्याला वाड लांडग्याने ऐकलं.
audio/chunk_07168.wav|आणि सगळ्या जंगलातनं बातमी काय पसरली?
audio/chunk_07169.wav|त्याने सांगितले, अहो,
audio/chunk_07170.wav|त्या कोल्ह्याला त्या डोंगरावरच्या कोल्ह्यानं मारलं.
audio/chunk_07171.wav|यो लाडोबा कोल्हा डोंगरावरच्या कोल्ह्याचा मार खाऊन आलाय.
audio/chunk_07172.wav|आणि कुतको खो खो हसायला लागला लांडगा.
audio/chunk_07173.wav|हे ऐकल्यावर सगळे प्राणी पण हसायला लागले अरे
audio/chunk_07174.wav|लाडोबा कोल्ह्याने डोंगरावरीच्या कोल्ह्याचा मार खाल्ला.
audio/chunk_07175.wav|मग सगळे हसायला लागले, सगळी त्याची Ladoba कोल्हेची टिंगल करायला लागले. मग Ladoba कोल्हा असा जंगलातनं फिरत असताना
audio/chunk_07176.wav|त्याच्या कानावर आले, सगळे प्राणी त्याच्याबद्दल कुजबुजत होते आणि हसत होते. काय म्हणत होते? अरे अरे अरे त्या डोंगरावरच्या कोल्ह्याचा...
audio/chunk_07177.wav|हे ऐकून Ladoba कोल्ह्याला खूप वाईट वाटले.
audio/chunk_07178.wav|हे काय म्हणतात त्याला पण कळेना.
audio/chunk_07179.wav|तो Ladoba घरी आल्यावर आपल्या बायको Ladi-ला काय म्हणाला? काय ग Ladi? हे सगळे प्राणी मला काय हसत आहेत?
audio/chunk_07180.wav|मी डोंगरावरच्या कोल्ह्याचा मार खाऊन आलो, मार खाऊन आलो, अशी माझी टिंगल करत्यात, मला हसत्यात.
audio/chunk_07181.wav|काय झालं हे तू काय कुणाला सांगितलेस का म्हणताना लाडी म्हणाली
audio/chunk_07182.wav|नाही, मी काही कुणाला सांगितलेलं नाही. मी फक्त आपल्या बाळाला सांगितलं की त्या डोंगरावर जाऊ नकोस, तिथे 1 दुष्ट कोल्हा राहतो.
audio/chunk_07183.wav|मग ते आपलं बाळ म्हणलं मी बाबांना घेऊन जाईन मग म्हणलं बाबांना सुद्धा नेऊ नको तो बाबांना मारेल एकदा बाबांना त्यानं मारलं होतं
audio/chunk_07184.wav|ज्याला भीती घालण्यासाठी मी सांगितले तुम्हाला नाही त्यानं मारलेलं पण मी बाळाला
audio/chunk_07185.wav|त्याला भीती घालण्यासाठी सांगितलं.
audio/chunk_07186.wav|असं म्हणल्यावर मग Ladoba Kolloba परत जंगलात गेले दुसऱ्या दिवशी.
audio/chunk_07187.wav|आणि प्राणी हसायला लागल्यावर प्राण्यांना म्हणाले, अरे तुम्ही का असं हसताय? मी कुठल्या कोल्हाच्या मार बीर खाल्लेला नाही, तुम्हाला कुणी सांगितलंय? खोटं आहे हे सगळं.
audio/chunk_07188.wav|म्हणताना सगळे प्राणी म्हणाले आपल्या जंगलात राहणारा तो लबाड लांडगोबा आहे की नाही त्या लांडगोबाने आम्हाला सांगितलं.
audio/chunk_07189.wav|मग कोल्लोबा लांडगोबाकडे गेले आणि म्हणाले
audio/chunk_07190.wav|अरे काय रे अर्धवट ऐकून खोट्या नाट्या बातम्या जंगलातून पसरतोयस
audio/chunk_07191.wav|अगोदर सारखा तू Sherkhan महाराजांचा
audio/chunk_07192.wav|काव खातोस, मार खातोस तरी तू सुधारत नाहीस, तुझी सवय काय जात नाही.
audio/chunk_07193.wav|कुठलीही बातमी खरी कळल्याशिवाय कुणाला सांगू नये, हे तुला कितीदा महाराजांनी सांगितलंय तरी तू ऐकत नाहीस आणि खोट्या नाट्या बातम्या पसरून मला बदनाम करतोस काय?
audio/chunk_07194.wav|मग लांडगुवा म्हणाला, कोल्लोबा माझं चुकलं मी आता असं वागणार नाही. ठीक आहे एवढ्या वेळेला तुला सोडून देतो परत जर असा वागलास तर माझ्याशी गाठ आहे.
audio/chunk_07195.wav|लांडग्याला म्हणाले, लांडगा म्हणाला, मी आता इथून पुढं असं वागणार नाही आणि निघून गेला.
audio/chunk_07196.wav|थोडे दिवस लांडगोबा बाहेर गेला नाही.
audio/chunk_07197.wav|जंगलात तो नुसता जंगलातनं फिरायचा.
audio/chunk_07198.wav|कुणाची चुगली वगैरे काही करायचं नाही.
audio/chunk_07199.wav|परत त्याची काय सवय जाणार आहे का?
audio/chunk_07200.wav|कसं आहे जित्त्याची खोड मेल्याशिवाय जात नाही तसं त्या लांडूगोबांचं झालं.
audio/chunk_07201.wav|कुठेही गेला तो जंगलात फिरला की कुठला प्राणी काय बोलतोय चोरून ऐकायची सवय त्याला होती.
audio/chunk_07202.wav|मग एकदा तो असा जंगलातनं निघाला असताना काय झालं?
audio/chunk_07203.wav|Sherkhan महाराज कुणावर तर बोलत होते.
audio/chunk_07204.wav|मग लाडगोबा काय म्हणाले काय महाराज आणि कुणाबरोबर बोलत्यात हे आपण बघायचं ऐकायचं.
audio/chunk_07205.wav|म्हणून Sherkhan महाराजांच्या गुहेच्या पाठीमागं
audio/chunk_07206.wav|आणि हळू हळू वाकून बघत होते तर Sherkhan महाराज दुसऱ्या एका Sherkhan महाराजांच्या बरोबर बोलत होते.
audio/chunk_07207.wav|दुसऱ्या जंगलातला 1 सिंह आला होता आणि त्याच्याबरोबर Sherkhan महाराज बोलत होते.
audio/chunk_07208.wav|नमस्कार मग शेरकांत महाराज म्हणाले नमस्कार
audio/chunk_07209.wav|कोण रे तू आणि माझ्या जंगलात कशाला आला आहेस? तेव्हा तो दुसऱ्या जंगलातला सिंह म्हणाला,
audio/chunk_07210.wav|अहो तुमच्या शेजारीच माझं जंगल आहे.
audio/chunk_07211.wav|मी शेजारच्या जंगलातनं आलोय आणि तुमच्याशी मैत्रीचा हात करायला आलोय.
audio/chunk_07212.wav|मग Sherkhan महाराज म्हणाले, मैत्रीचा हात आणि तू माझ्याशी? होय होय महाराज.
audio/chunk_07213.wav|तुमचं जंगल मोठं आहे, म्हणजे तुमचं राज्य मोठं आहे, पण माझं जंगल म्हणजे माझं राज्य छोटं आहे, म्हणून मी म्हणतोय आपण दोघे मिळून...
audio/chunk_07214.wav|आणि दोघे मिळून कारभार बघूया.
audio/chunk_07215.wav|तेव्हा Sherkhan म्हणा महाराज म्हणाले असं काही जमणार नाही.
audio/chunk_07216.wav|माझं मी जंगल, माझं मी व्यवस्थित बघतोय. तू काही बघायची गरज नाही. अहो तसं नाही, Sherkhan Maharaj, तुमचा आता वय होत आलय. तुम्हाला कारभार करायला नीट जमत नाही. आणि हे बघा, त्यासाठी मी माझ्या भावाला बोलवून घेतो.
audio/chunk_07217.wav|तो तरणार वांडाए आणि तो
audio/chunk_07218.wav|तो तुमच्या आणि माझ्या जंगलचा कारभार व्यवस्थित बघेल.
audio/chunk_07219.wav|तेव्हा शेरकांत महाराज म्हणाले राग आला त्यांना ते म्हणाले असं काही चालणार नाही काही नको तुझ्या भावाला बोलवूस माझं राज्य बघायला माझा मी समर्थ आहे.
audio/chunk_07220.wav|आणि मी काय म्हातारा झालेला नाही, भरपूर ताकद आहे मला.
audio/chunk_07221.wav|आणि तसं म्हणलास तर मी माझ्या भावाला बोलवून घेतो शेजारच्या जंगलात माझा भाऊ आहे तो माझ्यापेक्षा ताकतवान तरुण आहे.
audio/chunk_07222.wav|तो पुढचा दुसऱ्या जंगलात नाल्याला शेरखान काय म्हणायला?
audio/chunk_07223.wav|मग मी नंतर पुन्हा कधीतरी येईन.
audio/chunk_07224.wav|तेव्हा दोन्ही राज्य आपण एक ठेवू.
audio/chunk_07225.wav|Usherkhan महाराज रागाने म्हणाले,
audio/chunk_07226.wav|तसं काही चालणार नाहीये. मी माझ्याच भावाला बोलवून घेतो. माझा भाऊ इतका शक्तिशाली आहे, इतका शक्तिशाली आहे की ते त्याला दिवसाला 3-3 प्राणी खायला लागत्यात.
audio/chunk_07227.wav|आणि असा माझा भाऊ आल्यावर तुझी काय गरज? अजिबात तू यायची इकडे गरज नाही. चल निघ इथून.
audio/chunk_07228.wav|असं म्हटल्यावर ते शेजारच्या
audio/chunk_07229.wav|जंगलात ना आलेला सिंह निघून गेला.
audio/chunk_07230.wav|Sherkhan महाराज रागाने लाल झाले होते.
audio/chunk_07231.wav|हे सगळं कुणी ऐकलं? लबाड लांडगोबानी ऐकलं.
audio/chunk_07232.wav|आणि पळत पळत जंगलात गेले आणि सगळ्या प्राण्यांना सांगितलं.
audio/chunk_07233.wav|दुसऱ्या जंगलातलं Sherkhan आलं होतं.
audio/chunk_07234.wav|आपल्या Sherkhan महाराजांची त्या Sherkhan-ची बाचाबाची झाली.
audio/chunk_07235.wav|दोघे भांडले आणि Sherkhan आपले Sherkhan
audio/chunk_07236.wav|त्यांच्या भावाला बोलवणार आहेत.
audio/chunk_07237.wav|आणि त्यांच्या भावाला दिवसाला खायला 3-3 प्राणी लागत्यात.
audio/chunk_07238.wav|बघा बाबा मी आपलं सांगितलं.
audio/chunk_07239.wav|त्यामुळे आपण इथं कुणी राहायला नको, सगळ्यांनी जंगल सोडून जाऊया.
audio/chunk_07240.wav|नाहीतर इथं राहिलो तर निष्कारण प्राणाला आपण मुकू.
audio/chunk_07241.wav|असं म्हणल्यावर सगळे प्राणी घाबरले, भोले हत्ती दादा, चंपा हरीण ताई, चंचला खारु ताई, चिंकी माकड दादा.
audio/chunk_07242.wav|सगळे अस्वल मामा, सगळे प्राणी घाबरले आणि सगळे जंगल सोडून जायच्या तयारीला लागले.
audio/chunk_07243.wav|आणि सगळे मिळून जंगलाच्या बाहेरपर्यंत
audio/chunk_07244.wav|तेवढ्यात संध्याकाळ झाल्यावर Sherkhan महाराज
audio/chunk_07245.wav|ते जंगलात फिरायला लागले पण त्यांना 1-ही प्राणी दिसेना.
audio/chunk_07246.wav|प्राणी गेले कुठे जंगलातले? Sherkhan महाराज म्हणाले.
audio/chunk_07247.wav|मग ते तळ्याच्या काठावर गेले तिथं पण 1-ही प्राणी त्यांना दिसेना.
audio/chunk_07248.wav|काय झालं हे प्राणी गेले कुठे?
audio/chunk_07249.wav|मग असं करून त्यांनी बघितलं तर सरोवराच्या काठापासनं अशी जंगलाच्या बाहेर जाणारी प्राण्यांची पाऊले उठलेली त्यांना दिसली.
audio/chunk_07250.wav|मग Sherkhan महाराज त्या पावलावरनं चालत चालत चालत पुढं पुढं गेले.
audio/chunk_07251.wav|पुढं गेल्यावर त्यांना सगळे प्राणी दिसले.
audio/chunk_07252.wav|मी Sherkhan महाराजांनी हाक मारली आणि म्हणाले, अरे थांबा तुम्ही कुठे निघाला आहे सगळे?
audio/chunk_07253.wav|मग सगळे प्राणी थांबले. Sherkhan महाराजांना बघितल्यावर सगळे प्राणी भ्यायला लागले.
audio/chunk_07254.wav|भीतीने लटलट कापू लागले. Sherkhan महाराज म्हणाले, अरे तुम्ही जंगल सोडून कुठे निघालाय?
audio/chunk_07255.wav|मग धाडस करून Hatti Dada म्हणाले,
audio/chunk_07256.wav|इथं रोज रोज भिऊन मरण्यापेक्षा
audio/chunk_07257.wav|आमचा जीव आम्हाला प्रिय आहे आम्ही हे जंगल सोडून दुसऱ्या जंगलात जातोय
audio/chunk_07258.wav|2-3 दिवसाला यातला 1 जर आमच्यातला प्राणी मरणार असला तर आम्ही इथं राहून काय करू?
audio/chunk_07259.wav|आम्ही दुसऱ्या जंगलात निघालोय. Sherkhan महाराज म्हणाले,
audio/chunk_07261.wav|मग बोले आत तिथं आता म्हणाले.
audio/chunk_07262.wav|Sher Singh Maharaj काल तुमच्याकडे आला होता.
audio/chunk_07263.wav|आणि त्यांचं तुमचं बोलणं झालं तुम्ही तुमच्या भावाला बोलवणार आहे आणि तुमच्या भावाला दिवसाला 3-3 प्राणी लागतात.
audio/chunk_07264.wav|मग आमच्यातलं जर 3-3 प्राणी रोज तुम्ही खाल्लं तरी जंगलात 1-ही प्राणी राहणार नाही.
audio/chunk_07265.wav|आमचा निष्कारण जीव ही जाईल.
audio/chunk_07266.wav|त्यापेक्षा आम्ही हे जंगल सोडून जातोय.
audio/chunk_07267.wav|मग Sherkhan महाराज म्हणाले, अरे भोले असे काही नाही, तुला कुणी सांगितलं तुम्हाला हे? हे सगळं खोटं आहे, यातलं काही खरं नाही. सांगा मला, कुणी सांगितलं तुम्हाला हे?
audio/chunk_07268.wav|मग बोल्या हत्ती दादा म्हणाले लबाड लांडगोबाने सांगितले.
audio/chunk_07269.wav|लांडुकोबा समोर ये माझ्या लांडुकोबा सगळ्या प्राण्यांच्या मागे लपले होते
audio/chunk_07270.wav|मग Sherkhan महाराज म्हणाले, अरे लांडगोबा काय सगळे खोटं नाटक प्राण्यांना सांगितलेस?
audio/chunk_07271.wav|मला टोकोबा म्हणाले, होय, काल दुसऱ्या जंगलातले शेरखान राजे आले होते, त्यांच्याबरोबर तुमचं बोलणं झालं.
audio/chunk_07272.wav|तुम्ही म्हणलासा माझ्या भावाला बोलवणार आणि त्याला 3-3 प्राणी लागतात मग तुमचा भाऊ आल्यावर आपल्या जंगलातलं 3-3 प्राणी खाल्ल्यावर
audio/chunk_07273.wav|आमचं जीवन काय व्हायचं?
audio/chunk_07274.wav|आम्ही सगळेच मरून जाऊ, जंगल खत्म होऊन जाईल, त्यापेक्षा आम्ही जंगलात दुसरे जातोय.
audio/chunk_07275.wav|असं म्हणल्या मग Sherkhan महाराज म्हणाले असं काहीही नाही माझा भाऊही नाही मी त्याला बोलवणार नाही मुळात मला भाऊच नाही.
audio/chunk_07276.wav|त्या दुसऱ्या जंगलातल्या
audio/chunk_07277.wav|खोटी थाप मारली मी, त्याला फसवण्यासाठी खोटं बोललो, त्याला भीती घातली.
audio/chunk_07278.wav|परत तो आपल्या जंगलात यायचा नाही.
audio/chunk_07279.wav|तुम्हाला त्रास द्यायचा नाही म्हणून मी त्याला खोटं सांगितलं.
audio/chunk_07280.wav|असं काहीही मी करणार नाही, त्यामुळे तुम्ही घाबरू नका आणि सगळ्यांनी आपल्या जंगलात चला. माझं जंगल मला प्रिय आहे, माझे प्राणी प्रिय आहेत आणि लांडगोबा परत असं अर्धवट ऐकून सगळ्या प्राणांची दिशाभूल करू नको.
audio/chunk_07281.wav|नाही तर तुला एकट्याला हे जंगल सोडून जावे लागेल.
audio/chunk_07282.wav|तुझ्या चुकीमुळे आज किती अनर्थ होणार होता?
audio/chunk_07283.wav|मग सगळ्या प्राण्यानेही लांडग्याला सांगितले परत जर असं केलंस तर तुला आम्ही सगळे मिळून जंगलातनं हाकलून देऊ.
audio/chunk_07284.wav|मग लांडग्याला आपली चुकी कळली आणि तो म्हणाला, "Sherkhan Maharaj आणि सगळ्या प्राण्यांनो, माझं चुकलं. मी आता असं परत कधी करणार नाही. कुठलीही गोष्ट पूर्ण न ऐकता अर्धवट ऐकून चुकीचा गैरसमज मी करणार नाही."
audio/chunk_07286.wav|Sundarban-च्या जंगलात Sherkhan Maharaj
audio/chunk_07287.wav|त्यांची शेरणी राणी आणि 1 छोटा विरू नावाचा बछडा होते.
audio/chunk_07288.wav|Sherkhan महाराज शिकारीला गेले.
audio/chunk_07289.wav|की Viru म्हणायचा, बाबा मी येऊ का तुमच्या बरी शिकारीला?
audio/chunk_07290.wav|मग Sherkhan महाराज म्हणायचे, अरे Veeru, बाळ तू अजून लहान आहेस, मोठा झाल्यावर शिकारीला ये.
audio/chunk_07291.wav|मग Veeru म्हणायचा, ठीक आहे बाबा.
audio/chunk_07292.wav|मग Sherkhan महाराज म्हणायचे, अरे मोठा झाल्यावर तू मी आपणहून तुला जंगलात पाठवीन.
audio/chunk_07293.wav|मग असेच एकदा काय झाले, Sherkhan महाराज शिकारीला गेले.
audio/chunk_07294.wav|Hirani Tai बाहेर गेल्या होत्या, ही संधी
audio/chunk_07295.wav|त्याने काय केले आई बाबा दोघेही घरात नाही.
audio/chunk_07296.wav|मग आज जंगल फिरून यायचं म्हणून तो जंगलात गेला.
audio/chunk_07297.wav|जंगल फिरल्यावर 1 दगडावर बसला.
audio/chunk_07298.wav|दगडावर बसून तो इकडे तिकडे बघत होता जंगलातलं झाडे.
audio/chunk_07299.wav|फळे, पक्षी
audio/chunk_07300.wav|त्याच्या बाबांच्या सारखी गर्जन ऐकू आली.
audio/chunk_07301.wav|अरे आपले बाबा आले वाटते असं तो म्हणायला लागला.
audio/chunk_07302.wav|2 लाडोबा कोल्लोबा बाहेर आले.
audio/chunk_07303.wav|आणि ते काय म्हणाले कोल्लोबा?
audio/chunk_07304.wav|तुला बाबांची आठवण आली काय?
audio/chunk_07305.wav|कारण मी तुझ्या बाबांचा पूर्वजन्मातला आजोबा आहे, कळलं का?
audio/chunk_07306.wav|मग चला घरी!
audio/chunk_07307.wav|असं Veeru म्हणाला, ठीक आहे चल.
audio/chunk_07308.wav|मग हे सगळे घरी आले Sherkhan महाराजांच्या गोहेत आले.
audio/chunk_07309.wav|तोपर्यंत शिकारी होऊन Sherkhan महाराज आले होते. Viru म्हणाला, बाबा बाबा हे तुमच्या आजोबा आहेत Ladoba Kolloba.
audio/chunk_07310.wav|मग Ladoba Kolhoba-ने सांगितलं होय Sherkhan Maharaj मी गेल्या जन्मीतलं
audio/chunk_07311.wav|ते शेजारच्या जंगलातल्या डोंगरावर
audio/chunk_07312.wav|तुम्हाला घेऊन मी एकदा फिरायला गेलो.
audio/chunk_07313.wav|आणि तिथे 1 डमरू हत्ती आहे.
audio/chunk_07314.wav|तो भयंकर आणि दुष्ट आहे.
audio/chunk_07315.wav|त्याची आणि तुमची लढाई झाली, तो तुमच्या अंगावर आला, म्हणून मी त्या हत्तीच्या अंगावर जाऊन त्याला जखमी केलं, पण तो परत त्याने माझ्यावर हल्ला केल्यामुळे मी मरण पावलं.
audio/chunk_07316.wav|तुम्ही मात्र जिवंत घरी आला.
audio/chunk_07317.wav|त्यामुळे मला ह्या जन्मात
audio/chunk_07318.wav|तो कोल्ह्याचा जन्म मिळाला आहे.
audio/chunk_07319.wav|असे म्हटल्यावर Sherkhan महाराज म्हणाले खरंच काय? म्हणून Sherkhan महाराज Ladoba Kulloba-च्या पाया पडले.
audio/chunk_07320.wav|तोपर्यंत जंगलातले सगळे प्राणी आले होते. सगळ्या प्राण्यांना Sherkhan महाराज म्हणाले, हे बघा जंगलवास्यानो.
audio/chunk_07321.wav|हे Ladoba Kolhoba का नाय माझे गेल्या जन्मीचे आजोबा आहे त्यांचा आदर ठेवायचा.
audio/chunk_07322.wav|रोज त्यांना नमस्कार करायचा मग सगळे प्राणी ठीक आहे म्हणाले
audio/chunk_07323.wav|मग थोड्या दिवसांनी काय झालं Sherkhan महाराजांचं अभय मिळाल्यामुळे Ladoba Kolhoba जास्तच
audio/chunk_07324.wav|यांना जास्त हुशारकी आली.
audio/chunk_07325.wav|मग ते त्यांची जात बाई घरचे काय करायचे जंगलातल्या प्राण्यांना त्रास द्यायला सुरुवात केली त्यांनी.
audio/chunk_07326.wav|प्राणी मांस खात असले की त्यांच्या पुढचे मांस पळवून आणायचे.
audio/chunk_07327.wav|झाडावरच्या पक्ष्यांची अंडी खायची.
audio/chunk_07328.wav|सगळ्यांना सळो की पोळो करून सोडलं होतं.
audio/chunk_07329.wav|त्यामुळे सगळे प्राणी वैतागले होते, काय करावे त्यांना कळेना. मग सगळे प्राणी एकदा एकत्र जमले. Champa Haran Tai, Appu Atti Dada, Lakhan Makad Dada, Chanchala Khari Tai, Ramu Asal Vama, Guttu Saseva सगळे एकत्र जमले.
audio/chunk_07330.wav|मग Lakhan Makad Dada काय म्हणले मला 1 युक्ती सुचल्या मी ती करतो.
audio/chunk_07331.wav|मग Appu Hati Dada म्हणाले, Lakhan तुला युक्ती सुचली आहे ना?
audio/chunk_07332.wav|ठीक आहे मग लकड माकड दादा लाडोबाशी चर्चा करायला निघाले.
audio/chunk_07333.wav|ते त्यांच्या वस्तीत गेले पण सगळे लाडोबालाड.
audio/chunk_07334.wav|कोल्लोबा सगळे चर्चा करत हसत
audio/chunk_07335.wav|त्यांची कशावर तरी चर्चा चालली होती, जोरजोरात हसत होते.
audio/chunk_07336.wav|मग लखन माकड दादा पुढे न जाता एका झाडाच्या आड लपून बसले आणि त्यांची चर्चा ऐकू लागले.
audio/chunk_07337.wav|तर Ladoba Kolloba काय म्हणाले?
audio/chunk_07338.wav|अरे मित्रांनो बघा Sherkhan महाराज कसे फसले त्यांना कसं फसवलं.
audio/chunk_07339.wav|सगळे मित्र म्हणाले, होय रे काय केलंस तू?
audio/chunk_07340.wav|पूर्वजन्मीचे तुमच्या आजोबा आहे म्हणून.
audio/chunk_07341.wav|मी काय आजोबा बिजोबा नाही.
audio/chunk_07342.wav|मी बनाव केला त्यामुळे Sherkhan महाराजांचं अभय मिळालं.
audio/chunk_07343.wav|आता आपल्याला जंगलात पाहिजे तसे फिरता येते.
audio/chunk_07344.wav|पाहिजे त्या प्राण्याची शिकार ओढून खाता येत्या, झाडावरची पक्षांची हंडी खाता येत्यात, मन मानेल तसं वागता येते.
audio/chunk_07345.wav|आणि त्यामुळे आपल्याला कोणाचा त्रास होणार नाही कारण Sherkhan महाराजांचा अभय आहे त्यामुळे कोणी प्राणीही आपल्याला त्रास देणार नाही.
audio/chunk_07346.wav|असे म्हणून सगळे जोरजोरात हसत होते.
audio/chunk_07347.wav|मग Lakhan Makade दादा काय म्हणाले? अरे वा असं आहे होय ही युक्ती केलीस काय?
audio/chunk_07348.wav|असे म्हणून Lakhan Makad Dada आले सगळ्या प्राण्यांच्या जवळ Appu Ati Dada म्हणाले काय झाले Lakhan?
audio/chunk_07349.wav|मग Lakhan Makad Dada सांगू लागले आपल्याला Ladoba Kolhya-ने फसवले.
audio/chunk_07350.wav|शेरखान महाराजांचे आजोबा वगैरे काही नाही तो.
audio/chunk_07351.wav|त्याने आपल्याला फसवले.
audio/chunk_07352.wav|ते सांगत होते एवढ्यात काय झालं?
audio/chunk_07353.wav|आणि ते म्हणा काय म्हणाले अरे कसली चर्चा चालली आहे काय बोलताय
audio/chunk_07354.wav|तेव्हा Lakhan Makad Dada म्हणाले,
audio/chunk_07355.wav|काही नाही Ladoba, तुझी काही चर्चा नाही.
audio/chunk_07356.wav|आणि मी आपले असेच बोलतो आहे. तेवढ्यात Kapila काय आली आणि Ladoba Kolhoba-ला शिंगाने असे दूर वर तिला ढकलून दिले.
audio/chunk_07357.wav|लाडोबा कोल्लोबा दूर जाऊन पडले.
audio/chunk_07358.wav|तेवढ्यात तिथे Sherkhan महाराज आले. Sherkhan महाराज काय म्हणाले?
audio/chunk_07359.wav|अरे Kapila गाई
audio/chunk_07360.wav|माझ्या आजोबांना तू असं का ढकललंस?
audio/chunk_07361.wav|Sherkhan महाराज हे तुमच्या आजोबा पूर्वजन्मीचे माझे वैरी आहेत.
audio/chunk_07362.wav|काय बोलतेस तू? हो हो हे वैरी आहे.
audio/chunk_07363.wav|ज्या वेळेला का नाही गेल्या जन्मी मला हत्तीचा जन्म होता.
audio/chunk_07364.wav|तुमचे आजोबा त्या डोंगरावर फिरायला आले होते.
audio/chunk_07365.wav|तुमच्यात आणि माझ्यात लढाई झाली आणि हे आजोबा आडवे आले.
audio/chunk_07366.wav|मग त्यांना पण मी मार दिला.
audio/chunk_07367.wav|त्यावेळी तुमच्या या आजोबांनी माझी सोंड कापली.
audio/chunk_07368.wav|माझे कान कापले, शेपूट कापली, मला खूप खूप त्रास दिला.
audio/chunk_07369.wav|आणि नंतर हे आजोबा तुमचे मेले.
audio/chunk_07370.wav|कळलं का? म्हणून मला आता त्यांचा सूड घ्यायचा आहे.
audio/chunk_07371.wav|आणि मी आता त्यांना बेदम मारणार आणि त्यांच्या सगळ्या जातबाईलाही मारणार.
audio/chunk_07372.wav|एवढ्यात लबाड लांडुकोबा भानावर आले आणि काय म्हणाले, महाराज चुकलो, महाराज चुकलो, मला माफ करा. कपिला गाई, मला माफ कर, माफ कर. शेरखान महाराज म्हणाले, अहो आजोबा असे काय बोलताय, असे काय बोलताय?
audio/chunk_07373.wav|मग लबाड लाडोबा कोल्लोबा काय म्हणाले?
audio/chunk_07374.wav|हे Kapila काय ताई सांगतात ते बरोबर आहे.
audio/chunk_07375.wav|कसं आहे माहिती आहे का मी तुमचा आजोबा वगैरे कोणी नाही
audio/chunk_07376.wav|मी 1 लबाड लाडोबा कोल्हाच आहे.
audio/chunk_07378.wav|मी आणि आमच्या जात भाईने नाटक केलं.
audio/chunk_07379.wav|त्यामुळे महाराज चुकलो मला माफ करा.
audio/chunk_07380.wav|मी असं वागणार नाही आता परत कधी.
audio/chunk_07381.wav|आणि Kapila गाईला
audio/chunk_07382.wav|Kapila गाई ताई माझं चुकलं ग.
audio/chunk_07383.wav|मी हे नाटक केलं मला माफ कर.
audio/chunk_07384.wav|माझा पुनर्जन्म नाही काही नाही.
audio/chunk_07385.wav|अरे लाडोबा तुझा पुनर्जन्म नाही आणि माझाही नाही.
audio/chunk_07386.wav|तुझी ही युक्ती आम्हाला कळली होती.
audio/chunk_07387.wav|मग तुला धडा शिकवण्यासाठी मी हे नाटक केलं.
audio/chunk_07388.wav|परत असं नाटक करू नको.
audio/chunk_07389.wav|दुसऱ्याला फसवू नको.
audio/chunk_07390.wav|खोटं बोलून दुसऱ्याला कधी फसवायचं नाही, शेवटी सत्य हे बाहेर येते, कळलं का?
audio/chunk_07391.wav|मग Ladoba Kolhoba खाली मान घालून
audio/chunk_07392.wav|म्हणाले Kapila गाई ताई मला माफ कर Sherkhan महाराज मला माफ करा मी परत असं कधी वागणार
audio/chunk_07393.wav|नाही असे म्हटल्यावर लाडोबा कोल्लोबाला अद्दल घडली मग सगळे प्राणी आनंदाने आपापल्या गृहेत निघून गेले.
audio/chunk_07395.wav|त्या विशाल झाडाखाली
audio/chunk_07396.wav|Ramu Asol Mama आणि Doctor Chinki Makad Dada
audio/chunk_07397.wav|तर Chinki-चं माकडं दादा काय म्हणत होते?
audio/chunk_07398.wav|मी जास्त ताकदवान आहे मी बलाढ्य आहे.
audio/chunk_07399.wav|मला उंच उंच झाडावर चढता येतं त्यामुळे मी ताकदवान आहे.
audio/chunk_07400.wav|मग Ramu अस्वल मामा काय म्हणत होते?
audio/chunk_07401.wav|कसं आहे मी ताकदवान आहे मी बलाढ्य आहे
audio/chunk_07402.wav|कारण हा झाडाचा गुंदा बघ.
audio/chunk_07403.wav|किती जाड मोठाच्या मोठा बुंदा आहे असे म्हणून Rama Solama
audio/chunk_07404.wav|आपल्या डोक्याने ते बुंदा हलवू लागले.
audio/chunk_07405.wav|पण शिंकी माकड दादा पटकन वर झाडाच्या शेंडावर गेली आणि काय म्हणाले?
audio/chunk_07406.wav|अहो Ramwaswal मामा बघा मी उंच झाडावर ह्या झाडाच्या शेंडावर गेले.
audio/chunk_07407.wav|मग मी शेंडा चढलो त्यामुळे मी बलवान आहे. आणि Ramu अस्वल मामा काय म्हणाले?
audio/chunk_07408.wav|अरे Chinki, बघ हा झाडाचा
audio/chunk_07409.wav|बुंदा मी हलवतोय म्हणल्यावर मी बलवान आहे, मी ताकतवान आहे.
audio/chunk_07410.wav|मग Chinki माकड दादा सरसर झाडावरून खाली आले.
audio/chunk_07411.wav|आणि असोल मामांना थांबून म्हणाले, चला आपण दोघे जरा बाजूला बसूया आणि कोण श्रेष्ठ, कोण ताकदवान, कोण बलवान आहे?
audio/chunk_07412.wav|मग Ramu असलमामा काय म्हणाले अरे Chinki चर्चा करण्याची गरजच नाही बघ एवढा मोठा बुंदा मी हलवतोय
audio/chunk_07413.wav|मग Chinki Makad Dada काय म्हणाले?
audio/chunk_07414.wav|अहो Ramu असोल मामा
audio/chunk_07415.wav|ठीक आहे तुम्ही बलवान आहे पण तुमच्यापेक्षा मी बलवान आहे ताकतवान आहे कारण मी या झाडाच्या उंच झाडाच्या शेंड्यावर चढलोय.
audio/chunk_07416.wav|त्यामुळे तुमच्यापेक्षा मी ताकदवान आणि बलवान आहे.
audio/chunk_07417.wav|अशी दोघांची चर्चा चालली होती.
audio/chunk_07418.wav|तेवढ्यात त्यांची ही चर्चा
audio/chunk_07419.wav|शेजारीच 1 झाड होतं.
audio/chunk_07420.wav|Gangaram Popat Kaka
audio/chunk_07421.wav|चंगू मंगूसाठी आणि आपली बायको गंगीसाठी फळे न्यायला आले होते.
audio/chunk_07422.wav|आणि ते फळे तोडता तोडता त्यांना ह्या दोघांचा संवाद ऐकवा आला.
audio/chunk_07423.wav|काका तसेच झाडावर थांबले दोघांचे बोलणे ऐकू लागले त्यांनी सर्व बोलणं ऐकलं.
audio/chunk_07424.wav|Chinki Makad Dada आणि Ramu Aswal Dada यांच्याजवळ आले.
audio/chunk_07425.wav|काय हो Chinki Doctor काका?
audio/chunk_07426.wav|काय चाललंय तुमच्या विषयी?
audio/chunk_07427.wav|काय बोलताय मग Chinki?
audio/chunk_07428.wav|Doctor काकांनी काय सांगितलं?
audio/chunk_07429.wav|अहो Gangaram काका मी बलवान आहे मी झाडाच्या शेंड्यावर चढतो.
audio/chunk_07430.wav|तर या Ramavasulama म्हणतात मी बलवान आहे.
audio/chunk_07431.wav|तेवढ्यात Ramu आसुल मामा म्हणाले.
audio/chunk_07432.wav|कारण हे एवढा झाडाचा बुंदा मी माझ्या डोकं लावलं की पटकन हालतो, सगळं झाड हालतंय. उन्मळून झाडे पाडू शकतो, त्यामुळे...
audio/chunk_07433.wav|मग Gangaram काका काय म्हणाले?
audio/chunk_07434.wav|तुम्हाला सांगतो, Chinki Makad Dada आणि Ramu Asol Mama, तुम्ही दोघेही बलवान आहे. मग ते दोघे म्हणाले, आम्ही दोघे कसे बलवान? नाही नाही.
audio/chunk_07435.wav|आमच्यापैकी कोण जास्त बलवान आहे हे सांगा दोघेही म्हणाले.
audio/chunk_07436.wav|Gangaram काका काय म्हणाले?
audio/chunk_07437.wav|आपल्या ह्या जंगलातून आणखी 1 जंगल लागते.
audio/chunk_07438.wav|आणि ते आपलं जंगल वळणल्यावर दुसरं एक जंगल लागते ते जंगल वळणल्यावर एक नदी लागते नदी पार करून एक जंगल आहे.
audio/chunk_07439.wav|आणि त्या जंगलात उंच असं
audio/chunk_07440.wav|आणि झाड ते उंच आहे गुंडा त्याचा झाडच्या झाड आहे.
audio/chunk_07441.wav|तुमच्या दोघांपैकी त्या झाडाचे फळ जे कोण घेऊन येईल तो जास्त बलवान मी ठरवणार.
audio/chunk_07442.wav|असे म्हटल्यावर दोघांनाही पटले.
audio/chunk_07443.wav|मग Gangaram काका म्हणाले जावा.
audio/chunk_07444.wav|ते फळ घेऊन या मला दाखवा मग मी तुमच्या कोण जास्त बलवान आहे हे सांगतो मग दोघांनाही पटले.
audio/chunk_07445.wav|Chinki माकड Radha-नाही पटले आणि Ramu अस्वल मामांनाही पटले.
audio/chunk_07446.wav|दोघे म्हणाले आम्ही आत्ताच फळ घेऊन येतो, ठीक आहे. Gangaram काका म्हणाले, तुम्ही फळ घेऊन या, तोपर्यंत मी Gangi-ला आणि माझ्या Changu Mangu-ला फळे देऊन येतो.
audio/chunk_07447.wav|म्हणून पोपट काका फळे घेऊन उडत गेले.
audio/chunk_07448.wav|इकडे Chinki Makad Dada.
audio/chunk_07449.wav|Ramu असं बोललो मामा निघाली
audio/chunk_07450.wav|दोघे भर भर भर चालत गेले 1st जंगल त्यांनी पार केलं 2nd जंगल पार केलं आणि 3rd जंगलात शिरायच्या अगोदर त्यांना 1 नदी लागली.
audio/chunk_07451.wav|नदी लागल्यावर काय झालं? Doctor Chinki Makad Dada वेगात निघाले नदीत.
audio/chunk_07452.wav|पण पाण्याचा प्रवाह होता.
audio/chunk_07453.wav|धबधब्यासारखा पाण्याचा प्रवाह वाहत होता.
audio/chunk_07454.wav|पण गडबडीने Doctor Chinki Makad Dada त्या प्रवाहात गेले आणि अडकले.
audio/chunk_07455.wav|प्रवाहाबरोबर त्या धबधब्यावरून वाघ खाली आले.
audio/chunk_07456.wav|तेवढ्यात Ramu असोल मामा त्या प्रवाहाच्या खाली होते, ते नदी पार करण्याच्या तयार होते.
audio/chunk_07457.wav|तयारीत होते. तेवढ्यात त्यांना Chinki Makad Dada दिसले. मग त्यांनी पटकन जाऊन Chinki Makad Dada-ना धरलं.
audio/chunk_07458.wav|आणि म्हणाले, Doctor Chinki Makad Dada अशी गडबड करू नका, तुम्ही वाहत गेला असता का नाही, असे म्हणून त्यांनी
audio/chunk_07459.wav|त्याला Chinki Makad Dada-ना नदीच्या किनारी असं थांबवलं परंतु त्यांना अजून नदी पार करायची होती.
audio/chunk_07460.wav|हा Ramu आस्वल दादा काय म्हणाले?
audio/chunk_07461.wav|डॉक्टर Chinki Makad Dada तुम्ही काय करा माझ्या पाठीवर बसा मग आपण नदी पार करूया.
audio/chunk_07462.wav|मी Chinki Makad Dada बरं म्हणाली.
audio/chunk_07463.wav|मग ते Ramu Aswal मामांच्या पाठीवर बसले मग दोघांनी मिळून नदी पार केली.
audio/chunk_07464.wav|पलीकडे गेले ते जंगल लागलं 3रं जंगल.
audio/chunk_07465.wav|3rd जंगल लागल्यावर ते दोघे जंगलात खूप फिरले आणि बऱ्याच वेळानं त्यांना ते अद्भुत फळांचं
audio/chunk_07466.wav|झाड दिसल्यावर Ramu आसवल
audio/chunk_07467.wav|मामा त्या झाडाखाली गेले आणि Chinki माकड दादाही गेले.
audio/chunk_07468.wav|हिनी Ramu असोल मामांनी काय केलं आपल्या डोक्यानं झाड गदा गदा गदा हलवण्याचा प्रयत्न केला.
audio/chunk_07469.wav|पण त्या झाडाचा बुंदा इतका जाम आणि मजबूत होता त्या झाडाचा बुंदा काही हलेना.
audio/chunk_07470.wav|Ramu अस्वल मामांना झाड काय पाडता येईना त्यांनी झाड पाडून ते फळ तोडून घेणार होते पण ते झाड काय पडेना.
audio/chunk_07471.wav|मग Ramu Aswal दादा काय म्हणाले? Doctor Chinki माकड दादा.
audio/chunk_07472.wav|तुम्हीच आता बघा ते फळाचं काय ते.
audio/chunk_07473.wav|मी Chinki Makad Dada म्हणले काय ठीक आहे काही काळजी करू नका मी वर चढतो.
audio/chunk_07474.wav|आणि चिंकी माकड दादा वर झाडावर चढले आणि पटकन त्याने 1 फळ तोडलं आणि ते खाली आले.
audio/chunk_07475.wav|मग आता ते दोघे निघाले.
audio/chunk_07476.wav|चालत चालत परत नदीजवळ आले.
audio/chunk_07477.wav|अस्वल मामांच्या पाठीवर परत चिंकी माकड दादा बसले कारण त्यांना नदी पार करता येत नव्हती.
audio/chunk_07478.wav|मग Ramu आसवल मामा त्यांना घेऊन नदीच्या पलीकडे गेले.
audio/chunk_07479.wav|मग दोघेही फळ घेऊन आपल्या जंगलात आले.
audio/chunk_07480.wav|सुरुवातीला बसले होते त्या झाडाखाली Gangaram Popat काकांची वाट बघत बसले.
audio/chunk_07481.wav|तेवढ्यात तिकडून उडत उडत Gangaram पोपट काका आले.
audio/chunk_07482.wav|झाडावर बसल्या इकडं काय?
audio/chunk_07483.wav|आणि Doctor Chinki Makad Dada बोलत बसले होते ते काय म्हणाले?
audio/chunk_07484.wav|Ramu असुल दादा काय म्हणाले?
audio/chunk_07485.wav|Dr. Chinki Makad Dada
audio/chunk_07486.wav|काही नाही आपण शर्यत नाही करायची.
audio/chunk_07487.wav|मग Chinki माकड दादाही म्हणाले.
audio/chunk_07488.wav|Ramu असल मामा बरोबर आहे तुमचं आपण शर्यत करायची नाही.
audio/chunk_07489.wav|हे आपल्याला फळ आणण्यासाठी
audio/chunk_07490.wav|तुमचाही उपयोग झाला आणि माझाही उपयोग झाला.
audio/chunk_07491.wav|कारण मी पराक्रमी आहे.
audio/chunk_07492.wav|मी जास्त तुमच्यापेक्षा पराक्रमी आहे असं मी म्हणत होतो.
audio/chunk_07493.wav|नदी लागल्यावर मला नदीच्या पलीकडे जाता येईल आले नाही कारण मी नदीतून वाहत वाहत गेलो असतो.
audio/chunk_07494.wav|तुम्ही होता म्हणून मी वाचलो म्हणून पलीकडे जाऊ शकलो.
audio/chunk_07495.wav|आणि झाडाचं फळ काढू शकलो.
audio/chunk_07496.wav|बरोबर आहे Ramu असल दादा मामा काय म्हणाले बरोबर आहे Doctor Chinki Makad दादा तुमचं
audio/chunk_07497.wav|तुम्ही माझ्या पाठीवरून पलीकडे आला.
audio/chunk_07498.wav|पण तेच झाड अद्भुत फळाचा इतका बुंदा जाम होता.
audio/chunk_07499.wav|तो मला काही हलता हलेना.
audio/chunk_07500.wav|आणि तो हलवून झाड काय पडले नसते आणि मला काय फळ काढता आले नसते.
audio/chunk_07501.wav|तुम्ही सरसर वर गेला आणि फळ काढलं.
audio/chunk_07503.wav|कोण श्रेष्ठ कोण कनिष्ठ इथे गोष्टच येत नाही.
audio/chunk_07504.wav|Chinki Makad Dada तुमच्या परीने तुम्ही खूप हुशार
audio/chunk_07505.wav|आणि बलवान आहेसा कारण का झाडावर चढलासा.
audio/chunk_07506.wav|मग Chinki Makad Dada काय म्हणाले?
audio/chunk_07507.wav|हेच बरोबर आहे Ramu अस्वल मामा.
audio/chunk_07508.wav|कारण तुमच्यामुळे मी नदी पार करू शकलो आणि झाडाचे फळ आणू शकलो त्यामुळे तुम्हीही श्रेष्ठ असा.
audio/chunk_07509.wav|असे दोघांचे बोलणे चालले होते.
audio/chunk_07510.wav|तेवढ्यात Gangaram कोपट काका आले.
audio/chunk_07511.wav|आणि म्हणाले काय झालं कोण बलवान कोण श्रेष्ठ कोण ताकदवान होय Doctor Chinki Makad Dada
audio/chunk_07512.wav|Ram असल मामा कोण आहे बलवान कोण श्रेष्ठ?
audio/chunk_07513.wav|मग दोघेही म्हणाले, Gangaram Popat काका कोणी श्रेष्ठ आणि कोणी कनिष्ठ नाही.
audio/chunk_07514.wav|प्रत्येकाजवळ 1-1 गुण दडलेला असतो.
audio/chunk_07515.wav|मी श्रेष्ठ, तू श्रेष्ठ अशी पारख करायची नसते. मग Gangaram काका का Popat काका म्हणाले, बरोबर आहे तुमचं Chinki माकड दादा आणि Ramu अस्वल दादा.
audio/chunk_07516.wav|प्रत्येकाकडं विशिष्ट असा 1 गुण असतो.
audio/chunk_07517.wav|सर्वांना सारखे गुण नसता आता चिंकी माकड दादा तुमचं झाडाच्या शेंड्यावर चढणे उड्या मारणे वेगात पडणे हा गुण आहे
audio/chunk_07518.wav|आणि Ramu अस्वल मामांच्याकडे मोठमोठी झाड्या पाडण्याचा गुण आहे.
audio/chunk_07519.wav|त्यांच्या मानाने त्यांना तो मोठा गुण आहे.
audio/chunk_07520.wav|तुम्ही झाडा उंच शेंड्यावर चढता त्या मानाने तुमचा तो मोठा गुण आहे.
audio/chunk_07521.wav|त्यामुळे एकाच सर्वगुणसंपन्न असं कोण नसतं प्रत्येकाकडं एक एक कला दडलेली असते.
audio/chunk_07522.wav|आणि एका कलेवरून त्याची पारख करायची नाही.
audio/chunk_07523.wav|प्रत्येकाकडे वेगळा पून असतो.
audio/chunk_07524.wav|कलेतनं तो दाखवत असतो त्यामुळे कुणी श्रेष्ठ कुणी ताकद असं नाही.
audio/chunk_07525.wav|Ramu असंवलं मामा त्यांच्या परीने ते ताकदवान आहेत आणि Chinki माकड दादा
audio/chunk_07526.wav|तुमच्या परीने ताकतवान आहे.
audio/chunk_07527.wav|आणि दोघांनी होय म्हणले असा Ram.
audio/chunk_07528.wav|सुंदरबनच्या जंगलातली हरीणताई
audio/chunk_07529.wav|गवत खात खात एकदा वाट चुकून दुसऱ्या जंगलात गेली.
audio/chunk_07530.wav|ओळखीचा 1-ही प्राणी तिच्या नव्हता.
audio/chunk_07531.wav|त्याने हरणीला बघितलं आणि झेप घेऊन तिला
audio/chunk_07532.wav|त्या हरणीचे मांस खूप चविष्ट लागले.
audio/chunk_07533.wav|हरणीचे ह्या एवढं मांस चविष्ट आहे.
audio/chunk_07534.wav|ती या जंगलातली आमच्या जंगलातली नव्हे.
audio/chunk_07535.wav|कारण इतकं चविष्ट सुंदर मांस मी कधी खाल्लं नाही.
audio/chunk_07536.wav|आपण त्या दुसऱ्या जंगलात जाव्या.
audio/chunk_07537.wav|मग त्या जंगला शेजारी Sundarban-चं जंगल होतं.
audio/chunk_07538.wav|म्हणून वाघोबा सुंदरबनच्या जंगलात आले.
audio/chunk_07539.wav|बघत्यात तर जंगलात भरपूर प्राणी पक्षी
audio/chunk_07540.wav|जंगल हिरवगार छान होतं.
audio/chunk_07541.wav|सगळे प्राणी एकमेकाबरोबर आनंदात एकत्रित राहत होते.
audio/chunk_07542.wav|असं तेच Sundarban जंगल होतं.
audio/chunk_07543.wav|आता आपल्याला इथं राहायला हरकत नाहीये.
audio/chunk_07544.wav|कारण रोज 1-1 प्राणी खाल्ला.
audio/chunk_07545.wav|आपले खायचं वांध नाही.
audio/chunk_07547.wav|पण आता आपण जंगलात वावरायचं कसं?
audio/chunk_07548.wav|कारण आपण प्राणी खाण्यासाठी आलो आहे.
audio/chunk_07549.wav|हे इथं जर कुणाला संशय आला
audio/chunk_07550.wav|तर आपण जिवंत राहणार नाही.
audio/chunk_07551.wav|म्हणून Bhagoba-ने काय ठरवलं?
audio/chunk_07552.wav|त्यांनी ठरवलं वेढेपणाचं नाटक करायचं.
audio/chunk_07553.wav|मग ते हळूहळू जंगलातल्या प्राण्यात मिसळू लागले.
audio/chunk_07554.wav|वेड्या फणात मिसळू लागले.
audio/chunk_07555.wav|लहान मुलासारखे हातवारी करायचे, उड्या मारायचे.
audio/chunk_07556.wav|समोर त्यांच्या छोटे उंदीर मामा
audio/chunk_07557.wav|छोटे छोटे पक्षी दिसले प्राणी दिसले तरी त्यांना ते खायचे नाही
audio/chunk_07558.wav|झाडावरचे पक्षी खाली आले त्यांना सुद्धा खायचे नाहीत.
audio/chunk_07559.wav|त्यामुळे कुणाला संशय आला नाही.
audio/chunk_07560.wav|खरंच या वाघोबाला वेड लागला असलं पाहिजे कारण तो लहान प्राण्यासारखा वागतोय.
audio/chunk_07561.wav|बालिशपणा करतोय, खरंच याला वेड लागला असलं पाहिजे.
audio/chunk_07562.wav|हा वाघोबा भोले हत्तींच्या जवळ गेला आणि म्हणाला,
audio/chunk_07563.wav|मला तुमच्या पाठीवरून फिरवा.
audio/chunk_07564.wav|हो मी जंगलात फिरणार आहे.
audio/chunk_07565.wav|मला खूप खूप धम्माल करायचा आहे.
audio/chunk_07566.wav|आणि माझ्या पाठीवर गुट्टू ससे बाऊंना घ्या.
audio/chunk_07567.wav|सगळ्या जंगलातनं आपण खूप खूप फिरूया.
audio/chunk_07568.wav|मी उड्या मारेन तुमच्या पाठीवरून.
audio/chunk_07569.wav|असा बालिषपणा करायचा.
audio/chunk_07570.wav|आणि खरोखर वेडेपणाचं नाटक करायचा.
audio/chunk_07571.wav|मग त्याच्याबद्दल कुठल्याही प्राण्यांना संशय राहिला नाही.
audio/chunk_07572.wav|त्याला मिळून मिसळून घेऊ लागले.
audio/chunk_07573.wav|आपल्याबरोबर वावरून देऊ लागले.
audio/chunk_07574.wav|मी एकदा सगळे प्राणी
audio/chunk_07575.wav|हा भाग आला आहे.
audio/chunk_07576.wav|तो फार दुष्ट आणि क्रूर आहे.
audio/chunk_07577.wav|त्याला वेड बीड काही लागलेलं नाही.
audio/chunk_07578.wav|तो वेड लागल्याचं नाटक करतोय.
audio/chunk_07579.wav|लांडगोबाने ओळखलं.
audio/chunk_07580.wav|सगळे प्राणी एकत्र जमले होते तिथं पण वाघोबा होता.
audio/chunk_07581.wav|लांडगोबा मोठ्या आवाजात काय म्हणाले?
audio/chunk_07583.wav|याला खरोखरच वेड लागला आहे.
audio/chunk_07584.wav|त्यामुळे आपण सगळ्या प्राण्यांनी त्याला सांभाळून घेऊया.
audio/chunk_07585.wav|त्याचं अन्न पाणी आपल्याबरोबर करूया त्याला कोणीही त्रास देऊ नका.
audio/chunk_07586.wav|त्याला आपल्या जंगलात राहू दे.
audio/chunk_07587.wav|सगळे प्राणी हो म्हणाले.
audio/chunk_07588.wav|कारण सगळ्या प्राण्यांना वाटत होतं खरोखरच वाघोबाला ह्या
audio/chunk_07589.wav|आणि त्याला आपण साथ द्यायला पाहिजे.
audio/chunk_07590.wav|हे लांडगोबा हळूच वाघोबाच्या कानापाशी गेले काय म्हणाले?
audio/chunk_07591.wav|तुला वेड बीड काही लागलेलं नाही.
audio/chunk_07592.wav|तू नाटक करतोयस, मला समजलं.
audio/chunk_07593.wav|कारण मी खूप धूर्त आहे.
audio/chunk_07594.wav|मला जंगलचा
audio/chunk_07595.wav|Sherkhan महाराजांचा सल्लागार सगळे म्हणतात.
audio/chunk_07596.wav|मी माझी बुद्धी खूप तल्लक आहे, मी ओळखले तुला वेड बीड काही नाही.
audio/chunk_07597.wav|तू जो प्राणी खाशील का नाही त्यातली माझी निम्मी वाटणी आहे. मग इतर प्राण्यांच्या नकळत
audio/chunk_07598.wav|वाघोबानी मान डुलवली.
audio/chunk_07599.wav|मग वाघोबांच्या रक्षणासाठी त्यांना एका भुयेत ठेवलं.
audio/chunk_07600.wav|आणि रोज 1 प्राणी त्यांच्याबरोबर जाऊन
audio/chunk_07601.wav|1 हरणताई गेल्या.
audio/chunk_07602.wav|हरणताई गेल्यावर वाघोबानी काय केलं?
audio/chunk_07603.wav|त्या वेळे ज्यावेळी आल्या तेव्हा त्यांच्यावर झेप घेऊन उडी घेऊन
audio/chunk_07604.wav|तेवढ्यात लांडगोबा आले.
audio/chunk_07605.wav|राहिलेले मांस लांडगोबाने खाल्ले.
audio/chunk_07606.wav|असे चालू झाले. रोज 1 प्राणी जायचा.
audio/chunk_07607.wav|अहो वाघोबा आणि लाडगोबा खाऊन टाकायचे.
audio/chunk_07608.wav|ही सगळी गोष्ट जंगलच्या प्राण्यांच्या लक्षात आली.
audio/chunk_07609.wav|अरे रोज आपल्यातला 1 प्राणी कमी होतोय असं कसं होतंय?
audio/chunk_07610.wav|आपण लक्ष ठेवायला पाहिजे.
audio/chunk_07611.wav|तेव्हा Guttu Sasebhau म्हणाले,
audio/chunk_07612.wav|कमी होते माहिती आहे का तुम्हाला?
audio/chunk_07613.wav|अहो हा वाघोबा वेडेपणाचं सोंग करत असेल.
audio/chunk_07614.wav|त्याला आपल्या जंगलातल्या प्राण्यांची म्हणजे लाडगोबांची साथ असेल.
audio/chunk_07615.wav|भिंग बाहेर काढलं पाहिजे. हे भोले हत्ती दादांना पटलं. अगोदर सगळे प्राणी म्हणाले,
audio/chunk_07616.wav|अरे Guttu असं नाही, तो Vagoba नाटक करत नाही, खरंच त्याला वेड लागले असेल.
audio/chunk_07617.wav|मुट्टू ससेभाऊ म्हणाले नाही तुम्ही माझं ऐका
audio/chunk_07618.wav|मग सगळे प्राणी एकत्र आले आणि त्यांनी चर्चा केली.
audio/chunk_07619.wav|त्यांनी पण 1 नाटक करायचं ठरवलं.
audio/chunk_07620.wav|मग बुट्टू ससे भाऊ म्हणाले
audio/chunk_07621.wav|आता आज माझी पाळी आहे.
audio/chunk_07622.wav|मी जातो वाघोबाच्या भुयेत.
audio/chunk_07623.wav|आणि मी गेल्यावर
audio/chunk_07624.wav|वाघोबा झडप घ्यायच्या अगोदर मी ओरडेन.
audio/chunk_07625.wav|मी ओरडलं की तुम्ही सगळ्या प्राण्यांनी आत गुहेच्या यायचं.
audio/chunk_07626.wav|तुम्ही आता संध्याकाळी माझ्याबरोबर सगळ्यांनी यायचं.
audio/chunk_07627.wav|मी एकटा भोयेत जातो आणि तुम्ही सगळे बाहेर थांबा.
audio/chunk_07628.wav|ही कल्पना सगळ्यांना पटली.
audio/chunk_07629.wav|मग संध्याकाळ झाल्यावर सगळे प्राणी
audio/chunk_07630.wav|वाघोबाला ज्या भुयेत ठेवलं होतं तिथे गेले.
audio/chunk_07631.wav|बाहेर झाडीत लपून बसले.
audio/chunk_07632.wav|ससेबाव आत गेल्याबरोबर
audio/chunk_07633.wav|Sasebhau जाऊन तिथं बसले.
audio/chunk_07634.wav|वाघोबा खो खो खो हसाय लागले.
audio/chunk_07635.wav|मग दोघेजण गुट्टू ससे भाव वर झेप घेणार.
audio/chunk_07636.wav|एवढ्यात गुट्टू ससेबाऊ ओरडले.
audio/chunk_07637.wav|लपून बसलेले सगळे प्राणी गुहेत आले.
audio/chunk_07639.wav|दोघे खूप घायाळ झाले.
audio/chunk_07640.wav|आणि Bhole हत्ती दादा म्हणाले,
audio/chunk_07641.wav|आत्ताच्या आत्ता आमचं जंगल सोडून दोघेही जावा.
audio/chunk_07642.wav|लांडगोबा तुम्हीही जावा.
audio/chunk_07643.wav|आणि वाघोबा तुम्ही परत आमच्या जंगलात थांबायचं नाही.
audio/chunk_07644.wav|जखमी झालेले लांडगोबा आणि वाघोबा
audio/chunk_07645.wav|मागे वळून न बघता जंगल सोडून पळून गेले.
audio/chunk_07646.wav|कारण त्यांना भरपूर मार मिळाला होता दोघांना, दोघे खूप जखमी झाले होते.
audio/chunk_07647.wav|बोले हत्ती दादा म्हणाले, गुट्टू तुझ्यामुळे आपले जंगल वाचणार आहे.
audio/chunk_07648.wav|तू वेळीच डोक्यात गोष्ट घेतलीस.
audio/chunk_07649.wav|त्या वाघोबाची नाटकं ओळखलीस, त्यामुळे राहिलेले इतर प्राणी वाचू शकले, नाहीतर रोज 1 प्राणी वाघोबाला गेला असता बळी.
audio/chunk_07650.wav|आणि सगळ्यांनी मग बुट्टू ससेभाऊंची तारीफ केली.
audio/chunk_07651.wav|मग गुट्टू ससेभाऊ म्हणाले, बोले हत्ती दादा कसं आहे माहिती आहे का?
audio/chunk_07652.wav|अनोळखी एखादा प्राणी आला तर त्याच्यावर आपण विश्वास ठेवायचा नाही.
audio/chunk_07653.wav|तो प्राणी आपल्या स्वार्थासाठी कसलेही नाटक करू शकतो आणि आपल्याला फसवू शकतो.
audio/chunk_07654.wav|त्यामुळे कुणाच्या बोलण्यावर नाटकावर
audio/chunk_07655.wav|आणि आपण फसायचं नाही.
audio/chunk_07657.wav|हे एक जंगल अतिशय शांतताप्रिय
audio/chunk_07658.wav|सुसज्ज असं जंगल होतं.
audio/chunk_07659.wav|कारण त्या जंगलाचे राजे होते Sherkhan महाराज.
audio/chunk_07660.wav|आणि प्रजाही तशीच महाराजांच्या सारखी चांगली होती.
audio/chunk_07661.wav|प्राणी पक्षी एकमेकांशी आनंदाने आणि मित्रत्वाने राहत होते
audio/chunk_07662.wav|Sherkhan महाराज हे प्रजाध्यक्ष होते.
audio/chunk_07663.wav|प्रेजेची ते अतिशय चांगली काळजी घेत.
audio/chunk_07664.wav|प्रजेच्या मदतीला तात्काळ धावून जात.
audio/chunk_07665.wav|प्रजाही राजाचे म्हणणे ऐकायची आणि राजाही
audio/chunk_07666.wav|Sundarban-ची जंगल व्यवस्था अतिशय छान आणि चोख होती.
audio/chunk_07667.wav|ह्या जंगलात एकदा Dampya नावाचे माकडदादा आले.
audio/chunk_07668.wav|आणि त्यांनी सगळं जंगल फिरून बघितलं.
audio/chunk_07669.wav|जंगलात सुंदर सुंदर फुलझाडे होती.
audio/chunk_07670.wav|फळ झाडे होती, हिरवगार मऊशार गवत होतं.
audio/chunk_07671.wav|ते सगळं बघून माकडदादा आश्चर्यचकित झाले.
audio/chunk_07672.wav|जो तो आपल्या उद्योगात नादात होता, कोणी कोणाशी भांडत नव्हतं.
audio/chunk_07673.wav|जंगलचे राजे Sherkhan हे तसेच होते, हे बघून त्याला आश्चर्य वाटलं.
audio/chunk_07674.wav|अरे हे जंगल एवढे शांतताप्रिय कस काय इथं भांडण नाही महाराष्ट्रीय मग प्रजेवर कधी
audio/chunk_07675.wav|तन तन करत नाही, प्रजा कधी महाराजांच्यावर तक्रार करत नाही.
audio/chunk_07676.wav|हे काय बाबा आपल्याला मान्य नाही.
audio/chunk_07677.wav|ही शांतता मला नको आहे.
audio/chunk_07679.wav|आणि प्रजेला राजाविषयी
audio/chunk_07680.wav|म्हणजे ह्या जंगलातली शांतता भंग होईल.
audio/chunk_07681.wav|Dampya Makad Dada म्हणाले.
audio/chunk_07682.wav|आणि त्याप्रमाणे ते जंगलात गेले.
audio/chunk_07683.wav|आणि Sherkhan महाराजांच्या जवळ गेले.
audio/chunk_07684.wav|त्यांच्या गुहेत गेल्यावर मग काय म्हणाले?
audio/chunk_07685.wav|शेरखान महाराखानी वर बघितलं.
audio/chunk_07686.wav|अरे कोण तू कुठून आलास?
audio/chunk_07687.wav|माझं नाव Tampya Makad Dada आहे.
audio/chunk_07688.wav|शेजारच्या जंगलात मी राहतो.
audio/chunk_07689.wav|आणि हे जंगल बघून मला खूप खूप बरं वाटलं किती सुंदर जंगल आहे तुमचे
audio/chunk_07690.wav|प्राणी पण किती छान आहेत.
audio/chunk_07691.wav|आणि तुम्ही किती प्रजादक्ष राजा आहात?
audio/chunk_07692.wav|असं म्हटल्यावर Sherkhan महाराज म्हणाले, होय बरोबर आहे. माझ्या राज्यात शांतता आहे, सुव्यवस्था आहे. सगळे आम्ही एकत्र राहतो, सगळी प्रजा मला मान देते.
audio/chunk_07693.wav|असं म्हटल्यावर Dampya Makad Dada काय म्हणाले?
audio/chunk_07694.wav|अहो महाराज, मी आल्यापासून निरीक्षण करतोय.
audio/chunk_07695.wav|तुम्ही जे बोलताय ना, प्रजा मान देते.
audio/chunk_07696.wav|प्रजा तुमच्या पाठीमागे
audio/chunk_07697.wav|नाही नाही ते बोलते.
audio/chunk_07698.wav|तुमच्या तोंडावर 1 आणि पाठीमागे 1. प्रजा बोलते हे तुम्हाला माहीत नाहीये.
audio/chunk_07699.wav|तुमची प्रजा कशी आहे इथे?
audio/chunk_07700.wav|एकदा जंगलात फेरफटका मारा आणि बघा प्रजा काय बोलते ते.
audio/chunk_07701.wav|असे म्हणल्यावर Sherkhan महाराज म्हणाले, अरे!
audio/chunk_07702.wav|छान सल्ला दिलास दम्प्या मला तू.
audio/chunk_07703.wav|आजपासून तू माझा सल्लागार.
audio/chunk_07704.wav|मग त्यांच्या माकड दादा काय म्हणाले?
audio/chunk_07705.wav|आता मी जातो 1 झाडावर.
audio/chunk_07706.wav|आणि या Sundarbans-च्या जंगलातच राहतो.
audio/chunk_07707.wav|Sherkhan Maharaj म्हणाले, ठीक आहे.
audio/chunk_07708.wav|मग दुसऱ्या दिवशी काय झालं?
audio/chunk_07709.wav|हे डंप्या माकड जंगलातनं फिरत होते.
audio/chunk_07710.wav|Champa Ranatai पण त्याला दिसल्या.
audio/chunk_07711.wav|आणि तेवढ्यात Sherkhan महाराज पाठीमागून आले.
audio/chunk_07712.wav|गुपचूप हळू आले का तर?
audio/chunk_07713.wav|त्यांना अंदाज घ्यायचा होता आपल्या जंगलातले प्राणी आपल्या पाठीमागे काय बोलतात ते.
audio/chunk_07714.wav|मग त्यांनी Tampya Makad Dada-ला
audio/chunk_07715.wav|आणि Champa Harin Tai-ला बघितल्या हो Sherkhan Maharaj एका झाडीत लपून बसले.
audio/chunk_07716.wav|आणि ते दोघे काय बोलतात ऐकायला लागले.
audio/chunk_07717.wav|मग डंप्या भांकड दादा काय म्हणाले?
audio/chunk_07718.wav|Champa Aran Tai म्हणाली हो.
audio/chunk_07719.wav|अगं काही नाही मी या जंगलात नवीन आलोय.
audio/chunk_07720.wav|Sherkhan महाराजांची भेट घेतली.
audio/chunk_07721.wav|मी जंगलातल्या प्राण्यांची ओळख करायला निघालोय.
audio/chunk_07722.wav|तेव्हा Champa Haran Tai म्हणाल्या, ठीक आहे.
audio/chunk_07723.wav|तुमचे Sherkhan महाराज कसे आहेत?
audio/chunk_07724.wav|सांगतीस का मला?
audio/chunk_07725.wav|आणि तू Sherkhan महाराजांना घाबरतेस काय?
audio/chunk_07726.wav|तेव्हा Champa Haran Tai म्हणाली,
audio/chunk_07727.wav|छे रे, मी का घाबरीन?
audio/chunk_07728.wav|मी नाही घाबरत Sherkhan महाराजांना.
audio/chunk_07729.wav|हे Sherkhan महाराजांनी ऐकले झाडीतनं.
audio/chunk_07730.wav|Sherkhan महाराज तिथून निघून गेले.
audio/chunk_07731.wav|मग हरणी ताई पण निघून गेली.
audio/chunk_07732.wav|मग डंप्या माकड दादा शेरखान महाराजांच्या पाठोपाठ त्यांच्या गुहेत गेले.
audio/chunk_07733.wav|धंप्या माकड दादाला बघितल्यावर Sherkhan महाराज म्हणाले,
audio/chunk_07734.wav|तू सांगितलेलं मला पटलं.
audio/chunk_07735.wav|मग डंप्या माकड दादा म्हणाले काय झाले मा शेरखान महाराज?
audio/chunk_07736.wav|माझ्या तोंडावर 1 आणि माझ्या पाठीमागे 1 सगळे प्राणी बोलतात.
audio/chunk_07737.wav|पण मी आजपर्यंत त्याच्यावर विश्वास ठेवला नव्हता.
audio/chunk_07738.wav|माझे प्राणी, माझी प्रजा सगळे चांगलेच आहेत असे मी समजत होतो.
audio/chunk_07739.wav|ती मला प्रजा खूप मान देते.
audio/chunk_07740.wav|असं मला आजपर्यंत वाटत होतं.
audio/chunk_07741.wav|पण तू सांगितल्यावर माझा विश्वास पटला.
audio/chunk_07742.wav|आणि खरंच माझ्या पाठीमागे प्राणी बोलतायत.
audio/chunk_07743.wav|मग बघा बरं महाराज मी काय खोटं सांगतोय का?
audio/chunk_07744.wav|ठीक आहे, Sherkhan महाराज म्हणाले.
audio/chunk_07745.wav|Dampya Makad Dada असे जंगलात निघाले.
audio/chunk_07746.wav|Sherkhan महाराजांचा आता जीव गुहेत राहत नव्हता.
audio/chunk_07747.wav|ते दररोज जंगलातने फिरायचे.
audio/chunk_07748.wav|आपल्या पाठीमागं आपले जंगलवासी आपल्या विषयी काय बोलतात?
audio/chunk_07749.wav|म्हणून Sherkhan महाराजही निघाले.
audio/chunk_07750.wav|पण डब्या माकड दादाला Sherkhan महाराज येतेत माहित नव्हतं.
audio/chunk_07751.wav|मग परत त्या डंप्या माकड दादांना
audio/chunk_07752.wav|मग ती डंप्या माकड दादा दिसल्यावर
audio/chunk_07753.wav|Champa Haran Tai त्यांना काय म्हणाली?
audio/chunk_07754.wav|अरे डंप्या माकड दादा तू काय मला मला परवा बोललास
audio/chunk_07755.wav|दमद्या माकड दादा म्हणाले
audio/chunk_07756.wav|काय बोललो मी Champaran ताई?
audio/chunk_07757.wav|अरे तू मला म्हणालास
audio/chunk_07758.wav|महाराजांच्या बरोबर
audio/chunk_07759.wav|महाराजांच्या बद्दल असं बोलायचं.
audio/chunk_07760.wav|की मी महाराजांना घाबरत नाही.
audio/chunk_07761.wav|तर तुला मी भरपूर अन्न
audio/chunk_07762.wav|आणि चार आणून देईन.
audio/chunk_07763.wav|तू दिला नाहीस मला अन्न आणि चारा.
audio/chunk_07764.wav|आणि मला आमच्या जंगलातला अन्न आणि चारा मला न देता
audio/chunk_07765.wav|तू Sherkhan महाराजांचं अन्न खात बसलायस.
audio/chunk_07766.wav|हे ऐकल्याबरोबर Sher Khan महाराजांनी
audio/chunk_07767.wav|डंप्या माकड दादावर झेप घेतली.
audio/chunk_07768.wav|त्याला घायाळ केलं आणि जखमी केलं.
audio/chunk_07769.wav|आणि सांगितलं आत्ताच्या आत्ता माझ्या जंगलातनं बाहेर हो जंगल सोडून जा इथं क्षणभरही थांबू नको माझ्या डोळ्यासमोर
audio/chunk_07770.wav|कारण तू माझ्या आणि माझ्या प्रजेच्या
audio/chunk_07771.wav|मला नाही नाही ते सांगतोस.
audio/chunk_07772.wav|तू दुष्ट आहेस, तू कपटी कारस्थानी आहेस, चल निघ इथून असं म्हटल्यावर
audio/chunk_07773.wav|डंप्या माकड दादा मागे न बळता
audio/chunk_07774.wav|परत सुटले आणि जंगल सोडून निघून गेले.
audio/chunk_07775.wav|मग Champa Haran Tai म्हणाली, महाराज महाराज, मी तुम्हाला तसं बोलले नसते, तुम्ही खूप चांगले असता.
audio/chunk_07776.wav|आम्ही प्राणी सगळे तुमची स्तुती करतो, पण काय झालं 1 दिवस हे टंप्या माकड दादा आले आणि मला म्हणाले,
audio/chunk_07777.wav|Champa Haran Tai तुला अन्न आणि
audio/chunk_07778.wav|गवत खायला देईन. Sherkhan महाराज जंगलात फेरी कराय आले की त्यांच्याबद्दल मी प्रश्न विचारला असं बोल.
audio/chunk_07779.wav|त्यांनी मला बोलायला सांगितलं होतं म्हणून मी बोलले.
audio/chunk_07780.wav|मी बोलणारही नव्हते कारण तुम्ही खूप चांगले आहात.
audio/chunk_07781.wav|तुम्ही आमच्या जंगलवासियांचा इतका चांगला सांभाळ करता.
audio/chunk_07782.wav|त्यामुळे तुम्हाला कसं घाबरू आम्ही घाबरण्याचं काहीच तुमच्याकडं नाही.
audio/chunk_07783.wav|कारण तुम्ही खूप मायाळू प्रेमळ आहेसा.
audio/chunk_07784.wav|त्यामुळे आम्ही तुम्हाला कोण घाबरत नाही.
audio/chunk_07785.wav|सगळं माये ना आमचं करता.
audio/chunk_07786.wav|असं माझं त्याला उत्तर होतं.
audio/chunk_07787.wav|शेरकांत महाराज म्हणाले, अगं चंपा हरण ताई, आपल्या जंगलातली शांतता ही त्या डंप्या माकडाला पाहवली नाही.
audio/chunk_07788.wav|म्हणून त्याने आपल्या जंगलात भांडण पेटवण्याचा प्रयत्न केला.
audio/chunk_07789.wav|म्हणून त्याला मी हाकलून काढलं.
audio/chunk_07790.wav|मग Champa Haran Tai म्हणाली,
audio/chunk_07791.wav|हो ठीक आहे Sherkhan महाराज.
audio/chunk_07792.wav|नाही तर त्यानं आपल्या जंगलात
audio/chunk_07793.wav|मग Champa Haran Tai म्हणाली, महाराज कसा आहे माहिती आहे का?
audio/chunk_07794.wav|आपल्या जवळची माणसं आपल्याशी चांगली असतात.
audio/chunk_07795.wav|पण दुसरी येऊन त्यात विष कालवतात.
audio/chunk_07796.wav|म्हणून दुसऱ्यावर कधी कोणावर विश्वास ठेवायचा नसतो.
audio/chunk_07797.wav|मग Sher Khan महाराज म्हणाले,
audio/chunk_07798.wav|बरोबर आहे Champa तुझं योग्य बोलतेस असे म्हणून दोघे आपापल्या गुहेकडे निघून गेले.
